ID,DestAct,NbTransf,TimePT,WalkingTimePT,WaitingTimePT,CostPT,CostCar,TimeCar,NbHousehold,NbChild,NbCar,NbMoto,NbBicy,NbBicyChild,NbComp,NbTV,Internet,NewsPaperSubs,NbCellPhones,NbSmartPhone,HouseType,OwnHouse,NbRoomsHouse,YearsInHouse,Income,Gender,BirthYear,Mothertongue,FamilSitu,OccupStat,SocioProfCat,CalculatedIncome,Education,HalfFareST,LineRelST,GenAbST,AreaRelST,OtherST,CarAvail,MarginalCostPT,CostCarCHF,Envir01,Envir02,Envir03,Envir04,Envir05,Envir06,Mobil01,Mobil02,Mobil03,Mobil04,Mobil05,Mobil06,Mobil07,Mobil08,Mobil09,Mobil10,Mobil11,Mobil12,Mobil13,Mobil14,Mobil15,Mobil16,Mobil17,Mobil18,Mobil19,Mobil20,Mobil21,Mobil22,Mobil23,Mobil24,Mobil25,Mobil26,Mobil27,ResidCh01,ResidCh02,ResidCh03,ResidCh04,ResidCh05,ResidCh06,ResidCh07,LifSty01,LifSty02,LifSty03,LifSty04,LifSty05,LifSty06,LifSty07,LifSty08,LifSty09,LifSty10,LifSty11,LifSty12,LifSty13,LifSty14,TripPurpose,TypeCommune,UrbRur,LangCode,ClassifCodeLine,frequency,ResidChild,NbTrajects,FreqCarPar,FreqTrainPar,FreqOtherPar,FreqTripHouseh,Region,distance_km,Choice,InVehicleTime,ModeToSchool,ReportedDuration,CoderegionCAR,age,Weight
10350017,2.0,4,85,23,10,12.4,3.17,32,2.0,0.0,1.0,0.0,3.0,0.0,2.0,1.0,1.0,2.0,2.0,2.0,1.0,2.0,5.0,1.0,4.0,1.0,1983.0,2.0,2.0,3.0,3.0,7000.0,7.0,2,2,1,2,2,2.0,0.0,4.54,3.0,5.0,1.0,3.0,5.0,5.0,5.0,3.0,4.0,5.0,3.0,1.0,1.0,1.0,5.0,6.0,5.0,1.0,5.0,1.0,5.0,1.0,5.0,5.0,5.0,1.0,5.0,1.0,5.0,5.0,5.0,5.0,5.0,3.0,5.0,1.0,1.0,1.0,1.0,5.0,4.0,3.0,5.0,5.0,6.0,5.0,1.0,5.0,1.0,2.0,3.0,5.0,5.0,1.0,1.0,7,1,1,4,1,5.0,2,4.0,1.0,1.0,4.0,1,30.0,1,52.0,3.0,255.0,1,27.0,0.000378621
10350075,1.0,3,107,21,31,24.0,2.36,23,2.0,0.0,1.0,0.0,0.0,0.0,1.0,2.0,1.0,1.0,2.0,0.0,1.0,1.0,5.0,29.0,2.0,2.0,1947.0,2.0,2.0,2.0,4.0,3250.0,3.0,2,2,2,2,2,1.0,24.0,3.38,3.0,2.0,3.0,4.0,4.0,4.0,4.0,4.0,3.0,5.0,3.0,4.0,4.0,3.0,5.0,2.0,4.0,2.0,5.0,5.0,4.0,3.0,4.0,5.0,4.0,1.0,4.0,4.0,4.0,2.0,4.0,2.0,4.0,4.0,4.0,4.0,3.0,3.0,4.0,5.0,4.0,2.0,4.0,4.0,3.0,3.0,3.0,4.0,3.0,2.0,4.0,4.0,4.0,2.0,1.0,7,1,1,4,1,5.0,1,3.0,2.0,2.0,1.0,1,25.0,1,55.0,4.0,30.0,1,63.0,0.000367986
10350085,1.0,5,190,116,18,10.8,1.16,14,3.0,0.0,2.0,0.0,3.0,0.0,1.0,2.0,1.0,2.0,2.0,0.0,1.0,1.0,4.0,22.0,4.0,1.0,1953.0,2.0,3.0,1.0,6.0,7000.0,3.0,2,2,2,2,2,1.0,10.8,1.66,1.0,3.0,3.0,3.0,5.0,4.0,5.0,1.0,3.0,4.0,4.0,5.0,5.0,1.0,2.0,4.0,5.0,1.0,5.0,5.0,3.0,5.0,4.0,6.0,6.0,6.0,5.0,1.0,5.0,3.0,1.0,6.0,1.0,3.0,3.0,2.0,2.0,1.0,3.0,3.0,3.0,4.0,3.0,3.0,1.0,3.0,1.0,1.0,3.0,3.0,3.0,3.0,4.0,1.0,1.0,7,1,1,4,1,6.0,2,2.0,1.0,2.0,3.0,1,12.5,1,56.0,4.0,20.0,1,57.0,0.000409116
10350086,1.0,4,116,38,29,9.6,1.89,20,3.0,0.0,2.0,0.0,3.0,0.0,1.0,2.0,1.0,2.0,3.0,0.0,1.0,1.0,4.0,22.0,4.0,2.0,1952.0,2.0,3.0,4.0,6.0,7000.0,3.0,2,2,2,2,2,2.0,9.6,2.71,2.0,4.0,3.0,2.0,5.0,4.0,4.0,2.0,3.0,4.0,3.0,5.0,2.0,1.0,3.0,3.0,5.0,2.0,5.0,4.0,3.0,5.0,3.0,3.0,3.0,2.0,4.0,1.0,2.0,2.0,2.0,2.0,2.0,3.0,3.0,4.0,2.0,1.0,2.0,5.0,4.0,4.0,4.0,3.0,1.0,2.0,2.0,4.0,3.0,4.0,2.0,2.0,1.0,2.0,1.0,7,1,1,4,1,5.0,2,1.0,2.0,2.0,3.0,1,19.0,1,49.0,4.0,30.0,1,58.0,0.000367986
10350100,4.0,1,20,1,5,3.0,1.14,9,1.0,0.0,1.0,0.0,0.0,0.0,1.0,1.0,1.0,1.0,1.0,0.0,1.0,1.0,6.0,38.0,4.0,1.0,1930.0,1.0,1.0,9.0,3.0,7000.0,4.0,1,2,2,2,2,1.0,2.2,1.63,2.0,4.0,4.0,4.0,2.0,2.0,6.0,2.0,3.0,4.0,2.0,5.0,4.0,2.0,4.0,6.0,4.0,1.0,2.0,4.0,4.0,4.0,2.0,5.0,2.0,1.0,4.0,2.0,4.0,1.0,3.0,2.0,1.0,1.0,5.0,3.0,4.0,4.0,4.0,4.0,1.0,4.0,4.0,6.0,6.0,3.0,3.0,5.0,2.0,4.0,4.0,2.0,3.0,4.0,3.0,7,1,1,4,1,3.0,1,3.0,2.0,2.0,1.0,1,13.0,1,14.0,4.0,10.0,1,80.0,0.000202325
10350120,4.0,4,116,26,34,24.8,4.87,33,2.0,0.0,1.0,0.0,2.0,0.0,1.0,1.0,1.0,1.0,2.0,0.0,1.0,1.0,5.0,25.0,5.0,2.0,1946.0,2.0,2.0,9.0,2.0,9000.0,4.0,1,2,2,2,2,1.0,12.4,6.98,3.0,4.0,3.0,2.0,4.0,4.0,3.0,3.0,4.0,4.0,2.0,4.0,3.0,2.0,4.0,3.0,4.0,1.0,4.0,4.0,3.0,4.0,2.0,4.0,4.0,2.0,4.0,4.0,2.0,3.0,3.0,4.0,4.0,3.0,4.0,4.0,4.0,2.0,3.0,4.0,4.0,3.0,4.0,3.0,3.0,4.0,3.0,4.0,3.0,3.0,3.0,4.0,4.0,3.0,3.0,7,1,1,4,1,5.0,2,3.0,2.0,2.0,3.0,1,45.0,1,56.0,5.0,30.0,1,64.0,9.82e-05
10350125,4.0,1,35,15,4,4.8,0.69,9,1.0,0.0,1.0,0.0,0.0,0.0,2.0,1.0,1.0,1.0,1.0,0.0,1.0,1.0,4.5,36.0,4.0,2.0,1942.0,1.0,1.0,9.0,8.0,7000.0,3.0,2,2,2,2,2,1.0,4.8,0.99,4.0,4.0,2.0,2.0,4.0,5.0,4.0,2.0,6.0,4.0,2.0,4.0,2.0,2.0,4.0,6.0,4.0,2.0,4.0,4.0,4.0,4.0,2.0,3.0,2.0,2.0,4.0,4.0,4.0,2.0,1.0,1.0,1.0,2.0,3.0,2.0,3.0,1.0,4.0,4.0,4.0,4.0,3.0,3.0,6.0,2.0,4.0,4.0,6.0,4.0,2.0,4.0,4.0,4.0,3.0,7,1,1,4,1,3.0,1,1.0,2.0,2.0,3.0,1,7.0,1,16.0,4.0,15.0,1,68.0,0.000288998
10350125,11.0,0,11,10,0,2.2,0.13,1,1.0,0.0,1.0,0.0,0.0,0.0,2.0,1.0,1.0,1.0,1.0,0.0,1.0,1.0,4.5,36.0,4.0,2.0,1942.0,1.0,1.0,9.0,8.0,7000.0,3.0,2,2,2,2,2,1.0,2.2,0.19,4.0,4.0,2.0,2.0,4.0,5.0,4.0,2.0,6.0,4.0,2.0,4.0,2.0,2.0,4.0,6.0,4.0,2.0,4.0,4.0,4.0,4.0,2.0,3.0,2.0,2.0,4.0,4.0,4.0,2.0,1.0,1.0,1.0,2.0,3.0,2.0,3.0,1.0,4.0,4.0,4.0,4.0,3.0,3.0,6.0,2.0,4.0,4.0,6.0,4.0,2.0,4.0,4.0,4.0,3.0,7,1,1,4,1,3.0,1,1.0,2.0,2.0,3.0,1,1.0,1,1.0,4.0,7.0,1,68.0,0.000288998
10350133,1.0,3,92,35,8,11.0,2.71,27,2.0,0.0,1.0,0.0,2.0,4.0,2.0,1.0,1.0,1.0,3.0,1.0,1.0,1.0,3.0,29.0,2.0,1.0,1951.0,2.0,2.0,1.0,6.0,3250.0,3.0,2,2,2,2,2,1.0,11.0,3.88,2.0,4.0,5.0,2.0,5.0,5.0,5.0,2.0,3.0,4.0,3.0,5.0,5.0,3.0,3.0,3.0,4.0,2.0,5.0,2.0,3.0,3.0,3.0,3.0,4.0,3.0,4.0,3.0,5.0,3.0,3.0,3.0,3.0,2.0,2.0,4.0,4.0,1.0,2.0,5.0,5.0,2.0,4.0,4.0,5.0,3.0,1.0,5.0,3.0,3.0,4.0,4.0,5.0,1.0,1.0,7,1,1,4,1,6.0,2,4.0,2.0,2.0,4.0,1,27.0,1,49.0,4.0,60.0,1,59.0,0.000409116
10350197,1.0,5,124,36,24,11.0,2.44,22,2.0,0.0,2.0,0.0,1.0,0.0,4.0,2.0,1.0,1.0,3.0,3.0,2.0,2.0,4.0,2.0,6.0,1.0,1980.0,2.0,2.0,1.0,2.0,15000.0,8.0,2,2,1,2,2,1.0,0.0,3.5,2.0,4.0,3.0,2.0,4.0,4.0,3.0,2.0,2.0,5.0,1.0,4.0,5.0,1.0,4.0,6.0,4.0,5.0,5.0,4.0,5.0,4.0,6.0,6.0,6.0,6.0,4.0,2.0,6.0,1.0,5.0,1.0,1.0,2.0,4.0,2.0,3.0,1.0,5.0,5.0,4.0,2.0,4.0,3.0,1.0,3.0,2.0,1.0,3.0,5.0,4.0,4.0,4.0,2.0,1.0,7,1,1,4,1,5.0,2,3.0,3.0,1.0,3.0,1,26.0,1,64.0,1.0,24.0,1,30.0,0.000378621
10350199,4.0,4,123,21,59,9.4,2.03,19,3.0,1.0,2.0,0.0,2.0,0.0,2.0,1.0,1.0,1.0,2.0,1.0,2.0,2.0,4.0,2.0,5.0,2.0,1977.0,2.0,3.0,2.0,4.0,9000.0,6.0,2,2,2,2,2,1.0,9.4,2.91,4.0,4.0,3.0,2.0,5.0,5.0,2.0,3.0,2.0,4.0,6.0,4.0,4.0,1.0,3.0,5.0,5.0,1.0,5.0,3.0,3.0,3.0,5.0,4.0,6.0,6.0,6.0,2.0,4.0,2.0,2.0,6.0,6.0,3.0,4.0,2.0,3.0,1.0,5.0,5.0,3.0,3.0,1.0,3.0,6.0,2.0,1.0,5.0,1.0,3.0,2.0,4.0,4.0,4.0,3.0,7,1,1,4,1,3.0,1,3.0,2.0,1.0,2.0,1,22.0,1,43.0,5.0,20.0,1,33.0,0.000232084
10350199,4.0,2,80,26,3,4.8,1.13,12,3.0,1.0,2.0,0.0,2.0,0.0,2.0,1.0,1.0,1.0,2.0,1.0,2.0,2.0,4.0,2.0,5.0,2.0,1977.0,2.0,3.0,2.0,4.0,9000.0,6.0,2,2,2,2,2,1.0,4.8,1.62,4.0,4.0,3.0,2.0,5.0,5.0,2.0,3.0,2.0,4.0,6.0,4.0,4.0,1.0,3.0,5.0,5.0,1.0,5.0,3.0,3.0,3.0,5.0,4.0,6.0,6.0,6.0,2.0,4.0,2.0,2.0,6.0,6.0,3.0,4.0,2.0,3.0,1.0,5.0,5.0,3.0,3.0,1.0,3.0,6.0,2.0,1.0,5.0,1.0,3.0,2.0,4.0,4.0,4.0,3.0,7,1,1,4,1,3.0,2,3.0,2.0,1.0,2.0,1,11.0,1,51.0,5.0,20.0,1,33.0,0.000232084
10350271,11.0,6,147,42,35,22.0,2.04,28,2.0,3.0,2.0,0.0,3.0,3.0,2.0,1.0,1.0,1.0,1.0,0.0,1.0,1.0,4.0,15.0,4.0,2.0,1971.0,2.0,3.0,2.0,6.0,7000.0,3.0,2,2,2,2,2,1.0,22.0,2.92,2.0,3.0,4.0,2.0,4.0,5.0,4.0,1.0,1.0,1.0,1.0,2.0,4.0,2.0,4.0,2.0,4.0,1.0,5.0,2.0,4.0,2.0,4.0,4.0,2.0,6.0,6.0,2.0,4.0,1.0,4.0,6.0,5.0,2.0,4.0,2.0,1.0,1.0,2.0,5.0,2.0,4.0,2.0,5.0,4.0,1.0,2.0,5.0,2.0,2.0,2.0,2.0,2.0,4.0,3.0,7,1,1,4,1,5.0,2,4.0,1.0,1.0,4.0,1,20.0,1,70.0,4.0,30.0,1,39.0,0.00087004
10350271,4.0,2,117,62,25,8.6,1.46,20,2.0,3.0,2.0,0.0,3.0,3.0,2.0,1.0,1.0,1.0,1.0,0.0,1.0,1.0,4.0,15.0,4.0,2.0,1971.0,2.0,3.0,2.0,6.0,7000.0,3.0,2,2,2,2,2,1.0,8.6,2.09,2.0,3.0,4.0,2.0,4.0,5.0,4.0,1.0,1.0,1.0,1.0,2.0,4.0,2.0,4.0,2.0,4.0,1.0,5.0,2.0,4.0,2.0,4.0,4.0,2.0,6.0,6.0,2.0,4.0,1.0,4.0,6.0,5.0,2.0,4.0,2.0,1.0,1.0,2.0,5.0,2.0,4.0,2.0,5.0,4.0,1.0,2.0,5.0,2.0,2.0,2.0,2.0,2.0,4.0,3.0,7,1,1,4,1,5.0,3,4.0,1.0,1.0,4.0,1,15.0,1,30.0,4.0,23.0,1,39.0,0.00087004
10350272,1.0,3,266,67,95,37.2,5.34,51,2.0,3.0,2.0,0.0,3.0,3.0,2.0,1.0,1.0,1.0,1.0,0.0,1.0,1.0,4.0,41.0,4.0,1.0,1968.0,2.0,3.0,1.0,8.0,7000.0,3.0,2,2,2,2,2,1.0,37.2,7.65,2.0,1.0,3.0,2.0,4.0,4.0,6.0,6.0,6.0,6.0,6.0,6.0,6.0,3.0,3.0,6.0,6.0,2.0,3.0,3.0,3.0,3.0,6.0,6.0,6.0,6.0,4.0,3.0,6.0,6.0,4.0,6.0,6.0,3.0,6.0,2.0,3.0,1.0,1.0,5.0,3.0,3.0,3.0,4.0,3.0,4.0,2.0,3.0,3.0,3.0,2.0,2.0,3.0,2.0,1.0,7,1,1,4,1,5.0,3,4.0,2.0,2.0,3.0,1,55.0,1,104.0,3.0,35.5,1,42.0,0.000409116
10350272,7.0,5,250,18,137,11.0,5.16,40,2.0,3.0,2.0,0.0,3.0,3.0,2.0,1.0,1.0,1.0,1.0,0.0,1.0,1.0,4.0,41.0,4.0,1.0,1968.0,2.0,3.0,1.0,8.0,7000.0,3.0,2,2,2,2,2,1.0,11.0,7.39,2.0,1.0,3.0,2.0,4.0,4.0,6.0,6.0,6.0,6.0,6.0,6.0,6.0,3.0,3.0,6.0,6.0,2.0,3.0,3.0,3.0,3.0,6.0,6.0,6.0,6.0,4.0,3.0,6.0,6.0,4.0,6.0,6.0,3.0,6.0,2.0,3.0,1.0,1.0,5.0,3.0,3.0,3.0,4.0,3.0,4.0,2.0,3.0,3.0,3.0,2.0,2.0,3.0,2.0,3.0,7,1,1,4,1,5.0,2,4.0,2.0,2.0,3.0,1,49.5,1,95.0,3.0,20.0,1,42.0,0.000409116
10359998,1.0,1,33,14,5,3.0,0.68,9,3.0,0.0,2.0,0.0,4.0,0.0,2.0,2.0,1.0,1.0,3.0,0.0,2.0,1.0,5.0,25.0,3.0,1.0,1960.0,2.0,3.0,1.0,6.0,5000.0,3.0,2,2,2,2,2,1.0,3.0,0.97,1.0,3.0,5.0,4.0,3.0,3.0,6.0,6.0,6.0,3.0,6.0,5.0,5.0,6.0,6.0,6.0,6.0,3.0,4.0,3.0,4.0,3.0,6.0,3.0,6.0,6.0,5.0,3.0,5.0,1.0,5.0,6.0,6.0,6.0,1.0,5.0,5.0,1.0,5.0,5.0,2.0,4.0,4.0,5.0,3.0,3.0,3.0,2.0,1.0,4.0,3.0,4.0,4.0,4.0,1.0,7,1,1,4,1,4.0,1,4.0,2.0,2.0,2.0,1,7.0,1,14.0,4.0,15.0,1,50.0,0.000409116
10360009,4.0,1,29,12,0,6.2,0.92,9,4.0,2.0,4.0,1.0,4.0,2.0,1.0,3.0,2.0,1.0,3.0,0.0,1.0,1.0,7.0,30.0,4.0,1.0,1941.0,2.0,3.0,9.0,1.0,7000.0,3.0,2,2,2,2,2,1.0,6.2,1.32,6.0,3.0,4.0,4.0,5.0,5.0,5.0,4.0,5.0,4.0,2.0,5.0,5.0,3.0,2.0,2.0,4.0,2.0,5.0,3.0,3.0,4.0,4.0,4.0,3.0,6.0,4.0,2.0,1.0,3.0,4.0,3.0,2.0,5.0,3.0,2.0,3.0,1.0,2.0,5.0,4.0,3.0,4.0,3.0,3.0,2.0,2.0,4.0,3.0,3.0,4.0,4.0,4.0,2.0,3.0,4,2,1,4,1,1.0,1,1.0,3.0,2.0,3.0,1,9.0,1,17.0,4.0,10.0,1,69.0,0.0003213
10360009,7.0,0,0,5,0,0.0,0.14,1,4.0,2.0,4.0,1.0,4.0,2.0,1.0,3.0,2.0,1.0,3.0,0.0,1.0,1.0,7.0,30.0,4.0,1.0,1941.0,2.0,3.0,9.0,1.0,7000.0,3.0,2,2,2,2,2,1.0,0.0,0.2,6.0,3.0,4.0,4.0,5.0,5.0,5.0,4.0,5.0,4.0,2.0,5.0,5.0,3.0,2.0,2.0,4.0,2.0,5.0,3.0,3.0,4.0,4.0,4.0,3.0,6.0,4.0,2.0,1.0,3.0,4.0,3.0,2.0,5.0,3.0,2.0,3.0,1.0,2.0,5.0,4.0,3.0,4.0,3.0,3.0,2.0,2.0,4.0,3.0,3.0,4.0,4.0,4.0,2.0,3.0,4,2,1,4,1,1.0,1,1.0,3.0,2.0,3.0,1,0.8,2,40.0,4.0,10.0,1,69.0,0.0003213
10360009,1.0,2,71,32,4,4.8,1.06,14,4.0,2.0,4.0,1.0,4.0,2.0,1.0,3.0,2.0,1.0,3.0,0.0,1.0,1.0,7.0,30.0,4.0,1.0,1941.0,2.0,3.0,9.0,1.0,7000.0,3.0,2,2,2,2,2,1.0,4.8,1.52,6.0,3.0,4.0,4.0,5.0,5.0,5.0,4.0,5.0,4.0,2.0,5.0,5.0,3.0,2.0,2.0,4.0,2.0,5.0,3.0,3.0,4.0,4.0,4.0,3.0,6.0,4.0,2.0,1.0,3.0,4.0,3.0,2.0,5.0,3.0,2.0,3.0,1.0,2.0,5.0,4.0,3.0,4.0,3.0,3.0,2.0,2.0,4.0,3.0,3.0,4.0,4.0,4.0,2.0,1.0,4,2,1,4,1,1.0,1,1.0,3.0,2.0,3.0,1,11.0,1,35.0,4.0,35.5,1,69.0,0.0003213
10360009,1.0,3,90,1,38,6.2,0.42,5,4.0,2.0,4.0,1.0,4.0,2.0,1.0,3.0,2.0,1.0,3.0,0.0,1.0,1.0,7.0,30.0,4.0,1.0,1941.0,2.0,3.0,9.0,1.0,7000.0,3.0,2,2,2,2,2,1.0,6.2,0.6,6.0,3.0,4.0,4.0,5.0,5.0,5.0,4.0,5.0,4.0,2.0,5.0,5.0,3.0,2.0,2.0,4.0,2.0,5.0,3.0,3.0,4.0,4.0,4.0,3.0,6.0,4.0,2.0,1.0,3.0,4.0,3.0,2.0,5.0,3.0,2.0,3.0,1.0,2.0,5.0,4.0,3.0,4.0,3.0,3.0,2.0,2.0,4.0,3.0,3.0,4.0,4.0,4.0,2.0,1.0,4,2,1,4,1,1.0,1,1.0,3.0,2.0,3.0,1,3.0,1,51.0,4.0,7.0,1,69.0,0.0003213
10360011,1.0,4,180,71,41,26.4,4.43,45,2.0,0.0,2.0,0.0,2.0,0.0,1.0,1.0,1.0,1.0,2.0,0.0,1.0,1.0,5.0,30.0,4.0,1.0,1954.0,2.0,2.0,1.0,3.0,7000.0,3.0,2,2,2,2,2,1.0,26.4,6.35,3.0,4.0,2.0,2.0,4.0,5.0,5.0,2.0,2.0,5.0,2.0,5.0,5.0,2.0,4.0,3.0,3.0,2.0,4.0,3.0,4.0,4.0,4.0,2.0,3.0,3.0,2.0,2.0,4.0,2.0,1.0,2.0,4.0,3.0,4.0,4.0,2.0,2.0,4.0,4.0,2.0,4.0,4.0,4.0,3.0,4.0,3.0,4.0,3.0,4.0,4.0,4.0,4.0,1.0,1.0,4,2,1,4,1,5.0,3,1.0,2.0,2.0,4.0,1,44.5,1,68.0,4.0,75.0,1,56.0,0.000409116
10360011,1.0,10,312,58,51,59.6,14.03,93,2.0,0.0,2.0,0.0,2.0,0.0,1.0,1.0,1.0,1.0,2.0,0.0,1.0,1.0,5.0,30.0,4.0,1.0,1954.0,2.0,2.0,1.0,3.0,7000.0,3.0,2,2,2,2,2,1.0,59.6,20.1,3.0,4.0,2.0,2.0,4.0,5.0,5.0,2.0,2.0,5.0,2.0,5.0,5.0,2.0,4.0,3.0,3.0,2.0,4.0,3.0,4.0,4.0,4.0,2.0,3.0,3.0,2.0,2.0,4.0,2.0,1.0,2.0,4.0,3.0,4.0,4.0,2.0,2.0,4.0,4.0,2.0,4.0,4.0,4.0,3.0,4.0,3.0,4.0,3.0,4.0,4.0,4.0,4.0,1.0,1.0,4,2,1,4,1,5.0,3,1.0,2.0,2.0,4.0,1,135.5,1,203.0,4.0,100.0,1,56.0,0.000409116
10360013,1.0,4,181,97,15,16.2,2.07,24,4.0,2.0,2.0,0.0,4.0,2.0,1.0,1.0,1.0,1.0,3.0,0.0,1.0,1.0,5.0,10.0,4.0,1.0,1968.0,2.0,1.0,1.0,3.0,7000.0,6.0,2,2,2,2,2,1.0,16.2,2.97,3.0,1.0,3.0,4.0,5.0,4.0,5.0,2.0,4.0,4.0,2.0,5.0,4.0,2.0,3.0,5.0,5.0,1.0,5.0,4.0,4.0,5.0,5.0,5.0,1.0,1.0,3.0,2.0,4.0,2.0,5.0,1.0,1.0,3.0,2.0,4.0,4.0,1.0,4.0,5.0,2.0,3.0,4.0,5.0,4.0,2.0,2.0,5.0,1.0,3.0,4.0,4.0,4.0,1.0,3.0,4,2,1,4,1,3.0,4,2.0,1.0,2.0,4.0,1,20.0,1,69.0,5.0,60.0,1,42.0,0.000109132
10360014,10.0,2,95,50,8,9.6,2.84,27,4.0,0.0,2.0,0.0,4.0,1.0,1.0,1.0,1.0,1.0,3.0,0.0,1.0,1.0,5.0,10.0,4.0,1.0,1968.0,2.0,3.0,1.0,3.0,7000.0,6.0,2,2,2,2,2,1.0,9.6,4.07,3.0,1.0,3.0,4.0,5.0,4.0,5.0,2.0,4.0,4.0,2.0,5.0,4.0,2.0,3.0,5.0,5.0,1.0,5.0,4.0,4.0,3.0,3.0,3.0,1.0,1.0,3.0,2.0,4.0,2.0,5.0,1.0,1.0,3.0,2.0,4.0,4.0,1.0,4.0,5.0,2.0,3.0,4.0,5.0,4.0,2.0,2.0,5.0,1.0,3.0,4.0,4.0,4.0,1.0,3.0,4,2,1,4,1,3.0,2,2.0,1.0,2.0,4.0,1,28.0,1,37.0,5.0,30.0,1,42.0,0.000109132
10360016,1.0,2,184,94,10,20.0,2.57,30,1.0,0.0,1.0,0.0,1.0,0.0,1.0,1.0,1.0,1.0,1.0,0.0,1.0,1.0,5.0,10.0,3.0,2.0,1966.0,2.0,1.0,1.0,6.0,5000.0,3.0,2,2,2,2,2,1.0,20.0,3.68,1.0,3.0,4.0,3.0,3.0,3.0,5.0,2.0,6.0,3.0,1.0,5.0,5.0,1.0,3.0,6.0,5.0,1.0,5.0,4.0,4.0,4.0,5.0,5.0,2.0,6.0,2.0,2.0,3.0,1.0,6.0,6.0,6.0,1.0,1.0,1.0,1.0,1.0,6.0,6.0,3.0,4.0,4.0,3.0,3.0,3.0,1.0,5.0,1.0,2.0,2.0,3.0,4.0,4.0,3.0,4,2,1,4,1,3.0,5,3.0,1.0,3.0,1.0,1,22.0,1,80.0,4.0,65.0,1,44.0,0.000367986
10360023,1.0,2,162,98,31,8.8,0.78,10,5.0,3.0,2.0,1.0,6.0,3.0,2.0,1.0,1.0,1.0,5.0,0.0,2.0,1.0,5.0,15.0,5.0,2.0,1993.0,2.0,6.0,8.0,6.0,9000.0,2.0,2,1,2,2,2,3.0,0.0,1.12,1.0,4.0,2.0,3.0,4.0,4.0,4.0,2.0,2.0,4.0,3.0,5.0,4.0,2.0,4.0,3.0,4.0,3.0,5.0,3.0,3.0,2.0,3.0,5.0,3.0,3.0,4.0,4.0,5.0,2.0,2.0,3.0,3.0,3.0,3.0,2.0,4.0,3.0,4.0,2.0,3.0,2.0,3.0,5.0,3.0,3.0,3.0,5.0,1.0,3.0,4.0,3.0,3.0,3.0,2.0,4,2,1,4,1,4.0,2,3.0,1.0,2.0,2.0,1,7.0,1,33.0,4.0,20.0,1,17.0,0.002195453
10360023,8.0,3,111,41,14,9.6,1.44,19,5.0,3.0,2.0,1.0,6.0,3.0,2.0,1.0,1.0,1.0,5.0,0.0,2.0,1.0,5.0,15.0,5.0,2.0,1993.0,2.0,6.0,8.0,6.0,9000.0,2.0,2,1,2,2,2,3.0,0.0,2.06,1.0,4.0,2.0,3.0,4.0,4.0,4.0,2.0,2.0,4.0,3.0,5.0,4.0,2.0,4.0,3.0,4.0,3.0,5.0,3.0,3.0,2.0,3.0,5.0,3.0,3.0,4.0,4.0,5.0,2.0,2.0,3.0,3.0,3.0,3.0,2.0,4.0,3.0,4.0,2.0,3.0,2.0,3.0,5.0,3.0,3.0,3.0,5.0,1.0,3.0,4.0,3.0,3.0,3.0,3.0,4,2,1,4,1,4.0,2,3.0,1.0,2.0,2.0,1,16.5,1,56.0,4.0,50.0,1,17.0,0.002195453
10360023,8.0,5,182,80,30,12.4,0.94,12,5.0,3.0,2.0,1.0,6.0,3.0,2.0,1.0,1.0,1.0,5.0,0.0,2.0,1.0,5.0,15.0,5.0,2.0,1993.0,2.0,6.0,8.0,6.0,9000.0,2.0,2,1,2,2,2,3.0,0.0,1.35,1.0,4.0,2.0,3.0,4.0,4.0,4.0,2.0,2.0,4.0,3.0,5.0,4.0,2.0,4.0,3.0,4.0,3.0,5.0,3.0,3.0,2.0,3.0,5.0,3.0,3.0,4.0,4.0,5.0,2.0,2.0,3.0,3.0,3.0,3.0,2.0,4.0,3.0,4.0,2.0,3.0,2.0,3.0,5.0,3.0,3.0,3.0,5.0,1.0,3.0,4.0,3.0,3.0,3.0,3.0,4,2,1,4,1,4.0,2,3.0,1.0,2.0,2.0,1,11.0,1,72.0,4.0,10.0,1,17.0,0.002195453
10360024,1.0,5,200,80,12,30.4,2.33,26,5.0,3.0,2.0,1.0,5.0,3.0,2.0,1.0,1.0,1.0,5.0,0.0,1.0,1.0,5.0,15.0,5.0,1.0,1959.0,2.0,1.0,1.0,1.0,9000.0,4.0,1,2,2,2,2,1.0,15.2,3.34,4.0,4.0,2.0,1.0,5.0,5.0,4.0,1.0,3.0,3.0,4.0,2.0,5.0,1.0,5.0,2.0,4.0,2.0,5.0,2.0,2.0,2.0,4.0,1.0,5.0,3.0,4.0,1.0,5.0,2.0,1.0,4.0,4.0,2.0,4.0,4.0,3.0,2.0,4.0,4.0,4.0,3.0,2.0,4.0,4.0,4.0,2.0,4.0,2.0,4.0,2.0,5.0,4.0,4.0,2.0,4,2,1,4,1,5.0,3,3.0,2.0,2.0,3.0,1,24.5,1,108.0,3.0,40.0,1,51.0,0.000109132
10360035,7.0,4,118,43,10,11.0,3.28,33,4.0,0.0,3.0,0.0,2.0,0.0,1.0,2.0,1.0,1.0,4.0,1.0,1.0,1.0,5.0,22.0,5.0,2.0,1956.0,2.0,3.0,2.0,5.0,9000.0,3.0,2,2,2,2,2,1.0,11.0,4.7,6.0,3.0,5.0,2.0,4.0,5.0,4.0,4.0,1.0,4.0,6.0,5.0,4.0,2.0,4.0,6.0,4.0,3.0,4.0,2.0,2.0,2.0,6.0,5.0,6.0,6.0,4.0,2.0,4.0,2.0,4.0,6.0,6.0,3.0,4.0,2.0,4.0,1.0,4.0,6.0,2.0,4.0,3.0,4.0,2.0,2.0,2.0,5.0,1.0,4.0,4.0,3.0,4.0,4.0,3.0,4,2,1,4,1,2.0,2,4.0,1.0,1.0,3.0,1,30.0,1,65.0,3.0,45.0,1,54.0,0.000367986
10360095,2.0,1,50,25,0,4.8,1.64,16,2.0,0.0,2.0,2.0,2.0,0.0,1.0,1.0,1.0,1.0,2.0,0.0,1.0,1.0,5.0,1.0,4.0,2.0,1980.0,2.0,2.0,2.0,6.0,7000.0,5.0,2,2,2,2,2,1.0,4.8,2.35,4.0,5.0,3.0,2.0,5.0,5.0,4.0,2.0,2.0,5.0,2.0,5.0,4.0,2.0,4.0,6.0,4.0,1.0,5.0,4.0,4.0,2.0,4.0,4.0,2.0,1.0,4.0,2.0,4.0,2.0,5.0,2.0,2.0,2.0,4.0,5.0,2.0,1.0,3.0,4.0,2.0,4.0,4.0,3.0,2.0,1.0,2.0,4.0,2.0,2.0,4.0,4.0,4.0,3.0,1.0,4,2,1,4,1,5.0,1,3.0,3.0,3.0,3.0,1,15.0,1,25.0,3.0,20.0,1,30.0,0.000232084
10360095,1.0,2,63,21,7,4.8,1.62,16,2.0,0.0,2.0,2.0,2.0,0.0,1.0,1.0,1.0,1.0,2.0,0.0,1.0,1.0,5.0,1.0,4.0,2.0,1980.0,2.0,2.0,2.0,6.0,7000.0,5.0,2,2,2,2,2,1.0,4.8,2.32,4.0,5.0,3.0,2.0,5.0,5.0,4.0,2.0,2.0,5.0,2.0,5.0,4.0,2.0,4.0,6.0,4.0,1.0,5.0,4.0,4.0,2.0,4.0,4.0,2.0,1.0,4.0,2.0,4.0,2.0,5.0,2.0,2.0,2.0,4.0,5.0,2.0,1.0,3.0,4.0,2.0,4.0,4.0,3.0,2.0,1.0,2.0,4.0,2.0,2.0,4.0,4.0,4.0,3.0,1.0,4,2,1,4,1,5.0,1,3.0,3.0,3.0,3.0,1,16.0,1,35.0,3.0,20.0,1,30.0,0.000232084
10360113,1.0,5,145,54,19,14.0,1.26,14,4.0,0.0,3.0,2.0,3.0,0.0,3.0,3.0,1.0,1.0,4.0,1.0,1.0,1.0,5.0,5.0,5.0,1.0,1957.0,1.0,3.0,1.0,1.0,9000.0,3.0,2,2,2,2,2,1.0,14.0,1.81,1.0,4.0,4.0,3.0,3.0,4.0,6.0,6.0,2.0,4.0,3.0,4.0,4.0,2.0,3.0,4.0,4.0,2.0,4.0,2.0,3.0,4.0,4.0,4.0,6.0,6.0,4.0,2.0,6.0,6.0,2.0,6.0,6.0,4.0,4.0,2.0,4.0,2.0,4.0,4.0,2.0,4.0,4.0,4.0,4.0,2.0,2.0,4.0,2.0,3.0,2.0,3.0,4.0,2.0,3.0,4,2,1,4,1,3.0,3,2.0,2.0,3.0,3.0,1,14.2,1,72.0,1.0,15.0,1,53.0,0.000409116
10360122,8.0,5,153,49,31,21.0,3.06,33,2.0,0.0,2.0,0.0,0.0,0.0,1.0,1.0,1.0,1.0,1.0,0.0,1.0,1.0,5.0,32.0,3.0,1.0,1939.0,1.0,2.0,9.0,3.0,5000.0,6.0,1,2,2,2,2,1.0,10.5,4.38,2.0,4.0,4.0,4.0,5.0,5.0,6.0,6.0,4.0,2.0,2.0,5.0,2.0,2.0,4.0,4.0,5.0,1.0,5.0,4.0,4.0,4.0,4.0,4.0,2.0,6.0,5.0,3.0,4.0,1.0,2.0,1.0,2.0,3.0,3.0,4.0,5.0,1.0,5.0,4.0,2.0,4.0,5.0,4.0,6.0,1.0,1.0,5.0,6.0,2.0,2.0,3.0,4.0,4.0,3.0,4,2,1,4,1,3.0,3,1.0,1.0,1.0,3.0,1,31.0,1,73.0,4.0,70.0,1,71.0,8.57e-05
10360139,1.0,4,135,72,11,15.6,3.11,33,4.0,2.0,2.0,1.0,3.0,2.0,1.0,3.0,1.0,2.0,3.0,1.0,1.0,1.0,5.0,7.0,6.0,2.0,1964.0,1.0,3.0,2.0,6.0,15000.0,5.0,1,2,2,2,1,1.0,7.8,4.46,2.0,4.0,3.0,2.0,4.0,3.0,5.0,4.0,1.0,3.0,1.0,5.0,4.0,1.0,3.0,4.0,5.0,1.0,5.0,4.0,4.0,4.0,5.0,5.0,3.0,6.0,2.0,2.0,5.0,1.0,1.0,1.0,6.0,3.0,4.0,4.0,3.0,1.0,2.0,5.0,1.0,4.0,3.0,4.0,4.0,2.0,1.0,5.0,1.0,3.0,2.0,4.0,4.0,4.0,2.0,4,2,1,4,1,1.0,4,1.0,4.0,4.0,3.0,1,31.0,1,52.0,4.0,61.0,1,46.0,9.82e-05
10360139,9.0,0,0,128,0,0.0,0.34,2,4.0,2.0,2.0,1.0,3.0,2.0,1.0,3.0,1.0,2.0,3.0,1.0,1.0,1.0,5.0,7.0,6.0,2.0,1964.0,1.0,3.0,2.0,6.0,15000.0,5.0,1,2,2,2,1,1.0,2.2,0.49,2.0,4.0,3.0,2.0,4.0,3.0,5.0,4.0,1.0,3.0,1.0,5.0,4.0,1.0,3.0,4.0,5.0,1.0,5.0,4.0,4.0,4.0,5.0,5.0,3.0,6.0,2.0,2.0,5.0,1.0,1.0,1.0,6.0,3.0,4.0,4.0,3.0,1.0,2.0,5.0,1.0,4.0,3.0,4.0,4.0,2.0,1.0,5.0,1.0,3.0,2.0,4.0,4.0,4.0,3.0,4,2,1,4,1,1.0,2,1.0,4.0,4.0,3.0,1,1.4,1,40.0,4.0,10.0,1,46.0,9.82e-05
10360159,8.0,2,232,131,40,11.8,2.23,29,3.0,2.0,1.0,0.0,2.0,2.0,1.0,2.0,1.0,1.0,1.0,0.0,1.0,1.0,5.0,8.0,3.0,2.0,1968.0,2.0,4.0,2.0,4.0,5000.0,3.0,2,2,2,2,2,1.0,11.8,3.2,1.0,3.0,4.0,3.0,4.0,4.0,4.0,3.0,2.0,5.0,1.0,5.0,5.0,3.0,3.0,5.0,5.0,1.0,4.0,4.0,3.0,4.0,6.0,5.0,2.0,6.0,5.0,3.0,4.0,3.0,1.0,6.0,4.0,3.0,3.0,2.0,3.0,1.0,3.0,5.0,1.0,5.0,5.0,5.0,5.0,2.0,1.0,5.0,1.0,3.0,4.0,4.0,3.0,4.0,3.0,4,2,1,4,1,5.0,3,3.0,2.0,2.0,3.0,1,22.5,1,61.0,8.0,30.0,1,42.0,0.000367986
10360159,8.0,0,0,27,0,0.0,0.14,1,3.0,2.0,1.0,0.0,2.0,2.0,1.0,2.0,1.0,1.0,1.0,0.0,1.0,1.0,5.0,8.0,3.0,2.0,1968.0,2.0,4.0,2.0,4.0,5000.0,3.0,2,2,2,2,2,1.0,0.0,0.2,1.0,3.0,4.0,3.0,4.0,4.0,4.0,3.0,2.0,5.0,1.0,5.0,5.0,3.0,3.0,5.0,5.0,1.0,4.0,4.0,3.0,4.0,6.0,5.0,2.0,6.0,5.0,3.0,4.0,3.0,1.0,6.0,4.0,3.0,3.0,2.0,3.0,1.0,3.0,5.0,1.0,5.0,5.0,5.0,5.0,2.0,1.0,5.0,1.0,3.0,4.0,4.0,3.0,4.0,3.0,4,2,1,4,1,5.0,1,3.0,2.0,2.0,3.0,1,0.4,2,40.0,8.0,10.0,1,42.0,0.000367986
10360162,4.0,2,98,47,9,3.0,0.42,5,2.0,0.0,1.0,0.0,2.0,2.0,0.0,1.0,2.0,1.0,1.0,0.0,1.0,1.0,3.0,35.0,2.0,1.0,1940.0,2.0,2.0,9.0,5.0,3250.0,2.0,2,2,2,2,2,1.0,3.0,0.6,2.0,5.0,3.0,4.0,4.0,4.0,6.0,6.0,6.0,6.0,6.0,4.0,4.0,6.0,5.0,6.0,4.0,3.0,4.0,5.0,1.0,1.0,6.0,4.0,4.0,1.0,5.0,5.0,6.0,1.0,6.0,6.0,5.0,4.0,4.0,5.0,4.0,1.0,1.0,5.0,4.0,5.0,5.0,4.0,6.0,6.0,6.0,5.0,6.0,2.0,1.0,1.0,4.0,5.0,3.0,4,2,1,4,1,5.0,1,3.0,2.0,2.0,3.0,1,3.5,1,42.0,3.0,15.0,1,70.0,0.001285365
10360162,8.0,0,11,9,0,2.2,0.15,2,2.0,0.0,1.0,0.0,2.0,2.0,0.0,1.0,2.0,1.0,1.0,0.0,1.0,1.0,3.0,35.0,2.0,1.0,1940.0,2.0,2.0,9.0,5.0,3250.0,2.0,2,2,2,2,2,1.0,2.2,0.21,2.0,5.0,3.0,4.0,4.0,4.0,6.0,6.0,6.0,6.0,6.0,4.0,4.0,6.0,5.0,6.0,4.0,3.0,4.0,5.0,1.0,1.0,6.0,4.0,4.0,1.0,5.0,5.0,6.0,1.0,6.0,6.0,5.0,4.0,4.0,5.0,4.0,1.0,1.0,5.0,4.0,5.0,5.0,4.0,6.0,6.0,6.0,5.0,6.0,2.0,1.0,1.0,4.0,5.0,3.0,4,2,1,4,1,5.0,1,3.0,2.0,2.0,3.0,1,0.7,2,2.0,3.0,10.0,1,70.0,0.001285365
10360162,10.0,0,15,15,0,0.0,0.32,3,2.0,0.0,1.0,0.0,2.0,2.0,0.0,1.0,2.0,1.0,1.0,0.0,1.0,1.0,3.0,35.0,2.0,1.0,1940.0,2.0,2.0,9.0,5.0,3250.0,2.0,2,2,2,2,2,1.0,0.0,0.46,2.0,5.0,3.0,4.0,4.0,4.0,6.0,6.0,6.0,6.0,6.0,4.0,4.0,6.0,5.0,6.0,4.0,3.0,4.0,5.0,1.0,1.0,6.0,4.0,4.0,1.0,5.0,5.0,6.0,1.0,6.0,6.0,5.0,4.0,4.0,5.0,4.0,1.0,1.0,5.0,4.0,5.0,5.0,4.0,6.0,6.0,6.0,5.0,6.0,2.0,1.0,1.0,4.0,5.0,3.0,4,2,1,4,1,5.0,1,3.0,2.0,2.0,3.0,1,1.1,2,0.0,3.0,15.0,1,70.0,0.001285365
10360177,4.0,2,131,92,5,12.4,1.62,15,4.0,2.0,2.0,1.0,2.0,2.0,2.0,1.0,1.0,2.0,2.0,2.0,1.0,1.0,4.0,2.0,5.0,1.0,1976.0,3.0,1.0,1.0,3.0,9000.0,3.0,2,2,2,2,2,1.0,12.4,2.32,1.0,5.0,3.0,3.0,4.0,5.0,5.0,5.0,1.0,5.0,1.0,5.0,5.0,1.0,5.0,4.0,5.0,2.0,5.0,3.0,3.0,4.0,5.0,5.0,1.0,1.0,4.0,2.0,5.0,2.0,2.0,1.0,1.0,2.0,4.0,4.0,4.0,1.0,4.0,4.0,2.0,2.0,2.0,2.0,2.0,1.0,2.0,5.0,2.0,5.0,1.0,3.0,5.0,1.0,3.0,4,2,1,4,1,5.0,2,4.0,1.0,1.0,3.0,1,16.5,1,34.0,4.0,30.0,1,34.0,0.000967286
10360177,4.0,5,213,89,53,24.8,4.93,39,4.0,2.0,2.0,1.0,2.0,2.0,2.0,1.0,1.0,2.0,2.0,2.0,1.0,1.0,4.0,2.0,5.0,1.0,1976.0,3.0,1.0,1.0,3.0,9000.0,3.0,2,2,2,2,2,1.0,24.8,7.06,1.0,5.0,3.0,3.0,4.0,5.0,5.0,5.0,1.0,5.0,1.0,5.0,5.0,1.0,5.0,4.0,5.0,2.0,5.0,3.0,3.0,4.0,5.0,5.0,1.0,1.0,4.0,2.0,5.0,2.0,2.0,1.0,1.0,2.0,4.0,4.0,4.0,1.0,4.0,4.0,2.0,2.0,2.0,2.0,2.0,1.0,2.0,5.0,2.0,5.0,1.0,3.0,5.0,1.0,3.0,4,2,1,4,1,5.0,2,4.0,1.0,1.0,3.0,1,54.0,1,71.0,4.0,60.0,1,34.0,0.000967286
10360193,1.0,5,159,98,11,43.2,3.22,28,2.0,0.0,2.0,0.0,0.0,0.0,1.0,1.0,1.0,1.0,2.0,0.0,1.0,1.0,7.0,2.0,6.0,1.0,1973.0,2.0,2.0,1.0,2.0,15000.0,7.0,2,2,2,2,2,1.0,43.2,4.61,3.0,4.0,6.0,2.0,5.0,5.0,5.0,6.0,5.0,4.0,6.0,4.0,5.0,3.0,4.0,4.0,5.0,1.0,5.0,3.0,3.0,4.0,5.0,1.0,4.0,6.0,6.0,2.0,5.0,6.0,5.0,6.0,5.0,1.0,4.0,1.0,3.0,1.0,5.0,5.0,5.0,5.0,3.0,4.0,4.0,5.0,3.0,5.0,6.0,3.0,3.0,5.0,2.0,4.0,2.0,4,2,1,4,1,3.0,3,4.0,2.0,1.0,3.0,1,32.5,1,50.0,3.0,40.0,1,37.0,0.000378621
10360195,1.0,5,194,82,22,19.2,4.87,47,4.0,0.0,2.0,1.0,4.0,0.0,3.0,2.0,1.0,1.0,2.0,0.0,1.0,1.0,5.0,15.0,5.0,2.0,1958.0,2.0,3.0,2.0,6.0,9000.0,5.0,1,2,2,2,2,1.0,9.6,6.98,4.0,5.0,6.0,4.0,4.0,5.0,6.0,2.0,6.0,4.0,2.0,4.0,4.0,2.0,4.0,6.0,6.0,2.0,5.0,5.0,6.0,3.0,4.0,4.0,6.0,6.0,6.0,4.0,4.0,6.0,6.0,6.0,4.0,3.0,4.0,4.0,4.0,1.0,2.0,5.0,4.0,2.0,4.0,6.0,6.0,6.0,2.0,5.0,2.0,3.0,4.0,2.0,2.0,4.0,2.0,4,2,1,4,1,5.0,4,2.0,2.0,2.0,3.0,1,51.5,1,90.0,3.0,75.0,1,52.0,9.82e-05
10360196,1.0,4,126,60,12,13.2,2.57,26,4.0,0.0,2.0,1.0,4.0,0.0,3.0,2.0,1.0,1.0,4.0,0.0,1.0,1.0,5.0,15.0,5.0,2.0,1958.0,2.0,3.0,2.0,6.0,9000.0,5.0,1,2,2,2,2,1.0,6.6,3.68,4.0,5.0,6.0,4.0,4.0,5.0,6.0,2.0,6.0,4.0,2.0,4.0,4.0,2.0,4.0,6.0,6.0,2.0,5.0,5.0,6.0,3.0,4.0,4.0,6.0,6.0,6.0,4.0,4.0,6.0,6.0,6.0,4.0,3.0,4.0,4.0,4.0,1.0,2.0,5.0,4.0,2.0,4.0,6.0,6.0,6.0,2.0,5.0,2.0,3.0,4.0,2.0,2.0,4.0,2.0,4,2,1,4,1,5.0,3,2.0,2.0,2.0,3.0,1,27.0,1,54.0,3.0,55.0,1,52.0,9.82e-05
10360202,4.0,3,69,27,7,4.8,0.41,5,4.0,2.0,2.0,0.0,5.0,2.0,2.0,2.0,1.0,2.0,4.0,4.0,1.0,1.0,7.0,10.0,4.0,2.0,1971.0,2.0,3.0,2.0,6.0,7000.0,3.0,2,2,2,2,2,1.0,4.8,0.59,2.0,5.0,3.0,2.0,5.0,3.0,2.0,3.0,4.0,4.0,2.0,4.0,4.0,2.0,4.0,5.0,5.0,1.0,4.0,4.0,2.0,4.0,4.0,4.0,2.0,4.0,4.0,4.0,2.0,1.0,5.0,1.0,3.0,2.0,4.0,2.0,4.0,1.0,4.0,3.0,2.0,4.0,2.0,4.0,2.0,2.0,2.0,5.0,2.0,4.0,4.0,3.0,4.0,4.0,3.0,4,2,1,4,1,4.0,1,1.0,2.0,1.0,2.0,1,4.5,1,35.0,3.0,10.0,1,39.0,0.00087004
10360202,8.0,3,123,40,21,18.4,0.29,3,4.0,2.0,2.0,0.0,5.0,2.0,2.0,2.0,1.0,2.0,4.0,4.0,1.0,1.0,7.0,10.0,4.0,2.0,1971.0,2.0,3.0,2.0,6.0,7000.0,3.0,2,2,2,2,2,1.0,18.4,0.42,2.0,5.0,3.0,2.0,5.0,3.0,2.0,3.0,4.0,4.0,2.0,4.0,4.0,2.0,4.0,5.0,5.0,1.0,4.0,4.0,2.0,4.0,4.0,4.0,2.0,4.0,4.0,4.0,2.0,1.0,5.0,1.0,3.0,2.0,4.0,2.0,4.0,1.0,4.0,3.0,2.0,4.0,2.0,4.0,2.0,2.0,2.0,5.0,2.0,4.0,4.0,3.0,4.0,4.0,3.0,4,2,1,4,1,4.0,1,1.0,2.0,1.0,2.0,1,3.0,1,62.0,3.0,5.0,1,39.0,0.00087004
10360205,9.0,2,99,49,9,3.0,0.63,8,2.0,0.0,2.0,0.0,2.0,1.0,2.0,3.0,1.0,1.0,2.0,1.0,1.0,1.0,7.0,22.0,4.0,1.0,1941.0,2.0,2.0,9.0,8.0,7000.0,6.0,1,2,2,2,2,1.0,2.2,0.9,2.0,4.0,3.0,3.0,4.0,4.0,4.0,3.0,2.0,4.0,4.0,5.0,4.0,2.0,4.0,6.0,3.0,4.0,2.0,4.0,4.0,5.0,2.0,4.0,4.0,2.0,4.0,2.0,4.0,4.0,6.0,2.0,3.0,2.0,4.0,4.0,4.0,2.0,4.0,4.0,2.0,4.0,3.0,6.0,6.0,2.0,2.0,4.0,6.0,2.0,3.0,4.0,4.0,3.0,3.0,4,2,1,4,1,3.0,1,3.0,2.0,2.0,4.0,1,5.5,1,41.0,4.0,15.0,1,69.0,8.57e-05
10360205,4.0,1,48,19,3,4.8,1.61,17,2.0,0.0,2.0,0.0,2.0,1.0,2.0,3.0,1.0,1.0,2.0,1.0,1.0,1.0,7.0,22.0,4.0,1.0,1941.0,2.0,2.0,9.0,8.0,7000.0,6.0,1,2,2,2,2,1.0,2.4,2.31,2.0,4.0,3.0,3.0,4.0,4.0,4.0,3.0,2.0,4.0,4.0,5.0,4.0,2.0,4.0,6.0,3.0,4.0,2.0,4.0,4.0,5.0,2.0,4.0,4.0,2.0,4.0,2.0,4.0,4.0,6.0,2.0,3.0,2.0,4.0,4.0,4.0,2.0,4.0,4.0,2.0,4.0,3.0,6.0,6.0,2.0,2.0,4.0,6.0,2.0,3.0,4.0,4.0,3.0,3.0,4,2,1,4,1,3.0,1,3.0,2.0,2.0,4.0,1,15.0,1,26.0,4.0,25.0,1,69.0,8.57e-05
10360206,8.0,4,186,52,145,14.0,3.54,31,2.0,0.0,2.0,0.0,2.0,1.0,2.0,3.0,1.0,1.0,2.0,0.0,1.0,1.0,7.0,22.0,4.0,2.0,1943.0,2.0,2.0,9.0,8.0,7000.0,5.0,1,2,2,2,2,1.0,7.0,5.07,1.0,3.0,3.0,3.0,4.0,4.0,4.0,3.0,3.0,4.0,4.0,5.0,5.0,2.0,4.0,6.0,5.0,1.0,2.0,4.0,3.0,5.0,2.0,3.0,3.0,4.0,4.0,3.0,4.0,4.0,2.0,3.0,4.0,2.0,4.0,4.0,3.0,4.0,2.0,5.0,2.0,5.0,5.0,4.0,3.0,2.0,2.0,5.0,3.0,3.0,3.0,3.0,4.0,2.0,3.0,4,2,1,4,1,2.0,2,3.0,2.0,2.0,4.0,1,27.5,1,40.0,4.0,30.0,1,67.0,7.71e-05
10360212,7.0,3,61,21,7,6.2,1.67,15,2.0,0.0,2.0,0.0,0.0,0.0,2.0,1.0,1.0,1.0,2.0,0.0,1.0,1.0,4.0,17.0,5.0,1.0,1951.0,2.0,2.0,9.0,2.0,9000.0,6.0,2,2,2,2,2,1.0,6.2,2.39,5.0,5.0,5.0,5.0,5.0,5.0,1.0,1.0,5.0,5.0,1.0,5.0,5.0,1.0,1.0,5.0,5.0,1.0,4.0,4.0,5.0,5.0,3.0,5.0,1.0,1.0,5.0,1.0,5.0,1.0,1.0,1.0,1.0,1.0,5.0,1.0,5.0,1.0,5.0,5.0,1.0,5.0,5.0,1.0,3.0,3.0,3.0,5.0,3.0,1.0,5.0,1.0,5.0,5.0,3.0,4,2,1,4,1,3.0,1,2.0,1.0,3.0,3.0,1,16.0,1,33.0,4.0,30.0,1,59.0,0.000109132
10360212,4.0,2,73,27,9,6.2,0.61,8,2.0,0.0,2.0,0.0,0.0,0.0,2.0,1.0,1.0,1.0,2.0,0.0,1.0,1.0,4.0,17.0,5.0,1.0,1951.0,2.0,2.0,9.0,2.0,9000.0,6.0,2,2,2,2,2,1.0,6.2,0.87,5.0,5.0,5.0,5.0,5.0,5.0,1.0,1.0,5.0,5.0,1.0,5.0,5.0,1.0,1.0,5.0,5.0,1.0,4.0,4.0,5.0,5.0,3.0,5.0,1.0,1.0,5.0,1.0,5.0,1.0,1.0,1.0,1.0,1.0,5.0,1.0,5.0,1.0,5.0,5.0,1.0,5.0,5.0,1.0,3.0,3.0,3.0,5.0,3.0,1.0,5.0,1.0,5.0,5.0,3.0,4,2,1,4,1,3.0,1,2.0,1.0,3.0,3.0,1,6.5,1,37.0,4.0,10.0,1,59.0,0.000109132
10360217,3.0,3,81,20,9,8.8,3.05,32,5.0,2.0,2.0,0.0,3.0,1.0,3.0,2.0,1.0,1.0,4.0,1.0,1.0,1.0,5.0,20.0,4.0,2.0,1991.0,2.0,6.0,8.0,8.0,7000.0,4.0,1,1,2,2,2,3.0,4.4,4.37,2.0,5.0,3.0,2.0,4.0,4.0,4.0,2.0,3.0,5.0,2.0,5.0,2.0,1.0,5.0,3.0,2.0,1.0,4.0,2.0,4.0,4.0,4.0,4.0,4.0,2.0,4.0,3.0,4.0,4.0,4.0,2.0,2.0,3.0,4.0,2.0,5.0,5.0,3.0,3.0,4.0,2.0,3.0,3.0,3.0,4.0,1.0,5.0,2.0,4.0,1.0,4.0,5.0,4.0,1.0,4,2,1,4,1,5.0,2,4.0,2.0,2.0,3.0,1,29.0,0,52.0,3.0,77.0,1,19.0,0.000146391
10360225,1.0,2,60,22,4,4.8,1.71,17,2.0,0.0,1.0,0.0,3.0,0.0,4.0,1.0,1.0,2.0,2.0,0.0,1.0,1.0,6.0,25.0,5.0,2.0,1950.0,3.0,2.0,2.0,3.0,9000.0,6.0,1,2,2,2,2,1.0,2.4,2.45,2.0,2.0,3.0,2.0,5.0,5.0,3.0,2.0,4.0,5.0,2.0,4.0,1.0,1.0,5.0,6.0,5.0,1.0,5.0,2.0,5.0,5.0,4.0,4.0,4.0,4.0,5.0,3.0,5.0,2.0,1.0,1.0,1.0,3.0,4.0,4.0,4.0,1.0,4.0,4.0,4.0,2.0,4.0,3.0,5.0,2.0,1.0,5.0,1.0,2.0,3.0,4.0,4.0,1.0,1.0,4,2,1,4,1,3.0,1,3.0,2.0,1.0,3.0,1,16.0,1,34.0,4.0,30.0,1,60.0,9.82e-05
10360225,4.0,4,228,39,15,77.8,8.93,64,2.0,0.0,1.0,0.0,3.0,0.0,4.0,1.0,1.0,2.0,2.0,0.0,1.0,1.0,6.0,25.0,5.0,2.0,1950.0,3.0,2.0,2.0,3.0,9000.0,6.0,1,2,2,2,2,1.0,38.9,12.8,2.0,2.0,3.0,2.0,5.0,5.0,3.0,2.0,4.0,5.0,2.0,4.0,1.0,1.0,5.0,6.0,5.0,1.0,5.0,2.0,5.0,5.0,4.0,4.0,4.0,4.0,5.0,3.0,5.0,2.0,1.0,1.0,1.0,3.0,4.0,4.0,4.0,1.0,4.0,4.0,4.0,2.0,4.0,3.0,5.0,2.0,1.0,5.0,1.0,2.0,3.0,4.0,4.0,1.0,3.0,4,2,1,4,1,3.0,1,3.0,2.0,1.0,3.0,1,97.0,1,174.0,4.0,70.0,1,60.0,9.82e-05
10360225,1.0,2,269,6,24,89.2,26.94,180,2.0,0.0,1.0,0.0,3.0,0.0,4.0,1.0,1.0,2.0,2.0,0.0,1.0,1.0,6.0,25.0,5.0,2.0,1950.0,3.0,2.0,2.0,3.0,9000.0,6.0,1,2,2,2,2,1.0,44.6,38.61,2.0,2.0,3.0,2.0,5.0,5.0,3.0,2.0,4.0,5.0,2.0,4.0,1.0,1.0,5.0,6.0,5.0,1.0,5.0,2.0,5.0,5.0,4.0,4.0,4.0,4.0,5.0,3.0,5.0,2.0,1.0,1.0,1.0,3.0,4.0,4.0,4.0,1.0,4.0,4.0,4.0,2.0,4.0,3.0,5.0,2.0,1.0,5.0,1.0,2.0,3.0,4.0,4.0,1.0,1.0,4,2,1,4,1,3.0,1,3.0,2.0,1.0,3.0,1,298.0,1,239.0,4.0,235.0,1,60.0,9.82e-05
10360235,1.0,4,219,34,86,38.4,6.31,49,3.0,0.0,3.0,1.0,5.0,1.0,3.0,2.0,1.0,1.0,3.0,1.0,1.0,1.0,5.0,12.0,6.0,1.0,1949.0,2.0,3.0,1.0,6.0,15000.0,4.0,2,2,2,2,2,1.0,38.4,9.04,1.0,3.0,1.0,2.0,5.0,5.0,4.0,4.0,1.0,4.0,3.0,5.0,3.0,1.0,3.0,4.0,4.0,1.0,5.0,4.0,3.0,4.0,5.0,3.0,4.0,1.0,3.0,2.0,5.0,1.0,3.0,1.0,2.0,3.0,4.0,2.0,5.0,1.0,4.0,5.0,2.0,4.0,5.0,3.0,2.0,2.0,2.0,2.0,2.0,4.0,2.0,4.0,5.0,1.0,1.0,4,2,1,4,1,5.0,2,4.0,1.0,1.0,3.0,1,67.0,1,99.0,2.0,55.0,1,61.0,0.000109132
10360236,1.0,3,193,112,14,15.8,3.51,40,3.0,0.0,3.0,1.0,5.0,0.0,2.0,2.0,1.0,1.0,3.0,1.0,1.0,1.0,5.0,10.0,6.0,2.0,1962.0,2.0,3.0,2.0,2.0,15000.0,4.0,2,2,2,2,2,1.0,15.8,5.03,1.0,2.0,4.0,3.0,5.0,5.0,5.0,1.0,5.0,2.0,2.0,5.0,5.0,1.0,5.0,5.0,4.0,1.0,5.0,4.0,5.0,5.0,5.0,2.0,4.0,4.0,2.0,2.0,5.0,2.0,4.0,4.0,3.0,1.0,4.0,4.0,3.0,1.0,4.0,5.0,4.0,5.0,5.0,1.0,3.0,3.0,3.0,5.0,1.0,1.0,4.0,4.0,4.0,1.0,2.0,4,2,1,4,1,5.0,4,2.0,3.0,2.0,3.0,1,32.5,1,67.0,4.0,48.0,1,48.0,9.82e-05
10360266,9.0,1,74,38,9,7.8,1.72,22,2.0,0.0,1.0,0.0,0.0,0.0,1.0,2.0,1.0,1.0,2.0,0.0,1.0,1.0,4.0,36.0,3.0,2.0,1938.0,1.0,2.0,9.0,8.0,5000.0,5.0,1,2,2,2,2,1.0,3.9,2.46,3.0,5.0,3.0,4.0,5.0,5.0,6.0,2.0,5.0,5.0,4.0,5.0,3.0,1.0,4.0,6.0,4.0,1.0,1.0,1.0,4.0,2.0,2.0,1.0,5.0,3.0,5.0,2.0,6.0,2.0,6.0,1.0,4.0,4.0,5.0,4.0,4.0,1.0,4.0,5.0,4.0,4.0,5.0,4.0,6.0,2.0,2.0,4.0,5.0,6.0,3.0,4.0,4.0,4.0,3.0,4,2,1,4,1,5.0,2,2.0,3.0,4.0,3.0,1,15.5,1,27.0,4.0,35.0,1,72.0,7.71e-05
10360266,8.0,3,162,66,39,6.0,1.1,14,2.0,0.0,1.0,0.0,0.0,0.0,1.0,2.0,1.0,1.0,2.0,0.0,1.0,1.0,4.0,36.0,3.0,2.0,1938.0,1.0,2.0,9.0,8.0,5000.0,5.0,1,2,2,2,2,1.0,3.0,1.58,3.0,5.0,3.0,4.0,5.0,5.0,6.0,2.0,5.0,5.0,4.0,5.0,3.0,1.0,4.0,6.0,4.0,1.0,1.0,1.0,4.0,2.0,2.0,1.0,5.0,3.0,5.0,2.0,6.0,2.0,6.0,1.0,4.0,4.0,5.0,4.0,4.0,1.0,4.0,5.0,4.0,4.0,5.0,4.0,6.0,2.0,2.0,4.0,5.0,6.0,3.0,4.0,4.0,4.0,3.0,4,2,1,4,1,5.0,2,2.0,3.0,4.0,3.0,1,9.0,1,57.0,4.0,20.0,1,72.0,7.71e-05
10360266,10.0,2,84,43,1,11.0,3.28,34,2.0,0.0,1.0,0.0,0.0,0.0,1.0,2.0,1.0,1.0,2.0,0.0,1.0,1.0,4.0,36.0,3.0,2.0,1938.0,1.0,2.0,9.0,8.0,5000.0,5.0,1,2,2,2,2,1.0,5.5,4.7,3.0,5.0,3.0,4.0,5.0,5.0,6.0,2.0,5.0,5.0,4.0,5.0,3.0,1.0,4.0,6.0,4.0,1.0,1.0,1.0,4.0,2.0,2.0,1.0,5.0,3.0,5.0,2.0,6.0,2.0,6.0,1.0,4.0,4.0,5.0,4.0,4.0,1.0,4.0,5.0,4.0,4.0,5.0,4.0,6.0,2.0,2.0,4.0,5.0,6.0,3.0,4.0,4.0,4.0,3.0,4,2,1,4,1,5.0,2,2.0,3.0,4.0,3.0,1,30.0,1,40.0,4.0,50.0,1,72.0,7.71e-05
10360283,8.0,4,127,39,21,12.4,3.27,44,2.0,0.0,1.0,0.0,2.0,0.0,2.0,1.0,1.0,1.0,2.0,0.0,1.0,1.0,5.0,11.0,4.0,1.0,1962.0,1.0,3.0,1.0,6.0,7000.0,3.0,2,2,2,2,2,1.0,12.4,4.69,4.0,4.0,2.0,6.0,5.0,5.0,3.0,3.0,4.0,4.0,4.0,4.0,4.0,5.0,5.0,3.0,3.0,2.0,4.0,4.0,4.0,2.0,4.0,4.0,6.0,3.0,4.0,2.0,4.0,2.0,1.0,2.0,4.0,3.0,4.0,4.0,3.0,2.0,4.0,4.0,2.0,4.0,4.0,4.0,3.0,3.0,2.0,4.0,3.0,3.0,3.0,4.0,4.0,4.0,3.0,4,2,1,4,1,5.0,2,1.0,2.0,2.0,4.0,1,32.0,1,67.0,4.0,24.0,1,48.0,0.000288998
10360284,7.0,6,162,67,26,14.0,3.23,33,2.0,0.0,2.0,0.0,2.0,1.0,1.0,1.0,1.0,1.0,2.0,0.0,1.0,1.0,5.0,36.0,4.0,2.0,1944.0,1.0,2.0,9.0,6.0,7000.0,3.0,1,2,2,2,2,1.0,7.0,4.63,4.0,5.0,2.0,6.0,5.0,5.0,3.0,3.0,4.0,5.0,4.0,4.0,4.0,1.0,5.0,3.0,4.0,1.0,4.0,2.0,4.0,2.0,4.0,4.0,6.0,4.0,4.0,4.0,4.0,1.0,2.0,2.0,2.0,2.0,4.0,2.0,6.0,1.0,4.0,3.0,2.0,4.0,4.0,4.0,3.0,3.0,2.0,5.0,6.0,3.0,2.0,3.0,3.0,3.0,3.0,4,2,1,4,1,4.0,2,2.0,2.0,3.0,4.0,1,34.0,1,69.0,5.0,45.0,1,66.0,0.000288998
10360284,7.0,2,151,90,25,9.6,2.29,28,2.0,0.0,2.0,0.0,2.0,1.0,1.0,1.0,1.0,1.0,2.0,0.0,1.0,1.0,5.0,36.0,4.0,2.0,1944.0,1.0,2.0,9.0,6.0,7000.0,3.0,1,2,2,2,2,1.0,4.8,3.28,4.0,5.0,2.0,6.0,5.0,5.0,3.0,3.0,4.0,5.0,4.0,4.0,4.0,1.0,5.0,3.0,4.0,1.0,4.0,2.0,4.0,2.0,4.0,4.0,6.0,4.0,4.0,4.0,4.0,1.0,2.0,2.0,2.0,2.0,4.0,2.0,6.0,1.0,4.0,3.0,2.0,4.0,4.0,4.0,3.0,3.0,2.0,5.0,6.0,3.0,2.0,3.0,3.0,3.0,3.0,4,2,1,4,1,4.0,4,2.0,2.0,3.0,4.0,1,21.6,1,36.0,5.0,70.0,1,66.0,0.000288998
10360285,7.0,2,176,86,6,11.0,3.13,30,4.0,2.0,2.0,1.0,4.0,2.0,3.0,2.0,1.0,1.0,2.0,0.0,1.0,1.0,6.0,2.0,4.0,2.0,1971.0,2.0,3.0,6.0,3.0,7000.0,6.0,2,2,2,2,2,1.0,11.0,4.49,2.0,3.0,3.0,2.0,4.0,4.0,4.0,3.0,2.0,4.0,2.0,4.0,4.0,1.0,3.0,5.0,4.0,1.0,4.0,3.0,4.0,4.0,5.0,2.0,4.0,4.0,4.0,1.0,4.0,4.0,2.0,3.0,3.0,4.0,3.0,2.0,3.0,1.0,4.0,4.0,2.0,4.0,4.0,4.0,3.0,2.0,2.0,4.0,2.0,4.0,2.0,4.0,5.0,3.0,3.0,4,2,1,4,1,1.0,2,4.0,2.0,3.0,3.0,1,29.0,1,84.0,4.0,35.0,1,39.0,0.000232084
10360285,7.0,4,143,60,17,11.0,3.34,34,4.0,2.0,2.0,1.0,4.0,2.0,3.0,2.0,1.0,1.0,2.0,0.0,1.0,1.0,6.0,2.0,4.0,2.0,1971.0,2.0,3.0,6.0,3.0,7000.0,6.0,2,2,2,2,2,1.0,11.0,4.79,2.0,3.0,3.0,2.0,4.0,4.0,4.0,3.0,2.0,4.0,2.0,4.0,4.0,1.0,3.0,5.0,4.0,1.0,4.0,3.0,4.0,4.0,5.0,2.0,4.0,4.0,4.0,1.0,4.0,4.0,2.0,3.0,3.0,4.0,3.0,2.0,3.0,1.0,4.0,4.0,2.0,4.0,4.0,4.0,3.0,2.0,2.0,4.0,2.0,4.0,2.0,4.0,5.0,3.0,3.0,4,2,1,4,1,1.0,2,4.0,2.0,3.0,3.0,1,30.0,1,66.0,4.0,30.0,1,39.0,0.000232084
10360286,1.0,4,185,58,34,43.2,8.22,61,4.0,2.0,2.0,1.0,4.0,2.0,3.0,2.0,1.0,1.0,2.0,0.0,1.0,1.0,6.0,2.0,4.0,1.0,1968.0,2.0,3.0,1.0,2.0,7000.0,7.0,2,2,2,2,2,1.0,43.2,11.78,3.0,3.0,3.0,2.0,5.0,5.0,4.0,2.0,3.0,5.0,2.0,2.0,4.0,4.0,3.0,3.0,3.0,1.0,5.0,2.0,4.0,4.0,4.0,4.0,2.0,2.0,2.0,2.0,5.0,1.0,2.0,2.0,4.0,4.0,2.0,2.0,3.0,1.0,4.0,4.0,1.0,3.0,5.0,5.0,2.0,3.0,1.0,5.0,1.0,3.0,2.0,3.0,3.0,4.0,2.0,4,2,1,4,1,4.0,2,4.0,1.0,2.0,3.0,1,88.0,1,93.0,4.0,70.0,1,42.0,0.000160139
10360322,1.0,3,142,52,30,26.0,5.2,42,3.0,1.0,1.0,0.0,3.0,1.0,2.0,1.0,1.0,2.0,3.0,0.0,1.0,2.0,3.5,3.0,4.0,2.0,1975.0,2.0,3.0,1.0,6.0,7000.0,4.0,2,2,2,2,2,1.0,26.0,7.45,2.0,2.0,3.0,2.0,5.0,5.0,2.0,4.0,3.0,5.0,2.0,4.0,5.0,2.0,4.0,4.0,5.0,1.0,5.0,4.0,4.0,4.0,4.0,3.0,4.0,6.0,6.0,2.0,5.0,2.0,4.0,6.0,4.0,2.0,3.0,2.0,4.0,1.0,4.0,5.0,1.0,5.0,4.0,5.0,4.0,3.0,3.0,4.0,1.0,2.0,3.0,3.0,4.0,4.0,2.0,4,2,1,4,1,5.0,2,4.0,2.0,2.0,3.0,1,58.0,1,60.0,3.0,60.0,1,35.0,0.000232084
10360322,4.0,3,108,42,5,11.0,1.28,18,3.0,1.0,1.0,0.0,3.0,1.0,2.0,1.0,1.0,2.0,3.0,0.0,1.0,2.0,3.5,3.0,4.0,2.0,1975.0,2.0,3.0,1.0,6.0,7000.0,4.0,2,2,2,2,2,1.0,11.0,1.83,2.0,2.0,3.0,2.0,5.0,5.0,2.0,4.0,3.0,5.0,2.0,4.0,5.0,2.0,4.0,4.0,5.0,1.0,5.0,4.0,4.0,4.0,4.0,3.0,4.0,6.0,6.0,2.0,5.0,2.0,4.0,6.0,4.0,2.0,3.0,2.0,4.0,1.0,4.0,5.0,1.0,5.0,4.0,5.0,4.0,3.0,3.0,4.0,1.0,2.0,3.0,3.0,4.0,4.0,3.0,4,2,1,4,1,5.0,2,4.0,2.0,2.0,3.0,1,12.5,1,61.0,3.0,30.0,1,35.0,0.000232084
10360366,7.0,6,189,91,18,15.8,3.02,36,2.0,0.0,1.0,0.0,2.0,0.0,1.0,1.0,2.0,1.0,2.0,0.0,1.0,1.0,5.0,38.0,2.0,1.0,1932.0,2.0,2.0,9.0,2.0,3250.0,7.0,2,2,2,2,2,1.0,15.8,4.33,1.0,3.0,2.0,2.0,5.0,5.0,5.0,3.0,1.0,3.0,3.0,4.0,1.0,3.0,3.0,6.0,5.0,1.0,1.0,1.0,3.0,1.0,1.0,3.0,3.0,1.0,4.0,1.0,6.0,6.0,6.0,6.0,6.0,1.0,3.0,1.0,3.0,3.0,3.0,5.0,3.0,4.0,3.0,3.0,3.0,6.0,6.0,4.0,3.0,6.0,5.0,5.0,5.0,3.0,3.0,4,2,1,4,1,3.0,3,3.0,2.0,2.0,4.0,1,27.0,1,80.0,4.0,46.0,1,78.0,0.000125765
10360414,1.0,4,108,39,15,9.6,2.37,23,5.0,3.0,1.0,1.0,5.0,3.0,2.0,0.0,1.0,1.0,3.0,0.0,1.0,1.0,6.0,10.0,4.0,1.0,1966.0,3.0,3.0,1.0,6.0,7000.0,4.0,2,2,2,2,2,2.0,9.6,3.4,1.0,3.0,3.0,2.0,4.0,4.0,1.0,1.0,1.0,2.0,1.0,5.0,5.0,3.0,5.0,4.0,4.0,4.0,5.0,4.0,3.0,3.0,4.0,4.0,1.0,1.0,2.0,4.0,4.0,3.0,3.0,1.0,1.0,3.0,3.0,2.0,4.0,1.0,4.0,4.0,2.0,4.0,2.0,4.0,2.0,4.0,3.0,4.0,2.0,4.0,4.0,4.0,4.0,3.0,2.0,4,2,1,4,1,3.0,2,3.0,3.0,3.0,3.0,1,25.0,1,54.0,3.0,355.0,1,44.0,0.000109132
10360414,1.0,4,102,38,18,9.6,2.6,24,5.0,3.0,1.0,1.0,5.0,3.0,2.0,0.0,1.0,1.0,3.0,0.0,1.0,1.0,6.0,10.0,4.0,1.0,1966.0,3.0,3.0,1.0,6.0,7000.0,4.0,2,2,2,2,2,2.0,9.6,3.73,1.0,3.0,3.0,2.0,4.0,4.0,1.0,1.0,1.0,2.0,1.0,5.0,5.0,3.0,5.0,4.0,4.0,4.0,5.0,4.0,3.0,3.0,4.0,4.0,1.0,1.0,2.0,4.0,4.0,3.0,3.0,1.0,1.0,3.0,3.0,2.0,4.0,1.0,4.0,4.0,2.0,4.0,2.0,4.0,2.0,4.0,3.0,4.0,2.0,4.0,4.0,4.0,4.0,3.0,1.0,4,2,1,4,1,3.0,2,3.0,3.0,3.0,3.0,1,27.0,1,46.0,3.0,19.0,1,44.0,0.000109132
10360415,8.0,2,77,45,8,6.0,1.4,18,5.0,3.0,1.0,1.0,5.0,3.0,2.0,1.0,1.0,1.0,3.0,0.0,1.0,1.0,6.0,10.0,4.0,2.0,1974.0,2.0,3.0,2.0,6.0,7000.0,3.0,2,2,2,2,2,1.0,6.0,2.01,2.0,3.0,3.0,3.0,4.0,4.0,3.0,2.0,3.0,4.0,1.0,5.0,4.0,2.0,3.0,4.0,4.0,2.0,5.0,4.0,3.0,4.0,4.0,5.0,1.0,1.0,2.0,3.0,4.0,1.0,4.0,1.0,3.0,2.0,2.0,4.0,3.0,1.0,3.0,5.0,2.0,2.0,3.0,4.0,2.0,2.0,2.0,4.0,3.0,4.0,3.0,3.0,2.0,4.0,3.0,4,2,1,4,1,6.0,2,3.0,1.0,1.0,3.0,1,14.0,1,24.0,8.0,20.0,1,36.0,0.00087004
10360458,4.0,0,9,9,0,0.0,0.05,0,5.0,1.0,2.0,0.0,5.0,1.0,5.0,1.0,1.0,2.0,5.0,0.0,1.0,2.0,5.0,4.0,5.0,2.0,1969.0,2.0,3.0,1.0,6.0,9000.0,3.0,1,2,2,2,2,1.0,2.2,0.07,1.0,5.0,2.0,1.0,1.0,2.0,4.0,4.0,4.0,5.0,3.0,5.0,4.0,1.0,2.0,2.0,4.0,3.0,5.0,4.0,4.0,5.0,4.0,5.0,4.0,3.0,4.0,4.0,4.0,4.0,1.0,2.0,4.0,4.0,4.0,3.0,4.0,1.0,3.0,5.0,2.0,3.0,4.0,4.0,4.0,3.0,3.0,4.0,3.0,3.0,4.0,4.0,4.0,3.0,3.0,4,2,1,4,1,5.0,1,3.0,2.0,3.0,2.0,1,0.2,1,0.0,5.0,12.0,1,41.0,0.000367986
10360458,8.0,0,16,5,0,3.0,0.26,3,5.0,1.0,2.0,0.0,5.0,1.0,5.0,1.0,1.0,2.0,5.0,0.0,1.0,2.0,5.0,4.0,5.0,2.0,1969.0,2.0,3.0,1.0,6.0,9000.0,3.0,1,2,2,2,2,1.0,2.2,0.37,1.0,5.0,2.0,1.0,1.0,2.0,4.0,4.0,4.0,5.0,3.0,5.0,4.0,1.0,2.0,2.0,4.0,3.0,5.0,4.0,4.0,5.0,4.0,5.0,4.0,3.0,4.0,4.0,4.0,4.0,1.0,2.0,4.0,4.0,4.0,3.0,4.0,1.0,3.0,5.0,2.0,3.0,4.0,4.0,4.0,3.0,3.0,4.0,3.0,3.0,4.0,4.0,4.0,3.0,3.0,4,2,1,4,1,5.0,1,3.0,2.0,3.0,2.0,1,3.0,1,11.0,5.0,10.0,1,41.0,0.000367986
10360460,1.0,4,66,62,20,9.6,1.68,16,2.0,0.0,2.0,0.0,1.0,0.0,1.0,2.0,1.0,2.0,2.0,1.0,2.0,2.0,3.0,4.0,5.0,1.0,1983.0,2.0,2.0,1.0,6.0,9000.0,3.0,2,2,2,2,2,1.0,9.6,2.41,2.0,4.0,3.0,3.0,4.0,4.0,3.0,3.0,2.0,5.0,2.0,5.0,4.0,2.0,4.0,3.0,4.0,2.0,4.0,2.0,4.0,4.0,3.0,4.0,2.0,2.0,4.0,2.0,4.0,2.0,4.0,2.0,3.0,3.0,3.0,4.0,4.0,1.0,3.0,5.0,2.0,3.0,4.0,3.0,4.0,2.0,3.0,4.0,1.0,4.0,2.0,4.0,4.0,4.0,2.0,4,2,1,4,1,5.0,2,3.0,2.0,2.0,3.0,1,17.0,1,40.0,3.0,35.0,1,27.0,0.000967286
10360462,9.0,5,124,41,27,12.4,4.66,46,1.0,0.0,1.0,0.0,0.0,0.0,2.0,1.0,2.0,1.0,1.0,0.0,2.0,2.0,1.0,5.0,1.0,2.0,1945.0,2.0,1.0,9.0,4.0,2000.0,6.0,2,2,2,2,2,1.0,12.4,6.68,1.0,3.0,4.0,2.0,4.0,4.0,6.0,6.0,6.0,5.0,3.0,5.0,6.0,1.0,1.0,6.0,5.0,1.0,5.0,4.0,5.0,5.0,6.0,6.0,6.0,6.0,6.0,1.0,6.0,6.0,1.0,6.0,4.0,4.0,4.0,2.0,5.0,1.0,1.0,5.0,2.0,5.0,1.0,6.0,6.0,3.0,1.0,5.0,1.0,4.0,2.0,5.0,4.0,2.0,3.0,4,2,1,4,1,1.0,2,2.0,2.0,3.0,4.0,1,50.5,1,56.0,4.0,29.0,1,65.0,7.71e-05
10360464,3.0,2,91,42,11,9.6,2.06,22,4.0,1.0,1.0,1.0,4.0,2.0,5.0,2.0,1.0,1.0,4.0,0.0,1.0,1.0,4.0,16.0,5.0,1.0,1993.0,2.0,6.0,8.0,6.0,9000.0,2.0,2,1,2,2,2,3.0,0.0,2.95,2.0,4.0,3.0,4.0,4.0,4.0,4.0,3.0,3.0,4.0,4.0,4.0,4.0,3.0,4.0,6.0,4.0,3.0,6.0,6.0,6.0,4.0,3.0,3.0,4.0,4.0,4.0,4.0,3.0,4.0,3.0,4.0,3.0,4.0,6.0,4.0,4.0,2.0,3.0,4.0,3.0,3.0,4.0,4.0,4.0,3.0,2.0,4.0,2.0,2.0,3.0,3.0,3.0,4.0,1.0,4,2,1,4,1,5.0,2,4.0,2.0,2.0,1.0,1,22.5,0,38.0,3.0,90.0,1,17.0,0.002440844
10360465,4.0,1,138,93,18,9.6,0.92,12,4.0,1.0,1.0,1.0,4.0,2.0,5.0,2.0,1.0,1.0,4.0,0.0,1.0,1.0,4.0,23.0,5.0,2.0,1967.0,2.0,3.0,2.0,6.0,9000.0,3.0,2,2,2,2,2,1.0,9.6,1.32,1.0,2.0,6.0,6.0,4.0,4.0,3.0,6.0,6.0,4.0,4.0,5.0,4.0,2.0,2.0,4.0,4.0,2.0,4.0,4.0,3.0,4.0,4.0,4.0,2.0,2.0,2.0,4.0,2.0,2.0,2.0,4.0,4.0,2.0,4.0,4.0,3.0,2.0,3.0,4.0,2.0,4.0,2.0,3.0,6.0,2.0,6.0,2.0,1.0,6.0,2.0,6.0,3.0,4.0,3.0,4,2,1,4,1,4.0,2,3.0,2.0,2.0,3.0,1,10.5,1,27.0,5.0,60.0,1,43.0,0.000367986
10360465,10.0,3,130,63,17,9.6,1.91,20,4.0,1.0,1.0,1.0,4.0,2.0,5.0,2.0,1.0,1.0,4.0,0.0,1.0,1.0,4.0,23.0,5.0,2.0,1967.0,2.0,3.0,2.0,6.0,9000.0,3.0,2,2,2,2,2,1.0,9.6,2.74,1.0,2.0,6.0,6.0,4.0,4.0,3.0,6.0,6.0,4.0,4.0,5.0,4.0,2.0,2.0,4.0,4.0,2.0,4.0,4.0,3.0,4.0,4.0,4.0,2.0,2.0,2.0,4.0,2.0,2.0,2.0,4.0,4.0,2.0,4.0,4.0,3.0,2.0,3.0,4.0,2.0,4.0,2.0,3.0,6.0,2.0,6.0,2.0,1.0,6.0,2.0,6.0,3.0,4.0,3.0,4,2,1,4,1,4.0,2,3.0,2.0,2.0,3.0,1,20.5,1,50.0,5.0,40.0,1,43.0,0.000367986
10360475,9.0,1,53,21,0,5.6,0.11,1,4.0,1.0,2.0,0.0,7.0,2.0,5.0,2.0,1.0,1.0,5.0,3.0,1.0,1.0,6.0,24.0,6.0,1.0,1960.0,2.0,3.0,1.0,1.0,15000.0,8.0,1,2,2,2,2,1.0,2.8,0.16,5.0,5.0,4.0,4.0,4.0,5.0,5.0,5.0,1.0,5.0,4.0,5.0,5.0,1.0,4.0,5.0,5.0,1.0,4.0,5.0,5.0,4.0,5.0,4.0,2.0,2.0,3.0,1.0,5.0,5.0,1.0,2.0,1.0,1.0,4.0,2.0,4.0,5.0,1.0,3.0,5.0,2.0,4.0,5.0,4.0,3.0,2.0,5.0,4.0,4.0,3.0,2.0,3.0,4.0,3.0,4,2,1,4,1,5.0,1,4.0,1.0,1.0,4.0,1,0.7,0,32.0,2.0,15.0,1,50.0,0.000160139
10360475,5.0,5,162,33,21,42.0,10.03,85,4.0,1.0,2.0,0.0,7.0,2.0,5.0,2.0,1.0,1.0,5.0,3.0,1.0,1.0,6.0,24.0,6.0,1.0,1960.0,2.0,3.0,1.0,1.0,15000.0,8.0,1,2,2,2,2,1.0,21.0,14.37,5.0,5.0,4.0,4.0,4.0,5.0,5.0,5.0,1.0,5.0,4.0,5.0,5.0,1.0,4.0,5.0,5.0,1.0,4.0,5.0,5.0,4.0,5.0,4.0,2.0,2.0,3.0,1.0,5.0,5.0,1.0,2.0,1.0,1.0,4.0,2.0,4.0,5.0,1.0,3.0,5.0,2.0,4.0,5.0,4.0,3.0,2.0,5.0,4.0,4.0,3.0,2.0,3.0,4.0,3.0,4,2,1,4,1,5.0,1,4.0,1.0,1.0,4.0,1,109.0,1,108.0,2.0,80.0,1,50.0,0.000160139
10360518,1.0,4,104,30,11,11.0,3.23,35,2.0,0.0,2.0,0.0,2.0,0.0,2.0,1.0,1.0,1.0,2.0,2.0,1.0,1.0,5.0,2.0,6.0,2.0,1982.0,2.0,2.0,2.0,6.0,15000.0,7.0,2,2,2,2,2,1.0,11.0,4.63,2.0,3.0,1.0,1.0,5.0,5.0,6.0,2.0,2.0,4.0,2.0,5.0,5.0,2.0,5.0,6.0,4.0,1.0,4.0,4.0,3.0,4.0,4.0,6.0,3.0,6.0,2.0,2.0,5.0,2.0,1.0,6.0,2.0,5.0,3.0,2.0,4.0,1.0,4.0,5.0,4.0,2.0,3.0,5.0,4.0,1.0,1.0,5.0,2.0,1.0,3.0,3.0,4.0,4.0,1.0,4,2,1,4,1,4.0,2,3.0,1.0,1.0,3.0,1,31.0,1,63.0,3.0,50.0,1,28.0,0.000340556
10360519,1.0,4,279,38,38,46.2,10.71,117,2.0,0.0,2.0,0.0,2.0,0.0,2.0,1.0,1.0,1.0,2.0,2.0,1.0,1.0,5.0,2.0,6.0,1.0,1981.0,2.0,2.0,2.0,6.0,15000.0,6.0,2,2,2,2,2,1.0,46.2,15.35,3.0,3.0,4.0,4.0,4.0,4.0,2.0,4.0,2.0,6.0,2.0,5.0,6.0,1.0,4.0,6.0,3.0,3.0,4.0,4.0,4.0,2.0,4.0,3.0,3.0,6.0,4.0,3.0,4.0,3.0,3.0,2.0,2.0,3.0,3.0,3.0,3.0,2.0,3.0,6.0,4.0,4.0,3.0,3.0,3.0,4.0,4.0,3.0,3.0,3.0,3.0,3.0,3.0,2.0,1.0,4,2,1,4,1,5.0,2,3.0,2.0,1.0,1.0,1,109.0,1,203.0,8.0,95.0,1,29.0,0.000258025
10360519,9.0,4,127,25,58,12.4,2.43,31,2.0,0.0,2.0,0.0,2.0,0.0,2.0,1.0,1.0,1.0,2.0,2.0,1.0,1.0,5.0,2.0,6.0,1.0,1981.0,2.0,2.0,2.0,6.0,15000.0,6.0,2,2,2,2,2,1.0,12.4,3.48,3.0,3.0,4.0,4.0,4.0,4.0,2.0,4.0,2.0,6.0,2.0,5.0,6.0,1.0,4.0,6.0,3.0,3.0,4.0,4.0,4.0,2.0,4.0,3.0,3.0,6.0,4.0,3.0,4.0,3.0,3.0,2.0,2.0,3.0,3.0,3.0,3.0,2.0,3.0,6.0,4.0,4.0,3.0,3.0,3.0,4.0,4.0,3.0,3.0,3.0,3.0,3.0,3.0,2.0,3.0,4,2,1,4,1,5.0,2,3.0,2.0,1.0,1.0,1,24.0,1,44.0,8.0,30.0,1,29.0,0.000258025
10360526,1.0,4,151,52,10,13.2,4.11,44,4.0,2.0,1.0,1.0,3.0,1.0,1.0,1.0,1.0,2.0,2.0,0.0,2.0,1.0,4.0,11.0,3.0,1.0,1979.0,3.0,3.0,2.0,6.0,5000.0,2.0,2,2,2,1,2,2.0,0.0,5.89,2.0,5.0,1.0,3.0,4.0,4.0,5.0,4.0,3.0,3.0,4.0,4.0,3.0,3.0,4.0,4.0,4.0,1.0,4.0,4.0,4.0,4.0,4.0,5.0,4.0,4.0,4.0,4.0,4.0,4.0,2.0,4.0,4.0,2.0,4.0,2.0,5.0,1.0,4.0,4.0,1.0,2.0,3.0,4.0,4.0,3.0,3.0,4.0,2.0,3.0,3.0,3.0,3.0,4.0,2.0,4,2,1,4,1,3.0,3,3.0,2.0,2.0,1.0,1,38.5,0,89.0,3.0,180.0,1,31.0,0.003869639
10360527,4.0,4,102,38,17,9.6,1.56,14,4.0,2.0,1.0,1.0,3.0,1.0,1.0,1.0,1.0,2.0,2.0,0.0,2.0,1.0,4.0,11.0,3.0,2.0,1969.0,1.0,3.0,3.0,3.0,5000.0,3.0,1,2,2,2,2,1.0,4.8,2.24,2.0,4.0,2.0,3.0,4.0,4.0,3.0,6.0,3.0,4.0,2.0,5.0,3.0,3.0,4.0,4.0,4.0,1.0,5.0,5.0,3.0,4.0,4.0,5.0,2.0,6.0,4.0,4.0,4.0,4.0,2.0,6.0,6.0,2.0,4.0,3.0,4.0,2.0,4.0,4.0,2.0,2.0,3.0,4.0,4.0,3.0,3.0,5.0,2.0,4.0,2.0,3.0,3.0,3.0,3.0,4,2,1,4,1,1.0,2,3.0,2.0,2.0,2.0,1,16.5,1,47.0,4.0,35.0,1,41.0,0.000367986
10360527,7.0,1,82,49,13,6.0,1.03,12,4.0,2.0,1.0,1.0,3.0,1.0,1.0,1.0,1.0,2.0,2.0,0.0,2.0,1.0,4.0,11.0,3.0,2.0,1969.0,1.0,3.0,3.0,3.0,5000.0,3.0,1,2,2,2,2,1.0,3.0,1.48,2.0,4.0,2.0,3.0,4.0,4.0,3.0,6.0,3.0,4.0,2.0,5.0,3.0,3.0,4.0,4.0,4.0,1.0,5.0,5.0,3.0,4.0,4.0,5.0,2.0,6.0,4.0,4.0,4.0,4.0,2.0,6.0,6.0,2.0,4.0,3.0,4.0,2.0,4.0,4.0,2.0,2.0,3.0,4.0,4.0,3.0,3.0,5.0,2.0,4.0,2.0,3.0,3.0,3.0,3.0,4,2,1,4,1,1.0,2,3.0,2.0,2.0,2.0,1,11.0,1,20.0,4.0,20.0,1,41.0,0.000367986
10360532,1.0,4,105,24,18,11.0,3.23,29,3.0,1.0,2.0,0.0,2.0,0.0,2.0,1.0,1.0,2.0,3.0,1.0,2.0,2.0,4.0,3.0,5.0,1.0,1973.0,2.0,3.0,1.0,3.0,9000.0,7.0,2,2,2,2,2,1.0,11.0,4.63,1.0,4.0,6.0,6.0,4.0,4.0,2.0,4.0,1.0,5.0,3.0,5.0,5.0,1.0,6.0,3.0,3.0,2.0,4.0,3.0,4.0,3.0,5.0,3.0,3.0,1.0,4.0,1.0,4.0,3.0,3.0,1.0,1.0,3.0,3.0,4.0,3.0,4.0,6.0,6.0,3.0,3.0,4.0,4.0,2.0,1.0,1.0,4.0,1.0,6.0,1.0,5.0,5.0,3.0,1.0,4,2,1,4,1,3.0,2,3.0,2.0,2.0,2.0,1,31.0,1,63.0,3.0,50.0,1,37.0,0.000378621
10360533,1.0,7,251,53,59,65.8,11.14,76,3.0,1.0,2.0,0.0,3.0,1.0,1.0,1.0,1.0,2.0,3.0,1.0,2.0,2.0,4.0,4.0,5.0,2.0,1971.0,2.0,3.0,2.0,6.0,9000.0,4.0,2,2,2,2,2,1.0,65.8,15.96,1.0,4.0,1.0,1.0,5.0,5.0,6.0,1.0,6.0,5.0,2.0,5.0,5.0,1.0,1.0,2.0,4.0,1.0,5.0,4.0,5.0,3.0,2.0,1.0,2.0,6.0,5.0,3.0,5.0,2.0,1.0,2.0,4.0,3.0,3.0,4.0,5.0,1.0,3.0,5.0,4.0,2.0,5.0,3.0,1.0,2.0,1.0,5.0,1.0,3.0,2.0,5.0,5.0,1.0,2.0,4,2,1,4,1,5.0,2,3.0,3.0,3.0,3.0,1,119.0,1,139.0,8.0,74.0,1,39.0,0.000232084
10360536,3.0,2,166,120,5,12.6,3.03,41,0.0,0.0,1.0,1.0,1.0,0.0,1.0,1.0,1.0,2.0,1.0,0.0,2.0,2.0,2.0,2.0,4.0,1.0,1971.0,2.0,1.0,1.0,3.0,7000.0,6.0,2,2,2,2,2,1.0,12.6,4.34,1.0,2.0,2.0,2.0,5.0,5.0,4.0,2.0,4.0,5.0,2.0,4.0,4.0,4.0,4.0,6.0,5.0,4.0,5.0,5.0,4.0,4.0,4.0,4.0,2.0,1.0,2.0,4.0,4.0,1.0,2.0,2.0,4.0,4.0,2.0,2.0,2.0,1.0,4.0,5.0,2.0,4.0,4.0,2.0,2.0,4.0,4.0,4.0,2.0,4.0,2.0,4.0,4.0,2.0,2.0,4,2,1,4,1,3.0,3,4.0,1.0,1.0,1.0,1,30.0,1,41.0,3.0,75.0,1,39.0,0.000258025
10360564,4.0,3,105,27,12,20.4,4.73,45,2.0,0.0,2.0,0.0,1.0,0.0,2.0,3.0,2.0,1.0,2.0,0.0,1.0,1.0,5.0,42.0,3.0,1.0,1935.0,2.0,2.0,9.0,7.0,5000.0,3.0,1,2,2,2,2,1.0,10.2,6.78,1.0,4.0,4.0,3.0,4.0,5.0,6.0,6.0,6.0,4.0,3.0,4.0,4.0,1.0,4.0,4.0,4.0,1.0,4.0,3.0,4.0,3.0,5.0,5.0,2.0,1.0,5.0,3.0,6.0,3.0,5.0,2.0,2.0,2.0,4.0,4.0,3.0,1.0,5.0,5.0,1.0,1.0,1.0,1.0,6.0,2.0,2.0,5.0,1.0,3.0,3.0,3.0,4.0,4.0,3.0,4,2,1,4,1,1.0,4,1.0,2.0,2.0,3.0,1,49.0,1,66.0,4.0,35.5,1,75.0,0.0003213
10360564,7.0,4,146,45,12,32.8,6.92,55,2.0,0.0,2.0,0.0,1.0,0.0,2.0,3.0,2.0,1.0,2.0,0.0,1.0,1.0,5.0,42.0,3.0,1.0,1935.0,2.0,2.0,9.0,7.0,5000.0,3.0,1,2,2,2,2,1.0,16.4,9.92,1.0,4.0,4.0,3.0,4.0,5.0,6.0,6.0,6.0,4.0,3.0,4.0,4.0,1.0,4.0,4.0,4.0,1.0,4.0,3.0,4.0,3.0,5.0,5.0,2.0,1.0,5.0,3.0,6.0,3.0,5.0,2.0,2.0,2.0,4.0,4.0,3.0,1.0,5.0,5.0,1.0,1.0,1.0,1.0,6.0,2.0,2.0,5.0,1.0,3.0,3.0,3.0,4.0,4.0,3.0,4,2,1,4,1,1.0,2,1.0,2.0,2.0,3.0,1,72.0,1,89.0,4.0,95.0,1,75.0,0.0003213
10360566,8.0,4,141,46,8,14.4,3.4,36,2.0,0.0,1.0,0.0,1.0,0.0,2.0,1.0,1.0,2.0,2.0,0.0,1.0,1.0,4.0,28.0,4.0,1.0,1958.0,3.0,1.0,1.0,4.0,7000.0,3.0,2,2,2,2,2,1.0,14.4,4.87,1.0,4.0,3.0,6.0,4.0,4.0,5.0,4.0,3.0,5.0,2.0,5.0,5.0,3.0,2.0,4.0,4.0,2.0,5.0,4.0,4.0,4.0,4.0,3.0,3.0,1.0,3.0,2.0,4.0,6.0,1.0,2.0,3.0,2.0,3.0,3.0,3.0,3.0,3.0,5.0,4.0,3.0,3.0,4.0,4.0,3.0,2.0,4.0,2.0,3.0,2.0,3.0,4.0,2.0,3.0,4,2,1,4,1,5.0,3,1.0,2.0,2.0,1.0,1,32.0,1,87.0,3.0,50.0,1,52.0,0.000409116
10360574,1.0,2,58,20,4,4.8,1.69,16,4.0,0.0,3.0,1.0,3.0,0.0,4.0,4.0,1.0,2.0,8.0,2.0,2.0,1.0,4.5,15.0,4.0,1.0,1974.0,2.0,3.0,1.0,6.0,7000.0,3.0,2,2,2,2,2,1.0,4.8,2.42,4.0,5.0,5.0,1.0,5.0,5.0,4.0,4.0,3.0,5.0,6.0,5.0,2.0,3.0,2.0,6.0,4.0,1.0,5.0,2.0,3.0,2.0,5.0,5.0,2.0,2.0,3.0,2.0,4.0,2.0,1.0,4.0,3.0,5.0,5.0,5.0,4.0,1.0,1.0,5.0,2.0,5.0,4.0,5.0,4.0,2.0,3.0,4.0,3.0,4.0,3.0,4.0,3.0,4.0,1.0,4,2,1,4,1,5.0,1,3.0,3.0,1.0,2.0,1,16.0,1,34.0,3.0,20.0,1,36.0,0.000967286
10360574,7.0,1,51,22,13,4.8,0.85,16,4.0,0.0,3.0,1.0,3.0,0.0,4.0,4.0,1.0,2.0,8.0,2.0,2.0,1.0,4.5,15.0,4.0,1.0,1974.0,2.0,3.0,1.0,6.0,7000.0,3.0,2,2,2,2,2,1.0,4.8,1.22,4.0,5.0,5.0,1.0,5.0,5.0,4.0,4.0,3.0,5.0,6.0,5.0,2.0,3.0,2.0,6.0,4.0,1.0,5.0,2.0,3.0,2.0,5.0,5.0,2.0,2.0,3.0,2.0,4.0,2.0,1.0,4.0,3.0,5.0,5.0,5.0,4.0,1.0,1.0,5.0,2.0,5.0,4.0,5.0,4.0,2.0,3.0,4.0,3.0,4.0,3.0,4.0,3.0,4.0,3.0,4,2,1,4,1,5.0,1,3.0,3.0,1.0,2.0,1,8.5,1,16.0,3.0,10.0,1,36.0,0.000967286
10360574,3.0,1,44,19,0,4.8,1.56,15,4.0,0.0,3.0,1.0,3.0,0.0,4.0,4.0,1.0,2.0,8.0,2.0,2.0,1.0,4.5,15.0,4.0,1.0,1974.0,2.0,3.0,1.0,6.0,7000.0,3.0,2,2,2,2,2,1.0,4.8,2.24,4.0,5.0,5.0,1.0,5.0,5.0,4.0,4.0,3.0,5.0,6.0,5.0,2.0,3.0,2.0,6.0,4.0,1.0,5.0,2.0,3.0,2.0,5.0,5.0,2.0,2.0,3.0,2.0,4.0,2.0,1.0,4.0,3.0,5.0,5.0,5.0,4.0,1.0,1.0,5.0,2.0,5.0,4.0,5.0,4.0,2.0,3.0,4.0,3.0,4.0,3.0,4.0,3.0,4.0,1.0,4,2,1,4,1,5.0,1,3.0,3.0,1.0,2.0,1,14.0,1,25.0,3.0,30.0,1,36.0,0.000967286
10360575,4.0,2,81,9,45,12.4,1.67,15,4.0,0.0,3.0,1.0,4.0,0.0,4.0,4.0,1.0,1.0,8.0,2.0,2.0,1.0,4.5,15.0,4.0,2.0,1959.0,2.0,3.0,2.0,5.0,7000.0,3.0,1,2,2,2,2,1.0,6.2,2.39,2.0,5.0,4.0,1.0,5.0,5.0,4.0,4.0,3.0,5.0,3.0,5.0,5.0,4.0,2.0,5.0,5.0,1.0,5.0,2.0,4.0,4.0,5.0,5.0,3.0,4.0,4.0,1.0,4.0,4.0,1.0,4.0,4.0,3.0,4.0,4.0,5.0,1.0,1.0,5.0,4.0,4.0,4.0,5.0,5.0,1.0,3.0,2.0,1.0,4.0,3.0,5.0,4.0,2.0,3.0,4,2,1,4,1,5.0,1,3.0,3.0,2.0,2.0,1,18.0,1,27.0,2.0,20.0,1,51.0,0.000367986
10360575,8.0,0,19,13,0,3.0,0.29,3,4.0,0.0,3.0,1.0,4.0,0.0,4.0,4.0,1.0,1.0,8.0,2.0,2.0,1.0,4.5,15.0,4.0,2.0,1959.0,2.0,3.0,2.0,5.0,7000.0,3.0,1,2,2,2,2,1.0,2.2,0.42,2.0,5.0,4.0,1.0,5.0,5.0,4.0,4.0,3.0,5.0,3.0,5.0,5.0,4.0,2.0,5.0,5.0,1.0,5.0,2.0,4.0,4.0,5.0,5.0,3.0,4.0,4.0,1.0,4.0,4.0,1.0,4.0,4.0,3.0,4.0,4.0,5.0,1.0,1.0,5.0,4.0,4.0,4.0,5.0,5.0,1.0,3.0,2.0,1.0,4.0,3.0,5.0,4.0,2.0,3.0,4,2,1,4,1,5.0,1,3.0,3.0,2.0,2.0,1,3.0,1,6.0,2.0,7.0,1,51.0,0.000367986
10360575,6.0,2,49,15,2,4.8,1.69,16,4.0,0.0,3.0,1.0,4.0,0.0,4.0,4.0,1.0,1.0,8.0,2.0,2.0,1.0,4.5,15.0,4.0,2.0,1959.0,2.0,3.0,2.0,5.0,7000.0,3.0,1,2,2,2,2,1.0,2.4,2.42,2.0,5.0,4.0,1.0,5.0,5.0,4.0,4.0,3.0,5.0,3.0,5.0,5.0,4.0,2.0,5.0,5.0,1.0,5.0,2.0,4.0,4.0,5.0,5.0,3.0,4.0,4.0,1.0,4.0,4.0,1.0,4.0,4.0,3.0,4.0,4.0,5.0,1.0,1.0,5.0,4.0,4.0,4.0,5.0,5.0,1.0,3.0,2.0,1.0,4.0,3.0,5.0,4.0,2.0,3.0,4,2,1,4,1,5.0,1,3.0,3.0,2.0,2.0,1,16.0,1,32.0,2.0,35.0,1,51.0,0.000367986
10360624,3.0,4,90,28,8,11.0,3.3,35,3.0,0.0,2.0,0.0,3.0,0.0,3.0,2.0,1.0,1.0,3.0,0.0,1.0,1.0,5.0,11.0,4.0,1.0,1991.0,2.0,6.0,8.0,6.0,7000.0,3.0,1,2,2,1,2,1.0,5.5,4.73,3.0,5.0,3.0,3.0,5.0,5.0,5.0,3.0,4.0,5.0,2.0,5.0,3.0,3.0,4.0,6.0,2.0,1.0,6.0,6.0,6.0,3.0,6.0,2.0,5.0,5.0,5.0,3.0,3.0,5.0,4.0,3.0,5.0,1.0,4.0,2.0,3.0,1.0,2.0,5.0,1.0,5.0,3.0,3.0,6.0,3.0,2.0,5.0,5.0,3.0,5.0,3.0,3.0,4.0,1.0,4,2,1,4,1,5.0,2,4.0,2.0,2.0,4.0,1,31.0,0,54.0,3.0,115.0,1,19.0,0.000610133
10360626,1.0,2,45,17,0,4.8,1.5,15,2.0,0.0,1.0,0.0,1.0,0.0,1.0,1.0,1.0,1.0,1.0,0.0,1.0,2.0,6.0,20.0,6.0,1.0,1957.0,2.0,1.0,2.0,8.0,15000.0,5.0,1,2,2,2,2,1.0,2.4,2.15,3.0,4.0,5.0,2.0,4.0,3.0,3.0,4.0,2.0,3.0,4.0,4.0,3.0,2.0,3.0,4.0,2.0,3.0,4.0,4.0,3.0,3.0,4.0,3.0,4.0,4.0,2.0,2.0,4.0,3.0,2.0,2.0,2.0,2.0,4.0,2.0,3.0,4.0,3.0,3.0,2.0,4.0,2.0,4.0,4.0,3.0,3.0,4.0,3.0,3.0,3.0,4.0,4.0,4.0,1.0,4,2,1,4,1,5.0,1,1.0,2.0,3.0,3.0,1,15.0,1,28.0,5.0,25.0,1,53.0,0.000109132
10540009,1.0,4,222,80,34,49.6,6.32,55,4.0,2.0,2.0,1.0,3.0,2.0,4.0,3.0,1.0,1.0,3.0,1.0,1.0,2.0,4.0,13.0,4.0,2.0,1966.0,2.0,3.0,2.0,8.0,7000.0,3.0,2,2,2,2,2,1.0,49.6,9.06,2.0,3.0,3.0,2.0,4.0,4.0,4.0,6.0,6.0,5.0,6.0,4.0,4.0,1.0,3.0,6.0,2.0,3.0,1.0,2.0,3.0,2.0,6.0,4.0,5.0,3.0,1.0,2.0,2.0,6.0,6.0,1.0,3.0,3.0,5.0,2.0,3.0,2.0,6.0,3.0,3.0,5.0,5.0,6.0,6.0,3.0,3.0,3.0,6.0,4.0,5.0,3.0,4.0,6.0,1.0,4,2,1,4,1,4.0,2,4.0,2.0,1.0,3.0,1,69.0,1,108.0,4.0,55.0,1,44.0,0.000367986
10540009,4.0,1,99,79,3,5.6,1.23,16,4.0,2.0,2.0,1.0,3.0,2.0,4.0,3.0,1.0,1.0,3.0,1.0,1.0,2.0,4.0,13.0,4.0,2.0,1966.0,2.0,3.0,2.0,8.0,7000.0,3.0,2,2,2,2,2,1.0,5.6,1.76,2.0,3.0,3.0,2.0,4.0,4.0,4.0,6.0,6.0,5.0,6.0,4.0,4.0,1.0,3.0,6.0,2.0,3.0,1.0,2.0,3.0,2.0,6.0,4.0,5.0,3.0,1.0,2.0,2.0,6.0,6.0,1.0,3.0,3.0,5.0,2.0,3.0,2.0,6.0,3.0,3.0,5.0,5.0,6.0,6.0,3.0,3.0,3.0,6.0,4.0,5.0,3.0,4.0,6.0,3.0,4,2,1,4,1,4.0,2,4.0,2.0,1.0,3.0,1,13.0,1,17.0,4.0,33.0,1,44.0,0.000367986
10540009,8.0,0,65,60,0,5.4,0.42,5,4.0,2.0,2.0,1.0,3.0,2.0,4.0,3.0,1.0,1.0,3.0,1.0,1.0,2.0,4.0,13.0,4.0,2.0,1966.0,2.0,3.0,2.0,8.0,7000.0,3.0,2,2,2,2,2,1.0,5.4,0.6,2.0,3.0,3.0,2.0,4.0,4.0,4.0,6.0,6.0,5.0,6.0,4.0,4.0,1.0,3.0,6.0,2.0,3.0,1.0,2.0,3.0,2.0,6.0,4.0,5.0,3.0,1.0,2.0,2.0,6.0,6.0,1.0,3.0,3.0,5.0,2.0,3.0,2.0,6.0,3.0,3.0,5.0,5.0,6.0,6.0,3.0,3.0,3.0,6.0,4.0,5.0,3.0,4.0,6.0,3.0,4,2,1,4,1,4.0,2,4.0,2.0,1.0,3.0,1,3.8,1,5.0,4.0,19.0,1,44.0,0.000367986
10540031,8.0,8,306,78,45,20.2,7.6,92,4.0,2.0,2.0,0.0,4.0,2.0,1.0,1.0,1.0,2.0,3.0,1.0,2.0,2.0,3.5,44.0,4.0,2.0,1965.0,2.0,3.0,2.0,6.0,7000.0,3.0,2,2,2,2,2,1.0,20.2,10.89,2.0,1.0,3.0,3.0,5.0,5.0,4.0,4.0,6.0,6.0,6.0,4.0,5.0,1.0,4.0,4.0,4.0,1.0,5.0,3.0,6.0,3.0,6.0,3.0,4.0,6.0,2.0,1.0,6.0,6.0,1.0,6.0,6.0,1.0,1.0,2.0,3.0,1.0,1.0,5.0,2.0,2.0,2.0,6.0,6.0,1.0,1.0,5.0,5.0,2.0,1.0,4.0,4.0,4.0,3.0,4,2,1,4,1,5.0,5,3.0,1.0,1.0,3.0,1,82.5,1,183.0,2.0,135.0,1,45.0,0.000367986
10540046,1.0,3,120,70,4,12.2,2.69,39,1.0,0.0,1.0,0.0,1.0,0.0,1.0,0.0,1.0,2.0,2.0,0.0,1.0,2.0,4.0,1.0,3.0,1.0,1965.0,2.0,1.0,1.0,8.0,5000.0,5.0,1,2,2,2,2,1.0,6.1,3.85,4.0,4.0,1.0,3.0,5.0,5.0,4.0,3.0,6.0,5.0,4.0,5.0,3.0,1.0,5.0,2.0,2.0,1.0,4.0,2.0,3.0,2.0,2.0,5.0,2.0,2.0,2.0,4.0,3.0,2.0,1.0,6.0,1.0,2.0,5.0,3.0,1.0,1.0,5.0,5.0,3.0,4.0,6.0,5.0,6.0,3.0,1.0,5.0,1.0,6.0,2.0,4.0,4.0,2.0,2.0,4,2,1,4,1,3.0,3,4.0,2.0,2.0,3.0,1,22.5,1,46.0,4.0,50.0,1,45.0,0.000109132
10540063,4.0,1,67,28,4,4.8,0.76,10,2.0,0.0,1.0,0.0,0.0,0.0,1.0,1.0,1.0,1.0,1.0,0.0,1.0,1.0,2.0,45.0,2.0,1.0,1928.0,1.0,7.0,9.0,8.0,3250.0,3.0,2,2,2,2,2,1.0,4.8,1.09,3.0,4.0,4.0,2.0,4.0,5.0,3.0,3.0,3.0,5.0,2.0,5.0,5.0,2.0,1.0,6.0,5.0,2.0,5.0,5.0,4.0,5.0,5.0,5.0,1.0,1.0,3.0,3.0,4.0,5.0,3.0,1.0,3.0,4.0,5.0,3.0,4.0,1.0,5.0,5.0,4.0,4.0,4.0,4.0,3.0,4.0,4.0,4.0,3.0,5.0,4.0,4.0,4.0,5.0,3.0,4,2,1,4,1,6.0,1,3.0,2.0,2.0,3.0,1,8.0,1,35.0,4.0,30.0,1,82.0,0.000758481
10540063,2.0,1,57,30,5,4.8,1.5,18,2.0,0.0,1.0,0.0,0.0,0.0,1.0,1.0,1.0,1.0,1.0,0.0,1.0,1.0,2.0,45.0,2.0,1.0,1928.0,1.0,7.0,9.0,8.0,3250.0,3.0,2,2,2,2,2,1.0,4.8,2.15,3.0,4.0,4.0,2.0,4.0,5.0,3.0,3.0,3.0,5.0,2.0,5.0,5.0,2.0,1.0,6.0,5.0,2.0,5.0,5.0,4.0,5.0,5.0,5.0,1.0,1.0,3.0,3.0,4.0,5.0,3.0,1.0,3.0,4.0,5.0,3.0,4.0,1.0,5.0,5.0,4.0,4.0,4.0,4.0,3.0,4.0,4.0,4.0,3.0,5.0,4.0,4.0,4.0,5.0,1.0,4,2,1,4,1,6.0,1,3.0,2.0,2.0,3.0,1,15.0,1,22.0,4.0,30.0,1,82.0,0.000758481
10540066,1.0,2,57,22,2,4.8,1.39,17,3.0,1.0,2.0,0.0,4.0,0.0,3.0,1.0,1.0,1.0,3.0,0.0,1.0,1.0,5.0,44.0,5.0,1.0,1955.0,2.0,3.0,1.0,6.0,9000.0,5.0,1,2,2,2,2,1.0,2.4,1.99,3.0,4.0,3.0,2.0,3.0,5.0,5.0,3.0,1.0,4.0,4.0,4.0,4.0,2.0,4.0,4.0,5.0,1.0,5.0,4.0,4.0,4.0,4.0,3.0,4.0,1.0,2.0,5.0,5.0,1.0,3.0,2.0,1.0,3.0,4.0,4.0,2.0,1.0,1.0,4.0,3.0,3.0,4.0,4.0,4.0,2.0,1.0,5.0,2.0,3.0,4.0,2.0,4.0,4.0,1.0,4,2,1,4,1,5.0,1,4.0,1.0,2.0,2.0,1,15.0,1,33.0,5.0,22.0,1,55.0,0.000109132
10540067,4.0,0,26,23,0,2.6,2.31,32,3.0,1.0,2.0,0.0,4.0,0.0,3.0,1.0,1.0,1.0,3.0,0.0,1.0,1.0,5.0,44.0,5.0,1.0,1955.0,2.0,3.0,1.0,6.0,9000.0,5.0,1,2,2,2,2,1.0,2.2,3.31,3.0,4.0,3.0,2.0,3.0,5.0,5.0,3.0,1.0,4.0,4.0,4.0,4.0,2.0,4.0,4.0,5.0,1.0,5.0,4.0,4.0,4.0,4.0,3.0,4.0,1.0,2.0,5.0,5.0,1.0,3.0,2.0,1.0,3.0,4.0,4.0,2.0,1.0,1.0,4.0,3.0,3.0,4.0,4.0,4.0,2.0,1.0,5.0,2.0,3.0,4.0,2.0,4.0,4.0,3.0,4,2,1,4,1,5.0,1,4.0,1.0,2.0,2.0,1,25.0,1,3.0,5.0,7.0,1,55.0,0.000109132
10540067,4.0,0,10,10,0,0.0,0.05,0,3.0,1.0,2.0,0.0,4.0,0.0,3.0,1.0,1.0,1.0,3.0,0.0,1.0,1.0,5.0,44.0,5.0,1.0,1955.0,2.0,3.0,1.0,6.0,9000.0,5.0,1,2,2,2,2,1.0,2.2,0.07,3.0,4.0,3.0,2.0,3.0,5.0,5.0,3.0,1.0,4.0,4.0,4.0,4.0,2.0,4.0,4.0,5.0,1.0,5.0,4.0,4.0,4.0,4.0,3.0,4.0,1.0,2.0,5.0,5.0,1.0,3.0,2.0,1.0,3.0,4.0,4.0,2.0,1.0,1.0,4.0,3.0,3.0,4.0,4.0,4.0,2.0,1.0,5.0,2.0,3.0,4.0,2.0,4.0,4.0,3.0,4,2,1,4,1,5.0,1,4.0,1.0,2.0,2.0,1,0.4,1,0.0,5.0,5.0,1,55.0,0.000109132
10540067,1.0,1,66,35,2,3.0,1.22,16,3.0,1.0,2.0,0.0,4.0,0.0,3.0,1.0,1.0,1.0,3.0,0.0,1.0,1.0,5.0,44.0,5.0,1.0,1955.0,2.0,3.0,1.0,6.0,9000.0,5.0,1,2,2,2,2,1.0,2.2,1.75,3.0,4.0,3.0,2.0,3.0,5.0,5.0,3.0,1.0,4.0,4.0,4.0,4.0,2.0,4.0,4.0,5.0,1.0,5.0,4.0,4.0,4.0,4.0,3.0,4.0,1.0,2.0,5.0,5.0,1.0,3.0,2.0,1.0,3.0,4.0,4.0,2.0,1.0,1.0,4.0,3.0,3.0,4.0,4.0,4.0,2.0,1.0,5.0,2.0,3.0,4.0,2.0,4.0,4.0,1.0,4,2,1,4,1,5.0,1,4.0,1.0,2.0,2.0,1,12.0,1,29.0,5.0,35.5,1,55.0,0.000109132
10540067,7.0,0,42,38,0,2.6,0.25,3,3.0,1.0,2.0,0.0,4.0,0.0,3.0,1.0,1.0,1.0,3.0,0.0,1.0,1.0,5.0,44.0,5.0,1.0,1955.0,2.0,3.0,1.0,6.0,9000.0,5.0,1,2,2,2,2,1.0,2.2,0.36,3.0,4.0,3.0,2.0,3.0,5.0,5.0,3.0,1.0,4.0,4.0,4.0,4.0,2.0,4.0,4.0,5.0,1.0,5.0,4.0,4.0,4.0,4.0,3.0,4.0,1.0,2.0,5.0,5.0,1.0,3.0,2.0,1.0,3.0,4.0,4.0,2.0,1.0,1.0,4.0,3.0,3.0,4.0,4.0,4.0,2.0,1.0,5.0,2.0,3.0,4.0,2.0,4.0,4.0,3.0,4,2,1,4,1,5.0,1,4.0,1.0,2.0,2.0,1,2.0,1,4.0,5.0,10.0,1,55.0,0.000109132
10540128,6.0,2,124,78,5,12.2,2.63,40,2.0,0.0,2.0,0.0,3.0,0.0,1.0,1.0,1.0,1.0,2.0,0.0,1.0,2.0,3.0,14.0,3.0,2.0,1946.0,2.0,2.0,9.0,6.0,5000.0,3.0,2,2,2,2,2,1.0,12.2,3.77,2.0,3.0,3.0,3.0,4.0,4.0,6.0,6.0,3.0,4.0,2.0,4.0,4.0,3.0,4.0,6.0,5.0,2.0,5.0,4.0,3.0,5.0,5.0,3.0,2.0,1.0,3.0,4.0,4.0,2.0,2.0,1.0,3.0,3.0,4.0,4.0,3.0,3.0,6.0,6.0,2.0,4.0,4.0,3.0,6.0,3.0,3.0,5.0,6.0,2.0,4.0,2.0,4.0,4.0,3.0,4,2,1,4,1,3.0,3,1.0,2.0,3.0,3.0,1,23.5,1,41.0,4.0,35.0,1,64.0,0.000367986
10540130,7.0,1,120,64,4,9.0,2.76,40,4.0,2.0,2.0,0.0,5.0,2.0,2.0,1.0,1.0,1.0,2.0,0.0,1.0,1.0,5.0,9.0,5.0,1.0,1970.0,2.0,3.0,1.0,7.0,9000.0,3.0,1,2,2,2,2,1.0,4.5,3.96,2.0,4.0,1.0,1.0,5.0,5.0,6.0,1.0,3.0,5.0,1.0,5.0,3.0,1.0,4.0,3.0,5.0,1.0,4.0,3.0,4.0,3.0,3.0,5.0,1.0,5.0,2.0,2.0,4.0,3.0,5.0,1.0,3.0,2.0,4.0,1.0,3.0,2.0,5.0,5.0,2.0,3.0,4.0,3.0,5.0,2.0,1.0,5.0,1.0,4.0,1.0,5.0,4.0,2.0,3.0,4,2,1,4,1,3.0,3,4.0,2.0,3.0,3.0,1,23.5,1,52.0,4.0,59.0,1,40.0,0.000409116
10540130,2.0,1,120,62,2,11.0,2.54,36,4.0,2.0,2.0,0.0,5.0,2.0,2.0,1.0,1.0,1.0,2.0,0.0,1.0,1.0,5.0,9.0,5.0,1.0,1970.0,2.0,3.0,1.0,7.0,9000.0,3.0,1,2,2,2,2,1.0,5.5,3.64,2.0,4.0,1.0,1.0,5.0,5.0,6.0,1.0,3.0,5.0,1.0,5.0,3.0,1.0,4.0,3.0,5.0,1.0,4.0,3.0,4.0,3.0,3.0,5.0,1.0,5.0,2.0,2.0,4.0,3.0,5.0,1.0,3.0,2.0,4.0,1.0,3.0,2.0,5.0,5.0,2.0,3.0,4.0,3.0,5.0,2.0,1.0,5.0,1.0,4.0,1.0,5.0,4.0,2.0,1.0,4,2,1,4,1,3.0,2,4.0,2.0,3.0,3.0,1,24.0,1,56.0,4.0,29.0,1,40.0,0.000409116
10540131,9.0,2,101,46,9,17.6,3.17,31,4.0,2.0,2.0,0.0,5.0,2.0,3.0,1.0,1.0,1.0,2.0,0.0,1.0,1.0,5.0,9.0,5.0,2.0,1970.0,2.0,3.0,2.0,6.0,9000.0,3.0,1,2,2,2,2,1.0,8.8,4.54,1.0,3.0,1.0,1.0,5.0,5.0,5.0,1.0,3.0,5.0,5.0,5.0,5.0,1.0,3.0,2.0,4.0,4.0,4.0,5.0,3.0,2.0,1.0,2.0,4.0,3.0,5.0,3.0,5.0,3.0,5.0,1.0,3.0,2.0,5.0,1.0,4.0,2.0,5.0,5.0,4.0,4.0,3.0,3.0,4.0,2.0,2.0,5.0,2.0,4.0,2.0,4.0,3.0,3.0,3.0,4,2,1,4,1,3.0,1,3.0,2.0,3.0,2.0,1,32.0,1,46.0,4.0,29.0,1,40.0,0.000367986
10540131,11.0,1,105,63,1,14.2,3.15,31,4.0,2.0,2.0,0.0,5.0,2.0,3.0,1.0,1.0,1.0,2.0,0.0,1.0,1.0,5.0,9.0,5.0,2.0,1970.0,2.0,3.0,2.0,6.0,9000.0,3.0,1,2,2,2,2,1.0,7.1,4.51,1.0,3.0,1.0,1.0,5.0,5.0,5.0,1.0,3.0,5.0,5.0,5.0,5.0,1.0,3.0,2.0,4.0,4.0,4.0,5.0,3.0,2.0,1.0,2.0,4.0,3.0,5.0,3.0,5.0,3.0,5.0,1.0,3.0,2.0,5.0,1.0,4.0,2.0,5.0,5.0,4.0,4.0,3.0,3.0,4.0,2.0,2.0,5.0,2.0,4.0,2.0,4.0,3.0,3.0,3.0,4,2,1,4,1,3.0,1,3.0,2.0,3.0,2.0,1,32.0,1,41.0,4.0,28.0,1,40.0,0.000367986
10540168,11.0,1,149,85,5,7.8,1.05,14,2.0,0.0,1.0,0.0,2.0,0.0,1.0,1.0,1.0,1.0,2.0,0.0,2.0,1.0,3.0,20.0,4.0,2.0,1945.0,2.0,2.0,9.0,4.0,9035.0,6.0,1,2,2,2,2,1.0,3.9,1.5,2.0,4.0,4.0,3.0,4.0,4.0,6.0,6.0,6.0,4.0,3.0,5.0,1.0,3.0,3.0,6.0,5.0,1.0,4.0,4.0,4.0,5.0,5.0,4.0,4.0,6.0,4.0,4.0,6.0,2.0,1.0,1.0,1.0,3.0,3.0,2.0,4.0,1.0,2.0,1.0,1.0,4.0,3.0,6.0,6.0,6.0,6.0,5.0,1.0,3.0,4.0,4.0,3.0,3.0,3.0,4,2,1,4,1,3.0,2,3.0,2.0,2.0,3.0,1,10.0,1,59.0,4.0,30.0,1,65.0,7.71e-05
10540169,4.0,1,112,86,3,7.8,1.54,20,2.0,0.0,1.0,0.0,2.0,0.0,1.0,1.0,1.0,1.0,2.0,0.0,2.0,1.0,3.0,20.0,3.0,1.0,1941.0,1.0,2.0,9.0,4.0,5000.0,3.0,1,2,2,2,2,1.0,3.9,2.21,1.0,3.0,5.0,3.0,4.0,4.0,6.0,1.0,4.0,4.0,3.0,5.0,6.0,2.0,6.0,6.0,4.0,1.0,5.0,3.0,3.0,4.0,5.0,4.0,4.0,6.0,4.0,2.0,5.0,3.0,1.0,1.0,1.0,2.0,6.0,2.0,6.0,1.0,4.0,4.0,1.0,4.0,3.0,4.0,6.0,6.0,6.0,5.0,6.0,4.0,3.0,4.0,4.0,6.0,3.0,4,2,1,4,1,5.0,2,3.0,2.0,2.0,3.0,1,17.5,1,23.0,4.0,80.0,1,69.0,0.0003213
10540178,4.0,3,66,14,32,4.8,0.27,3,2.0,0.0,2.0,0.0,2.0,0.0,2.0,2.0,1.0,1.0,2.0,1.0,2.0,1.0,6.0,24.0,5.0,1.0,1951.0,2.0,2.0,2.0,6.0,9000.0,3.0,2,2,2,2,2,1.0,4.8,0.39,1.0,5.0,3.0,2.0,4.0,5.0,4.0,2.0,4.0,4.0,1.0,5.0,5.0,4.0,6.0,6.0,5.0,1.0,5.0,5.0,5.0,4.0,5.0,6.0,6.0,6.0,5.0,1.0,5.0,1.0,1.0,1.0,1.0,4.0,4.0,5.0,2.0,1.0,6.0,6.0,4.0,4.0,4.0,6.0,6.0,1.0,1.0,4.0,1.0,2.0,4.0,1.0,2.0,4.0,3.0,4,2,1,4,1,3.0,1,1.0,3.0,3.0,3.0,1,2.5,1,20.0,4.0,5.0,1,59.0,0.000409116
10540178,1.0,3,186,111,19,8.2,2.75,34,2.0,0.0,2.0,0.0,2.0,0.0,2.0,2.0,1.0,1.0,2.0,1.0,2.0,1.0,6.0,24.0,5.0,1.0,1951.0,2.0,2.0,2.0,6.0,9000.0,3.0,2,2,2,2,2,1.0,8.2,3.94,1.0,5.0,3.0,2.0,4.0,5.0,4.0,2.0,4.0,4.0,1.0,5.0,5.0,4.0,6.0,6.0,5.0,1.0,5.0,5.0,5.0,4.0,5.0,6.0,6.0,6.0,5.0,1.0,5.0,1.0,1.0,1.0,1.0,4.0,4.0,5.0,2.0,1.0,6.0,6.0,4.0,4.0,4.0,6.0,6.0,1.0,1.0,4.0,1.0,2.0,4.0,1.0,2.0,4.0,2.0,4,2,1,4,1,3.0,3,1.0,3.0,3.0,3.0,1,28.0,1,56.0,4.0,45.0,1,59.0,0.000409116
10540184,1.0,2,110,55,8,11.0,0.86,13,2.0,0.0,2.0,0.0,2.0,0.0,1.0,1.0,1.0,1.0,2.0,2.0,2.0,1.0,5.0,25.0,6.0,1.0,1947.0,2.0,2.0,1.0,3.0,15000.0,6.0,2,2,2,2,2,1.0,11.0,1.23,4.0,4.0,2.0,2.0,5.0,5.0,5.0,1.0,6.0,4.0,2.0,5.0,5.0,1.0,6.0,6.0,3.0,1.0,5.0,3.0,6.0,3.0,6.0,6.0,6.0,6.0,4.0,2.0,4.0,6.0,2.0,6.0,6.0,2.0,4.0,3.0,3.0,1.0,5.0,5.0,2.0,2.0,3.0,3.0,2.0,4.0,3.0,4.0,2.0,4.0,3.0,4.0,4.0,4.0,2.0,4,2,1,4,1,3.0,2,2.0,2.0,2.0,1.0,1,6.0,1,47.0,4.0,26.0,1,63.0,0.000109132
10540184,1.0,3,111,51,20,11.0,0.86,13,2.0,0.0,2.0,0.0,2.0,0.0,1.0,1.0,1.0,1.0,2.0,2.0,2.0,1.0,5.0,25.0,6.0,1.0,1947.0,2.0,2.0,1.0,3.0,15000.0,6.0,2,2,2,2,2,1.0,11.0,1.23,4.0,4.0,2.0,2.0,5.0,5.0,5.0,1.0,6.0,4.0,2.0,5.0,5.0,1.0,6.0,6.0,3.0,1.0,5.0,3.0,6.0,3.0,6.0,6.0,6.0,6.0,4.0,2.0,4.0,6.0,2.0,6.0,6.0,2.0,4.0,3.0,3.0,1.0,5.0,5.0,2.0,2.0,3.0,3.0,2.0,4.0,3.0,4.0,2.0,4.0,3.0,4.0,4.0,4.0,1.0,4,2,1,4,1,3.0,2,2.0,2.0,2.0,1.0,1,6.0,1,40.0,4.0,26.0,1,63.0,0.000109132
10540187,1.0,2,96,39,5,11.0,2.23,34,4.0,2.0,1.0,1.0,4.0,2.0,2.0,1.0,1.0,1.0,4.0,0.0,2.0,1.0,4.0,12.0,6.0,1.0,1965.0,2.0,2.0,1.0,4.0,15000.0,3.0,2,2,2,1,2,2.0,0.0,3.2,1.0,4.0,1.0,1.0,4.0,4.0,3.0,3.0,3.0,3.0,4.0,5.0,4.0,1.0,4.0,4.0,3.0,1.0,5.0,4.0,3.0,4.0,2.0,3.0,4.0,2.0,2.0,1.0,5.0,3.0,3.0,4.0,4.0,3.0,4.0,2.0,2.0,1.0,3.0,3.0,3.0,2.0,4.0,4.0,4.0,2.0,2.0,5.0,1.0,4.0,1.0,4.0,5.0,5.0,1.0,4,2,1,4,1,3.0,2,4.0,1.0,2.0,3.0,1,18.0,1,52.0,4.0,45.0,1,45.0,0.000409116
10540188,1.0,3,54,4,18,4.8,1.12,18,5.0,2.0,3.0,0.0,4.0,2.0,2.0,3.0,1.0,2.0,5.0,1.0,2.0,1.0,6.0,19.0,4.0,2.0,1990.0,2.0,6.0,2.0,6.0,7000.0,3.0,2,2,2,2,2,3.0,4.8,1.6,6.0,4.0,3.0,2.0,3.0,4.0,5.0,2.0,4.0,5.0,3.0,4.0,4.0,2.0,2.0,6.0,4.0,1.0,6.0,6.0,6.0,4.0,4.0,5.0,5.0,4.0,4.0,5.0,5.0,4.0,3.0,1.0,2.0,3.0,4.0,2.0,5.0,1.0,3.0,5.0,2.0,3.0,4.0,3.0,4.0,3.0,2.0,3.0,2.0,3.0,4.0,4.0,4.0,3.0,1.0,4,2,1,4,1,5.0,1,4.0,1.0,2.0,1.0,1,9.0,0,32.0,8.0,50.0,1,20.0,0.00087004
10540199,3.0,4,119,61,11,11.0,3.19,38,3.0,0.0,1.0,0.0,2.0,0.0,2.0,2.0,1.0,1.0,3.0,0.0,1.0,1.0,5.0,21.0,3.0,2.0,1988.0,2.0,6.0,8.0,8.0,5000.0,5.0,1,2,2,1,2,2.0,5.5,4.57,3.0,3.0,3.0,3.0,4.0,4.0,4.0,3.0,2.0,4.0,1.0,4.0,4.0,3.0,4.0,6.0,5.0,2.0,5.0,3.0,4.0,3.0,3.0,1.0,4.0,5.0,4.0,2.0,5.0,5.0,3.0,4.0,3.0,4.0,4.0,4.0,5.0,3.0,5.0,5.0,2.0,4.0,4.0,4.0,4.0,4.0,3.0,4.0,2.0,3.0,3.0,3.0,3.0,4.0,1.0,4,2,1,4,1,5.0,2,3.0,2.0,3.0,1.0,1,32.0,0,47.0,3.0,125.0,1,22.0,0.000232084
10540202,4.0,0,92,82,0,8.2,1.1,16,2.0,0.0,2.0,0.0,2.0,0.0,1.0,2.0,1.0,1.0,2.0,0.0,1.0,1.0,5.0,29.0,6.0,2.0,1957.0,2.0,2.0,2.0,6.0,15000.0,3.0,2,2,2,2,2,1.0,8.2,1.58,2.0,3.0,3.0,3.0,3.0,4.0,5.0,1.0,1.0,3.0,1.0,5.0,4.0,1.0,1.0,6.0,4.0,1.0,4.0,3.0,2.0,4.0,4.0,2.0,4.0,6.0,5.0,2.0,5.0,2.0,2.0,6.0,6.0,3.0,3.0,3.0,3.0,2.0,4.0,5.0,4.0,4.0,3.0,5.0,4.0,3.0,3.0,5.0,1.0,1.0,3.0,4.0,4.0,2.0,3.0,4,2,1,4,1,3.0,3,1.0,2.0,2.0,1.0,1,10.0,1,10.0,4.0,25.0,1,53.0,0.000367986
10540215,1.0,3,67,17,2,6.2,1.53,17,2.0,0.0,2.0,0.0,2.0,0.0,1.0,2.0,1.0,1.0,2.0,1.0,2.0,2.0,4.0,4.0,6.0,2.0,1970.0,2.0,2.0,1.0,6.0,15000.0,2.0,2,2,2,2,2,1.0,6.2,2.19,1.0,4.0,4.0,5.0,4.0,4.0,5.0,2.0,2.0,4.0,2.0,5.0,5.0,3.0,5.0,3.0,3.0,2.0,4.0,3.0,3.0,3.0,5.0,3.0,2.0,6.0,4.0,2.0,5.0,2.0,4.0,6.0,3.0,3.0,2.0,4.0,3.0,2.0,4.0,4.0,2.0,4.0,4.0,4.0,5.0,5.0,3.0,5.0,1.0,3.0,3.0,5.0,3.0,5.0,1.0,4,2,1,4,1,3.0,1,4.0,1.0,2.0,4.0,1,17.0,1,48.0,4.0,20.0,1,40.0,0.001472131
10540216,1.0,2,139,64,6,16.4,4.04,33,2.0,0.0,2.0,0.0,2.0,0.0,1.0,2.0,1.0,1.0,2.0,1.0,2.0,2.0,4.0,4.0,6.0,1.0,1980.0,2.0,2.0,1.0,6.0,15000.0,6.0,2,2,2,2,2,1.0,16.4,5.79,1.0,4.0,4.0,5.0,4.0,4.0,5.0,2.0,2.0,4.0,2.0,5.0,5.0,3.0,4.0,6.0,2.0,2.0,5.0,3.0,3.0,3.0,5.0,3.0,2.0,6.0,4.0,2.0,5.0,2.0,4.0,6.0,3.0,3.0,2.0,4.0,3.0,2.0,4.0,4.0,2.0,4.0,4.0,4.0,5.0,5.0,3.0,5.0,1.0,3.0,3.0,5.0,3.0,5.0,1.0,4,2,1,4,1,4.0,1,4.0,1.0,1.0,4.0,1,45.0,1,69.0,2.0,45.0,1,30.0,0.000258025
10540237,9.0,1,64,48,3,6.0,0.81,11,3.0,1.0,2.0,0.0,2.0,0.0,3.0,1.0,1.0,2.0,2.0,0.0,2.0,2.0,3.0,6.0,6.0,2.0,1976.0,2.0,3.0,2.0,2.0,15000.0,7.0,2,2,2,2,2,1.0,6.0,1.16,2.0,5.0,2.0,2.0,5.0,5.0,4.0,3.0,5.0,5.0,3.0,2.0,4.0,1.0,5.0,6.0,5.0,1.0,5.0,2.0,5.0,5.0,3.0,5.0,3.0,3.0,2.0,1.0,5.0,3.0,1.0,1.0,1.0,4.0,5.0,2.0,5.0,2.0,5.0,4.0,4.0,3.0,3.0,3.0,5.0,4.0,1.0,5.0,1.0,3.0,2.0,4.0,4.0,3.0,3.0,4,2,1,4,1,5.0,2,3.0,2.0,1.0,3.0,1,6.5,1,13.0,5.0,20.0,1,34.0,0.000340556
10540250,1.0,3,46,35,8,11.0,2.56,35,2.0,0.0,1.0,0.0,2.0,0.0,3.0,1.0,1.0,1.0,2.0,1.0,2.0,2.0,2.0,1.0,4.0,1.0,1985.0,2.0,2.0,1.0,6.0,7000.0,5.0,2,2,2,1,2,2.0,0.0,3.67,1.0,5.0,4.0,3.0,4.0,4.0,3.0,3.0,4.0,4.0,3.0,4.0,4.0,3.0,3.0,6.0,3.0,4.0,4.0,3.0,3.0,4.0,3.0,4.0,4.0,4.0,5.0,2.0,5.0,3.0,3.0,4.0,4.0,4.0,4.0,3.0,4.0,3.0,4.0,4.0,4.0,3.0,3.0,4.0,3.0,3.0,3.0,2.0,3.0,3.0,4.0,4.0,4.0,3.0,1.0,4,2,1,4,1,1.0,2,3.0,2.0,3.0,4.0,1,25.0,0,3.0,4.0,75.0,1,25.0,0.000258025
10540252,9.0,2,172,113,12,7.8,1.19,16,2.0,0.0,1.0,0.0,2.0,0.0,3.0,1.0,1.0,1.0,2.0,1.0,2.0,2.0,2.0,1.0,4.0,2.0,1985.0,2.0,2.0,1.0,3.0,7000.0,7.0,2,2,2,2,2,1.0,7.8,1.71,2.0,2.0,2.0,2.0,4.0,4.0,2.0,2.0,2.0,5.0,1.0,5.0,4.0,2.0,3.0,6.0,4.0,3.0,5.0,4.0,6.0,4.0,4.0,4.0,2.0,6.0,4.0,2.0,5.0,2.0,2.0,6.0,4.0,3.0,4.0,2.0,2.0,1.0,3.0,4.0,2.0,4.0,2.0,3.0,2.0,4.0,2.0,5.0,2.0,2.0,4.0,2.0,4.0,2.0,3.0,4,2,1,4,1,4.0,2,4.0,3.0,2.0,3.0,1,12.0,1,47.0,4.0,134.0,1,25.0,0.000340556
10540260,3.0,2,123,46,11,13.6,2.85,41,2.0,0.0,1.0,0.0,3.0,0.0,1.0,1.0,1.0,1.0,3.0,1.0,2.0,2.0,3.5,2.0,3.0,2.0,1990.0,2.0,6.0,8.0,8.0,5000.0,4.0,2,1,2,2,2,2.0,0.0,4.08,3.0,5.0,1.0,1.0,5.0,5.0,3.0,5.0,1.0,5.0,3.0,5.0,5.0,1.0,4.0,6.0,5.0,1.0,6.0,6.0,6.0,1.0,3.0,5.0,4.0,5.0,5.0,3.0,5.0,4.0,4.0,3.0,1.0,2.0,6.0,3.0,2.0,5.0,5.0,5.0,3.0,2.0,4.0,3.0,5.0,1.0,1.0,5.0,1.0,1.0,5.0,2.0,3.0,4.0,2.0,4,2,1,4,1,5.0,3,4.0,2.0,3.0,1.0,1,23.5,0,66.0,3.0,62.0,1,20.0,0.000232084
10540265,8.0,5,168,34,36,70.2,2.07,28,4.0,2.0,2.0,0.0,4.0,2.0,5.0,1.0,1.0,1.0,6.0,2.0,1.0,1.0,7.0,14.0,6.0,1.0,1966.0,2.0,3.0,1.0,1.0,15000.0,8.0,1,2,2,2,2,1.0,35.1,2.97,4.0,5.0,2.0,3.0,4.0,5.0,6.0,4.0,2.0,5.0,2.0,4.0,4.0,2.0,3.0,1.0,4.0,1.0,3.0,4.0,5.0,4.0,5.0,2.0,3.0,6.0,3.0,2.0,5.0,2.0,1.0,1.0,1.0,2.0,4.0,4.0,2.0,1.0,4.0,4.0,3.0,3.0,2.0,3.0,4.0,4.0,2.0,5.0,2.0,3.0,4.0,3.0,4.0,2.0,3.0,4,2,1,4,1,3.0,2,4.0,1.0,1.0,3.0,1,22.0,1,98.0,3.0,42.0,1,44.0,0.000160139
10540266,1.0,6,234,87,49,15.8,2.92,40,4.0,2.0,2.0,0.0,4.0,2.0,3.0,1.0,1.0,1.0,3.0,1.0,1.0,1.0,6.5,14.0,5.0,2.0,1969.0,1.0,3.0,2.0,3.0,9000.0,7.0,1,2,2,2,2,1.0,7.9,4.18,4.0,5.0,3.0,3.0,5.0,5.0,3.0,3.0,1.0,5.0,4.0,4.0,4.0,3.0,3.0,2.0,4.0,1.0,5.0,2.0,5.0,4.0,3.0,4.0,2.0,4.0,4.0,2.0,5.0,2.0,4.0,4.0,3.0,2.0,4.0,2.0,2.0,2.0,3.0,6.0,4.0,2.0,4.0,4.0,4.0,1.0,1.0,5.0,2.0,4.0,2.0,4.0,4.0,2.0,1.0,4,2,1,4,1,5.0,3,3.0,2.0,2.0,3.0,1,28.8,1,98.0,6.0,175.0,1,41.0,0.000144039
10540269,10.0,0,97,67,0,11.0,2.28,33,4.0,0.0,2.0,1.0,2.0,0.0,2.0,1.0,1.0,1.0,4.0,0.0,1.0,1.0,6.0,7.0,3.0,2.0,1958.0,2.0,3.0,2.0,5.0,5000.0,4.0,2,2,2,2,2,1.0,11.0,3.27,2.0,2.0,3.0,2.0,4.0,4.0,4.0,3.0,2.0,2.0,2.0,5.0,4.0,2.0,4.0,6.0,4.0,2.0,5.0,3.0,2.0,3.0,4.0,2.0,4.0,6.0,4.0,2.0,4.0,2.0,2.0,6.0,2.0,3.0,4.0,2.0,4.0,3.0,3.0,5.0,4.0,2.0,4.0,4.0,6.0,3.0,4.0,4.0,2.0,4.0,2.0,4.0,3.0,2.0,3.0,4,2,1,4,1,1.0,2,3.0,2.0,2.0,3.0,1,17.5,1,30.0,4.0,44.0,1,52.0,9.82e-05
10540271,8.0,5,196,95,18,12.6,2.18,25,6.0,4.0,2.0,0.0,6.0,4.0,3.0,2.0,1.0,1.0,2.0,1.0,1.0,2.0,6.0,7.0,5.0,2.0,1975.0,2.0,3.0,2.0,4.0,9000.0,7.0,2,2,2,2,2,1.0,12.6,3.12,1.0,4.0,1.0,2.0,4.0,4.0,6.0,3.0,2.0,4.0,2.0,5.0,5.0,2.0,3.0,5.0,4.0,3.0,4.0,4.0,3.0,3.0,4.0,2.0,6.0,6.0,2.0,3.0,4.0,3.0,2.0,6.0,3.0,4.0,3.0,2.0,4.0,2.0,4.0,4.0,3.0,4.0,4.0,4.0,6.0,4.0,2.0,4.0,4.0,3.0,3.0,3.0,3.0,4.0,3.0,4,2,1,4,1,1.0,3,3.0,2.0,3.0,3.0,1,23.0,1,83.0,4.0,45.0,1,35.0,0.000340556
10540271,8.0,1,93,52,11,6.0,0.59,8,6.0,4.0,2.0,0.0,6.0,4.0,3.0,2.0,1.0,1.0,2.0,1.0,1.0,2.0,6.0,7.0,5.0,2.0,1975.0,2.0,3.0,2.0,4.0,9000.0,7.0,2,2,2,2,2,1.0,6.0,0.85,1.0,4.0,1.0,2.0,4.0,4.0,6.0,3.0,2.0,4.0,2.0,5.0,5.0,2.0,3.0,5.0,4.0,3.0,4.0,4.0,3.0,3.0,4.0,2.0,6.0,6.0,2.0,3.0,4.0,3.0,2.0,6.0,3.0,4.0,3.0,2.0,4.0,2.0,4.0,4.0,3.0,4.0,4.0,4.0,6.0,4.0,2.0,4.0,4.0,3.0,3.0,3.0,3.0,4.0,3.0,4,2,1,4,1,1.0,2,3.0,2.0,3.0,3.0,1,5.1,1,30.0,4.0,10.0,1,35.0,0.000340556
10540297,1.0,4,270,49,50,86.6,19.62,171,2.0,0.0,1.0,0.0,0.0,0.0,1.0,1.0,1.0,2.0,2.0,0.0,1.0,1.0,5.0,1.0,6.0,1.0,1966.0,2.0,2.0,1.0,3.0,15000.0,7.0,1,2,2,2,2,1.0,43.3,28.12,4.0,4.0,2.0,3.0,5.0,4.0,2.0,4.0,2.0,4.0,2.0,5.0,4.0,3.0,3.0,6.0,4.0,2.0,5.0,3.0,4.0,5.0,4.0,4.0,2.0,2.0,2.0,2.0,4.0,3.0,2.0,1.0,2.0,4.0,4.0,2.0,4.0,3.0,3.0,3.0,2.0,4.0,2.0,4.0,3.0,3.0,2.0,4.0,3.0,3.0,2.0,2.0,3.0,2.0,2.0,4,2,1,4,1,3.0,2,3.0,2.0,3.0,3.0,1,208.0,1,171.0,3.0,140.0,1,44.0,0.000160139
10540298,1.0,5,167,51,17,25.0,6.81,63,2.0,0.0,1.0,0.0,0.0,0.0,1.0,1.0,1.0,2.0,2.0,0.0,1.0,1.0,5.0,1.0,6.0,2.0,1977.0,3.0,2.0,1.0,6.0,15000.0,7.0,1,2,2,2,2,3.0,12.5,9.76,4.0,4.0,2.0,3.0,5.0,4.0,2.0,4.0,2.0,6.0,6.0,5.0,4.0,2.0,3.0,6.0,5.0,2.0,6.0,6.0,6.0,5.0,4.0,5.0,3.0,3.0,2.0,2.0,4.0,4.0,2.0,2.0,2.0,4.0,4.0,2.0,5.0,4.0,3.0,3.0,2.0,4.0,2.0,4.0,2.0,3.0,3.0,3.0,4.0,3.0,2.0,3.0,3.0,3.0,2.0,4,2,1,4,1,3.0,2,2.0,1.0,3.0,3.0,1,68.0,0,99.0,3.0,147.0,1,33.0,0.000340556
10540305,4.0,0,101,100,0,5.6,1.38,19,2.0,0.0,1.0,0.0,0.0,0.0,1.0,1.0,1.0,1.0,1.0,0.0,1.0,1.0,4.0,35.0,4.0,1.0,1940.0,2.0,2.0,9.0,6.0,7000.0,3.0,2,2,2,2,2,1.0,5.6,1.98,2.0,2.0,3.0,4.0,4.0,4.0,3.0,2.0,3.0,1.0,6.0,6.0,4.0,1.0,4.0,3.0,5.0,1.0,5.0,4.0,4.0,4.0,4.0,3.0,4.0,2.0,3.0,3.0,2.0,4.0,2.0,2.0,2.0,4.0,4.0,2.0,3.0,1.0,2.0,4.0,2.0,4.0,4.0,4.0,3.0,2.0,1.0,4.0,6.0,3.0,4.0,3.0,3.0,2.0,3.0,4,2,1,4,1,5.0,2,3.0,2.0,4.0,3.0,1,14.5,1,1.0,4.0,35.5,1,70.0,0.0003213
10540306,6.0,6,264,133,27,27.6,9.49,88,2.0,0.0,1.0,0.0,0.0,0.0,1.0,1.0,1.0,1.0,1.0,0.0,1.0,1.0,4.0,35.0,4.0,1.0,1940.0,2.0,2.0,9.0,6.0,7000.0,3.0,2,2,2,2,2,1.0,27.6,13.6,2.0,2.0,2.0,3.0,4.0,4.0,2.0,3.0,3.0,4.0,2.0,4.0,3.0,2.0,3.0,3.0,5.0,1.0,5.0,2.0,4.0,3.0,3.0,4.0,4.0,2.0,3.0,3.0,2.0,4.0,2.0,2.0,2.0,4.0,4.0,2.0,3.0,1.0,2.0,4.0,2.0,4.0,4.0,4.0,3.0,2.0,1.0,4.0,3.0,3.0,4.0,3.0,3.0,2.0,3.0,4,2,1,4,1,5.0,2,3.0,2.0,4.0,3.0,1,102.0,1,104.0,4.0,90.0,1,70.0,0.0003213
10540335,4.0,0,177,134,0,13.8,2.91,49,3.0,0.0,2.0,1.0,3.0,0.0,3.0,3.0,1.0,1.0,3.0,1.0,1.0,2.0,6.0,5.0,6.0,1.0,1962.0,1.0,3.0,1.0,6.0,15000.0,3.0,2,2,2,2,2,1.0,13.8,4.17,1.0,4.0,3.0,2.0,4.0,4.0,4.0,3.0,3.0,4.0,4.0,4.0,4.0,2.0,4.0,3.0,1.0,4.0,4.0,4.0,4.0,4.0,4.0,3.0,4.0,3.0,2.0,3.0,4.0,3.0,1.0,3.0,4.0,2.0,4.0,2.0,2.0,1.0,3.0,5.0,2.0,4.0,4.0,5.0,2.0,4.0,4.0,2.0,2.0,2.0,4.0,4.0,5.0,4.0,3.0,4,2,1,4,1,1.0,5,2.0,2.0,3.0,3.0,1,31.5,1,43.0,3.0,100.0,1,48.0,0.000409116
10540351,2.0,8,470,213,31,61.2,20.32,180,2.0,0.0,2.0,1.0,2.0,0.0,1.0,2.0,1.0,2.0,2.0,0.0,1.0,2.0,3.0,1.0,5.0,1.0,1959.0,2.0,2.0,1.0,5.0,9000.0,3.0,2,2,2,2,2,1.0,61.2,29.12,2.0,3.0,4.0,6.0,4.0,5.0,5.0,4.0,6.0,4.0,6.0,5.0,5.0,3.0,4.0,6.0,3.0,2.0,5.0,3.0,3.0,3.0,4.0,4.0,3.0,6.0,4.0,3.0,3.0,6.0,3.0,6.0,6.0,3.0,3.0,1.0,3.0,1.0,5.0,5.0,4.0,4.0,4.0,4.0,4.0,4.0,3.0,4.0,2.0,4.0,2.0,3.0,4.0,2.0,3.0,4,2,1,4,1,1.0,7,3.0,1.0,2.0,4.0,1,206.0,1,226.0,4.0,126.0,1,51.0,0.000409116
10540354,1.0,2,76,31,7,7.6,1.07,14,2.0,0.0,2.0,1.0,2.0,0.0,1.0,2.0,1.0,2.0,2.0,0.0,1.0,2.0,3.0,2.0,5.0,2.0,1967.0,2.0,2.0,1.0,6.0,9000.0,4.0,1,2,2,2,2,1.0,3.8,1.53,2.0,4.0,1.0,6.0,5.0,5.0,4.0,2.0,2.0,5.0,4.0,5.0,5.0,2.0,5.0,6.0,5.0,1.0,5.0,2.0,5.0,5.0,5.0,2.0,2.0,6.0,2.0,5.0,5.0,1.0,5.0,6.0,5.0,2.0,5.0,5.0,5.0,1.0,5.0,5.0,2.0,5.0,2.0,5.0,2.0,2.0,2.0,5.0,2.0,5.0,5.0,5.0,5.0,5.0,2.0,4,2,1,4,1,3.0,2,4.0,1.0,1.0,3.0,1,10.9,1,38.0,4.0,17.0,1,43.0,9.82e-05
10540384,11.0,0,65,39,0,4.8,1.25,17,2.0,0.0,2.0,0.0,3.0,0.0,1.0,2.0,1.0,1.0,2.0,0.0,1.0,1.0,7.0,36.0,6.0,1.0,1935.0,2.0,2.0,9.0,1.0,15000.0,5.0,2,2,2,2,2,1.0,4.8,1.79,1.0,4.0,4.0,2.0,2.0,5.0,5.0,1.0,5.0,6.0,2.0,5.0,5.0,3.0,3.0,6.0,5.0,4.0,5.0,4.0,2.0,1.0,5.0,3.0,5.0,6.0,5.0,2.0,4.0,1.0,2.0,6.0,6.0,4.0,5.0,3.0,3.0,5.0,5.0,5.0,5.0,6.0,1.0,3.0,6.0,2.0,2.0,4.0,6.0,1.0,4.0,4.0,4.0,2.0,3.0,4,2,1,4,1,1.0,1,3.0,2.0,2.0,4.0,1,12.0,1,26.0,4.0,60.0,1,75.0,8.57e-05
10540395,1.0,6,140,33,18,26.6,4.68,66,4.0,2.0,2.0,1.0,4.0,2.0,1.0,1.0,1.0,1.0,1.0,0.0,1.0,1.0,5.0,9.0,6.0,1.0,1963.0,2.0,3.0,1.0,6.0,15000.0,6.0,1,2,2,2,2,1.0,13.3,6.71,4.0,4.0,3.0,3.0,4.0,4.0,4.0,4.0,2.0,5.0,3.0,3.0,4.0,3.0,4.0,6.0,3.0,1.0,4.0,4.0,5.0,4.0,2.0,2.0,4.0,6.0,2.0,2.0,5.0,1.0,4.0,6.0,3.0,2.0,4.0,2.0,2.0,1.0,3.0,5.0,2.0,4.0,2.0,4.0,2.0,3.0,2.0,4.0,2.0,2.0,3.0,3.0,3.0,4.0,3.0,4,2,1,4,1,2.0,4,4.0,1.0,1.0,4.0,1,37.0,1,89.0,4.0,70.0,1,47.0,0.000109132
10540396,1.0,0,111,99,0,10.4,1.27,16,4.0,2.0,2.0,1.0,4.0,2.0,1.0,1.0,1.0,1.0,1.0,0.0,1.0,1.0,5.0,9.0,6.0,2.0,1970.0,2.0,3.0,2.0,3.0,15000.0,6.0,2,2,2,2,2,1.0,10.4,1.82,4.0,4.0,4.0,3.0,4.0,4.0,4.0,5.0,4.0,5.0,3.0,2.0,3.0,1.0,5.0,4.0,3.0,1.0,3.0,3.0,3.0,2.0,5.0,3.0,2.0,2.0,2.0,4.0,4.0,2.0,1.0,1.0,4.0,4.0,4.0,4.0,4.0,2.0,5.0,5.0,2.0,5.0,4.0,4.0,3.0,4.0,2.0,5.0,2.0,3.0,4.0,2.0,3.0,2.0,3.0,4,2,1,4,1,5.0,4,3.0,1.0,1.0,3.0,1,11.5,1,12.0,3.0,25.0,1,40.0,9.82e-05
10540462,11.0,1,141,96,4,11.6,3.01,38,2.0,0.0,1.0,0.0,0.0,0.0,0.0,1.0,2.0,1.0,1.0,0.0,1.0,1.0,4.0,45.0,4.0,1.0,1931.0,2.0,2.0,9.0,6.0,7000.0,3.0,1,2,2,2,2,1.0,5.8,4.31,1.0,1.0,1.0,3.0,5.0,5.0,6.0,4.0,6.0,5.0,3.0,5.0,5.0,6.0,4.0,6.0,4.0,2.0,5.0,4.0,5.0,4.0,4.0,2.0,6.0,6.0,2.0,4.0,6.0,6.0,1.0,6.0,6.0,2.0,4.0,2.0,2.0,1.0,5.0,5.0,4.0,4.0,4.0,4.0,6.0,2.0,2.0,5.0,4.0,2.0,2.0,3.0,4.0,4.0,3.0,4,2,1,4,1,3.0,4,3.0,2.0,2.0,3.0,1,26.5,1,41.0,4.0,35.5,1,79.0,0.0003213
10540514,7.0,0,67,46,0,4.8,0.97,14,2.0,0.0,2.0,0.0,1.0,0.0,1.0,2.0,1.0,1.0,2.0,0.0,1.0,1.0,5.0,36.0,3.0,2.0,1933.0,2.0,2.0,9.0,8.0,5000.0,4.0,1,2,2,2,2,1.0,2.4,1.39,6.0,6.0,5.0,5.0,4.0,5.0,6.0,4.0,3.0,4.0,1.0,4.0,1.0,2.0,6.0,3.0,3.0,5.0,4.0,4.0,3.0,4.0,4.0,5.0,5.0,2.0,4.0,4.0,4.0,4.0,1.0,2.0,1.0,2.0,4.0,1.0,3.0,1.0,3.0,2.0,3.0,3.0,4.0,3.0,6.0,1.0,1.0,3.0,1.0,2.0,2.0,2.0,2.0,1.0,3.0,4,2,1,4,1,3.0,1,1.0,3.0,3.0,3.0,1,9.5,1,21.0,3.0,30.0,1,77.0,7.71e-05
10540514,7.0,1,65,34,3,4.8,0.97,14,2.0,0.0,2.0,0.0,1.0,0.0,1.0,2.0,1.0,1.0,2.0,0.0,1.0,1.0,5.0,36.0,3.0,2.0,1933.0,2.0,2.0,9.0,8.0,5000.0,4.0,1,2,2,2,2,1.0,2.4,1.39,6.0,6.0,5.0,5.0,4.0,5.0,6.0,4.0,3.0,4.0,1.0,4.0,1.0,2.0,6.0,3.0,3.0,5.0,4.0,4.0,3.0,4.0,4.0,5.0,5.0,2.0,4.0,4.0,4.0,4.0,1.0,2.0,1.0,2.0,4.0,1.0,3.0,1.0,3.0,2.0,3.0,3.0,4.0,3.0,6.0,1.0,1.0,3.0,1.0,2.0,2.0,2.0,2.0,1.0,3.0,4,2,1,4,1,3.0,1,1.0,3.0,3.0,3.0,1,9.5,0,28.0,3.0,90.0,1,77.0,7.71e-05
10540514,7.0,0,44,38,0,3.0,0.5,6,2.0,0.0,2.0,0.0,1.0,0.0,1.0,2.0,1.0,1.0,2.0,0.0,1.0,1.0,5.0,36.0,3.0,2.0,1933.0,2.0,2.0,9.0,8.0,5000.0,4.0,1,2,2,2,2,1.0,2.2,0.72,6.0,6.0,5.0,5.0,4.0,5.0,6.0,4.0,3.0,4.0,1.0,4.0,1.0,2.0,6.0,3.0,3.0,5.0,4.0,4.0,3.0,4.0,4.0,5.0,5.0,2.0,4.0,4.0,4.0,4.0,1.0,2.0,1.0,2.0,4.0,1.0,3.0,1.0,3.0,2.0,3.0,3.0,4.0,3.0,6.0,1.0,1.0,3.0,1.0,2.0,2.0,2.0,2.0,1.0,3.0,4,2,1,4,1,3.0,1,1.0,3.0,3.0,3.0,1,5.5,1,6.0,3.0,15.0,1,77.0,7.71e-05
10540514,7.0,3,103,40,13,17.2,1.98,26,2.0,0.0,2.0,0.0,1.0,0.0,1.0,2.0,1.0,1.0,2.0,0.0,1.0,1.0,5.0,36.0,3.0,2.0,1933.0,2.0,2.0,9.0,8.0,5000.0,4.0,1,2,2,2,2,1.0,8.6,2.84,6.0,6.0,5.0,5.0,4.0,5.0,6.0,4.0,3.0,4.0,1.0,4.0,1.0,2.0,6.0,3.0,3.0,5.0,4.0,4.0,3.0,4.0,4.0,5.0,5.0,2.0,4.0,4.0,4.0,4.0,1.0,2.0,1.0,2.0,4.0,1.0,3.0,1.0,3.0,2.0,3.0,3.0,4.0,3.0,6.0,1.0,1.0,3.0,1.0,2.0,2.0,2.0,2.0,1.0,3.0,4,2,1,4,1,3.0,1,1.0,3.0,3.0,3.0,1,22.0,0,50.0,3.0,30.0,1,77.0,7.71e-05
10540515,1.0,4,207,71,27,49.6,4.17,55,2.0,0.0,2.0,0.0,0.0,0.0,2.0,1.0,1.0,2.0,3.0,0.0,3.0,2.0,1.0,2.0,4.0,2.0,1981.0,1.0,2.0,1.0,6.0,7000.0,7.0,1,2,2,2,2,1.0,24.8,5.98,2.0,3.0,3.0,2.0,3.0,4.0,5.0,2.0,1.0,5.0,6.0,5.0,5.0,3.0,4.0,6.0,4.0,2.0,4.0,2.0,5.0,2.0,2.0,3.0,4.0,4.0,4.0,5.0,5.0,6.0,4.0,1.0,4.0,3.0,4.0,1.0,4.0,3.0,4.0,3.0,1.0,5.0,2.0,5.0,3.0,3.0,2.0,4.0,2.0,3.0,4.0,4.0,2.0,2.0,2.0,4,2,1,4,1,6.0,2,3.0,2.0,2.0,4.0,1,44.0,1,109.0,4.0,80.0,1,29.0,0.000340556
10540515,4.0,0,68,53,0,5.2,1.23,16,2.0,0.0,2.0,0.0,0.0,0.0,2.0,1.0,1.0,2.0,3.0,0.0,3.0,2.0,1.0,2.0,4.0,2.0,1981.0,1.0,2.0,1.0,6.0,7000.0,7.0,1,2,2,2,2,1.0,2.6,1.76,2.0,3.0,3.0,2.0,3.0,4.0,5.0,2.0,1.0,5.0,6.0,5.0,5.0,3.0,4.0,6.0,4.0,2.0,4.0,2.0,5.0,2.0,2.0,3.0,4.0,4.0,4.0,5.0,5.0,6.0,4.0,1.0,4.0,3.0,4.0,1.0,4.0,3.0,4.0,3.0,1.0,5.0,2.0,5.0,3.0,3.0,2.0,4.0,2.0,3.0,4.0,4.0,2.0,2.0,3.0,4,2,1,4,1,6.0,2,3.0,2.0,2.0,4.0,1,13.0,1,15.0,4.0,20.0,1,29.0,0.000340556
10540516,10.0,1,55,69,3,11.0,2.63,38,2.0,0.0,2.0,0.0,0.0,0.0,2.0,1.0,1.0,2.0,3.0,0.0,3.0,2.0,1.0,4.0,4.0,1.0,1980.0,1.0,2.0,1.0,6.0,7000.0,8.0,1,2,2,2,2,1.0,5.5,3.77,2.0,4.0,3.0,2.0,4.0,4.0,3.0,3.0,2.0,5.0,4.0,4.0,4.0,2.0,4.0,6.0,2.0,1.0,4.0,3.0,5.0,2.0,3.0,1.0,5.0,2.0,4.0,2.0,4.0,4.0,2.0,1.0,1.0,4.0,4.0,6.0,4.0,4.0,4.0,3.0,2.0,4.0,3.0,4.0,4.0,2.0,1.0,3.0,2.0,4.0,2.0,4.0,3.0,2.0,3.0,4,2,1,4,1,5.0,2,4.0,2.0,1.0,4.0,1,25.0,1,40.0,3.0,40.0,1,30.0,0.000378621
10540517,1.0,0,117,97,0,8.8,2.43,33,3.0,1.0,2.0,0.0,4.0,2.0,2.0,2.0,2.0,1.0,2.0,0.0,2.0,2.0,3.0,13.0,4.0,1.0,1971.0,3.0,3.0,1.0,6.0,7000.0,2.0,2,2,2,2,2,1.0,8.8,3.48,1.0,5.0,5.0,4.0,4.0,4.0,5.0,4.0,2.0,5.0,4.0,5.0,5.0,1.0,5.0,5.0,5.0,1.0,5.0,6.0,3.0,5.0,5.0,5.0,2.0,2.0,3.0,1.0,6.0,3.0,3.0,6.0,3.0,3.0,4.0,2.0,3.0,1.0,5.0,5.0,2.0,4.0,4.0,5.0,6.0,1.0,1.0,5.0,1.0,5.0,3.0,3.0,3.0,4.0,1.0,4,2,1,4,1,3.0,2,3.0,2.0,2.0,3.0,1,23.0,1,20.0,3.0,40.0,1,39.0,0.003869639
10540518,1.0,1,96,63,3,11.0,2.38,32,3.0,1.0,2.0,0.0,4.0,2.0,2.0,2.0,2.0,1.0,2.0,0.0,2.0,2.0,3.0,38.0,4.0,2.0,1969.0,2.0,3.0,2.0,6.0,7000.0,6.0,2,2,2,2,2,1.0,11.0,3.41,1.0,5.0,4.0,3.0,4.0,4.0,5.0,4.0,1.0,4.0,1.0,5.0,5.0,1.0,5.0,5.0,5.0,2.0,5.0,6.0,3.0,5.0,5.0,5.0,2.0,3.0,3.0,2.0,6.0,3.0,5.0,6.0,4.0,3.0,4.0,2.0,3.0,1.0,5.0,5.0,1.0,4.0,4.0,5.0,6.0,1.0,1.0,5.0,1.0,2.0,4.0,1.0,4.0,4.0,1.0,4,2,1,4,1,5.0,2,4.0,2.0,2.0,3.0,1,18.0,1,30.0,3.0,50.0,1,41.0,9.82e-05
10540531,2.0,2,166,101,5,12.2,3.12,44,2.0,0.0,2.0,0.0,0.0,0.0,2.0,2.0,1.0,1.0,2.0,0.0,1.0,1.0,8.0,11.0,2.0,1.0,1936.0,2.0,2.0,4.0,3.0,3250.0,6.0,2,2,2,2,2,1.0,12.2,4.47,1.0,5.0,3.0,4.0,4.0,4.0,3.0,3.0,6.0,2.0,3.0,5.0,5.0,1.0,5.0,4.0,5.0,2.0,5.0,3.0,4.0,3.0,4.0,4.0,1.0,1.0,3.0,4.0,5.0,2.0,4.0,1.0,1.0,3.0,5.0,2.0,4.0,1.0,4.0,4.0,2.0,4.0,2.0,4.0,6.0,4.0,1.0,5.0,6.0,4.0,4.0,3.0,4.0,3.0,2.0,4,2,1,4,1,5.0,3,3.0,2.0,2.0,1.0,1,28.5,1,60.0,5.0,60.0,1,74.0,8.57e-05
10540532,4.0,4,119,48,12,13.6,2.85,37,2.0,0.0,2.0,0.0,0.0,0.0,2.0,2.0,1.0,1.0,2.0,0.0,1.0,1.0,8.0,11.0,2.0,2.0,1939.0,2.0,2.0,9.0,6.0,3250.0,5.0,2,2,2,2,2,1.0,13.6,4.08,1.0,5.0,3.0,4.0,4.0,5.0,3.0,3.0,2.0,3.0,3.0,5.0,5.0,2.0,5.0,4.0,5.0,1.0,5.0,5.0,4.0,3.0,4.0,4.0,1.0,1.0,3.0,3.0,5.0,2.0,2.0,1.0,1.0,2.0,5.0,2.0,5.0,1.0,5.0,5.0,1.0,5.0,4.0,4.0,6.0,4.0,1.0,5.0,6.0,3.0,4.0,3.0,4.0,4.0,3.0,4,2,1,4,1,3.0,3,3.0,2.0,3.0,3.0,1,27.5,1,59.0,4.0,75.0,1,71.0,7.71e-05
10540532,4.0,0,32,26,0,3.0,0.5,6,2.0,0.0,2.0,0.0,0.0,0.0,2.0,2.0,1.0,1.0,2.0,0.0,1.0,1.0,8.0,11.0,2.0,2.0,1939.0,2.0,2.0,9.0,6.0,3250.0,5.0,2,2,2,2,2,1.0,3.0,0.72,1.0,5.0,3.0,4.0,4.0,5.0,3.0,3.0,2.0,3.0,3.0,5.0,5.0,2.0,5.0,4.0,5.0,1.0,5.0,5.0,4.0,3.0,4.0,4.0,1.0,1.0,3.0,3.0,5.0,2.0,2.0,1.0,1.0,2.0,5.0,2.0,5.0,1.0,5.0,5.0,1.0,5.0,4.0,4.0,6.0,4.0,1.0,5.0,6.0,3.0,4.0,3.0,4.0,4.0,3.0,4,2,1,4,1,3.0,1,3.0,2.0,3.0,3.0,1,5.5,1,6.0,4.0,15.0,1,71.0,7.71e-05
10540548,1.0,0,110,68,0,11.0,2.37,35,3.0,0.0,1.0,1.0,3.0,0.0,1.0,1.0,1.0,2.0,3.0,0.0,1.0,1.0,4.0,10.0,5.0,1.0,1962.0,2.0,3.0,1.0,1.0,9000.0,3.0,2,2,2,2,2,2.0,11.0,3.4,2.0,3.0,3.0,2.0,4.0,4.0,5.0,3.0,3.0,4.0,3.0,5.0,4.0,3.0,3.0,6.0,6.0,2.0,4.0,3.0,4.0,3.0,4.0,4.0,3.0,6.0,4.0,2.0,3.0,4.0,2.0,3.0,6.0,2.0,3.0,3.0,4.0,2.0,2.0,5.0,3.0,3.0,2.0,4.0,2.0,3.0,6.0,4.0,3.0,3.0,3.0,2.0,3.0,2.0,1.0,4,2,1,4,1,1.0,2,2.0,1.0,3.0,4.0,1,19.0,1,42.0,6.0,35.0,1,48.0,0.000409116
10540548,1.0,1,55,27,4,4.8,1.19,18,3.0,0.0,1.0,1.0,3.0,0.0,1.0,1.0,1.0,2.0,3.0,0.0,1.0,1.0,4.0,10.0,5.0,1.0,1962.0,2.0,3.0,1.0,1.0,9000.0,3.0,2,2,2,2,2,2.0,4.8,1.71,2.0,3.0,3.0,2.0,4.0,4.0,5.0,3.0,3.0,4.0,3.0,5.0,4.0,3.0,3.0,6.0,6.0,2.0,4.0,3.0,4.0,3.0,4.0,4.0,3.0,6.0,4.0,2.0,3.0,4.0,2.0,3.0,6.0,2.0,3.0,3.0,4.0,2.0,2.0,5.0,3.0,3.0,2.0,4.0,2.0,3.0,6.0,4.0,3.0,3.0,3.0,2.0,3.0,2.0,1.0,4,2,1,4,1,1.0,1,2.0,1.0,3.0,4.0,1,9.5,1,24.0,6.0,30.0,1,48.0,0.000409116
10540559,1.0,0,46,35,0,5.6,0.5,5,2.0,0.0,2.0,0.0,2.0,0.0,2.0,2.0,1.0,1.0,2.0,0.0,1.0,1.0,5.0,29.0,4.0,1.0,1947.0,1.0,3.0,1.0,1.0,7000.0,4.0,2,2,2,2,2,1.0,5.6,0.72,4.0,4.0,2.0,2.0,4.0,4.0,5.0,3.0,4.0,5.0,3.0,5.0,5.0,2.0,4.0,3.0,3.0,2.0,4.0,3.0,4.0,3.0,4.0,3.0,2.0,2.0,3.0,3.0,2.0,2.0,1.0,2.0,3.0,4.0,4.0,3.0,3.0,3.0,4.0,4.0,1.0,4.0,5.0,5.0,5.0,4.0,4.0,4.0,1.0,4.0,4.0,4.0,4.0,3.0,2.0,4,2,1,4,1,2.0,2,1.0,2.0,2.0,4.0,1,4.1,1,11.0,4.0,12.0,1,63.0,0.000109132
10540559,2.0,7,265,127,37,19.2,4.4,45,2.0,0.0,2.0,0.0,2.0,0.0,2.0,2.0,1.0,1.0,2.0,0.0,1.0,1.0,5.0,29.0,4.0,1.0,1947.0,1.0,3.0,1.0,1.0,7000.0,4.0,2,2,2,2,2,1.0,19.2,6.31,4.0,4.0,2.0,2.0,4.0,4.0,5.0,3.0,4.0,5.0,3.0,5.0,5.0,2.0,4.0,3.0,3.0,2.0,4.0,3.0,4.0,3.0,4.0,3.0,2.0,2.0,3.0,3.0,2.0,2.0,1.0,2.0,3.0,4.0,4.0,3.0,3.0,3.0,4.0,4.0,1.0,4.0,5.0,5.0,5.0,4.0,4.0,4.0,1.0,4.0,4.0,4.0,4.0,3.0,2.0,4,2,1,4,1,2.0,4,1.0,2.0,2.0,4.0,1,42.0,1,101.0,4.0,68.0,1,63.0,0.000109132
10540560,4.0,2,81,35,10,4.8,0.86,12,2.0,0.0,2.0,0.0,2.0,2.0,2.0,1.0,1.0,1.0,2.0,0.0,1.0,1.0,5.0,30.0,3.0,1.0,1949.0,1.0,2.0,5.0,8.0,5000.0,3.0,2,2,2,2,2,1.0,4.8,1.23,1.0,4.0,3.0,3.0,5.0,5.0,3.0,3.0,3.0,5.0,3.0,5.0,2.0,3.0,4.0,6.0,5.0,2.0,4.0,2.0,4.0,3.0,5.0,3.0,6.0,1.0,2.0,5.0,3.0,1.0,1.0,1.0,1.0,4.0,5.0,4.0,5.0,1.0,5.0,5.0,1.0,5.0,4.0,5.0,6.0,1.0,3.0,5.0,2.0,4.0,1.0,4.0,4.0,4.0,3.0,4,2,1,4,1,5.0,1,4.0,1.0,1.0,4.0,1,9.0,1,36.0,4.0,15.0,1,61.0,0.000409116
10540560,4.0,0,60,39,0,4.8,1.23,18,2.0,0.0,2.0,0.0,2.0,2.0,2.0,1.0,1.0,1.0,2.0,0.0,1.0,1.0,5.0,30.0,3.0,1.0,1949.0,1.0,2.0,5.0,8.0,5000.0,3.0,2,2,2,2,2,1.0,4.8,1.76,1.0,4.0,3.0,3.0,5.0,5.0,3.0,3.0,3.0,5.0,3.0,5.0,2.0,3.0,4.0,6.0,5.0,2.0,4.0,2.0,4.0,3.0,5.0,3.0,6.0,1.0,2.0,5.0,3.0,1.0,1.0,1.0,1.0,4.0,5.0,4.0,5.0,1.0,5.0,5.0,1.0,5.0,4.0,5.0,6.0,1.0,3.0,5.0,2.0,4.0,1.0,4.0,4.0,4.0,3.0,4,2,1,4,1,5.0,1,4.0,1.0,1.0,4.0,1,9.5,1,21.0,4.0,30.0,1,61.0,0.000409116
10540563,1.0,10,461,196,41,79.4,12.4,117,5.0,3.0,2.0,0.0,8.0,3.0,3.0,1.0,1.0,2.0,4.0,0.0,1.0,1.0,7.0,10.0,6.0,2.0,1964.0,2.0,3.0,2.0,3.0,15000.0,7.0,2,2,2,2,2,1.0,79.4,17.77,3.0,4.0,3.0,3.0,4.0,4.0,4.0,3.0,4.0,3.0,3.0,3.0,4.0,2.0,4.0,2.0,3.0,1.0,4.0,4.0,2.0,2.0,2.0,2.0,4.0,2.0,2.0,2.0,4.0,3.0,1.0,2.0,2.0,3.0,3.0,1.0,4.0,1.0,3.0,3.0,2.0,2.0,3.0,4.0,3.0,2.0,1.0,5.0,3.0,3.0,3.0,4.0,4.0,2.0,2.0,4,2,1,4,1,4.0,4,3.0,2.0,2.0,3.0,1,134.0,1,224.0,4.0,220.0,1,46.0,0.000144039
10540606,4.0,2,164,72,18,9.6,1.72,24,2.0,0.0,1.0,0.0,3.0,0.0,1.0,1.0,1.0,1.0,1.0,0.0,1.0,1.0,3.0,35.0,3.0,1.0,1933.0,2.0,2.0,9.0,8.0,5000.0,6.0,1,2,2,2,2,1.0,4.8,2.46,1.0,4.0,3.0,4.0,3.0,4.0,3.0,2.0,6.0,4.0,6.0,5.0,6.0,1.0,5.0,6.0,5.0,1.0,3.0,3.0,5.0,2.0,5.0,6.0,5.0,6.0,1.0,1.0,4.0,1.0,1.0,6.0,6.0,6.0,3.0,1.0,1.0,3.0,5.0,3.0,3.0,4.0,4.0,3.0,6.0,6.0,6.0,5.0,6.0,6.0,6.0,5.0,5.0,3.0,3.0,4,2,1,4,1,1.0,2,1.0,2.0,3.0,1.0,1,18.5,1,74.0,5.0,30.0,1,77.0,8.57e-05
10540647,4.0,2,146,65,5,12.4,1.32,18,2.0,0.0,2.0,0.0,4.0,0.0,3.0,2.0,1.0,1.0,2.0,3.0,1.0,1.0,9.0,30.0,6.0,2.0,1952.0,2.0,2.0,6.0,8.0,15000.0,5.0,2,2,2,2,2,1.0,12.4,1.89,1.0,4.0,4.0,2.0,5.0,5.0,3.0,2.0,3.0,5.0,3.0,2.0,4.0,1.0,4.0,3.0,4.0,3.0,5.0,4.0,3.0,3.0,4.0,3.0,3.0,3.0,4.0,4.0,3.0,1.0,2.0,3.0,3.0,4.0,2.0,4.0,4.0,1.0,4.0,4.0,2.0,4.0,4.0,3.0,4.0,2.0,2.0,4.0,3.0,3.0,2.0,3.0,5.0,3.0,3.0,4,2,1,4,1,1.0,2,3.0,2.0,2.0,4.0,1,14.0,1,76.0,4.0,35.5,1,58.0,9.82e-05
10540659,4.0,1,71,23,12,4.8,0.75,10,2.0,0.0,1.0,0.0,4.0,2.0,1.0,1.0,1.0,1.0,2.0,0.0,1.0,1.0,6.0,35.0,2.0,1.0,1937.0,2.0,2.0,9.0,3.0,3250.0,7.0,2,2,2,2,2,1.0,4.8,1.07,2.0,3.0,2.0,3.0,5.0,5.0,6.0,6.0,3.0,2.0,4.0,5.0,5.0,3.0,4.0,6.0,5.0,1.0,5.0,5.0,4.0,4.0,6.0,5.0,3.0,6.0,4.0,2.0,5.0,1.0,1.0,6.0,5.0,3.0,2.0,2.0,3.0,1.0,4.0,5.0,2.0,5.0,4.0,3.0,6.0,1.0,2.0,5.0,6.0,4.0,2.0,4.0,4.0,2.0,3.0,4,2,1,4,1,3.0,1,2.0,2.0,1.0,4.0,1,8.0,1,36.0,7.0,20.0,1,73.0,0.000125765
10540660,4.0,1,71,23,12,4.8,0.75,10,2.0,0.0,1.0,0.0,4.0,2.0,1.0,1.0,1.0,1.0,2.0,0.0,1.0,1.0,6.0,35.0,2.0,1.0,1937.0,2.0,2.0,9.0,3.0,3250.0,7.0,2,2,2,2,2,1.0,4.8,1.07,2.0,3.0,2.0,3.0,5.0,5.0,6.0,6.0,3.0,2.0,4.0,5.0,5.0,3.0,4.0,6.0,5.0,1.0,5.0,5.0,4.0,4.0,6.0,5.0,3.0,6.0,4.0,2.0,5.0,1.0,1.0,6.0,5.0,3.0,2.0,2.0,3.0,1.0,4.0,5.0,2.0,5.0,4.0,3.0,6.0,1.0,2.0,5.0,6.0,4.0,2.0,4.0,4.0,2.0,3.0,4,2,1,4,1,3.0,1,2.0,2.0,1.0,4.0,1,8.0,1,36.0,7.0,20.0,1,73.0,0.000125765
10540672,1.0,4,84,9,12,9.6,2.26,31,4.0,2.0,2.0,0.0,4.0,2.0,1.0,1.0,1.0,1.0,2.0,0.0,1.0,1.0,6.0,6.0,5.0,2.0,1976.0,2.0,3.0,2.0,3.0,9000.0,3.0,2,2,2,2,2,1.0,9.6,3.24,1.0,2.0,3.0,3.0,4.0,4.0,4.0,2.0,6.0,4.0,6.0,6.0,4.0,6.0,4.0,4.0,4.0,1.0,5.0,3.0,4.0,4.0,4.0,2.0,2.0,2.0,5.0,2.0,4.0,3.0,6.0,6.0,6.0,2.0,4.0,2.0,4.0,1.0,4.0,5.0,3.0,5.0,5.0,5.0,2.0,2.0,1.0,5.0,1.0,2.0,3.0,2.0,4.0,2.0,1.0,4,2,1,4,1,5.0,2,3.0,1.0,2.0,3.0,1,23.0,1,63.0,4.0,50.0,1,34.0,0.00087004
10540675,4.0,0,25,24,0,2.6,0.28,3,2.0,0.0,0.0,0.0,2.0,0.0,1.0,1.0,1.0,1.0,0.0,0.0,1.0,1.0,3.0,6.0,2.0,2.0,1947.0,2.0,2.0,9.0,6.0,3250.0,3.0,1,2,2,2,2,2.0,2.2,0.4,3.0,5.0,3.0,4.0,5.0,4.0,6.0,6.0,6.0,4.0,4.0,5.0,2.0,3.0,5.0,6.0,4.0,1.0,5.0,4.0,4.0,2.0,1.0,3.0,5.0,4.0,2.0,5.0,5.0,4.0,1.0,5.0,3.0,3.0,5.0,2.0,5.0,1.0,3.0,4.0,1.0,3.0,3.0,2.0,6.0,1.0,1.0,5.0,6.0,3.0,2.0,3.0,4.0,3.0,3.0,4,2,1,4,1,5.0,2,1.0,3.0,2.0,3.0,1,2.0,1,1.0,4.0,10.0,1,63.0,0.000367986
10540675,4.0,0,23,16,0,5.6,0.34,4,2.0,0.0,0.0,0.0,2.0,0.0,1.0,1.0,1.0,1.0,0.0,0.0,1.0,1.0,3.0,6.0,2.0,2.0,1947.0,2.0,2.0,9.0,6.0,3250.0,3.0,1,2,2,2,2,2.0,2.8,0.49,3.0,5.0,3.0,4.0,5.0,4.0,6.0,6.0,6.0,4.0,4.0,5.0,2.0,3.0,5.0,6.0,4.0,1.0,5.0,4.0,4.0,2.0,1.0,3.0,5.0,4.0,2.0,5.0,5.0,4.0,1.0,5.0,3.0,3.0,5.0,2.0,5.0,1.0,3.0,4.0,1.0,3.0,3.0,2.0,6.0,1.0,1.0,5.0,6.0,3.0,2.0,3.0,4.0,3.0,3.0,4,2,1,4,1,5.0,2,1.0,3.0,2.0,3.0,1,3.0,1,7.0,4.0,15.0,1,63.0,0.000367986
10540689,1.0,3,141,49,17,6.0,2.04,28,4.0,2.0,2.0,0.0,4.0,2.0,3.0,1.0,1.0,2.0,2.0,1.0,1.0,1.0,8.0,7.0,6.0,1.0,1972.0,2.0,3.0,1.0,3.0,15000.0,4.0,2,2,2,2,2,1.0,6.0,2.92,1.0,2.0,4.0,4.0,3.0,3.0,4.0,3.0,2.0,2.0,3.0,5.0,5.0,1.0,2.0,4.0,4.0,2.0,5.0,3.0,2.0,4.0,3.0,3.0,2.0,1.0,2.0,3.0,4.0,2.0,2.0,6.0,2.0,3.0,2.0,2.0,3.0,1.0,4.0,5.0,2.0,4.0,4.0,4.0,3.0,2.0,3.0,4.0,2.0,3.0,2.0,2.0,2.0,1.0,2.0,4,2,1,4,1,4.0,2,4.0,3.0,2.0,3.0,1,21.0,1,75.0,4.0,40.0,1,38.0,0.000258025
10540689,1.0,6,118,32,15,6.0,2.04,28,4.0,2.0,2.0,0.0,4.0,2.0,3.0,1.0,1.0,2.0,2.0,1.0,1.0,1.0,8.0,7.0,6.0,1.0,1972.0,2.0,3.0,1.0,3.0,15000.0,4.0,2,2,2,2,2,1.0,6.0,2.92,1.0,2.0,4.0,4.0,3.0,3.0,4.0,3.0,2.0,2.0,3.0,5.0,5.0,1.0,2.0,4.0,4.0,2.0,5.0,3.0,2.0,4.0,3.0,3.0,2.0,1.0,2.0,3.0,4.0,2.0,2.0,6.0,2.0,3.0,2.0,2.0,3.0,1.0,4.0,5.0,2.0,4.0,4.0,4.0,3.0,2.0,3.0,4.0,2.0,3.0,2.0,2.0,2.0,1.0,2.0,4,2,1,4,1,4.0,2,4.0,3.0,2.0,3.0,1,21.0,1,71.0,4.0,30.0,1,38.0,0.000258025
10540691,1.0,3,135,53,37,13.2,1.53,20,4.0,2.0,2.0,0.0,4.0,1.0,2.0,1.0,1.0,2.0,2.0,0.0,1.0,1.0,6.5,5.0,6.0,2.0,1967.0,2.0,3.0,2.0,2.0,15000.0,7.0,2,2,2,2,2,1.0,13.2,2.19,3.0,4.0,2.0,2.0,5.0,5.0,4.0,1.0,3.0,5.0,2.0,4.0,4.0,1.0,5.0,4.0,2.0,1.0,5.0,5.0,5.0,4.0,4.0,4.0,2.0,2.0,4.0,2.0,5.0,2.0,1.0,1.0,4.0,4.0,4.0,3.0,4.0,1.0,2.0,4.0,1.0,2.0,5.0,3.0,6.0,3.0,2.0,5.0,2.0,3.0,1.0,5.0,5.0,3.0,3.0,4,2,1,4,1,4.0,3,3.0,2.0,2.0,3.0,1,15.6,1,45.0,5.0,25.0,1,43.0,0.000144039
10540691,4.0,0,68,62,0,5.2,0.55,7,4.0,2.0,2.0,0.0,4.0,1.0,2.0,1.0,1.0,2.0,2.0,0.0,1.0,1.0,6.5,5.0,6.0,2.0,1967.0,2.0,3.0,2.0,2.0,15000.0,7.0,2,2,2,2,2,1.0,5.2,0.79,3.0,4.0,2.0,2.0,5.0,5.0,4.0,1.0,3.0,5.0,2.0,4.0,4.0,1.0,5.0,4.0,2.0,1.0,5.0,5.0,5.0,4.0,4.0,4.0,2.0,2.0,4.0,2.0,5.0,2.0,1.0,1.0,4.0,4.0,4.0,3.0,4.0,1.0,2.0,4.0,1.0,2.0,5.0,3.0,6.0,3.0,2.0,5.0,2.0,3.0,1.0,5.0,5.0,3.0,3.0,4,2,1,4,1,4.0,2,3.0,2.0,2.0,3.0,1,5.5,1,6.0,5.0,10.0,1,43.0,0.000144039
10540692,11.0,5,278,111,40,61.6,5.96,62,4.0,2.0,2.0,0.0,3.0,2.0,2.0,1.0,1.0,1.0,2.0,0.0,1.0,1.0,6.5,5.0,6.0,1.0,1973.0,2.0,3.0,1.0,2.0,15000.0,7.0,2,2,2,2,2,1.0,61.6,8.54,4.0,3.0,2.0,2.0,5.0,4.0,1.0,4.0,2.0,5.0,2.0,4.0,5.0,1.0,2.0,5.0,3.0,1.0,5.0,3.0,4.0,5.0,4.0,4.0,1.0,6.0,4.0,1.0,5.0,2.0,2.0,6.0,1.0,2.0,2.0,2.0,2.0,1.0,2.0,4.0,1.0,4.0,3.0,4.0,3.0,1.0,1.0,5.0,2.0,3.0,3.0,2.0,4.0,4.0,3.0,4,2,1,4,1,5.0,3,3.0,1.0,1.0,3.0,1,65.5,1,127.0,3.0,70.0,1,37.0,0.000378621
10540692,4.0,0,33,26,0,5.4,0.38,4,4.0,2.0,2.0,0.0,3.0,2.0,2.0,1.0,1.0,1.0,2.0,0.0,1.0,1.0,6.5,5.0,6.0,1.0,1973.0,2.0,3.0,1.0,2.0,15000.0,7.0,2,2,2,2,2,1.0,5.4,0.54,4.0,3.0,2.0,2.0,5.0,4.0,1.0,4.0,2.0,5.0,2.0,4.0,5.0,1.0,2.0,5.0,3.0,1.0,5.0,3.0,4.0,5.0,4.0,4.0,1.0,6.0,4.0,1.0,5.0,2.0,2.0,6.0,1.0,2.0,2.0,2.0,2.0,1.0,2.0,4.0,1.0,4.0,3.0,4.0,3.0,1.0,1.0,5.0,2.0,3.0,3.0,2.0,4.0,4.0,3.0,4,2,1,4,1,5.0,2,3.0,1.0,1.0,3.0,1,3.1,1,7.0,3.0,4.0,1,37.0,0.000378621
10540756,4.0,0,51,45,0,2.6,0.48,7,1.0,0.0,1.0,0.0,0.0,0.0,1.0,1.0,2.0,1.0,1.0,0.0,1.0,1.0,2.0,5.0,2.0,2.0,1927.0,2.0,1.0,9.0,8.0,3250.0,6.0,2,2,2,2,2,1.0,2.6,0.69,1.0,1.0,2.0,4.0,4.0,4.0,4.0,3.0,3.0,5.0,4.0,4.0,1.0,4.0,4.0,6.0,4.0,1.0,4.0,4.0,4.0,4.0,4.0,2.0,4.0,4.0,2.0,2.0,4.0,4.0,1.0,4.0,3.0,2.0,4.0,4.0,3.0,1.0,2.0,5.0,2.0,2.0,4.0,4.0,3.0,3.0,2.0,5.0,2.0,3.0,2.0,4.0,4.0,4.0,3.0,4,2,1,4,1,1.0,1,3.0,2.0,2.0,3.0,1,4.0,1,6.0,4.0,10.0,1,83.0,0.000181985
10540774,7.0,4,232,112,9,50.0,7.08,77,3.0,0.0,2.0,0.0,3.0,0.0,3.0,3.0,1.0,1.0,3.0,1.0,1.0,1.0,6.0,19.0,6.0,1.0,1953.0,1.0,3.0,1.0,2.0,15000.0,7.0,2,2,2,2,2,1.0,50.0,10.15,2.0,4.0,2.0,3.0,4.0,4.0,5.0,3.0,2.0,3.0,2.0,5.0,4.0,3.0,4.0,3.0,3.0,3.0,4.0,4.0,4.0,4.0,4.0,3.0,3.0,2.0,4.0,2.0,4.0,2.0,3.0,2.0,2.0,2.0,2.0,3.0,2.0,1.0,4.0,4.0,2.0,4.0,4.0,4.0,4.0,3.0,3.0,4.0,3.0,2.0,3.0,2.0,2.0,3.0,3.0,4,2,1,4,1,4.0,3,3.0,2.0,2.0,4.0,1,72.0,1,111.0,2.0,105.0,1,57.0,0.000160139
10540803,7.0,4,119,18,21,11.0,2.37,30,4.0,0.0,2.0,0.0,3.0,0.0,4.0,1.0,1.0,1.0,4.0,1.0,1.0,1.0,6.0,6.0,4.0,1.0,1989.0,2.0,6.0,8.0,6.0,6101.0,2.0,1,2,2,2,2,2.0,5.5,3.4,3.0,2.0,3.0,2.0,4.0,4.0,3.0,2.0,4.0,3.0,2.0,2.0,3.0,4.0,2.0,6.0,3.0,1.0,3.0,2.0,4.0,3.0,4.0,5.0,4.0,4.0,4.0,2.0,5.0,3.0,2.0,1.0,2.0,3.0,3.0,4.0,3.0,2.0,3.0,3.0,2.0,4.0,3.0,2.0,2.0,2.0,2.0,2.0,4.0,3.0,3.0,3.0,4.0,2.0,3.0,4,2,1,4,1,5.0,2,3.0,1.0,2.0,1.0,1,22.0,0,80.0,4.0,42.0,1,21.0,0.003869639
10540804,3.0,2,141,45,10,14.0,3.24,44,2.0,0.0,1.0,0.0,2.0,0.0,2.0,1.0,1.0,1.0,2.0,0.0,1.0,1.0,5.0,11.0,4.0,1.0,1986.0,2.0,6.0,8.0,8.0,10807.0,7.0,1,2,2,2,2,1.0,7.0,4.64,3.0,2.0,3.0,2.0,4.0,4.0,4.0,2.0,4.0,4.0,2.0,2.0,4.0,2.0,3.0,6.0,3.0,3.0,4.0,2.0,3.0,3.0,4.0,4.0,4.0,4.0,2.0,2.0,4.0,4.0,2.0,1.0,2.0,2.0,3.0,3.0,2.0,2.0,4.0,3.0,2.0,3.0,3.0,3.0,6.0,2.0,3.0,4.0,2.0,3.0,2.0,4.0,3.0,2.0,2.0,4,2,1,4,1,3.0,3,3.0,2.0,3.0,4.0,1,31.5,0,86.0,4.0,135.0,1,24.0,0.000378621
10540806,11.0,0,22,15,0,2.6,0.37,5,2.0,0.0,2.0,0.0,0.0,0.0,1.0,2.0,2.0,1.0,2.0,0.0,1.0,2.0,6.0,25.0,3.0,2.0,1943.0,3.0,2.0,9.0,7.0,5000.0,1.0,1,2,2,2,2,2.0,2.2,0.53,4.0,3.0,4.0,4.0,4.0,4.0,3.0,3.0,3.0,4.0,2.0,4.0,2.0,3.0,3.0,3.0,3.0,3.0,4.0,3.0,4.0,4.0,3.0,3.0,2.0,3.0,5.0,4.0,3.0,2.0,2.0,2.0,3.0,3.0,3.0,1.0,3.0,1.0,2.0,5.0,5.0,5.0,5.0,4.0,3.0,3.0,3.0,4.0,2.0,4.0,4.0,3.0,3.0,3.0,3.0,4,2,1,4,1,5.0,1,3.0,2.0,3.0,3.0,1,3.0,1,7.0,4.0,10.0,1,67.0,0.002262409
10540807,3.0,0,59,37,0,4.8,0.84,11,1.0,0.0,1.0,0.0,0.0,0.0,2.0,0.0,1.0,2.0,1.0,0.0,2.0,1.0,1.0,9.0,1.0,1.0,1967.0,3.0,1.0,7.0,6.0,2000.0,7.0,1,2,2,2,2,1.0,2.4,1.2,3.0,4.0,4.0,3.0,4.0,4.0,4.0,3.0,3.0,4.0,2.0,4.0,4.0,2.0,3.0,3.0,3.0,1.0,5.0,1.0,5.0,5.0,5.0,6.0,5.0,3.0,4.0,4.0,4.0,2.0,1.0,6.0,3.0,3.0,4.0,4.0,3.0,2.0,3.0,4.0,5.0,3.0,5.0,6.0,5.0,5.0,3.0,5.0,3.0,3.0,3.0,2.0,3.0,4.0,1.0,4,2,1,4,1,1.0,1,4.0,2.0,3.0,3.0,1,7.0,1,22.0,4.0,80.0,1,43.0,0.000160139
10541086,1.0,4,245,114,15,28.4,6.54,71,4.0,2.0,1.0,1.0,4.0,2.0,2.0,1.0,1.0,1.0,4.0,0.0,2.0,1.0,4.0,12.0,5.0,2.0,1969.0,3.0,3.0,2.0,5.0,9000.0,3.0,1,2,2,2,2,1.0,14.2,9.37,2.0,5.0,3.0,1.0,5.0,5.0,4.0,6.0,1.0,1.0,4.0,4.0,4.0,1.0,5.0,1.0,4.0,1.0,4.0,3.0,4.0,2.0,5.0,1.0,5.0,5.0,2.0,1.0,5.0,3.0,2.0,5.0,4.0,1.0,2.0,4.0,5.0,1.0,5.0,5.0,3.0,4.0,4.0,4.0,6.0,1.0,1.0,5.0,1.0,1.0,2.0,3.0,4.0,5.0,2.0,4,2,1,4,1,3.0,4,2.0,2.0,2.0,3.0,1,66.0,1,116.0,5.0,85.0,1,41.0,0.000367986
10541086,1.0,1,85,39,3,11.0,2.47,35,4.0,2.0,1.0,1.0,4.0,2.0,2.0,1.0,1.0,1.0,4.0,0.0,2.0,1.0,4.0,12.0,5.0,2.0,1969.0,3.0,3.0,2.0,5.0,9000.0,3.0,1,2,2,2,2,1.0,5.5,3.54,2.0,5.0,3.0,1.0,5.0,5.0,4.0,6.0,1.0,1.0,4.0,4.0,4.0,1.0,5.0,1.0,4.0,1.0,4.0,3.0,4.0,2.0,5.0,1.0,5.0,5.0,2.0,1.0,5.0,3.0,2.0,5.0,4.0,1.0,2.0,4.0,5.0,1.0,5.0,5.0,3.0,4.0,4.0,4.0,6.0,1.0,1.0,5.0,1.0,1.0,2.0,3.0,4.0,5.0,1.0,4,2,1,4,1,3.0,2,2.0,2.0,2.0,3.0,1,24.0,1,43.0,5.0,55.0,1,41.0,0.000367986
10980037,1.0,0,17,9,0,3.0,1.19,17,4.0,0.0,1.0,0.0,1.0,0.0,3.0,4.0,1.0,1.0,4.0,1.0,1.0,1.0,7.0,22.0,6.0,2.0,1981.0,2.0,1.0,1.0,6.0,15000.0,7.0,2,2,1,2,2,2.0,0.0,1.71,2.0,4.0,2.0,4.0,4.0,4.0,5.0,4.0,2.0,4.0,1.0,4.0,2.0,1.0,4.0,6.0,5.0,3.0,5.0,4.0,2.0,4.0,5.0,4.0,5.0,5.0,2.0,1.0,5.0,5.0,1.0,5.0,1.0,4.0,2.0,4.0,5.0,1.0,5.0,5.0,2.0,2.0,4.0,4.0,5.0,5.0,4.0,2.0,2.0,4.0,2.0,5.0,5.0,2.0,1.0,9,1,1,4,1,5.0,1,3.0,2.0,2.0,4.0,1,11.0,0,8.0,2.0,35.0,1,29.0,0.000340556
10980079,1.0,0,154,130,0,9.6,2.26,30,5.0,3.0,2.0,0.0,7.0,3.0,3.0,0.0,1.0,1.0,2.0,0.0,2.0,2.0,4.0,10.0,5.0,1.0,1970.0,2.0,3.0,1.0,3.0,9000.0,6.0,1,2,2,2,1,1.0,4.8,3.24,4.0,5.0,4.0,1.0,5.0,5.0,5.0,3.0,3.0,5.0,5.0,4.0,5.0,1.0,2.0,2.0,4.0,1.0,5.0,2.0,5.0,3.0,4.0,6.0,4.0,4.0,3.0,2.0,5.0,2.0,3.0,1.0,1.0,1.0,3.0,2.0,4.0,1.0,3.0,5.0,3.0,4.0,5.0,5.0,4.0,6.0,1.0,5.0,1.0,3.0,2.0,4.0,5.0,3.0,3.0,9,1,1,4,1,4.0,4,3.0,2.0,2.0,3.0,1,19.6,1,24.0,8.0,65.0,1,40.0,0.000109132
10980080,8.0,2,126,49,27,6.2,1.54,20,5.0,3.0,2.0,0.0,6.0,3.0,3.0,0.0,1.0,1.0,2.0,0.0,2.0,2.0,4.0,10.0,5.0,2.0,1972.0,2.0,3.0,6.0,8.0,9000.0,6.0,1,2,2,2,2,1.0,3.1,2.21,4.0,4.0,6.0,3.0,5.0,4.0,4.0,3.0,3.0,5.0,3.0,5.0,4.0,2.0,4.0,2.0,2.0,1.0,4.0,2.0,5.0,3.0,2.0,6.0,5.0,6.0,2.0,2.0,5.0,4.0,2.0,2.0,4.0,1.0,4.0,2.0,2.0,1.0,1.0,5.0,1.0,4.0,4.0,3.0,3.0,3.0,3.0,5.0,1.0,4.0,3.0,4.0,4.0,3.0,3.0,9,1,1,4,1,2.0,2,3.0,2.0,2.0,2.0,1,15.5,1,50.0,5.0,15.0,1,38.0,0.000232084
10980080,4.0,3,153,88,18,11.0,4.88,41,5.0,3.0,2.0,0.0,6.0,3.0,3.0,0.0,1.0,1.0,2.0,0.0,2.0,2.0,4.0,10.0,5.0,2.0,1972.0,2.0,3.0,6.0,8.0,9000.0,6.0,1,2,2,2,2,1.0,5.5,6.99,4.0,4.0,6.0,3.0,5.0,4.0,4.0,3.0,3.0,5.0,3.0,5.0,4.0,2.0,4.0,2.0,2.0,1.0,4.0,2.0,5.0,3.0,2.0,6.0,5.0,6.0,2.0,2.0,5.0,4.0,2.0,2.0,4.0,1.0,4.0,2.0,2.0,1.0,1.0,5.0,1.0,4.0,4.0,3.0,3.0,3.0,3.0,5.0,1.0,4.0,3.0,4.0,4.0,3.0,3.0,9,1,1,4,1,2.0,2,3.0,2.0,2.0,2.0,1,52.0,1,47.0,5.0,45.0,1,38.0,0.000232084
10980080,8.0,0,48,42,0,2.2,1.54,20,5.0,3.0,2.0,0.0,6.0,3.0,3.0,0.0,1.0,1.0,2.0,0.0,2.0,2.0,4.0,10.0,5.0,2.0,1972.0,2.0,3.0,6.0,8.0,9000.0,6.0,1,2,2,2,2,1.0,2.2,2.21,4.0,4.0,6.0,3.0,5.0,4.0,4.0,3.0,3.0,5.0,3.0,5.0,4.0,2.0,4.0,2.0,2.0,1.0,4.0,2.0,5.0,3.0,2.0,6.0,5.0,6.0,2.0,2.0,5.0,4.0,2.0,2.0,4.0,1.0,4.0,2.0,2.0,1.0,1.0,5.0,1.0,4.0,4.0,3.0,3.0,3.0,3.0,5.0,1.0,4.0,3.0,4.0,4.0,3.0,3.0,9,1,1,4,1,2.0,2,3.0,2.0,2.0,2.0,1,15.5,1,6.0,5.0,16.0,1,38.0,0.000232084
10980080,9.0,2,114,49,28,6.2,1.49,20,5.0,3.0,2.0,0.0,6.0,3.0,3.0,0.0,1.0,1.0,2.0,0.0,2.0,2.0,4.0,10.0,5.0,2.0,1972.0,2.0,3.0,6.0,8.0,9000.0,6.0,1,2,2,2,2,1.0,3.1,2.14,4.0,4.0,6.0,3.0,5.0,4.0,4.0,3.0,3.0,5.0,3.0,5.0,4.0,2.0,4.0,2.0,2.0,1.0,4.0,2.0,5.0,3.0,2.0,6.0,5.0,6.0,2.0,2.0,5.0,4.0,2.0,2.0,4.0,1.0,4.0,2.0,2.0,1.0,1.0,5.0,1.0,4.0,4.0,3.0,3.0,3.0,3.0,5.0,1.0,4.0,3.0,4.0,4.0,3.0,3.0,9,1,1,4,1,2.0,2,3.0,2.0,2.0,2.0,1,14.5,1,37.0,5.0,30.0,1,38.0,0.000232084
10980111,4.0,1,203,167,2,14.0,2.51,29,1.0,0.0,1.0,0.0,0.0,0.0,1.0,0.0,1.0,1.0,1.0,0.0,1.0,1.0,5.0,36.0,2.0,1.0,1942.0,2.0,7.0,9.0,3.0,3250.0,4.0,2,2,2,2,2,1.0,14.0,3.6,2.0,3.0,4.0,3.0,4.0,4.0,3.0,3.0,4.0,4.0,3.0,4.0,3.0,2.0,4.0,4.0,4.0,3.0,4.0,4.0,3.0,4.0,4.0,3.0,3.0,3.0,4.0,3.0,4.0,2.0,4.0,3.0,3.0,3.0,3.0,4.0,3.0,3.0,3.0,4.0,3.0,4.0,3.0,4.0,3.0,3.0,3.0,4.0,3.0,4.0,4.0,4.0,4.0,3.0,3.0,9,1,1,4,1,5.0,4,4.0,2.0,1.0,4.0,1,23.0,1,34.0,4.0,35.0,1,68.0,8.57e-05
10980195,7.0,3,109,28,36,19.0,3.15,35,4.0,0.0,1.0,0.0,1.0,0.0,1.0,1.0,1.0,2.0,1.0,0.0,2.0,1.0,3.0,8.0,3.0,2.0,1972.0,2.0,1.0,1.0,2.0,5000.0,7.0,2,2,2,2,2,1.0,19.0,4.51,2.0,4.0,3.0,4.0,4.0,5.0,4.0,2.0,3.0,4.0,4.0,3.0,4.0,2.0,2.0,5.0,4.0,3.0,5.0,4.0,3.0,4.0,5.0,3.0,2.0,1.0,1.0,2.0,4.0,2.0,2.0,2.0,6.0,2.0,2.0,1.0,3.0,1.0,3.0,4.0,3.0,4.0,3.0,3.0,2.0,2.0,2.0,2.0,2.0,4.0,4.0,4.0,4.0,4.0,3.0,9,1,1,4,1,5.0,2,4.0,2.0,2.0,4.0,1,39.0,1,45.0,6.0,30.0,1,38.0,0.000340556
10980223,8.0,2,89,39,5,72.1,3.26,46,2.0,0.0,2.0,0.0,2.0,0.0,2.0,1.0,2.0,1.0,1.0,0.0,1.0,1.0,5.0,72.0,3.0,1.0,1937.0,2.0,2.0,9.0,5.0,5000.0,4.0,2,2,2,2,2,1.0,72.1,4.67,4.0,3.0,4.0,3.0,5.0,5.0,3.0,3.0,3.0,4.0,4.0,3.0,4.0,4.0,4.0,3.0,4.0,3.0,3.0,5.0,4.0,4.0,3.0,3.0,5.0,2.0,5.0,4.0,1.0,2.0,2.0,3.0,4.0,2.0,4.0,4.0,3.0,2.0,3.0,4.0,4.0,3.0,4.0,4.0,4.0,1.0,2.0,6.0,3.0,3.0,3.0,3.0,3.0,3.0,3.0,9,1,1,4,1,5.0,4,3.0,2.0,2.0,3.0,1,24.4,1,45.0,5.0,140.0,1,73.0,8.57e-05
11460027,1.0,2,128,57,10,21.0,3.77,46,2.0,0.0,1.0,0.0,2.0,0.0,2.0,1.0,1.0,1.0,2.0,0.0,1.0,1.0,4.0,10.0,5.0,2.0,1958.0,2.0,2.0,1.0,6.0,9000.0,3.0,2,2,1,2,2,3.0,0.0,5.4,3.0,5.0,2.0,2.0,4.0,4.0,4.0,5.0,3.0,5.0,1.0,5.0,5.0,1.0,4.0,6.0,2.0,1.0,6.0,6.0,6.0,4.0,6.0,4.0,5.0,5.0,4.0,2.0,5.0,5.0,1.0,2.0,3.0,1.0,4.0,1.0,5.0,1.0,4.0,5.0,2.0,2.0,1.0,4.0,4.0,1.0,2.0,5.0,2.0,2.0,2.0,3.0,4.0,4.0,3.0,8,1,1,3,1,2.0,4,1.0,2.0,2.0,1.0,1,33.1,0,61.0,4.0,195.0,1,52.0,0.000367986
11460028,10.0,3,192,27,33,48.2,12.18,96,2.0,0.0,1.0,0.0,2.0,0.0,2.0,1.0,1.0,1.0,2.0,0.0,1.0,1.0,4.0,10.0,5.0,1.0,1946.0,1.0,1.0,9.0,4.0,9000.0,4.0,2,2,2,2,2,1.0,48.2,17.45,2.0,4.0,4.0,3.0,4.0,3.0,6.0,2.0,2.0,5.0,2.0,4.0,5.0,1.0,2.0,6.0,2.0,1.0,5.0,5.0,2.0,4.0,4.0,4.0,4.0,2.0,2.0,1.0,4.0,1.0,1.0,1.0,1.0,2.0,2.0,2.0,3.0,1.0,1.0,5.0,2.0,4.0,2.0,4.0,6.0,1.0,1.0,5.0,2.0,5.0,3.0,4.0,5.0,2.0,3.0,8,1,1,3,1,5.0,3,1.0,2.0,1.0,2.0,1,130.5,0,132.0,2.0,35.5,1,64.0,0.000109132
11460060,8.0,6,239,49,30,45.4,6.6,70,6.0,4.0,2.0,0.0,6.0,4.0,2.0,1.0,1.0,1.0,4.0,2.0,1.0,1.0,9.0,4.0,6.0,1.0,1963.0,3.0,3.0,1.0,1.0,15000.0,7.0,1,2,2,2,2,1.0,22.7,9.46,5.0,4.0,4.0,3.0,5.0,6.0,2.0,4.0,2.0,4.0,2.0,4.0,4.0,2.0,2.0,2.0,4.0,2.0,4.0,3.0,4.0,3.0,4.0,1.0,4.0,4.0,4.0,1.0,4.0,1.0,1.0,1.0,1.0,3.0,3.0,2.0,3.0,1.0,3.0,5.0,3.0,4.0,2.0,5.0,1.0,2.0,2.0,4.0,2.0,2.0,3.0,5.0,5.0,1.0,3.0,8,1,1,3,1,5.0,3,4.0,1.0,1.0,3.0,1,70.5,1,160.0,4.0,55.0,1,47.0,0.000160139
11460070,2.0,6,155,44,33,22.6,4.14,47,1.0,0.0,2.0,0.0,2.0,0.0,1.0,2.0,1.0,2.0,2.0,1.0,1.0,1.0,4.0,5.0,6.0,2.0,1954.0,2.0,2.0,1.0,1.0,15000.0,6.0,2,2,2,2,2,1.0,22.6,5.93,1.0,4.0,4.0,3.0,4.0,4.0,5.0,3.0,3.0,4.0,3.0,3.0,3.0,2.0,3.0,3.0,4.0,1.0,5.0,5.0,3.0,3.0,3.0,4.0,2.0,3.0,2.0,2.0,5.0,3.0,4.0,3.0,3.0,1.0,1.0,2.0,2.0,1.0,4.0,5.0,2.0,3.0,3.0,3.0,3.0,1.0,1.0,5.0,3.0,4.0,3.0,3.0,3.0,1.0,1.0,8,1,1,3,1,2.0,2,3.0,2.0,3.0,1.0,1,43.0,1,78.0,4.0,40.0,1,56.0,9.82e-05
11460082,1.0,6,206,62,32,26.0,6.67,71,2.0,0.0,2.0,2.0,0.0,0.0,1.0,2.0,1.0,1.0,2.0,2.0,1.0,2.0,3.0,3.0,5.0,2.0,1952.0,2.0,2.0,2.0,6.0,9000.0,4.0,2,2,2,2,2,1.0,26.0,9.56,3.0,5.0,3.0,3.0,4.0,4.0,3.0,4.0,3.0,4.0,6.0,5.0,4.0,2.0,4.0,6.0,4.0,2.0,4.0,3.0,4.0,3.0,3.0,4.0,3.0,6.0,4.0,3.0,4.0,3.0,3.0,3.0,3.0,4.0,3.0,2.0,4.0,2.0,3.0,4.0,3.0,4.0,4.0,4.0,4.0,2.0,3.0,4.0,2.0,4.0,4.0,4.0,4.0,3.0,1.0,8,1,1,3,1,1.0,2,3.0,2.0,2.0,4.0,1,71.0,1,112.0,4.0,70.0,1,58.0,9.82e-05
11460106,1.0,0,20,17,0,2.2,0.24,3,2.0,0.0,1.0,0.0,0.0,0.0,0.0,1.0,2.0,1.0,1.0,0.0,1.0,1.0,6.0,47.0,2.0,1.0,1935.0,1.0,3.0,5.0,6.0,3250.0,2.0,2,2,2,2,2,1.0,2.2,0.34,1.0,4.0,2.0,4.0,3.0,4.0,4.0,3.0,3.0,4.0,3.0,4.0,4.0,2.0,4.0,6.0,4.0,2.0,4.0,4.0,4.0,4.0,4.0,4.0,2.0,4.0,2.0,4.0,4.0,2.0,2.0,2.0,3.0,2.0,4.0,4.0,3.0,1.0,2.0,5.0,2.0,4.0,4.0,4.0,3.0,3.0,2.0,4.0,2.0,3.0,2.0,4.0,4.0,4.0,1.0,8,1,1,3,1,5.0,1,3.0,2.0,2.0,4.0,1,2.5,0,3.0,4.0,5.0,1,75.0,0.001285365
14050001,1.0,0,70,61,0,6.8,0.71,10,5.0,2.0,2.0,1.0,4.0,2.0,1.0,1.0,1.0,2.0,3.0,0.0,1.0,1.0,6.0,7.0,4.0,2.0,1969.0,2.0,3.0,2.0,6.0,7000.0,3.0,1,2,2,2,2,1.0,3.4,1.02,2.0,5.0,3.0,2.0,4.0,5.0,5.0,3.0,4.0,5.0,2.0,3.0,4.0,4.0,3.0,4.0,4.0,1.0,5.0,4.0,3.0,4.0,2.0,3.0,4.0,3.0,4.0,5.0,4.0,2.0,1.0,1.0,4.0,2.0,4.0,4.0,5.0,1.0,3.0,5.0,2.0,4.0,4.0,5.0,6.0,6.0,1.0,4.0,1.0,2.0,4.0,2.0,3.0,4.0,1.0,7,1,1,2,1,5.0,2,3.0,2.0,2.0,3.0,1,5.0,1,9.0,4.0,10.0,1,41.0,0.000367986
14050001,1.0,0,35,22,0,6.8,0.7,9,5.0,2.0,2.0,1.0,4.0,2.0,1.0,1.0,1.0,2.0,3.0,0.0,1.0,1.0,6.0,7.0,4.0,2.0,1969.0,2.0,3.0,2.0,6.0,7000.0,3.0,1,2,2,2,2,1.0,3.4,1.0,2.0,5.0,3.0,2.0,4.0,5.0,5.0,3.0,4.0,5.0,2.0,3.0,4.0,4.0,3.0,4.0,4.0,1.0,5.0,4.0,3.0,4.0,2.0,3.0,4.0,3.0,4.0,5.0,4.0,2.0,1.0,1.0,4.0,2.0,4.0,4.0,5.0,1.0,3.0,5.0,2.0,4.0,4.0,5.0,6.0,6.0,1.0,4.0,1.0,2.0,4.0,2.0,3.0,4.0,1.0,7,1,1,2,1,5.0,2,3.0,2.0,2.0,3.0,1,5.0,1,13.0,4.0,10.0,1,41.0,0.000367986
14050047,1.0,5,183,42,53,34.4,9.02,69,2.0,0.0,3.0,1.0,2.0,0.0,2.0,1.0,1.0,2.0,2.0,0.0,2.0,2.0,5.0,1.0,6.0,1.0,1979.0,3.0,7.0,1.0,6.0,15000.0,3.0,1,2,2,2,2,1.0,17.2,12.93,2.0,1.0,4.0,1.0,4.0,4.0,2.0,4.0,2.0,5.0,4.0,4.0,4.0,2.0,4.0,6.0,4.0,3.0,5.0,2.0,3.0,4.0,4.0,5.0,2.0,1.0,2.0,4.0,4.0,1.0,1.0,2.0,3.0,2.0,4.0,4.0,3.0,1.0,5.0,3.0,2.0,5.0,4.0,4.0,5.0,4.0,4.0,3.0,1.0,2.0,1.0,2.0,5.0,4.0,2.0,7,1,1,2,1,4.0,2,4.0,2.0,2.0,2.0,1,96.0,1,88.0,3.0,80.0,1,31.0,0.000967286
14050047,10.0,4,181,60,16,36.4,6.81,53,2.0,0.0,3.0,1.0,2.0,0.0,2.0,1.0,1.0,2.0,2.0,0.0,2.0,2.0,5.0,1.0,6.0,1.0,1979.0,3.0,7.0,1.0,6.0,15000.0,3.0,1,2,2,2,2,1.0,18.2,9.76,2.0,1.0,4.0,1.0,4.0,4.0,2.0,4.0,2.0,5.0,4.0,4.0,4.0,2.0,4.0,6.0,4.0,3.0,5.0,2.0,3.0,4.0,4.0,5.0,2.0,1.0,2.0,4.0,4.0,1.0,1.0,2.0,3.0,2.0,4.0,4.0,3.0,1.0,5.0,3.0,2.0,5.0,4.0,4.0,5.0,4.0,4.0,3.0,1.0,2.0,1.0,2.0,5.0,4.0,3.0,7,1,1,2,1,4.0,2,4.0,2.0,2.0,2.0,1,75.0,1,105.0,3.0,70.0,1,31.0,0.000967286
14050075,1.0,4,145,67,20,32.4,6.87,54,4.0,2.0,2.0,0.0,4.0,2.0,1.0,1.0,1.0,1.0,2.0,0.0,1.0,1.0,5.0,10.0,4.0,1.0,1966.0,2.0,3.0,1.0,6.0,7000.0,3.0,2,2,1,2,2,1.0,0.0,9.84,5.0,5.0,3.0,2.0,5.0,5.0,5.0,4.0,2.0,6.0,4.0,2.0,4.0,2.0,3.0,3.0,3.0,1.0,5.0,4.0,4.0,4.0,2.0,4.0,3.0,2.0,1.0,2.0,4.0,1.0,4.0,2.0,2.0,3.0,4.0,2.0,3.0,1.0,2.0,4.0,3.0,2.0,4.0,2.0,3.0,2.0,1.0,5.0,4.0,3.0,1.0,4.0,5.0,4.0,1.0,7,1,1,2,1,6.0,2,4.0,1.0,1.0,4.0,1,76.0,0,58.0,1.0,135.0,1,44.0,0.000409116
14050076,7.0,0,70,62,0,7.4,1.07,16,4.0,2.0,2.0,0.0,4.0,2.0,1.0,1.0,1.0,1.0,2.0,0.0,1.0,1.0,5.0,10.0,4.0,2.0,1971.0,2.0,3.0,6.0,6.0,7000.0,3.0,1,2,2,2,2,1.0,3.7,1.53,3.0,4.0,2.0,4.0,5.0,5.0,6.0,6.0,1.0,5.0,4.0,5.0,5.0,1.0,5.0,1.0,2.0,1.0,4.0,2.0,4.0,2.0,2.0,4.0,4.0,4.0,4.0,2.0,4.0,1.0,4.0,1.0,1.0,1.0,4.0,1.0,3.0,1.0,6.0,6.0,1.0,5.0,5.0,6.0,6.0,1.0,1.0,5.0,3.0,3.0,4.0,4.0,4.0,4.0,3.0,7,1,1,2,1,3.0,2,3.0,2.0,2.0,3.0,1,8.0,1,8.0,5.0,25.0,1,39.0,0.00087004
14050076,4.0,2,100,45,18,8.4,1.87,23,4.0,2.0,2.0,0.0,4.0,2.0,1.0,1.0,1.0,1.0,2.0,0.0,1.0,1.0,5.0,10.0,4.0,2.0,1971.0,2.0,3.0,6.0,6.0,7000.0,3.0,1,2,2,2,2,1.0,4.2,2.68,3.0,4.0,2.0,4.0,5.0,5.0,6.0,6.0,1.0,5.0,4.0,5.0,5.0,1.0,5.0,1.0,2.0,1.0,4.0,2.0,4.0,2.0,2.0,4.0,4.0,4.0,4.0,2.0,4.0,1.0,4.0,1.0,1.0,1.0,4.0,1.0,3.0,1.0,6.0,6.0,1.0,5.0,5.0,6.0,6.0,1.0,1.0,5.0,3.0,3.0,4.0,4.0,4.0,4.0,3.0,7,1,1,2,1,3.0,3,3.0,2.0,2.0,3.0,1,17.5,1,37.0,5.0,45.0,1,39.0,0.00087004
14050110,1.0,2,65,16,3,18.2,3.58,28,2.0,0.0,2.0,0.0,2.0,0.0,1.0,1.0,1.0,2.0,2.0,0.0,2.0,1.0,5.5,2.0,5.0,2.0,1953.0,2.0,2.0,2.0,6.0,9000.0,3.0,2,2,2,2,2,1.0,18.2,5.13,2.0,3.0,4.0,3.0,4.0,4.0,4.0,5.0,3.0,3.0,4.0,5.0,5.0,3.0,3.0,3.0,5.0,2.0,5.0,5.0,3.0,5.0,5.0,5.0,3.0,3.0,2.0,5.0,2.0,1.0,1.0,1.0,3.0,4.0,5.0,5.0,4.0,1.0,3.0,5.0,2.0,4.0,3.0,4.0,5.0,3.0,2.0,5.0,1.0,3.0,2.0,4.0,4.0,2.0,1.0,7,1,1,2,1,2.0,1,3.0,2.0,2.0,3.0,1,39.0,1,46.0,4.0,40.0,1,57.0,0.000367986
14050110,4.0,0,15,3,0,3.4,0.55,8,2.0,0.0,2.0,0.0,2.0,0.0,1.0,1.0,1.0,2.0,2.0,0.0,2.0,1.0,5.5,2.0,5.0,2.0,1953.0,2.0,2.0,2.0,6.0,9000.0,3.0,2,2,2,2,2,1.0,3.4,0.79,2.0,3.0,4.0,3.0,4.0,4.0,4.0,5.0,3.0,3.0,4.0,5.0,5.0,3.0,3.0,3.0,5.0,2.0,5.0,5.0,3.0,5.0,5.0,5.0,3.0,3.0,2.0,5.0,2.0,1.0,1.0,1.0,3.0,4.0,5.0,5.0,4.0,1.0,3.0,5.0,2.0,4.0,3.0,4.0,5.0,3.0,2.0,5.0,1.0,3.0,2.0,4.0,4.0,2.0,3.0,7,1,1,2,1,2.0,1,3.0,2.0,2.0,3.0,1,4.0,1,12.0,4.0,15.0,1,57.0,0.001472131
14050133,2.0,3,284,84,74,62.6,12.4,95,2.0,0.0,1.0,0.0,2.0,0.0,2.0,1.0,1.0,1.0,2.0,0.0,1.0,2.0,5.5,2.0,6.0,1.0,1973.0,2.0,2.0,1.0,1.0,15000.0,3.0,2,2,1,2,2,1.0,0.0,17.77,3.0,2.0,2.0,2.0,4.0,3.0,4.0,4.0,4.0,3.0,2.0,2.0,4.0,3.0,3.0,3.0,2.0,2.0,5.0,5.0,4.0,5.0,4.0,3.0,4.0,4.0,4.0,2.0,4.0,4.0,4.0,4.0,2.0,2.0,5.0,4.0,5.0,5.0,2.0,2.0,5.0,2.0,5.0,2.0,2.0,4.0,3.0,3.0,2.0,4.0,3.0,4.0,4.0,4.0,2.0,7,1,1,2,1,1.0,3,4.0,1.0,3.0,4.0,1,128.0,1,126.0,4.0,105.0,1,37.0,0.000967286
14050134,8.0,1,105,36,15,21.8,2.74,24,2.0,0.0,1.0,0.0,2.0,0.0,2.0,1.0,1.0,1.0,2.0,0.0,1.0,2.0,5.5,2.0,6.0,2.0,1976.0,2.0,2.0,2.0,2.0,15000.0,7.0,1,2,2,2,2,1.0,10.9,3.93,1.0,3.0,2.0,1.0,5.0,5.0,5.0,2.0,5.0,5.0,3.0,2.0,5.0,1.0,5.0,2.0,4.0,2.0,5.0,4.0,2.0,2.0,2.0,2.0,5.0,5.0,5.0,2.0,5.0,5.0,2.0,5.0,3.0,2.0,5.0,5.0,5.0,4.0,4.0,3.0,4.0,2.0,5.0,2.0,4.0,2.0,1.0,4.0,1.0,5.0,4.0,4.0,4.0,1.0,3.0,7,1,1,2,1,2.0,2,4.0,1.0,1.0,2.0,1,28.0,1,54.0,4.0,30.0,1,34.0,0.000340556
14050180,1.0,0,55,34,0,3.4,0.9,9,4.0,3.0,1.0,0.0,4.0,3.0,1.0,1.0,1.0,2.0,3.0,0.0,2.0,2.0,4.0,3.0,2.0,2.0,1963.0,2.0,4.0,2.0,6.0,3250.0,3.0,2,2,2,2,2,1.0,3.4,1.29,2.0,4.0,1.0,2.0,4.0,5.0,5.0,2.0,4.0,4.0,2.0,4.0,4.0,2.0,4.0,5.0,5.0,2.0,5.0,5.0,3.0,3.0,4.0,3.0,2.0,1.0,4.0,4.0,2.0,2.0,2.0,2.0,4.0,2.0,4.0,4.0,4.0,2.0,4.0,4.0,2.0,3.0,4.0,3.0,3.0,2.0,2.0,5.0,2.0,4.0,2.0,4.0,4.0,2.0,1.0,7,1,1,2,1,2.0,1,4.0,2.0,1.0,3.0,1,9.5,1,21.0,4.0,15.0,1,47.0,0.000367986
14050180,4.0,0,20,15,0,3.4,0.55,8,4.0,3.0,1.0,0.0,4.0,3.0,1.0,1.0,1.0,2.0,3.0,0.0,2.0,2.0,4.0,3.0,2.0,2.0,1963.0,2.0,4.0,2.0,6.0,3250.0,3.0,2,2,2,2,2,1.0,3.4,0.79,2.0,4.0,1.0,2.0,4.0,5.0,5.0,2.0,4.0,4.0,2.0,4.0,4.0,2.0,4.0,5.0,5.0,2.0,5.0,5.0,3.0,3.0,4.0,3.0,2.0,1.0,4.0,4.0,2.0,2.0,2.0,2.0,4.0,2.0,4.0,4.0,4.0,2.0,4.0,4.0,2.0,3.0,4.0,3.0,3.0,2.0,2.0,5.0,2.0,4.0,2.0,4.0,4.0,2.0,3.0,7,1,1,2,1,2.0,1,4.0,2.0,1.0,3.0,1,4.0,1,5.0,4.0,9.0,1,47.0,0.000367986
14050182,4.0,2,107,41,22,9.6,3.08,30,3.0,1.0,2.0,0.0,2.0,0.0,2.0,2.0,1.0,2.0,3.0,0.0,1.0,2.0,6.5,2.0,4.0,1.0,1980.0,2.0,3.0,1.0,4.0,7000.0,7.0,2,2,2,2,2,1.0,9.6,4.41,4.0,4.0,2.0,3.0,5.0,5.0,4.0,5.0,2.0,5.0,3.0,4.0,4.0,1.0,3.0,4.0,5.0,2.0,5.0,3.0,4.0,4.0,4.0,4.0,4.0,4.0,3.0,1.0,4.0,1.0,5.0,3.0,4.0,4.0,5.0,3.0,3.0,1.0,5.0,5.0,2.0,2.0,4.0,5.0,2.0,3.0,2.0,4.0,2.0,2.0,3.0,4.0,4.0,1.0,3.0,7,1,1,2,1,4.0,2,4.0,1.0,2.0,4.0,1,33.0,1,44.0,6.0,40.0,1,30.0,0.000378621
14050186,1.0,2,126,64,30,11.4,1.62,20,7.0,5.0,2.0,1.0,9.0,7.0,3.0,1.0,1.0,1.0,1.0,0.0,1.0,2.0,6.0,5.0,5.0,1.0,1973.0,2.0,3.0,2.0,6.0,9000.0,3.0,2,2,2,2,2,1.0,11.4,2.32,4.0,4.0,3.0,2.0,4.0,4.0,5.0,2.0,3.0,5.0,1.0,1.0,5.0,2.0,4.0,2.0,2.0,1.0,5.0,5.0,5.0,5.0,2.0,3.0,4.0,4.0,5.0,4.0,1.0,1.0,5.0,1.0,4.0,2.0,2.0,5.0,3.0,1.0,4.0,5.0,1.0,5.0,5.0,5.0,4.0,2.0,1.0,3.0,1.0,1.0,1.0,4.0,4.0,4.0,2.0,7,1,1,2,1,1.0,2,4.0,2.0,2.0,3.0,1,15.0,1,32.0,4.0,30.0,1,37.0,0.000967286
14050186,1.0,2,134,75,28,8.0,1.62,20,7.0,5.0,2.0,1.0,9.0,7.0,3.0,1.0,1.0,1.0,1.0,0.0,1.0,2.0,6.0,5.0,5.0,1.0,1973.0,2.0,3.0,2.0,6.0,9000.0,3.0,2,2,2,2,2,1.0,8.0,2.32,4.0,4.0,3.0,2.0,4.0,4.0,5.0,2.0,3.0,5.0,1.0,1.0,5.0,2.0,4.0,2.0,2.0,1.0,5.0,5.0,5.0,5.0,2.0,3.0,4.0,4.0,5.0,4.0,1.0,1.0,5.0,1.0,4.0,2.0,2.0,5.0,3.0,1.0,4.0,5.0,1.0,5.0,5.0,5.0,4.0,2.0,1.0,3.0,1.0,1.0,1.0,4.0,4.0,4.0,1.0,7,1,1,2,1,1.0,2,4.0,2.0,2.0,3.0,1,15.0,1,31.0,4.0,30.0,1,37.0,0.000967286
14050193,8.0,2,97,67,3,6.8,1.91,24,4.0,2.0,1.0,1.0,4.0,2.0,2.0,1.0,1.0,1.0,3.0,0.0,1.0,1.0,5.0,17.0,4.0,2.0,1970.0,2.0,3.0,2.0,6.0,7000.0,6.0,1,2,2,2,2,1.0,3.4,2.74,5.0,5.0,2.0,2.0,5.0,5.0,5.0,2.0,2.0,5.0,2.0,3.0,5.0,1.0,5.0,1.0,1.0,1.0,4.0,2.0,5.0,1.0,1.0,5.0,2.0,2.0,4.0,4.0,4.0,2.0,4.0,1.0,5.0,2.0,4.0,1.0,2.0,2.0,4.0,4.0,1.0,1.0,4.0,4.0,1.0,1.0,4.0,4.0,1.0,1.0,1.0,4.0,2.0,4.0,3.0,7,1,1,2,1,6.0,2,4.0,1.0,1.0,3.0,1,17.0,1,27.0,3.0,30.0,1,40.0,9.82e-05
14050194,1.0,0,57,39,0,7.4,1.18,17,4.0,2.0,1.0,1.0,4.0,2.0,2.0,1.0,1.0,1.0,3.0,0.0,1.0,1.0,5.0,3.0,4.0,1.0,1962.0,2.0,3.0,1.0,5.0,7000.0,3.0,1,1,2,2,2,1.0,3.7,1.69,6.0,5.0,4.0,1.0,5.0,5.0,5.0,5.0,5.0,5.0,5.0,2.0,4.0,1.0,4.0,1.0,4.0,1.0,5.0,4.0,5.0,5.0,5.0,5.0,5.0,2.0,3.0,2.0,4.0,4.0,2.0,3.0,3.0,2.0,5.0,1.0,3.0,3.0,3.0,3.0,2.0,4.0,4.0,1.0,1.0,1.0,3.0,5.0,1.0,3.0,5.0,5.0,5.0,5.0,1.0,7,1,1,2,1,6.0,2,4.0,2.0,1.0,4.0,1,9.0,1,18.0,4.0,20.0,1,48.0,0.0003213
14050226,3.0,0,18,11,0,4.0,0.45,6,1.0,0.0,0.0,0.0,1.0,0.0,0.0,0.0,2.0,1.0,0.0,0.0,2.0,2.0,4.0,5.0,3.0,2.0,1934.0,2.0,1.0,9.0,8.0,5000.0,4.0,1,1,2,2,2,3.0,2.2,0.64,3.0,3.0,3.0,3.0,4.0,4.0,6.0,6.0,6.0,6.0,6.0,6.0,6.0,6.0,6.0,6.0,6.0,6.0,6.0,6.0,6.0,6.0,6.0,4.0,6.0,6.0,6.0,4.0,6.0,6.0,6.0,4.0,6.0,6.0,4.0,6.0,6.0,6.0,6.0,6.0,6.0,6.0,6.0,6.0,6.0,6.0,6.0,6.0,6.0,6.0,6.0,6.0,6.0,6.0,1.0,7,1,1,2,1,4.0,1,1.0,2.0,2.0,3.0,1,3.5,0,7.0,4.0,11.0,1,76.0,7.71e-05
14050250,10.0,3,170,16,33,56.4,16.64,112,2.0,0.0,2.0,2.0,2.0,0.0,3.0,1.0,1.0,1.0,2.0,0.0,1.0,1.0,4.0,4.0,6.0,1.0,1945.0,2.0,2.0,9.0,8.0,15000.0,3.0,1,2,2,2,2,1.0,28.2,23.85,1.0,3.0,4.0,2.0,5.0,4.0,6.0,4.0,3.0,5.0,5.0,4.0,4.0,2.0,4.0,6.0,5.0,1.0,1.0,4.0,4.0,1.0,4.0,4.0,1.0,1.0,2.0,4.0,4.0,1.0,2.0,3.0,2.0,2.0,5.0,4.0,2.0,4.0,4.0,2.0,2.0,2.0,4.0,3.0,6.0,2.0,2.0,1.0,6.0,6.0,1.0,4.0,2.0,2.0,3.0,7,1,1,2,1,5.0,1,4.0,1.0,2.0,3.0,1,184.0,0,121.0,7.0,35.5,1,65.0,0.0003213
14050278,8.0,6,289,60,81,40.0,7.9,62,4.0,2.0,2.0,0.0,4.0,2.0,4.0,1.0,1.0,1.0,2.0,1.0,1.0,1.0,8.0,1.0,6.0,1.0,1964.0,2.0,3.0,1.0,1.0,15000.0,7.0,2,2,2,2,2,1.0,40.0,11.32,1.0,4.0,3.0,1.0,5.0,5.0,2.0,5.0,1.0,5.0,4.0,4.0,5.0,4.0,5.0,4.0,5.0,1.0,5.0,5.0,4.0,2.0,5.0,4.0,2.0,2.0,4.0,2.0,4.0,1.0,5.0,1.0,5.0,3.0,5.0,3.0,4.0,1.0,5.0,4.0,2.0,4.0,4.0,4.0,2.0,2.0,2.0,4.0,3.0,4.0,2.0,5.0,4.0,4.0,3.0,7,1,1,2,1,4.0,4,4.0,2.0,2.0,3.0,1,85.0,1,148.0,1.0,70.0,1,46.0,0.000160139
19130012,2.0,1,99,12,7,30.6,7.6,58,2.0,0.0,2.0,0.0,1.0,0.0,2.0,1.0,1.0,1.0,2.0,0.0,1.0,1.0,5.0,25.0,2.0,1.0,1961.0,2.0,2.0,1.0,5.0,3250.0,3.0,2,2,2,2,2,1.0,30.6,10.89,1.0,5.0,5.0,5.0,1.0,1.0,5.0,5.0,5.0,5.0,1.0,5.0,5.0,1.0,1.0,1.0,1.0,5.0,5.0,5.0,1.0,1.0,5.0,1.0,5.0,1.0,5.0,1.0,1.0,1.0,5.0,1.0,5.0,1.0,1.0,1.0,1.0,1.0,1.0,5.0,1.0,1.0,1.0,1.0,1.0,1.0,5.0,1.0,1.0,1.0,1.0,1.0,1.0,1.0,1.0,8,1,1,2,4,5.0,1,4.0,2.0,1.0,4.0,2,81.0,1,80.0,3.0,0.0,2,49.0,0.000409116
19130036,6.0,4,253,67,83,41.0,4.7,46,4.0,2.0,2.0,0.0,0.0,0.0,1.0,1.0,1.0,1.0,2.0,2.0,1.0,1.0,5.0,1.0,5.0,2.0,1981.0,2.0,3.0,2.0,2.0,9000.0,7.0,2,2,2,2,2,1.0,41.0,6.74,3.0,5.0,1.0,2.0,4.0,5.0,3.0,2.0,3.0,5.0,2.0,4.0,5.0,2.0,4.0,5.0,4.0,2.0,4.0,4.0,4.0,2.0,4.0,3.0,3.0,6.0,2.0,3.0,5.0,4.0,3.0,2.0,3.0,3.0,4.0,3.0,4.0,1.0,3.0,4.0,2.0,3.0,3.0,4.0,1.0,1.0,1.0,4.0,2.0,3.0,2.0,4.0,4.0,4.0,3.0,8,1,1,2,4,4.0,3,3.0,3.0,3.0,2.0,2,53.5,1,103.0,3.0,50.0,2,29.0,0.000340556
19130062,8.0,0,16,12,0,3.4,0.24,3,5.0,2.0,2.0,0.0,5.0,2.0,1.0,2.0,1.0,1.0,4.0,1.0,1.0,1.0,6.0,7.0,4.0,2.0,1964.0,2.0,3.0,4.0,7.0,7000.0,3.0,2,2,2,2,2,1.0,3.4,0.34,1.0,2.0,3.0,4.0,3.0,3.0,5.0,4.0,2.0,2.0,1.0,4.0,4.0,2.0,2.0,5.0,5.0,2.0,5.0,5.0,2.0,2.0,2.0,2.0,3.0,6.0,2.0,2.0,5.0,2.0,2.0,6.0,1.0,5.0,5.0,5.0,2.0,1.0,5.0,5.0,1.0,1.0,2.0,2.0,6.0,2.0,2.0,5.0,4.0,2.0,2.0,2.0,4.0,5.0,3.0,8,1,1,2,4,6.0,1,4.0,1.0,3.0,3.0,2,2.0,1,4.0,5.0,8.0,2,46.0,0.000367986
19130062,4.0,2,78,15,7,19.2,2.87,22,5.0,2.0,2.0,0.0,5.0,2.0,1.0,2.0,1.0,1.0,4.0,1.0,1.0,1.0,6.0,7.0,4.0,2.0,1964.0,2.0,3.0,4.0,7.0,7000.0,3.0,2,2,2,2,2,1.0,19.2,4.11,1.0,2.0,3.0,4.0,3.0,3.0,5.0,4.0,2.0,2.0,1.0,4.0,4.0,2.0,2.0,5.0,5.0,2.0,5.0,5.0,2.0,2.0,2.0,2.0,3.0,6.0,2.0,2.0,5.0,2.0,2.0,6.0,1.0,5.0,5.0,5.0,2.0,1.0,5.0,5.0,1.0,1.0,2.0,2.0,6.0,2.0,2.0,5.0,4.0,2.0,2.0,2.0,4.0,5.0,3.0,8,1,1,2,4,6.0,1,4.0,1.0,3.0,3.0,2,32.0,1,56.0,5.0,25.0,2,46.0,0.000367986
19130062,6.0,0,18,17,0,3.0,0.19,2,5.0,2.0,2.0,0.0,5.0,2.0,1.0,2.0,1.0,1.0,4.0,1.0,1.0,1.0,6.0,7.0,4.0,2.0,1964.0,2.0,3.0,4.0,7.0,7000.0,3.0,2,2,2,2,2,1.0,3.0,0.27,1.0,2.0,3.0,4.0,3.0,3.0,5.0,4.0,2.0,2.0,1.0,4.0,4.0,2.0,2.0,5.0,5.0,2.0,5.0,5.0,2.0,2.0,2.0,2.0,3.0,6.0,2.0,2.0,5.0,2.0,2.0,6.0,1.0,5.0,5.0,5.0,2.0,1.0,5.0,5.0,1.0,1.0,2.0,2.0,6.0,2.0,2.0,5.0,4.0,2.0,2.0,2.0,4.0,5.0,3.0,8,1,1,2,4,6.0,1,4.0,1.0,3.0,3.0,2,1.0,1,1.0,5.0,5.0,2,46.0,0.000367986
19130080,11.0,1,98,38,13,15.2,3.19,31,5.0,3.0,2.0,0.0,5.0,3.0,4.0,1.0,1.0,1.0,4.0,0.0,1.0,1.0,5.0,12.0,6.0,2.0,1967.0,2.0,3.0,2.0,8.0,15000.0,6.0,2,2,2,2,2,1.0,15.2,4.57,1.0,2.0,3.0,1.0,5.0,5.0,5.0,4.0,3.0,4.0,6.0,4.0,4.0,4.0,4.0,4.0,5.0,3.0,5.0,4.0,3.0,5.0,5.0,3.0,3.0,6.0,3.0,2.0,3.0,2.0,4.0,6.0,6.0,5.0,5.0,2.0,4.0,2.0,3.0,3.0,1.0,5.0,4.0,4.0,5.0,1.0,1.0,4.0,2.0,4.0,4.0,3.0,4.0,4.0,3.0,8,1,1,2,4,5.0,3,4.0,2.0,2.0,3.0,2,31.6,1,47.0,4.0,45.0,2,43.0,9.82e-05
19130080,8.0,0,14,14,0,0.0,0.26,2,5.0,3.0,2.0,0.0,5.0,3.0,4.0,1.0,1.0,1.0,4.0,0.0,1.0,1.0,5.0,12.0,6.0,2.0,1967.0,2.0,3.0,2.0,8.0,15000.0,6.0,2,2,2,2,2,1.0,0.0,0.37,1.0,2.0,3.0,1.0,5.0,5.0,5.0,4.0,3.0,4.0,6.0,4.0,4.0,4.0,4.0,4.0,5.0,3.0,5.0,4.0,3.0,5.0,5.0,3.0,3.0,6.0,3.0,2.0,3.0,2.0,4.0,6.0,6.0,5.0,5.0,2.0,4.0,2.0,3.0,3.0,1.0,5.0,4.0,4.0,5.0,1.0,1.0,4.0,2.0,4.0,4.0,3.0,4.0,4.0,3.0,8,1,1,2,4,5.0,2,4.0,2.0,2.0,3.0,2,1.2,1,0.0,4.0,10.0,2,43.0,9.82e-05
19130092,1.0,0,127,54,0,29.0,3.74,36,1.0,0.0,1.0,0.0,1.0,0.0,1.0,1.0,1.0,1.0,1.0,0.0,2.0,2.0,3.0,12.0,3.0,2.0,1974.0,2.0,1.0,1.0,3.0,5000.0,3.0,2,2,2,2,2,1.0,29.0,5.36,2.0,3.0,2.0,2.0,4.0,4.0,4.0,3.0,3.0,6.0,1.0,3.0,4.0,2.0,4.0,6.0,4.0,2.0,5.0,4.0,4.0,3.0,4.0,3.0,2.0,6.0,2.0,3.0,5.0,2.0,2.0,3.0,4.0,2.0,2.0,5.0,2.0,1.0,2.0,5.0,2.0,4.0,4.0,5.0,3.0,2.0,2.0,3.0,3.0,2.0,2.0,4.0,4.0,2.0,1.0,8,1,1,2,4,5.0,2,3.0,2.0,2.0,3.0,2,39.0,1,73.0,3.0,45.0,2,36.0,0.00087004
19130092,11.0,0,28,28,0,0.0,0.44,6,1.0,0.0,1.0,0.0,1.0,0.0,1.0,1.0,1.0,1.0,1.0,0.0,2.0,2.0,3.0,12.0,3.0,2.0,1974.0,2.0,1.0,1.0,3.0,5000.0,3.0,2,2,2,2,2,1.0,0.0,0.63,2.0,3.0,2.0,2.0,4.0,4.0,4.0,3.0,3.0,6.0,1.0,3.0,4.0,2.0,4.0,6.0,4.0,2.0,5.0,4.0,4.0,3.0,4.0,3.0,2.0,6.0,2.0,3.0,5.0,2.0,2.0,3.0,4.0,2.0,2.0,5.0,2.0,1.0,2.0,5.0,2.0,4.0,4.0,5.0,3.0,2.0,2.0,3.0,3.0,2.0,2.0,4.0,4.0,2.0,3.0,8,1,1,2,4,5.0,2,3.0,2.0,2.0,3.0,2,2.4,1,0.0,3.0,4.0,2,36.0,0.00087004
19130147,1.0,0,50,16,0,10.2,1.51,15,2.0,0.0,1.0,0.0,2.0,0.0,2.0,1.0,1.0,1.0,2.0,0.0,1.0,1.0,5.0,11.0,4.0,1.0,1964.0,2.0,4.0,1.0,2.0,10807.0,7.0,1,2,2,2,2,1.0,5.1,2.16,4.0,5.0,3.0,4.0,5.0,6.0,2.0,2.0,1.0,5.0,2.0,2.0,2.0,2.0,5.0,4.0,4.0,1.0,1.0,2.0,5.0,4.0,4.0,2.0,4.0,2.0,3.0,2.0,5.0,3.0,4.0,2.0,1.0,2.0,2.0,4.0,4.0,1.0,2.0,5.0,4.0,2.0,4.0,4.0,4.0,1.0,1.0,5.0,2.0,1.0,2.0,4.0,4.0,2.0,1.0,8,1,1,2,4,5.0,1,3.0,2.0,2.0,4.0,2,16.0,1,34.0,4.0,15.0,2,46.0,0.000160139
19130147,1.0,1,103,27,17,22.8,2.11,23,2.0,0.0,1.0,0.0,2.0,0.0,2.0,1.0,1.0,1.0,2.0,0.0,1.0,1.0,5.0,11.0,4.0,1.0,1964.0,2.0,4.0,1.0,2.0,10807.0,7.0,1,2,2,2,2,1.0,11.4,3.02,4.0,5.0,3.0,4.0,5.0,6.0,2.0,2.0,1.0,5.0,2.0,2.0,2.0,2.0,5.0,4.0,4.0,1.0,1.0,2.0,5.0,4.0,4.0,2.0,4.0,2.0,3.0,2.0,5.0,3.0,4.0,2.0,1.0,2.0,2.0,4.0,4.0,1.0,2.0,5.0,4.0,2.0,4.0,4.0,4.0,1.0,1.0,5.0,2.0,1.0,2.0,4.0,4.0,2.0,1.0,8,1,1,2,4,5.0,1,3.0,2.0,2.0,4.0,2,21.0,1,59.0,4.0,30.0,2,46.0,0.000160139
19130148,1.0,1,76,24,4,15.8,2.46,27,4.0,1.0,2.0,0.0,3.0,0.0,2.0,1.0,1.0,2.0,4.0,1.0,1.0,1.0,5.0,5.0,3.0,2.0,1968.0,2.0,3.0,2.0,6.0,5000.0,4.0,1,1,1,2,2,1.0,7.9,3.53,1.0,1.0,2.0,2.0,4.0,5.0,5.0,5.0,5.0,5.0,6.0,5.0,6.0,1.0,5.0,5.0,5.0,1.0,5.0,6.0,5.0,5.0,5.0,2.0,3.0,2.0,5.0,1.0,5.0,1.0,2.0,2.0,3.0,3.0,5.0,5.0,5.0,1.0,3.0,5.0,1.0,5.0,5.0,4.0,3.0,1.0,1.0,5.0,5.0,3.0,3.0,4.0,4.0,2.0,2.0,8,1,1,2,4,5.0,2,4.0,2.0,2.0,2.0,2,25.5,1,48.0,8.0,40.0,2,42.0,9.82e-05
19130148,2.0,0,12,12,0,3.4,0.67,8,4.0,1.0,2.0,0.0,3.0,0.0,2.0,1.0,1.0,2.0,4.0,1.0,1.0,1.0,5.0,5.0,3.0,2.0,1968.0,2.0,3.0,2.0,6.0,5000.0,4.0,1,1,1,2,2,1.0,2.2,0.96,1.0,1.0,2.0,2.0,4.0,5.0,5.0,5.0,5.0,5.0,6.0,5.0,6.0,1.0,5.0,5.0,5.0,1.0,5.0,6.0,5.0,5.0,5.0,2.0,3.0,2.0,5.0,1.0,5.0,1.0,2.0,2.0,3.0,3.0,5.0,5.0,5.0,1.0,3.0,5.0,1.0,5.0,5.0,4.0,3.0,1.0,1.0,5.0,5.0,3.0,3.0,4.0,4.0,2.0,1.0,8,1,1,2,4,5.0,1,4.0,2.0,2.0,2.0,2,6.0,1,0.0,8.0,5.0,2,42.0,9.82e-05
19130149,1.0,2,162,28,54,21.6,3.57,34,4.0,2.0,2.0,0.0,4.0,2.0,2.0,3.0,1.0,1.0,2.0,0.0,1.0,1.0,6.0,6.0,2.0,1.0,1969.0,2.0,3.0,1.0,6.0,3250.0,6.0,2,2,2,2,2,1.0,21.6,5.12,1.0,5.0,6.0,6.0,4.0,4.0,5.0,1.0,4.0,5.0,1.0,5.0,5.0,2.0,4.0,1.0,1.0,1.0,5.0,5.0,4.0,2.0,5.0,5.0,5.0,5.0,4.0,1.0,4.0,1.0,4.0,2.0,4.0,4.0,5.0,5.0,4.0,1.0,1.0,5.0,4.0,4.0,4.0,2.0,1.0,2.0,1.0,4.0,2.0,4.0,4.0,2.0,2.0,4.0,1.0,8,1,1,2,4,3.0,2,4.0,2.0,2.0,3.0,2,37.0,1,80.0,5.0,70.0,2,41.0,0.000109132
19130149,1.0,2,150,65,15,23.2,3.54,32,4.0,2.0,2.0,0.0,4.0,2.0,2.0,3.0,1.0,1.0,2.0,0.0,1.0,1.0,6.0,6.0,2.0,1.0,1969.0,2.0,3.0,1.0,6.0,3250.0,6.0,2,2,2,2,2,1.0,23.2,5.07,1.0,5.0,6.0,6.0,4.0,4.0,5.0,1.0,4.0,5.0,1.0,5.0,5.0,2.0,4.0,1.0,1.0,1.0,5.0,5.0,4.0,2.0,5.0,5.0,5.0,5.0,4.0,1.0,4.0,1.0,4.0,2.0,4.0,4.0,5.0,5.0,4.0,1.0,1.0,5.0,4.0,4.0,4.0,2.0,1.0,2.0,1.0,4.0,2.0,4.0,4.0,2.0,2.0,4.0,1.0,8,1,1,2,4,3.0,2,4.0,2.0,2.0,3.0,2,35.0,1,70.0,5.0,45.0,2,41.0,0.000109132
19130179,1.0,0,44,34,0,6.8,0.97,12,2.0,0.0,1.0,0.0,2.0,0.0,1.0,1.0,1.0,1.0,2.0,0.0,1.0,2.0,5.0,5.0,3.0,1.0,1944.0,1.0,2.0,1.0,5.0,5000.0,6.0,2,2,2,2,2,1.0,6.8,1.39,2.0,4.0,4.0,2.0,4.0,4.0,4.0,2.0,3.0,3.0,3.0,4.0,4.0,2.0,4.0,4.0,4.0,2.0,4.0,3.0,4.0,4.0,4.0,2.0,2.0,1.0,3.0,2.0,4.0,2.0,2.0,2.0,3.0,3.0,4.0,4.0,4.0,1.0,1.0,1.0,2.0,3.0,3.0,4.0,4.0,3.0,2.0,4.0,2.0,2.0,3.0,3.0,4.0,2.0,1.0,8,1,1,2,4,5.0,2,3.0,2.0,2.0,1.0,2,10.5,1,10.0,5.0,10.0,2,66.0,8.57e-05
19130202,1.0,3,188,94,15,45.0,4.52,51,4.0,1.0,2.0,0.0,7.0,0.0,2.0,1.0,1.0,1.0,4.0,0.0,1.0,1.0,5.0,12.0,6.0,1.0,1964.0,2.0,3.0,1.0,2.0,15000.0,8.0,2,2,2,2,2,1.0,45.0,6.48,1.0,5.0,5.0,1.0,5.0,5.0,4.0,5.0,1.0,5.0,1.0,5.0,5.0,1.0,5.0,6.0,6.0,1.0,5.0,4.0,5.0,3.0,5.0,1.0,6.0,6.0,5.0,1.0,5.0,1.0,1.0,6.0,6.0,3.0,3.0,2.0,3.0,3.0,3.0,3.0,5.0,2.0,5.0,3.0,3.0,1.0,1.0,5.0,1.0,3.0,1.0,3.0,5.0,1.0,3.0,8,1,1,2,4,5.0,4,2.0,2.0,2.0,3.0,2,51.0,1,79.0,2.0,55.0,2,46.0,0.000160139
19130203,1.0,0,26,22,0,6.0,1.32,16,4.0,1.0,2.0,0.0,7.0,0.0,2.0,1.0,1.0,1.0,4.0,0.0,1.0,1.0,5.0,10.0,6.0,2.0,1958.0,2.0,3.0,2.0,2.0,15000.0,6.0,2,2,2,2,2,1.0,6.0,1.89,2.0,4.0,2.0,2.0,5.0,5.0,4.0,2.0,4.0,2.0,3.0,3.0,3.0,4.0,4.0,1.0,1.0,1.0,4.0,3.0,4.0,2.0,4.0,2.0,4.0,2.0,4.0,2.0,4.0,2.0,2.0,3.0,3.0,2.0,2.0,4.0,3.0,2.0,2.0,4.0,2.0,4.0,4.0,2.0,4.0,2.0,2.0,4.0,2.0,2.0,2.0,4.0,4.0,2.0,1.0,8,1,1,2,4,5.0,2,2.0,3.0,2.0,2.0,2,12.0,2,4.0,4.0,10.0,2,52.0,9.82e-05
19130203,1.0,0,26,22,0,6.0,1.32,16,4.0,1.0,2.0,0.0,7.0,0.0,2.0,1.0,1.0,1.0,4.0,0.0,1.0,1.0,5.0,10.0,6.0,2.0,1958.0,2.0,3.0,2.0,2.0,15000.0,6.0,2,2,2,2,2,1.0,6.0,1.89,2.0,4.0,2.0,2.0,5.0,5.0,4.0,2.0,4.0,2.0,3.0,3.0,3.0,4.0,4.0,1.0,1.0,1.0,4.0,3.0,4.0,2.0,4.0,2.0,4.0,2.0,4.0,2.0,4.0,2.0,2.0,3.0,3.0,2.0,2.0,4.0,3.0,2.0,2.0,4.0,2.0,4.0,4.0,2.0,4.0,2.0,2.0,4.0,2.0,2.0,2.0,4.0,4.0,2.0,1.0,8,1,1,2,4,5.0,2,2.0,3.0,2.0,2.0,2,12.0,2,4.0,4.0,10.0,2,52.0,9.82e-05
19130205,9.0,2,134,32,30,15.8,1.07,12,2.0,0.0,2.0,0.0,1.0,0.0,0.0,1.0,2.0,1.0,1.0,0.0,1.0,1.0,4.0,5.0,2.0,2.0,1961.0,2.0,2.0,7.0,6.0,3250.0,3.0,2,2,2,2,2,1.0,15.8,1.53,1.0,2.0,4.0,1.0,1.0,1.0,6.0,6.0,4.0,5.0,2.0,2.0,4.0,4.0,5.0,6.0,5.0,1.0,5.0,3.0,5.0,5.0,6.0,6.0,6.0,1.0,1.0,5.0,6.0,6.0,5.0,6.0,6.0,1.0,5.0,4.0,4.0,1.0,1.0,5.0,2.0,2.0,1.0,2.0,6.0,1.0,1.0,5.0,6.0,4.0,5.0,1.0,5.0,5.0,3.0,8,1,1,2,4,5.0,2,4.0,2.0,3.0,3.0,2,10.0,1,72.0,3.0,50.0,2,49.0,0.000367986
19130205,9.0,1,218,38,55,21.2,1.98,20,2.0,0.0,2.0,0.0,1.0,0.0,0.0,1.0,2.0,1.0,1.0,0.0,1.0,1.0,4.0,5.0,2.0,2.0,1961.0,2.0,2.0,7.0,6.0,3250.0,3.0,2,2,2,2,2,1.0,21.2,2.84,1.0,2.0,4.0,1.0,1.0,1.0,6.0,6.0,4.0,5.0,2.0,2.0,4.0,4.0,5.0,6.0,5.0,1.0,5.0,3.0,5.0,5.0,6.0,6.0,6.0,1.0,1.0,5.0,6.0,6.0,5.0,6.0,6.0,1.0,5.0,4.0,4.0,1.0,1.0,5.0,2.0,2.0,1.0,2.0,6.0,1.0,1.0,5.0,6.0,4.0,5.0,1.0,5.0,5.0,3.0,8,1,1,2,4,5.0,3,4.0,2.0,3.0,3.0,2,18.0,1,125.0,3.0,50.0,2,49.0,0.000367986
19130206,9.0,2,134,32,30,15.8,1.07,12,2.0,0.0,2.0,0.0,0.0,0.0,0.0,1.0,2.0,1.0,1.0,0.0,1.0,1.0,4.0,5.0,2.0,1.0,1944.0,2.0,2.0,9.0,8.0,3250.0,3.0,2,2,2,2,2,1.0,15.8,1.53,2.0,2.0,4.0,1.0,1.0,1.0,6.0,6.0,4.0,5.0,1.0,3.0,2.0,1.0,5.0,6.0,6.0,1.0,5.0,5.0,5.0,5.0,6.0,6.0,6.0,6.0,4.0,1.0,6.0,1.0,5.0,6.0,1.0,2.0,5.0,4.0,6.0,1.0,1.0,5.0,1.0,4.0,4.0,4.0,6.0,1.0,1.0,5.0,6.0,4.0,4.0,3.0,1.0,5.0,3.0,8,1,1,2,4,1.0,2,4.0,2.0,2.0,3.0,2,10.0,1,72.0,4.0,50.0,2,66.0,0.0003213
19130206,9.0,0,118,68,0,24.2,3.28,33,2.0,0.0,2.0,0.0,0.0,0.0,0.0,1.0,2.0,1.0,1.0,0.0,1.0,1.0,4.0,5.0,2.0,1.0,1944.0,2.0,2.0,9.0,8.0,3250.0,3.0,2,2,2,2,2,1.0,24.2,4.7,2.0,2.0,4.0,1.0,1.0,1.0,6.0,6.0,4.0,5.0,1.0,3.0,2.0,1.0,5.0,6.0,6.0,1.0,5.0,5.0,5.0,5.0,6.0,6.0,6.0,6.0,4.0,1.0,6.0,1.0,5.0,6.0,1.0,2.0,5.0,4.0,6.0,1.0,1.0,5.0,1.0,4.0,4.0,4.0,6.0,1.0,1.0,5.0,6.0,4.0,4.0,3.0,1.0,5.0,3.0,8,1,1,2,4,1.0,3,4.0,2.0,2.0,3.0,2,32.0,1,50.0,4.0,50.0,2,66.0,0.0003213
19130213,4.0,7,380,105,56,94.0,17.66,135,3.0,2.0,2.0,0.0,3.0,1.0,2.0,1.0,1.0,1.0,1.0,1.0,1.0,1.0,4.0,35.0,4.0,2.0,1975.0,2.0,4.0,2.0,3.0,7000.0,3.0,2,2,2,2,2,1.0,94.0,25.31,2.0,3.0,4.0,2.0,4.0,4.0,4.0,4.0,4.0,2.0,2.0,4.0,4.0,2.0,4.0,5.0,5.0,1.0,4.0,4.0,3.0,3.0,4.0,4.0,2.0,2.0,4.0,4.0,4.0,2.0,4.0,4.0,4.0,2.0,2.0,2.0,2.0,2.0,2.0,4.0,2.0,4.0,4.0,2.0,2.0,2.0,2.0,4.0,3.0,2.0,2.0,4.0,4.0,4.0,3.0,8,1,1,2,4,5.0,5,3.0,2.0,2.0,2.0,2,189.0,1,219.0,4.0,165.0,2,35.0,0.00087004
19130238,10.0,2,138,44,14,24.8,1.07,12,2.0,0.0,1.0,0.0,2.0,0.0,2.0,1.0,1.0,1.0,2.0,0.0,1.0,1.0,4.0,2.0,4.0,1.0,1943.0,2.0,2.0,9.0,4.0,7000.0,3.0,1,2,2,2,2,1.0,12.4,1.53,2.0,4.0,3.0,3.0,3.0,3.0,6.0,6.0,6.0,5.0,3.0,4.0,3.0,1.0,4.0,6.0,4.0,3.0,5.0,3.0,4.0,2.0,3.0,2.0,4.0,1.0,2.0,5.0,5.0,3.0,2.0,2.0,4.0,4.0,4.0,2.0,3.0,3.0,3.0,3.0,4.0,2.0,4.0,3.0,6.0,2.0,2.0,3.0,1.0,4.0,3.0,5.0,1.0,2.0,3.0,8,1,1,2,4,1.0,2,1.0,2.0,2.0,3.0,2,10.0,1,80.0,4.0,15.0,2,67.0,0.0003213
19130252,1.0,2,180,34,30,51.4,13.04,86,2.0,0.0,1.0,0.0,0.0,0.0,2.0,0.0,1.0,1.0,3.0,0.0,1.0,1.0,3.5,1.0,5.0,1.0,1949.0,2.0,2.0,1.0,6.0,9000.0,3.0,2,2,2,2,2,1.0,51.4,18.69,3.0,1.0,2.0,4.0,4.0,5.0,5.0,2.0,5.0,5.0,2.0,5.0,4.0,1.0,5.0,6.0,3.0,1.0,6.0,6.0,6.0,4.0,2.0,2.0,5.0,5.0,5.0,5.0,5.0,5.0,1.0,5.0,5.0,3.0,5.0,2.0,2.0,1.0,4.0,5.0,1.0,5.0,4.0,5.0,2.0,6.0,1.0,6.0,1.0,2.0,2.0,2.0,5.0,4.0,2.0,8,1,1,2,4,5.0,2,3.0,2.0,2.0,4.0,2,122.0,0,116.0,4.0,170.0,2,61.0,0.000409116
19130279,7.0,6,519,88,40,152.8,46.31,378,2.0,0.0,2.0,1.0,1.0,0.0,1.0,3.0,1.0,1.0,1.0,0.0,2.0,1.0,3.0,3.0,3.0,2.0,1943.0,2.0,2.0,9.0,8.0,5000.0,3.0,1,2,2,2,2,2.0,76.4,66.36,1.0,4.0,4.0,2.0,2.0,2.0,6.0,4.0,3.0,4.0,4.0,4.0,2.0,6.0,4.0,6.0,5.0,6.0,4.0,4.0,4.0,4.0,4.0,4.0,6.0,3.0,4.0,3.0,4.0,2.0,6.0,3.0,6.0,6.0,5.0,2.0,6.0,6.0,4.0,3.0,6.0,4.0,6.0,3.0,6.0,6.0,6.0,4.0,6.0,6.0,3.0,6.0,3.0,4.0,3.0,8,1,1,2,4,5.0,6,1.0,2.0,1.0,4.0,2,508.9,0,391.0,5.0,512.0,2,67.0,0.000288998
19130291,7.0,3,197,35,8,63.6,14.51,102,3.0,1.0,2.0,0.0,2.0,0.0,1.0,2.0,1.0,1.0,2.0,0.0,2.0,2.0,4.5,5.0,6.0,2.0,1971.0,2.0,3.0,2.0,3.0,15000.0,6.0,2,2,2,2,2,1.0,63.6,20.79,1.0,3.0,4.0,4.0,4.0,4.0,5.0,3.0,2.0,4.0,2.0,4.0,4.0,2.0,4.0,5.0,5.0,3.0,5.0,4.0,2.0,4.0,4.0,2.0,4.0,3.0,3.0,2.0,4.0,1.0,3.0,2.0,3.0,3.0,3.0,2.0,4.0,2.0,4.0,4.0,2.0,3.0,3.0,4.0,4.0,2.0,2.0,4.0,1.0,2.0,3.0,4.0,3.0,4.0,3.0,8,1,1,2,4,2.0,2,3.0,1.0,1.0,3.0,2,160.0,1,154.0,4.0,120.0,2,39.0,0.000232084
19130292,1.0,2,129,31,14,32.0,3.58,33,3.0,1.0,2.0,0.0,2.0,0.0,1.0,2.0,1.0,1.0,2.0,0.0,2.0,2.0,4.5,5.0,6.0,2.0,1971.0,2.0,3.0,2.0,3.0,15000.0,6.0,2,2,2,2,2,1.0,32.0,5.13,1.0,3.0,4.0,4.0,4.0,4.0,5.0,3.0,2.0,4.0,2.0,4.0,4.0,2.0,4.0,5.0,5.0,2.0,5.0,4.0,2.0,4.0,4.0,2.0,4.0,3.0,3.0,2.0,4.0,1.0,3.0,2.0,3.0,3.0,3.0,2.0,4.0,2.0,4.0,4.0,2.0,3.0,3.0,4.0,4.0,2.0,2.0,4.0,1.0,2.0,3.0,4.0,3.0,4.0,1.0,8,1,1,2,4,2.0,2,3.0,1.0,1.0,3.0,2,37.0,1,84.0,4.0,35.0,2,39.0,0.000232084
19130374,4.0,6,367,100,52,72.0,18.24,133,3.0,0.0,1.0,0.0,0.0,0.0,2.0,1.0,1.0,1.0,3.0,0.0,2.0,2.0,4.0,5.0,3.0,2.0,1968.0,2.0,4.0,2.0,6.0,5000.0,3.0,2,2,1,2,2,1.0,0.0,26.14,2.0,4.0,2.0,2.0,4.0,5.0,5.0,2.0,5.0,4.0,2.0,2.0,4.0,1.0,3.0,4.0,4.0,1.0,5.0,2.0,5.0,4.0,4.0,3.0,5.0,5.0,4.0,3.0,5.0,2.0,2.0,1.0,1.0,3.0,4.0,2.0,4.0,1.0,3.0,4.0,2.0,3.0,2.0,4.0,4.0,2.0,2.0,4.0,2.0,4.0,5.0,3.0,3.0,3.0,3.0,8,1,1,2,4,5.0,5,4.0,1.0,1.0,3.0,2,141.5,1,215.0,3.0,165.0,2,42.0,0.000367986
19130486,1.0,0,19,15,0,3.4,0.3,4,2.0,1.0,1.0,0.0,3.0,1.0,1.0,1.0,1.0,2.0,2.0,0.0,2.0,2.0,3.0,7.0,5.0,1.0,1975.0,2.0,3.0,1.0,2.0,9000.0,6.0,1,2,2,2,2,2.0,2.2,0.43,5.0,5.0,2.0,1.0,5.0,5.0,5.0,1.0,4.0,5.0,4.0,1.0,6.0,1.0,6.0,1.0,1.0,1.0,5.0,2.0,5.0,5.0,1.0,5.0,5.0,4.0,5.0,1.0,5.0,2.0,1.0,2.0,1.0,5.0,5.0,4.0,4.0,5.0,2.0,2.0,5.0,1.0,1.0,4.0,4.0,1.0,1.0,4.0,1.0,4.0,4.0,2.0,5.0,4.0,1.0,8,1,1,2,4,5.0,1,4.0,2.0,2.0,2.0,2,2.5,0,4.0,3.0,15.0,2,35.0,0.000258025
19130578,1.0,1,44,9,1,9.6,1.74,16,2.0,0.0,2.0,0.0,2.0,0.0,2.0,2.0,1.0,1.0,2.0,1.0,2.0,2.0,3.0,1.0,3.0,2.0,1979.0,2.0,2.0,1.0,8.0,5000.0,6.0,1,2,2,2,2,1.0,4.8,2.49,1.0,4.0,2.0,2.0,4.0,4.0,4.0,3.0,3.0,4.0,2.0,5.0,4.0,2.0,3.0,6.0,4.0,1.0,5.0,5.0,3.0,2.0,2.0,5.0,2.0,4.0,5.0,5.0,5.0,2.0,3.0,2.0,5.0,2.0,2.0,2.0,2.0,1.0,2.0,4.0,2.0,4.0,4.0,4.0,3.0,1.0,6.0,5.0,1.0,3.0,1.0,1.0,1.0,1.0,1.0,8,1,1,2,4,5.0,1,4.0,2.0,1.0,4.0,2,17.0,1,34.0,5.0,15.0,2,31.0,0.000232084
19130578,4.0,0,31,20,0,3.4,0.67,6,2.0,0.0,2.0,0.0,2.0,0.0,2.0,2.0,1.0,1.0,2.0,1.0,2.0,2.0,3.0,1.0,3.0,2.0,1979.0,2.0,2.0,1.0,8.0,5000.0,6.0,1,2,2,2,2,1.0,2.2,0.96,1.0,4.0,2.0,2.0,4.0,4.0,4.0,3.0,3.0,4.0,2.0,5.0,4.0,2.0,3.0,6.0,4.0,1.0,5.0,5.0,3.0,2.0,2.0,5.0,2.0,4.0,5.0,5.0,5.0,2.0,3.0,2.0,5.0,2.0,2.0,2.0,2.0,1.0,2.0,4.0,2.0,4.0,4.0,4.0,3.0,1.0,6.0,5.0,1.0,3.0,1.0,1.0,1.0,1.0,3.0,8,1,1,2,4,5.0,1,4.0,2.0,1.0,4.0,2,4.5,1,11.0,5.0,10.0,2,31.0,0.000232084
19130578,10.0,0,29,22,0,3.4,0.64,5,2.0,0.0,2.0,0.0,2.0,0.0,2.0,2.0,1.0,1.0,2.0,1.0,2.0,2.0,3.0,1.0,3.0,2.0,1979.0,2.0,2.0,1.0,8.0,5000.0,6.0,1,2,2,2,2,1.0,2.2,0.92,1.0,4.0,2.0,2.0,4.0,4.0,4.0,3.0,3.0,4.0,2.0,5.0,4.0,2.0,3.0,6.0,4.0,1.0,5.0,5.0,3.0,2.0,2.0,5.0,2.0,4.0,5.0,5.0,5.0,2.0,3.0,2.0,5.0,2.0,2.0,2.0,2.0,1.0,2.0,4.0,2.0,4.0,4.0,4.0,3.0,1.0,6.0,5.0,1.0,3.0,1.0,1.0,1.0,1.0,3.0,8,1,1,2,4,5.0,1,4.0,2.0,1.0,4.0,2,4.5,1,7.0,5.0,10.0,2,31.0,0.000232084
19130685,2.0,3,228,20,29,72.0,21.11,171,6.0,2.0,4.0,2.0,8.0,2.0,6.0,1.0,1.0,1.0,4.0,0.0,1.0,1.0,12.0,46.0,5.0,1.0,1963.0,2.0,3.0,1.0,1.0,9000.0,3.0,2,2,2,2,2,1.0,72.0,30.25,1.0,3.0,5.0,5.0,5.0,4.0,5.0,3.0,3.0,5.0,1.0,5.0,5.0,1.0,5.0,3.0,3.0,1.0,5.0,3.0,5.0,5.0,5.0,4.0,4.0,1.0,5.0,1.0,5.0,1.0,5.0,3.0,4.0,3.0,1.0,5.0,3.0,1.0,1.0,5.0,3.0,4.0,5.0,3.0,3.0,3.0,1.0,5.0,4.0,4.0,3.0,5.0,5.0,2.0,1.0,8,1,1,2,4,5.0,1,3.0,1.0,1.0,2.0,2,235.0,1,179.0,4.0,35.5,2,47.0,0.000409116
19130766,1.0,4,145,19,22,33.6,7.47,54,2.0,0.0,1.0,0.0,2.0,0.0,0.0,1.0,2.0,1.0,1.0,0.0,2.0,2.0,2.0,7.0,4.0,1.0,1953.0,2.0,2.0,6.0,6.0,7000.0,3.0,2,2,2,2,2,1.0,33.6,10.7,1.0,2.0,5.0,4.0,4.0,4.0,4.0,2.0,3.0,3.0,3.0,5.0,4.0,6.0,6.0,6.0,5.0,6.0,4.0,4.0,3.0,6.0,6.0,4.0,6.0,6.0,6.0,1.0,4.0,2.0,2.0,3.0,6.0,2.0,4.0,2.0,2.0,1.0,1.0,5.0,4.0,2.0,4.0,5.0,5.0,6.0,6.0,5.0,1.0,3.0,2.0,2.0,4.0,4.0,1.0,8,1,1,2,4,3.0,1,1.0,2.0,2.0,3.0,2,82.0,1,104.0,4.0,55.0,2,57.0,0.000409116
19130767,1.0,0,27,26,0,3.0,0.27,2,2.0,0.0,2.0,0.0,2.0,0.0,1.0,1.0,1.0,1.0,2.0,0.0,2.0,2.0,4.0,1.0,4.0,2.0,1969.0,2.0,2.0,1.0,5.0,7000.0,3.0,2,2,2,2,2,1.0,3.0,0.39,2.0,4.0,4.0,2.0,5.0,5.0,5.0,6.0,6.0,6.0,2.0,6.0,4.0,6.0,5.0,6.0,6.0,3.0,5.0,5.0,4.0,5.0,6.0,5.0,6.0,6.0,6.0,5.0,6.0,1.0,6.0,6.0,6.0,2.0,2.0,5.0,3.0,1.0,2.0,5.0,4.0,3.0,1.0,4.0,1.0,4.0,3.0,4.0,2.0,2.0,5.0,1.0,3.0,4.0,2.0,8,1,1,2,4,5.0,3,4.0,1.0,1.0,1.0,2,2.5,2,1.0,4.0,19.0,2,41.0,0.000367986
19130797,11.0,2,217,142,0,42.6,5.32,62,2.0,0.0,1.0,0.0,2.0,0.0,2.0,1.0,1.0,1.0,2.0,0.0,1.0,1.0,5.0,11.0,4.0,1.0,1962.0,1.0,3.0,1.0,6.0,7000.0,3.0,2,2,2,2,2,1.0,42.6,7.62,6.0,3.0,3.0,2.0,5.0,5.0,4.0,2.0,2.0,5.0,2.0,5.0,4.0,2.0,3.0,3.0,4.0,1.0,5.0,2.0,2.0,4.0,4.0,2.0,4.0,4.0,1.0,2.0,5.0,2.0,1.0,1.0,1.0,2.0,4.0,5.0,4.0,1.0,1.0,5.0,2.0,4.0,4.0,2.0,1.0,2.0,1.0,5.0,2.0,1.0,2.0,4.0,4.0,4.0,3.0,8,1,1,2,4,2.0,4,4.0,1.0,1.0,4.0,2,59.0,1,75.0,4.0,65.0,2,48.0,0.000367986
19130797,10.0,1,144,36,34,29.0,2.39,23,2.0,0.0,1.0,0.0,2.0,0.0,2.0,1.0,1.0,1.0,2.0,0.0,1.0,1.0,5.0,11.0,4.0,1.0,1962.0,1.0,3.0,1.0,6.0,7000.0,3.0,2,2,2,2,2,1.0,29.0,3.42,6.0,3.0,3.0,2.0,5.0,5.0,4.0,2.0,2.0,5.0,2.0,5.0,4.0,2.0,3.0,3.0,4.0,1.0,5.0,2.0,2.0,4.0,4.0,2.0,4.0,4.0,1.0,2.0,5.0,2.0,1.0,1.0,1.0,2.0,4.0,5.0,4.0,1.0,1.0,5.0,2.0,4.0,4.0,2.0,1.0,2.0,1.0,5.0,2.0,1.0,2.0,4.0,4.0,4.0,3.0,8,1,1,2,4,2.0,2,4.0,1.0,1.0,4.0,2,26.0,1,74.0,4.0,30.0,2,48.0,9.82e-05
19130798,2.0,2,113,53,0,34.6,3.77,42,2.0,0.0,1.0,1.0,0.0,0.0,1.0,1.0,1.0,2.0,2.0,0.0,1.0,1.0,4.0,2.0,3.0,1.0,1970.0,2.0,2.0,1.0,7.0,5000.0,3.0,2,2,2,2,2,2.0,34.6,5.4,2.0,4.0,4.0,3.0,3.0,4.0,5.0,2.0,3.0,5.0,6.0,3.0,4.0,4.0,2.0,6.0,5.0,1.0,5.0,5.0,4.0,4.0,4.0,3.0,3.0,6.0,4.0,4.0,3.0,2.0,5.0,6.0,1.0,1.0,3.0,2.0,3.0,1.0,1.0,5.0,2.0,3.0,4.0,4.0,1.0,3.0,3.0,5.0,2.0,2.0,2.0,2.0,2.0,4.0,1.0,8,1,1,2,4,5.0,2,4.0,1.0,1.0,4.0,2,42.0,1,60.0,1.0,40.0,2,40.0,0.000409116
19130798,1.0,2,188,54,37,34.6,3.77,42,2.0,0.0,1.0,1.0,0.0,0.0,1.0,1.0,1.0,2.0,2.0,0.0,1.0,1.0,4.0,2.0,3.0,1.0,1970.0,2.0,2.0,1.0,7.0,5000.0,3.0,2,2,2,2,2,2.0,34.6,5.4,2.0,4.0,4.0,3.0,3.0,4.0,5.0,2.0,3.0,5.0,6.0,3.0,4.0,4.0,2.0,6.0,5.0,1.0,5.0,5.0,4.0,4.0,4.0,3.0,3.0,6.0,4.0,4.0,3.0,2.0,5.0,6.0,1.0,1.0,3.0,2.0,3.0,1.0,1.0,5.0,2.0,3.0,4.0,4.0,1.0,3.0,3.0,5.0,2.0,2.0,2.0,2.0,2.0,4.0,2.0,8,1,1,2,4,5.0,2,4.0,1.0,1.0,4.0,2,42.0,1,97.0,1.0,45.0,2,40.0,0.000409116
19130827,1.0,3,221,61,43,38.4,6.62,56,4.0,2.0,2.0,0.0,4.0,2.0,1.0,2.0,1.0,1.0,2.0,0.0,1.0,1.0,5.0,3.0,4.0,1.0,1971.0,2.0,3.0,1.0,6.0,7000.0,3.0,2,2,2,2,2,1.0,38.4,9.49,2.0,5.0,5.0,2.0,5.0,5.0,5.0,2.0,2.0,6.0,3.0,3.0,4.0,1.0,4.0,5.0,4.0,1.0,5.0,5.0,6.0,5.0,5.0,5.0,6.0,6.0,6.0,3.0,1.0,1.0,6.0,6.0,6.0,3.0,1.0,1.0,1.0,1.0,1.0,5.0,1.0,5.0,5.0,6.0,1.0,1.0,1.0,5.0,1.0,3.0,4.0,4.0,3.0,4.0,2.0,8,1,1,2,4,5.0,3,4.0,2.0,2.0,3.0,2,72.0,1,117.0,4.0,70.0,2,39.0,0.000967286
19130843,9.0,1,97,29,1,20.8,3.69,37,5.0,1.0,1.0,0.0,3.0,1.0,5.0,6.0,1.0,1.0,6.0,2.0,2.0,2.0,7.0,6.0,4.0,1.0,1992.0,3.0,6.0,8.0,8.0,6101.0,2.0,2,1,2,2,2,2.0,0.0,5.29,1.0,5.0,3.0,2.0,4.0,4.0,5.0,4.0,4.0,5.0,3.0,3.0,4.0,5.0,3.0,6.0,5.0,3.0,5.0,5.0,3.0,5.0,5.0,5.0,2.0,3.0,3.0,3.0,3.0,2.0,2.0,4.0,4.0,5.0,5.0,2.0,5.0,5.0,3.0,2.0,3.0,4.0,2.0,4.0,3.0,2.0,3.0,3.0,3.0,3.0,5.0,3.0,2.0,3.0,3.0,8,1,1,2,4,5.0,2,3.0,2.0,2.0,3.0,2,39.0,1,67.0,3.0,45.0,2,18.0,0.002440844
19130855,1.0,1,72,26,1,15.2,2.88,27,3.0,1.0,2.0,0.0,2.0,0.0,1.0,2.0,1.0,2.0,2.0,0.0,2.0,1.0,3.0,4.0,2.0,2.0,1976.0,2.0,3.0,2.0,6.0,3250.0,3.0,1,2,2,2,2,1.0,7.6,4.13,4.0,4.0,2.0,3.0,4.0,4.0,4.0,3.0,4.0,4.0,3.0,3.0,4.0,4.0,3.0,4.0,4.0,2.0,5.0,4.0,4.0,3.0,3.0,4.0,4.0,2.0,4.0,2.0,4.0,2.0,2.0,2.0,4.0,4.0,4.0,4.0,4.0,4.0,3.0,4.0,2.0,4.0,4.0,3.0,3.0,2.0,4.0,4.0,3.0,4.0,4.0,4.0,3.0,4.0,2.0,8,1,1,2,4,5.0,2,2.0,2.0,2.0,4.0,2,31.0,1,45.0,8.0,30.0,2,34.0,0.00087004
19130855,1.0,2,126,33,15,29.6,2.89,27,3.0,1.0,2.0,0.0,2.0,0.0,1.0,2.0,1.0,2.0,2.0,0.0,2.0,1.0,3.0,4.0,2.0,2.0,1976.0,2.0,3.0,2.0,6.0,3250.0,3.0,1,2,2,2,2,1.0,14.8,4.14,4.0,4.0,2.0,3.0,4.0,4.0,4.0,3.0,4.0,4.0,3.0,3.0,4.0,4.0,3.0,4.0,4.0,2.0,5.0,4.0,4.0,3.0,3.0,4.0,4.0,2.0,4.0,2.0,4.0,2.0,2.0,2.0,4.0,4.0,4.0,4.0,4.0,4.0,3.0,4.0,2.0,4.0,4.0,3.0,3.0,2.0,4.0,4.0,3.0,4.0,4.0,4.0,3.0,4.0,2.0,8,1,1,2,4,5.0,2,2.0,2.0,2.0,4.0,2,31.0,1,78.0,8.0,30.0,2,34.0,0.00087004
19130863,1.0,4,338,141,72,51.8,9.99,63,2.0,0.0,1.0,0.0,2.0,0.0,2.0,1.0,1.0,1.0,2.0,0.0,1.0,1.0,5.0,11.0,4.0,1.0,1973.0,2.0,3.0,1.0,2.0,9035.0,6.0,2,2,2,2,2,1.0,51.8,14.32,2.0,3.0,4.0,3.0,5.0,5.0,4.0,2.0,4.0,5.0,3.0,5.0,4.0,3.0,2.0,2.0,3.0,2.0,4.0,4.0,3.0,3.0,5.0,3.0,4.0,3.0,4.0,2.0,4.0,3.0,2.0,6.0,3.0,2.0,3.0,4.0,2.0,1.0,4.0,4.0,3.0,3.0,4.0,4.0,4.0,4.0,2.0,5.0,2.0,3.0,2.0,4.0,4.0,2.0,3.0,8,1,1,2,4,5.0,4,3.0,2.0,2.0,4.0,2,101.0,1,125.0,4.0,68.0,2,37.0,0.000258025
19130863,9.0,0,64,40,0,8.2,1.33,18,2.0,0.0,1.0,0.0,2.0,0.0,2.0,1.0,1.0,1.0,2.0,0.0,1.0,1.0,5.0,11.0,4.0,1.0,1973.0,2.0,3.0,1.0,2.0,9035.0,6.0,2,2,2,2,2,1.0,8.2,1.91,2.0,3.0,4.0,3.0,5.0,5.0,4.0,2.0,4.0,5.0,3.0,5.0,4.0,3.0,2.0,2.0,3.0,2.0,4.0,4.0,3.0,3.0,5.0,3.0,4.0,3.0,4.0,2.0,4.0,3.0,2.0,6.0,3.0,2.0,3.0,4.0,2.0,1.0,4.0,4.0,3.0,3.0,4.0,4.0,4.0,4.0,2.0,5.0,2.0,3.0,2.0,4.0,4.0,2.0,3.0,8,1,1,2,4,5.0,2,3.0,2.0,2.0,4.0,2,15.0,1,24.0,4.0,15.0,2,37.0,0.000258025
19130867,9.0,0,49,20,0,10.2,1.75,15,1.0,0.0,1.0,0.0,2.0,0.0,1.0,1.0,1.0,2.0,1.0,0.0,2.0,1.0,3.0,2.0,4.0,1.0,1979.0,2.0,1.0,1.0,5.0,7000.0,7.0,2,2,2,2,2,1.0,10.2,2.51,5.0,4.0,3.0,1.0,4.0,5.0,1.0,5.0,1.0,5.0,1.0,4.0,5.0,1.0,2.0,6.0,5.0,2.0,5.0,5.0,4.0,5.0,5.0,2.0,1.0,6.0,2.0,4.0,1.0,2.0,1.0,1.0,4.0,2.0,4.0,1.0,5.0,2.0,2.0,4.0,1.0,4.0,4.0,4.0,4.0,2.0,4.0,4.0,1.0,3.0,2.0,4.0,4.0,2.0,3.0,8,1,1,2,4,2.0,1,3.0,2.0,2.0,3.0,2,18.0,1,29.0,4.0,30.0,2,31.0,0.000378621
19130871,1.0,4,220,72,37,41.8,7.17,59,2.0,0.0,2.0,0.0,2.0,0.0,2.0,1.0,1.0,1.0,2.0,1.0,2.0,1.0,4.0,1.0,6.0,2.0,1959.0,3.0,2.0,2.0,6.0,15000.0,6.0,1,2,2,2,1,1.0,20.9,10.27,2.0,5.0,2.0,1.0,4.0,5.0,5.0,3.0,3.0,4.0,4.0,4.0,4.0,2.0,4.0,6.0,4.0,2.0,4.0,2.0,4.0,2.0,2.0,4.0,4.0,2.0,1.0,3.0,5.0,2.0,1.0,1.0,4.0,2.0,3.0,4.0,2.0,1.0,4.0,3.0,2.0,4.0,2.0,3.0,4.0,1.0,4.0,4.0,2.0,1.0,1.0,4.0,4.0,3.0,2.0,8,1,1,2,4,5.0,3,2.0,3.0,1.0,4.0,2,78.5,1,111.0,4.0,80.0,2,51.0,9.82e-05
19130883,8.0,1,74,22,7,12.8,2.18,21,1.0,1.0,1.0,0.0,1.0,0.0,0.0,2.0,2.0,1.0,1.0,0.0,2.0,1.0,3.0,1.0,2.0,2.0,1942.0,3.0,1.0,9.0,8.0,3250.0,3.0,2,2,2,2,2,1.0,12.8,3.12,2.0,4.0,3.0,2.0,5.0,5.0,6.0,6.0,5.0,5.0,6.0,3.0,4.0,2.0,5.0,6.0,3.0,3.0,5.0,4.0,4.0,4.0,6.0,4.0,4.0,3.0,4.0,3.0,6.0,6.0,3.0,6.0,3.0,3.0,4.0,2.0,3.0,1.0,3.0,4.0,2.0,4.0,4.0,5.0,6.0,4.0,3.0,5.0,6.0,3.0,4.0,4.0,5.0,6.0,3.0,8,1,1,2,4,3.0,1,3.0,2.0,2.0,1.0,2,22.0,1,45.0,4.0,25.0,2,68.0,0.000288998
19130883,8.0,1,79,22,10,12.8,2.18,21,1.0,1.0,1.0,0.0,1.0,0.0,0.0,2.0,2.0,1.0,1.0,0.0,2.0,1.0,3.0,1.0,2.0,2.0,1942.0,3.0,1.0,9.0,8.0,3250.0,3.0,2,2,2,2,2,1.0,12.8,3.12,2.0,4.0,3.0,2.0,5.0,5.0,6.0,6.0,5.0,5.0,6.0,3.0,4.0,2.0,5.0,6.0,3.0,3.0,5.0,4.0,4.0,4.0,6.0,4.0,4.0,3.0,4.0,3.0,6.0,6.0,3.0,6.0,3.0,3.0,4.0,2.0,3.0,1.0,3.0,4.0,2.0,4.0,4.0,5.0,6.0,4.0,3.0,5.0,6.0,3.0,4.0,4.0,5.0,6.0,3.0,8,1,1,2,4,3.0,1,3.0,2.0,2.0,1.0,2,22.0,1,47.0,4.0,40.0,2,68.0,0.000288998
19130912,4.0,0,22,16,0,6.0,0.51,6,2.0,0.0,1.0,0.0,0.0,0.0,0.0,1.0,2.0,1.0,1.0,0.0,2.0,1.0,3.0,10.0,4.0,1.0,1936.0,2.0,2.0,9.0,8.0,7000.0,6.0,2,2,2,2,2,1.0,6.0,0.73,1.0,6.0,1.0,3.0,4.0,4.0,6.0,6.0,6.0,6.0,1.0,3.0,3.0,3.0,5.0,5.0,4.0,3.0,4.0,4.0,2.0,5.0,5.0,6.0,6.0,6.0,3.0,1.0,6.0,6.0,6.0,6.0,6.0,3.0,4.0,1.0,3.0,1.0,1.0,3.0,3.0,1.0,3.0,3.0,6.0,6.0,6.0,3.0,6.0,3.0,3.0,6.0,3.0,6.0,3.0,8,1,1,2,4,1.0,2,3.0,2.0,2.0,3.0,2,4.0,1,6.0,4.0,10.0,2,74.0,8.57e-05
19130912,4.0,0,94,44,0,16.4,2.56,26,2.0,0.0,1.0,0.0,0.0,0.0,0.0,1.0,2.0,1.0,1.0,0.0,2.0,1.0,3.0,10.0,4.0,1.0,1936.0,2.0,2.0,9.0,8.0,7000.0,6.0,2,2,2,2,2,1.0,16.4,3.67,1.0,6.0,1.0,3.0,4.0,4.0,6.0,6.0,6.0,6.0,1.0,3.0,3.0,3.0,5.0,5.0,4.0,3.0,4.0,4.0,2.0,5.0,5.0,6.0,6.0,6.0,3.0,1.0,6.0,6.0,6.0,6.0,6.0,3.0,4.0,1.0,3.0,1.0,1.0,3.0,3.0,1.0,3.0,3.0,6.0,6.0,6.0,3.0,6.0,3.0,3.0,6.0,3.0,6.0,3.0,8,1,1,2,4,1.0,2,3.0,2.0,2.0,3.0,2,28.0,1,50.0,4.0,50.0,2,74.0,8.57e-05
19130933,7.0,0,19,15,0,3.4,0.37,5,2.0,0.0,1.0,0.0,0.0,0.0,0.0,1.0,2.0,1.0,1.0,0.0,2.0,1.0,3.0,7.0,4.0,1.0,1932.0,2.0,2.0,9.0,6.0,7000.0,3.0,1,2,2,2,2,1.0,2.2,0.53,1.0,5.0,5.0,5.0,4.0,3.0,6.0,6.0,6.0,6.0,3.0,3.0,4.0,1.0,1.0,1.0,4.0,1.0,1.0,3.0,1.0,4.0,3.0,1.0,1.0,4.0,4.0,1.0,6.0,4.0,6.0,4.0,4.0,4.0,4.0,6.0,3.0,1.0,1.0,4.0,1.0,5.0,5.0,3.0,3.0,1.0,1.0,5.0,6.0,1.0,5.0,3.0,5.0,4.0,3.0,8,1,1,2,4,5.0,1,1.0,2.0,1.0,3.0,2,3.0,1,4.0,4.0,35.5,2,78.0,0.0003213
19130963,1.0,0,28,24,0,6.0,0.55,7,3.0,1.0,2.0,0.0,3.0,1.0,2.0,2.0,1.0,1.0,2.0,0.0,1.0,1.0,5.0,10.0,4.0,2.0,1957.0,2.0,3.0,2.0,2.0,7000.0,7.0,2,2,2,2,2,1.0,6.0,0.79,2.0,3.0,4.0,4.0,4.0,5.0,6.0,1.0,6.0,5.0,1.0,3.0,5.0,3.0,5.0,2.0,5.0,1.0,5.0,2.0,4.0,5.0,6.0,2.0,6.0,6.0,1.0,5.0,5.0,1.0,6.0,6.0,5.0,1.0,5.0,5.0,3.0,1.0,1.0,5.0,1.0,4.0,5.0,4.0,3.0,3.0,1.0,5.0,1.0,1.0,3.0,4.0,3.0,4.0,1.0,8,1,1,2,4,5.0,2,3.0,1.0,2.0,3.0,2,4.5,1,4.0,3.0,10.0,2,53.0,0.000144039
19130963,7.0,0,12,10,0,3.0,0.13,1,3.0,1.0,2.0,0.0,3.0,1.0,2.0,2.0,1.0,1.0,2.0,0.0,1.0,1.0,5.0,10.0,4.0,2.0,1957.0,2.0,3.0,2.0,2.0,7000.0,7.0,2,2,2,2,2,1.0,3.0,0.19,2.0,3.0,4.0,4.0,4.0,5.0,6.0,1.0,6.0,5.0,1.0,3.0,5.0,3.0,5.0,2.0,5.0,1.0,5.0,2.0,4.0,5.0,6.0,2.0,6.0,6.0,1.0,5.0,5.0,1.0,6.0,6.0,5.0,1.0,5.0,5.0,3.0,1.0,1.0,5.0,1.0,4.0,5.0,4.0,3.0,3.0,1.0,5.0,1.0,1.0,3.0,4.0,3.0,4.0,3.0,8,1,1,2,4,5.0,1,3.0,1.0,2.0,3.0,2,0.9,1,2.0,3.0,2.0,2,53.0,0.000144039
19131061,4.0,2,262,93,33,49.2,2.74,30,3.0,1.0,2.0,0.0,6.0,1.0,1.0,1.0,1.0,1.0,2.0,0.0,1.0,2.0,3.0,1.0,4.0,2.0,1976.0,1.0,3.0,1.0,8.0,7384.0,3.0,2,2,2,2,2,1.0,49.2,3.93,3.0,2.0,2.0,2.0,2.0,4.0,6.0,6.0,6.0,6.0,6.0,5.0,5.0,1.0,6.0,5.0,5.0,1.0,5.0,5.0,1.0,6.0,6.0,6.0,6.0,6.0,6.0,6.0,6.0,6.0,1.0,6.0,6.0,6.0,6.0,6.0,6.0,6.0,6.0,5.0,5.0,2.0,6.0,5.0,6.0,6.0,6.0,5.0,1.0,6.0,1.0,1.0,1.0,1.0,3.0,8,1,1,2,4,5.0,5,2.0,2.0,2.0,4.0,2,27.0,1,136.0,4.0,35.0,2,34.0,0.00087004
19610035,1.0,1,72,46,0,5.2,0.97,14,4.0,2.0,1.0,0.0,6.0,3.0,3.0,0.0,1.0,1.0,2.0,0.0,1.0,1.0,6.0,2.0,6.0,2.0,1965.0,2.0,3.0,2.0,3.0,15000.0,8.0,1,2,2,2,2,2.0,2.6,1.39,5.0,5.0,2.0,1.0,5.0,5.0,5.0,2.0,4.0,5.0,5.0,3.0,4.0,1.0,5.0,1.0,3.0,1.0,3.0,2.0,5.0,2.0,4.0,4.0,5.0,5.0,2.0,1.0,5.0,5.0,1.0,4.0,4.0,3.0,4.0,4.0,2.0,2.0,5.0,2.0,4.0,4.0,4.0,4.0,4.0,4.0,2.0,5.0,2.0,3.0,2.0,4.0,4.0,3.0,2.0,9,1,1,2,1,3.0,2,3.0,2.0,3.0,3.0,2,5.5,1,26.0,5.0,45.0,2,45.0,0.000144039
19610035,1.0,1,73,45,3,5.2,0.97,14,4.0,2.0,1.0,0.0,6.0,3.0,3.0,0.0,1.0,1.0,2.0,0.0,1.0,1.0,6.0,2.0,6.0,2.0,1965.0,2.0,3.0,2.0,3.0,15000.0,8.0,1,2,2,2,2,2.0,2.6,1.39,5.0,5.0,2.0,1.0,5.0,5.0,5.0,2.0,4.0,5.0,5.0,3.0,4.0,1.0,5.0,1.0,3.0,1.0,3.0,2.0,5.0,2.0,4.0,4.0,5.0,5.0,2.0,1.0,5.0,5.0,1.0,4.0,4.0,3.0,4.0,4.0,2.0,2.0,5.0,2.0,4.0,4.0,4.0,4.0,4.0,4.0,2.0,5.0,2.0,3.0,2.0,4.0,4.0,3.0,1.0,9,1,1,2,1,3.0,2,3.0,2.0,3.0,3.0,2,5.5,1,25.0,5.0,40.0,2,45.0,0.000144039
19610100,7.0,1,158,62,3,28.0,3.46,49,2.0,0.0,2.0,0.0,0.0,0.0,2.0,1.0,1.0,1.0,2.0,0.0,1.0,1.0,6.0,34.0,5.0,1.0,1946.0,2.0,2.0,9.0,2.0,9000.0,7.0,2,2,2,2,2,1.0,28.0,4.96,2.0,2.0,6.0,3.0,4.0,4.0,6.0,3.0,3.0,4.0,1.0,4.0,4.0,1.0,3.0,6.0,5.0,2.0,5.0,4.0,4.0,4.0,5.0,2.0,4.0,6.0,5.0,2.0,5.0,1.0,1.0,6.0,3.0,2.0,5.0,2.0,3.0,1.0,1.0,4.0,2.0,3.0,4.0,3.0,6.0,1.0,1.0,4.0,6.0,3.0,2.0,3.0,4.0,4.0,3.0,9,1,1,2,1,5.0,3,1.0,2.0,3.0,4.0,2,29.3,1,93.0,8.0,55.0,2,64.0,0.000160139
19610114,1.0,0,82,47,0,10.6,1.86,26,4.0,0.0,2.0,0.0,4.0,0.0,3.0,1.0,1.0,1.0,4.0,0.0,1.0,1.0,3.0,1.0,4.0,2.0,1958.0,2.0,3.0,2.0,6.0,7000.0,4.0,2,2,2,2,2,1.0,10.6,2.67,1.0,4.0,3.0,2.0,4.0,4.0,4.0,4.0,3.0,4.0,6.0,4.0,4.0,2.0,4.0,4.0,4.0,2.0,4.0,4.0,4.0,4.0,4.0,4.0,4.0,4.0,2.0,4.0,4.0,2.0,2.0,2.0,4.0,2.0,2.0,2.0,3.0,1.0,2.0,4.0,2.0,4.0,2.0,4.0,3.0,2.0,2.0,4.0,2.0,4.0,4.0,2.0,2.0,4.0,2.0,9,1,1,2,1,2.0,2,3.0,2.0,2.0,3.0,2,16.2,1,35.0,4.0,35.0,2,52.0,9.82e-05
19610182,1.0,0,75,38,0,12.4,2.77,39,1.0,0.0,1.0,0.0,0.0,0.0,1.0,0.0,1.0,1.0,1.0,0.0,2.0,2.0,3.5,2.0,3.0,2.0,1981.0,2.0,1.0,1.0,4.0,5000.0,7.0,1,2,2,2,2,1.0,6.2,3.97,2.0,4.0,6.0,2.0,4.0,5.0,4.0,2.0,3.0,6.0,1.0,5.0,5.0,1.0,4.0,6.0,5.0,1.0,5.0,4.0,2.0,4.0,4.0,4.0,5.0,1.0,4.0,1.0,5.0,2.0,2.0,1.0,4.0,2.0,2.0,2.0,4.0,2.0,4.0,5.0,4.0,2.0,4.0,4.0,4.0,2.0,2.0,5.0,1.0,4.0,1.0,5.0,5.0,2.0,2.0,9,1,1,2,1,5.0,2,4.0,1.0,1.0,1.0,2,25.0,1,37.0,3.0,50.0,2,29.0,0.000340556
19610191,4.0,0,48,16,0,7.6,1.64,24,2.0,0.0,1.0,0.0,2.0,0.0,2.0,1.0,1.0,1.0,2.0,0.0,1.0,1.0,3.0,14.0,3.0,2.0,1934.0,2.0,2.0,9.0,8.0,5000.0,4.0,1,2,2,2,2,1.0,3.8,2.35,4.0,4.0,3.0,1.0,5.0,5.0,6.0,6.0,6.0,3.0,5.0,4.0,6.0,1.0,4.0,6.0,1.0,1.0,6.0,6.0,6.0,1.0,2.0,1.0,5.0,4.0,4.0,3.0,3.0,1.0,1.0,4.0,4.0,2.0,4.0,1.0,4.0,1.0,1.0,4.0,6.0,6.0,4.0,4.0,6.0,1.0,1.0,1.0,1.0,1.0,1.0,3.0,3.0,5.0,3.0,9,1,1,2,1,1.0,1,3.0,2.0,3.0,1.0,2,14.0,0,32.0,5.0,38.0,2,76.0,7.71e-05
19610192,4.0,0,51,25,0,7.6,1.66,27,2.0,0.0,1.0,0.0,2.0,0.0,1.0,1.0,1.0,1.0,2.0,0.0,1.0,1.0,3.0,14.0,3.0,1.0,1932.0,2.0,2.0,9.0,2.0,5000.0,6.0,2,2,2,2,2,1.0,7.6,2.38,4.0,4.0,2.0,1.0,5.0,5.0,6.0,6.0,6.0,3.0,4.0,4.0,6.0,1.0,2.0,6.0,5.0,1.0,4.0,2.0,3.0,2.0,2.0,1.0,5.0,6.0,6.0,4.0,4.0,3.0,6.0,4.0,3.0,2.0,4.0,4.0,3.0,1.0,2.0,5.0,1.0,4.0,4.0,4.0,6.0,6.0,2.0,5.0,6.0,6.0,1.0,4.0,4.0,3.0,3.0,9,1,1,2,1,5.0,1,3.0,2.0,2.0,4.0,2,15.0,1,26.0,4.0,30.0,2,78.0,8.57e-05
19610203,4.0,4,237,45,43,60.0,17.18,128,2.0,0.0,2.0,1.0,1.0,0.0,4.0,1.0,1.0,1.0,2.0,1.0,1.0,1.0,4.5,5.0,5.0,2.0,1946.0,2.0,2.0,9.0,4.0,9000.0,6.0,1,2,2,2,2,1.0,30.0,24.62,3.0,4.0,1.0,2.0,5.0,5.0,6.0,6.0,3.0,5.0,5.0,6.0,2.0,1.0,5.0,6.0,5.0,1.0,6.0,5.0,5.0,1.0,3.0,1.0,5.0,4.0,4.0,3.0,4.0,3.0,1.0,3.0,5.0,2.0,5.0,3.0,3.0,2.0,2.0,4.0,4.0,2.0,4.0,4.0,6.0,6.0,1.0,5.0,6.0,2.0,3.0,3.0,4.0,3.0,3.0,9,1,1,2,1,3.0,3,2.0,2.0,2.0,3.0,2,183.2,1,149.0,5.0,140.0,2,64.0,9.82e-05
19650008,4.0,1,153,25,6,48.0,15.35,112,2.0,0.0,1.0,0.0,2.0,0.0,1.0,2.0,1.0,1.0,2.0,0.0,2.0,1.0,3.0,10.0,2.0,2.0,1933.0,2.0,2.0,9.0,6.0,3250.0,3.0,1,2,2,2,2,2.0,24.0,22.0,6.0,4.0,1.0,1.0,4.0,4.0,5.0,2.0,4.0,2.0,3.0,4.0,3.0,1.0,5.0,3.0,4.0,1.0,4.0,3.0,3.0,3.0,4.0,5.0,4.0,4.0,4.0,2.0,4.0,4.0,1.0,4.0,3.0,2.0,4.0,4.0,3.0,1.0,2.0,5.0,2.0,2.0,4.0,4.0,3.0,3.0,2.0,5.0,2.0,3.0,2.0,4.0,4.0,4.0,3.0,4,2,1,2,2,3.0,2,1.0,2.0,3.0,1.0,2,165.5,0,122.0,3.0,35.0,2,77.0,0.000288998
19650022,4.0,1,53,35,3,4.8,1.26,19,2.0,0.0,2.0,0.0,2.0,0.0,5.0,1.0,1.0,2.0,2.0,0.0,1.0,1.0,4.5,13.0,3.0,2.0,1952.0,3.0,2.0,8.0,3.0,5000.0,6.0,1,2,2,2,2,1.0,2.4,1.81,2.0,5.0,2.0,2.0,5.0,5.0,6.0,6.0,6.0,4.0,6.0,5.0,4.0,1.0,4.0,6.0,2.0,1.0,5.0,3.0,5.0,2.0,2.0,2.0,5.0,5.0,4.0,1.0,5.0,3.0,3.0,2.0,4.0,2.0,2.0,2.0,3.0,1.0,2.0,5.0,2.0,4.0,3.0,2.0,6.0,1.0,1.0,4.0,6.0,2.0,2.0,3.0,3.0,4.0,3.0,4,2,1,2,2,4.0,1,3.0,3.0,1.0,4.0,2,9.5,1,15.0,4.0,20.0,2,58.0,9.82e-05
19650025,1.0,0,44,31,0,6.4,1.14,15,5.0,2.0,2.0,1.0,2.0,2.0,2.0,2.0,1.0,1.0,4.0,0.0,1.0,1.0,7.0,10.0,4.0,1.0,1965.0,2.0,3.0,1.0,3.0,7000.0,6.0,1,2,2,2,2,1.0,3.2,1.63,1.0,4.0,5.0,4.0,3.0,4.0,5.0,3.0,2.0,4.0,1.0,5.0,5.0,2.0,3.0,5.0,5.0,2.0,5.0,4.0,4.0,4.0,4.0,3.0,4.0,3.0,4.0,1.0,4.0,1.0,1.0,4.0,3.0,4.0,3.0,4.0,4.0,2.0,4.0,4.0,2.0,4.0,4.0,4.0,3.0,2.0,2.0,5.0,2.0,3.0,2.0,4.0,4.0,4.0,2.0,4,2,1,2,2,5.0,2,3.0,2.0,2.0,3.0,2,7.1,1,13.0,4.0,37.0,2,45.0,0.000109132
19650025,1.0,1,78,31,11,7.4,1.96,27,5.0,2.0,2.0,1.0,2.0,2.0,2.0,2.0,1.0,1.0,4.0,0.0,1.0,1.0,7.0,10.0,4.0,1.0,1965.0,2.0,3.0,1.0,3.0,7000.0,6.0,1,2,2,2,2,1.0,3.7,2.81,1.0,4.0,5.0,4.0,3.0,4.0,5.0,3.0,2.0,4.0,1.0,5.0,5.0,2.0,3.0,5.0,5.0,2.0,5.0,4.0,4.0,4.0,4.0,3.0,4.0,3.0,4.0,1.0,4.0,1.0,1.0,4.0,3.0,4.0,3.0,4.0,4.0,2.0,4.0,4.0,2.0,4.0,4.0,4.0,3.0,2.0,2.0,5.0,2.0,3.0,2.0,4.0,4.0,4.0,1.0,4,2,1,2,2,5.0,2,3.0,2.0,2.0,3.0,2,13.5,1,36.0,4.0,32.0,2,45.0,0.000109132
19650025,9.0,0,72,56,0,6.4,2.05,30,5.0,2.0,2.0,1.0,2.0,2.0,2.0,2.0,1.0,1.0,4.0,0.0,1.0,1.0,7.0,10.0,4.0,1.0,1965.0,2.0,3.0,1.0,3.0,7000.0,6.0,1,2,2,2,2,1.0,3.2,2.94,1.0,4.0,5.0,4.0,3.0,4.0,5.0,3.0,2.0,4.0,1.0,5.0,5.0,2.0,3.0,5.0,5.0,2.0,5.0,4.0,4.0,4.0,4.0,3.0,4.0,3.0,4.0,1.0,4.0,1.0,1.0,4.0,3.0,4.0,3.0,4.0,4.0,2.0,4.0,4.0,2.0,4.0,4.0,4.0,3.0,2.0,2.0,5.0,2.0,3.0,2.0,4.0,4.0,4.0,3.0,4,2,1,2,2,5.0,2,3.0,2.0,2.0,3.0,2,14.0,1,16.0,4.0,25.0,2,45.0,0.000109132
19650026,1.0,2,89,54,4,7.4,2.0,28,5.0,2.0,2.0,1.0,2.0,2.0,2.0,1.0,1.0,1.0,4.0,0.0,1.0,1.0,7.0,10.0,4.0,2.0,1968.0,2.0,3.0,2.0,6.0,7000.0,3.0,2,2,2,2,2,1.0,7.4,2.87,2.0,2.0,4.0,4.0,4.0,3.0,5.0,3.0,2.0,5.0,1.0,4.0,5.0,1.0,4.0,4.0,5.0,1.0,5.0,4.0,4.0,5.0,5.0,5.0,1.0,2.0,4.0,3.0,5.0,1.0,1.0,1.0,3.0,1.0,1.0,5.0,3.0,1.0,5.0,5.0,1.0,5.0,5.0,5.0,5.0,4.0,2.0,5.0,3.0,4.0,2.0,1.0,3.0,5.0,1.0,4,2,1,2,2,5.0,2,3.0,1.0,2.0,3.0,2,14.0,1,31.0,4.0,30.0,2,42.0,0.000367986
19650026,8.0,0,119,105,0,12.4,1.71,22,5.0,2.0,2.0,1.0,2.0,2.0,2.0,1.0,1.0,1.0,4.0,0.0,1.0,1.0,7.0,10.0,4.0,2.0,1968.0,2.0,3.0,2.0,6.0,7000.0,3.0,2,2,2,2,2,1.0,12.4,2.45,2.0,2.0,4.0,4.0,4.0,3.0,5.0,3.0,2.0,5.0,1.0,4.0,5.0,1.0,4.0,4.0,5.0,1.0,5.0,4.0,4.0,5.0,5.0,5.0,1.0,2.0,4.0,3.0,5.0,1.0,1.0,1.0,3.0,1.0,1.0,5.0,3.0,1.0,5.0,5.0,1.0,5.0,5.0,5.0,5.0,4.0,2.0,5.0,3.0,4.0,2.0,1.0,3.0,5.0,3.0,4,2,1,2,2,5.0,4,3.0,1.0,2.0,3.0,2,9.5,1,14.0,4.0,50.0,2,42.0,0.000367986
19650035,4.0,4,250,135,40,33.4,7.64,72,2.0,0.0,2.0,0.0,1.0,0.0,1.0,1.0,2.0,2.0,1.0,0.0,1.0,2.0,4.5,4.0,6.0,1.0,1962.0,1.0,3.0,1.0,6.0,15000.0,3.0,2,2,2,2,2,1.0,33.4,10.95,2.0,3.0,2.0,1.0,5.0,5.0,4.0,2.0,3.0,5.0,2.0,5.0,5.0,4.0,4.0,6.0,6.0,1.0,4.0,2.0,4.0,4.0,4.0,2.0,4.0,6.0,4.0,5.0,1.0,1.0,2.0,6.0,6.0,1.0,3.0,4.0,1.0,1.0,1.0,5.0,4.0,3.0,4.0,4.0,2.0,2.0,1.0,5.0,1.0,1.0,4.0,3.0,2.0,4.0,3.0,4,2,1,2,2,2.0,3,3.0,2.0,2.0,4.0,2,70.0,1,75.0,2.0,70.0,2,48.0,0.000610133
19650041,4.0,0,96,63,0,11.0,2.64,38,1.0,0.0,1.0,0.0,0.0,0.0,1.0,1.0,1.0,1.0,1.0,0.0,1.0,1.0,3.0,4.0,6.0,1.0,1974.0,2.0,1.0,1.0,1.0,15000.0,6.0,2,2,2,2,2,1.0,11.0,3.78,2.0,2.0,4.0,2.0,5.0,5.0,3.0,5.0,4.0,4.0,2.0,3.0,3.0,3.0,4.0,3.0,2.0,2.0,5.0,4.0,2.0,5.0,5.0,5.0,1.0,1.0,5.0,2.0,4.0,2.0,4.0,4.0,3.0,2.0,2.0,2.0,4.0,2.0,2.0,5.0,3.0,4.0,3.0,4.0,2.0,4.0,2.0,5.0,2.0,4.0,4.0,2.0,2.0,1.0,3.0,4,2,1,2,2,5.0,3,4.0,2.0,1.0,2.0,2,16.9,1,33.0,3.0,33.0,2,36.0,0.000258025
19650041,9.0,0,10,8,0,3.0,0.51,7,1.0,0.0,1.0,0.0,0.0,0.0,1.0,1.0,1.0,1.0,1.0,0.0,1.0,1.0,3.0,4.0,6.0,1.0,1974.0,2.0,1.0,1.0,1.0,15000.0,6.0,2,2,2,2,2,1.0,3.0,0.73,2.0,2.0,4.0,2.0,5.0,5.0,3.0,5.0,4.0,4.0,2.0,3.0,3.0,3.0,4.0,3.0,2.0,2.0,5.0,4.0,2.0,5.0,5.0,5.0,1.0,1.0,5.0,2.0,4.0,2.0,4.0,4.0,3.0,2.0,2.0,2.0,4.0,2.0,2.0,5.0,3.0,4.0,3.0,4.0,2.0,4.0,2.0,5.0,2.0,4.0,4.0,2.0,2.0,1.0,3.0,4,2,1,2,2,5.0,1,4.0,2.0,1.0,2.0,2,4.0,1,2.0,3.0,10.0,2,36.0,0.000258025
19650059,6.0,1,197,94,13,14.2,2.4,33,2.0,0.0,2.0,1.0,2.0,0.0,1.0,1.0,1.0,1.0,2.0,0.0,2.0,2.0,3.5,3.0,4.0,2.0,1985.0,2.0,2.0,1.0,6.0,7000.0,5.0,2,2,2,2,2,1.0,14.2,3.44,1.0,3.0,5.0,4.0,4.0,4.0,4.0,2.0,3.0,5.0,1.0,1.0,4.0,3.0,4.0,6.0,4.0,5.0,5.0,5.0,2.0,3.0,5.0,5.0,1.0,1.0,5.0,4.0,3.0,1.0,5.0,3.0,5.0,4.0,5.0,5.0,2.0,1.0,1.0,5.0,4.0,3.0,5.0,1.0,5.0,4.0,4.0,1.0,1.0,3.0,4.0,3.0,3.0,2.0,3.0,4,2,1,2,2,5.0,3,4.0,1.0,1.0,3.0,2,21.5,1,90.0,3.0,25.0,2,25.0,0.000232084
19650071,7.0,0,24,15,0,3.0,0.09,0,4.0,0.0,2.0,1.0,4.0,0.0,3.0,1.0,1.0,2.0,4.0,0.0,1.0,1.0,4.0,40.0,3.0,1.0,1958.0,2.0,3.0,1.0,5.0,5000.0,3.0,2,2,2,2,2,1.0,3.0,0.13,3.0,3.0,4.0,2.0,5.0,5.0,4.0,3.0,4.0,5.0,3.0,4.0,4.0,3.0,4.0,2.0,4.0,3.0,4.0,4.0,3.0,3.0,4.0,2.0,4.0,2.0,4.0,4.0,4.0,2.0,3.0,4.0,4.0,3.0,4.0,4.0,3.0,1.0,4.0,4.0,2.0,3.0,4.0,4.0,4.0,3.0,6.0,4.0,6.0,4.0,3.0,3.0,6.0,3.0,3.0,4,2,1,2,2,5.0,1,3.0,2.0,2.0,3.0,2,0.1,1,9.0,8.0,5.0,2,52.0,0.000409116
19650072,11.0,4,262,145,37,27.6,4.52,61,4.0,0.0,2.0,1.0,4.0,0.0,3.0,1.0,1.0,2.0,4.0,0.0,1.0,1.0,4.0,40.0,3.0,1.0,1958.0,2.0,3.0,1.0,5.0,5000.0,3.0,2,2,2,2,2,1.0,27.6,6.48,3.0,3.0,4.0,2.0,5.0,5.0,4.0,3.0,4.0,5.0,3.0,4.0,4.0,3.0,4.0,2.0,4.0,2.0,4.0,4.0,3.0,4.0,4.0,2.0,4.0,2.0,4.0,4.0,4.0,2.0,2.0,4.0,4.0,3.0,4.0,4.0,3.0,1.0,4.0,4.0,2.0,3.0,3.0,4.0,4.0,3.0,1.0,4.0,3.0,4.0,3.0,3.0,3.0,3.0,3.0,4,2,1,2,2,5.0,5,3.0,2.0,2.0,3.0,2,39.3,1,80.0,8.0,110.0,2,52.0,0.000409116
19650138,1.0,1,75,44,1,8.8,2.27,34,4.0,2.0,2.0,0.0,4.0,2.0,4.0,3.0,1.0,1.0,4.0,1.0,1.0,1.0,6.0,21.0,6.0,1.0,1962.0,2.0,3.0,1.0,2.0,15000.0,7.0,1,2,2,2,2,1.0,4.4,3.25,1.0,3.0,4.0,2.0,4.0,4.0,5.0,2.0,3.0,4.0,2.0,4.0,4.0,2.0,2.0,4.0,4.0,1.0,5.0,4.0,3.0,3.0,4.0,4.0,2.0,2.0,2.0,1.0,4.0,5.0,3.0,4.0,3.0,4.0,4.0,4.0,4.0,2.0,4.0,5.0,3.0,3.0,2.0,2.0,4.0,3.0,3.0,2.0,2.0,3.0,4.0,4.0,4.0,4.0,1.0,4,2,1,2,2,4.0,2,3.0,1.0,2.0,3.0,2,14.0,1,30.0,3.0,35.0,2,48.0,0.000160139
19650139,1.0,4,257,98,50,47.4,12.29,120,4.0,0.0,2.0,1.0,4.0,2.0,2.0,3.0,1.0,1.0,2.0,0.0,1.0,1.0,6.0,5.0,5.0,1.0,1972.0,2.0,3.0,1.0,3.0,9000.0,5.0,1,2,2,2,2,1.0,23.7,17.61,2.0,5.0,5.0,3.0,4.0,4.0,3.0,3.0,3.0,4.0,2.0,4.0,4.0,2.0,3.0,4.0,3.0,3.0,4.0,3.0,3.0,2.0,4.0,2.0,4.0,2.0,4.0,2.0,4.0,2.0,4.0,3.0,2.0,2.0,4.0,4.0,3.0,1.0,5.0,3.0,2.0,3.0,4.0,4.0,5.0,3.0,4.0,4.0,2.0,3.0,4.0,4.0,4.0,2.0,1.0,4,2,1,2,2,4.0,2,4.0,1.0,1.0,3.0,2,110.0,1,109.0,3.0,44.0,2,38.0,0.000258025
19650161,11.0,0,49,47,0,3.0,0.79,12,2.0,0.0,1.0,0.0,1.0,0.0,2.0,1.0,2.0,1.0,2.0,0.0,1.0,1.0,4.0,15.0,2.0,1.0,1962.0,2.0,2.0,9.0,6.0,3250.0,4.0,2,2,2,2,2,2.0,3.0,1.13,1.0,1.0,2.0,4.0,5.0,5.0,4.0,4.0,2.0,4.0,4.0,6.0,2.0,2.0,4.0,6.0,4.0,2.0,5.0,4.0,5.0,4.0,5.0,1.0,2.0,2.0,4.0,2.0,2.0,2.0,2.0,4.0,4.0,2.0,2.0,4.0,3.0,1.0,2.0,4.0,2.0,4.0,4.0,4.0,2.0,2.0,2.0,4.0,4.0,2.0,2.0,4.0,4.0,4.0,3.0,4,2,1,2,2,5.0,1,3.0,2.0,2.0,3.0,2,6.0,1,2.0,4.0,20.0,2,48.0,8.57e-05
19650162,4.0,1,76,36,20,4.8,1.11,15,2.0,0.0,1.0,0.0,2.0,0.0,2.0,1.0,2.0,1.0,2.0,0.0,1.0,1.0,4.0,15.0,2.0,2.0,1935.0,2.0,2.0,9.0,6.0,3250.0,4.0,2,2,2,2,2,2.0,4.8,1.59,6.0,4.0,3.0,4.0,5.0,5.0,4.0,3.0,3.0,4.0,4.0,4.0,4.0,4.0,5.0,6.0,4.0,2.0,6.0,4.0,5.0,5.0,4.0,3.0,4.0,6.0,4.0,5.0,6.0,6.0,6.0,6.0,5.0,6.0,5.0,3.0,3.0,3.0,3.0,4.0,1.0,5.0,5.0,5.0,6.0,6.0,6.0,4.0,3.0,3.0,6.0,6.0,5.0,5.0,3.0,4,2,1,2,2,3.0,1,3.0,2.0,2.0,3.0,2,8.5,1,20.0,4.0,90.0,2,75.0,7.71e-05
19650217,1.0,1,62,18,15,9.0,1.07,16,2.0,0.0,2.0,1.0,2.0,0.0,1.0,1.0,1.0,1.0,2.0,1.0,2.0,2.0,3.0,1.0,5.0,1.0,1977.0,2.0,2.0,1.0,3.0,9000.0,3.0,2,2,2,2,2,1.0,9.0,1.53,1.0,1.0,4.0,4.0,4.0,4.0,4.0,3.0,3.0,5.0,3.0,4.0,4.0,2.0,2.0,6.0,2.0,4.0,5.0,4.0,3.0,3.0,6.0,4.0,2.0,6.0,3.0,2.0,4.0,1.0,4.0,3.0,6.0,2.0,2.0,3.0,3.0,1.0,3.0,5.0,4.0,3.0,2.0,4.0,3.0,4.0,3.0,1.0,3.0,3.0,2.0,4.0,3.0,3.0,1.0,4,2,1,2,2,6.0,1,4.0,1.0,1.0,4.0,2,7.5,1,29.0,3.0,10.0,2,33.0,0.000967286
19650218,1.0,0,52,27,0,7.4,2.27,30,2.0,0.0,2.0,1.0,2.0,0.0,1.0,1.0,1.0,1.0,2.0,1.0,2.0,2.0,3.0,11.0,5.0,2.0,1973.0,2.0,2.0,1.0,6.0,9000.0,3.0,2,2,2,2,2,1.0,7.4,3.25,1.0,3.0,3.0,2.0,4.0,4.0,4.0,6.0,6.0,5.0,2.0,3.0,2.0,1.0,3.0,6.0,5.0,1.0,1.0,2.0,4.0,4.0,6.0,2.0,2.0,6.0,4.0,2.0,6.0,2.0,2.0,4.0,6.0,2.0,2.0,5.0,6.0,1.0,1.0,5.0,1.0,5.0,3.0,5.0,4.0,6.0,2.0,5.0,1.0,2.0,4.0,3.0,4.0,2.0,1.0,4,2,1,2,2,5.0,2,4.0,1.0,2.0,3.0,2,14.0,1,25.0,4.0,32.0,2,37.0,0.00087004
19650224,1.0,3,197,110,46,12.8,2.83,40,1.0,0.0,1.0,0.0,1.0,0.0,1.0,1.0,1.0,2.0,1.0,0.0,2.0,2.0,2.0,10.0,3.0,2.0,1962.0,2.0,1.0,1.0,1.0,5000.0,3.0,2,2,2,2,2,1.0,12.8,4.06,1.0,3.0,3.0,3.0,4.0,4.0,5.0,3.0,3.0,4.0,3.0,4.0,4.0,3.0,4.0,6.0,4.0,3.0,4.0,4.0,4.0,4.0,4.0,3.0,3.0,6.0,4.0,4.0,4.0,2.0,4.0,4.0,3.0,4.0,4.0,4.0,3.0,1.0,2.0,3.0,3.0,3.0,4.0,3.0,3.0,3.0,3.0,4.0,3.0,3.0,3.0,3.0,3.0,4.0,2.0,4,2,1,2,2,5.0,2,3.0,1.0,1.0,3.0,2,24.0,1,41.0,3.0,30.0,2,48.0,0.000367986
19650224,1.0,2,182,111,27,16.8,2.83,40,1.0,0.0,1.0,0.0,1.0,0.0,1.0,1.0,1.0,2.0,1.0,0.0,2.0,2.0,2.0,10.0,3.0,2.0,1962.0,2.0,1.0,1.0,1.0,5000.0,3.0,2,2,2,2,2,1.0,16.8,4.06,1.0,3.0,3.0,3.0,4.0,4.0,5.0,3.0,3.0,4.0,3.0,4.0,4.0,3.0,4.0,6.0,4.0,3.0,4.0,4.0,4.0,4.0,4.0,3.0,3.0,6.0,4.0,4.0,4.0,2.0,4.0,4.0,3.0,4.0,4.0,4.0,3.0,1.0,2.0,3.0,3.0,3.0,4.0,3.0,3.0,3.0,3.0,4.0,3.0,3.0,3.0,3.0,3.0,4.0,1.0,4,2,1,2,2,5.0,2,3.0,1.0,1.0,3.0,2,24.0,1,44.0,3.0,30.0,2,48.0,0.000367986
19650242,1.0,2,165,104,25,10.2,2.37,33,4.0,1.0,2.0,0.0,4.0,1.0,2.0,1.0,1.0,1.0,3.0,0.0,1.0,1.0,5.0,15.0,5.0,2.0,1958.0,2.0,3.0,2.0,6.0,9000.0,6.0,1,2,2,2,2,2.0,5.1,3.4,4.0,4.0,2.0,2.0,5.0,5.0,4.0,2.0,6.0,5.0,4.0,5.0,5.0,1.0,5.0,1.0,2.0,1.0,5.0,2.0,5.0,2.0,5.0,2.0,4.0,2.0,4.0,2.0,4.0,2.0,2.0,4.0,4.0,4.0,4.0,4.0,2.0,2.0,4.0,4.0,4.0,4.0,4.0,3.0,4.0,4.0,3.0,5.0,2.0,4.0,2.0,4.0,5.0,2.0,2.0,4,2,1,2,2,4.0,3,4.0,2.0,2.0,3.0,2,18.5,1,36.0,4.0,45.0,2,52.0,9.82e-05
19650257,1.0,0,43,39,0,3.4,1.62,24,2.0,0.0,1.0,0.0,1.0,0.0,1.0,1.0,1.0,1.0,2.0,0.0,1.0,2.0,3.0,2.0,5.0,1.0,1979.0,2.0,2.0,1.0,6.0,9000.0,3.0,1,2,2,2,2,1.0,2.2,2.32,1.0,5.0,3.0,1.0,5.0,5.0,4.0,3.0,3.0,2.0,4.0,5.0,5.0,1.0,5.0,6.0,1.0,1.0,3.0,3.0,2.0,2.0,4.0,4.0,4.0,4.0,4.0,2.0,5.0,3.0,2.0,4.0,4.0,3.0,4.0,4.0,3.0,1.0,2.0,4.0,1.0,4.0,4.0,4.0,4.0,3.0,1.0,5.0,2.0,3.0,3.0,4.0,4.0,3.0,1.0,4,2,1,2,2,5.0,1,3.0,1.0,2.0,4.0,2,10.0,1,4.0,3.0,15.0,2,31.0,0.000967286
19650281,1.0,1,61,30,1,8.8,2.96,36,5.0,3.0,1.0,0.0,5.0,3.0,2.0,1.0,1.0,1.0,3.0,1.0,2.0,1.0,4.0,7.0,5.0,1.0,1973.0,2.0,3.0,1.0,6.0,9000.0,3.0,2,2,1,2,2,2.0,0.0,4.24,3.0,2.0,3.0,2.0,5.0,5.0,5.0,1.0,3.0,5.0,1.0,1.0,4.0,1.0,5.0,1.0,2.0,1.0,5.0,1.0,5.0,1.0,2.0,1.0,4.0,4.0,4.0,4.0,5.0,3.0,5.0,5.0,5.0,3.0,4.0,4.0,3.0,1.0,4.0,4.0,2.0,4.0,5.0,5.0,1.0,1.0,1.0,5.0,1.0,1.0,5.0,4.0,4.0,4.0,1.0,4,2,1,2,2,5.0,2,4.0,1.0,2.0,3.0,2,18.0,0,30.0,4.0,40.0,2,37.0,0.000967286
19650295,1.0,2,137,65,12,28.0,6.41,64,4.0,1.0,1.0,1.0,2.0,0.0,3.0,1.0,1.0,1.0,3.0,1.0,2.0,1.0,3.0,7.0,4.0,1.0,1955.0,2.0,3.0,1.0,6.0,7000.0,5.0,1,2,2,2,2,1.0,14.0,9.19,3.0,4.0,6.0,2.0,5.0,5.0,5.0,2.0,3.0,5.0,4.0,4.0,4.0,2.0,5.0,3.0,5.0,2.0,4.0,3.0,4.0,3.0,4.0,5.0,4.0,4.0,4.0,2.0,5.0,4.0,4.0,4.0,4.0,3.0,4.0,2.0,4.0,1.0,3.0,3.0,2.0,4.0,4.0,4.0,2.0,6.0,3.0,5.0,1.0,4.0,4.0,4.0,4.0,4.0,1.0,4,2,1,2,2,5.0,2,4.0,2.0,2.0,3.0,2,64.0,1,60.0,8.0,58.0,2,55.0,0.000109132
19650327,1.0,0,127,59,0,16.0,1.61,23,2.0,0.0,1.0,0.0,0.0,0.0,1.0,1.0,1.0,1.0,2.0,0.0,1.0,1.0,4.0,24.0,5.0,2.0,1950.0,3.0,2.0,2.0,4.0,9000.0,3.0,1,2,2,2,2,1.0,8.0,2.31,6.0,4.0,1.0,5.0,5.0,5.0,5.0,1.0,4.0,5.0,2.0,1.0,4.0,1.0,5.0,2.0,3.0,1.0,2.0,4.0,5.0,4.0,4.0,5.0,4.0,4.0,4.0,5.0,5.0,4.0,3.0,5.0,5.0,4.0,5.0,2.0,4.0,1.0,5.0,2.0,2.0,5.0,4.0,4.0,3.0,2.0,2.0,5.0,3.0,2.0,3.0,4.0,5.0,4.0,2.0,4,2,1,2,2,2.0,2,4.0,1.0,1.0,4.0,2,14.7,0,68.0,4.0,72.0,2,60.0,0.000367986
19650328,6.0,0,24,20,0,6.0,0.44,4,2.0,0.0,1.0,0.0,0.0,0.0,1.0,1.0,1.0,2.0,2.0,0.0,1.0,1.0,4.0,24.0,5.0,1.0,1952.0,2.0,2.0,1.0,2.0,9000.0,7.0,1,2,2,2,2,1.0,3.0,0.63,5.0,5.0,2.0,2.0,5.0,5.0,5.0,1.0,4.0,5.0,4.0,4.0,5.0,4.0,5.0,4.0,4.0,2.0,4.0,4.0,5.0,3.0,3.0,5.0,4.0,2.0,2.0,2.0,5.0,4.0,2.0,4.0,4.0,4.0,5.0,3.0,4.0,2.0,5.0,4.0,5.0,4.0,4.0,4.0,4.0,4.0,4.0,5.0,2.0,4.0,4.0,5.0,4.0,4.0,3.0,4,2,1,2,2,4.0,2,4.0,2.0,2.0,4.0,2,1.4,2,4.0,3.0,16.0,2,58.0,0.000160139
19650328,6.0,0,24,20,0,6.0,0.6,8,2.0,0.0,1.0,0.0,0.0,0.0,1.0,1.0,1.0,2.0,2.0,0.0,1.0,1.0,4.0,24.0,5.0,1.0,1952.0,2.0,2.0,1.0,2.0,9000.0,7.0,1,2,2,2,2,1.0,3.0,0.86,5.0,5.0,2.0,2.0,5.0,5.0,5.0,1.0,4.0,5.0,4.0,4.0,5.0,4.0,5.0,4.0,4.0,2.0,4.0,4.0,5.0,3.0,3.0,5.0,4.0,2.0,2.0,2.0,5.0,4.0,2.0,4.0,4.0,4.0,5.0,3.0,4.0,2.0,5.0,4.0,5.0,4.0,4.0,4.0,4.0,4.0,4.0,5.0,2.0,4.0,4.0,5.0,4.0,4.0,3.0,4,2,1,2,2,4.0,2,4.0,2.0,2.0,4.0,2,4.0,2,4.0,3.0,125.0,2,58.0,0.000160139
19650425,1.0,0,139,114,0,8.6,2.42,35,1.0,0.0,1.0,0.0,0.0,0.0,1.0,1.0,1.0,2.0,1.0,0.0,2.0,1.0,3.0,0.0,3.0,2.0,1974.0,2.0,1.0,2.0,6.0,5000.0,6.0,2,2,2,2,2,1.0,8.6,3.47,3.0,4.0,3.0,3.0,4.0,4.0,4.0,2.0,2.0,4.0,3.0,5.0,5.0,4.0,3.0,6.0,5.0,3.0,5.0,4.0,4.0,4.0,3.0,4.0,3.0,6.0,4.0,5.0,4.0,6.0,4.0,4.0,3.0,3.0,4.0,4.0,4.0,2.0,5.0,4.0,4.0,4.0,4.0,4.0,5.0,2.0,2.0,4.0,2.0,4.0,4.0,4.0,2.0,4.0,1.0,4,2,1,2,2,4.0,2,4.0,2.0,1.0,3.0,2,17.5,1,25.0,4.0,35.0,2,36.0,0.000232084
19650447,1.0,0,22,13,0,3.4,0.75,11,2.0,0.0,1.0,0.0,2.0,0.0,2.0,1.0,1.0,1.0,2.0,1.0,2.0,1.0,3.0,11.0,2.0,2.0,1973.0,2.0,4.0,2.0,6.0,3250.0,3.0,2,2,2,2,2,1.0,3.4,1.07,1.0,2.0,4.0,4.0,3.0,3.0,5.0,4.0,3.0,4.0,4.0,2.0,4.0,4.0,4.0,4.0,5.0,2.0,5.0,4.0,4.0,4.0,4.0,4.0,2.0,4.0,2.0,5.0,4.0,4.0,2.0,5.0,5.0,2.0,3.0,2.0,4.0,2.0,2.0,3.0,2.0,4.0,3.0,4.0,3.0,2.0,2.0,5.0,2.0,4.0,2.0,2.0,2.0,5.0,1.0,4,2,1,2,2,5.0,1,4.0,1.0,2.0,3.0,2,4.0,1,9.0,3.0,15.0,2,37.0,0.00087004
19650447,1.0,1,55,7,18,9.0,1.71,26,2.0,0.0,1.0,0.0,2.0,0.0,2.0,1.0,1.0,1.0,2.0,1.0,2.0,1.0,3.0,11.0,2.0,2.0,1973.0,2.0,4.0,2.0,6.0,3250.0,3.0,2,2,2,2,2,1.0,9.0,2.45,1.0,2.0,4.0,4.0,3.0,3.0,5.0,4.0,3.0,4.0,4.0,2.0,4.0,4.0,4.0,4.0,5.0,2.0,5.0,4.0,4.0,4.0,4.0,4.0,2.0,4.0,2.0,5.0,4.0,4.0,2.0,5.0,5.0,2.0,3.0,2.0,4.0,2.0,2.0,3.0,2.0,4.0,3.0,4.0,3.0,2.0,2.0,5.0,2.0,4.0,2.0,2.0,2.0,5.0,1.0,4,2,1,2,2,5.0,1,4.0,1.0,2.0,3.0,2,13.0,1,30.0,3.0,20.0,2,37.0,0.00087004
19650448,1.0,0,45,22,0,7.4,1.62,23,2.0,0.0,1.0,0.0,2.0,0.0,2.0,1.0,1.0,1.0,2.0,1.0,2.0,1.0,3.0,11.0,2.0,2.0,1973.0,2.0,4.0,2.0,6.0,3250.0,3.0,2,2,2,2,2,1.0,7.4,2.32,1.0,2.0,4.0,4.0,3.0,3.0,5.0,4.0,3.0,4.0,4.0,2.0,4.0,4.0,4.0,4.0,5.0,2.0,5.0,4.0,4.0,4.0,4.0,4.0,2.0,4.0,2.0,5.0,4.0,4.0,2.0,5.0,5.0,2.0,3.0,2.0,4.0,2.0,2.0,3.0,2.0,4.0,3.0,4.0,3.0,2.0,2.0,5.0,2.0,4.0,2.0,2.0,2.0,5.0,1.0,4,2,1,2,2,5.0,2,4.0,1.0,2.0,3.0,2,10.0,0,23.0,3.0,37.0,2,37.0,0.00087004
19650490,8.0,1,244,110,2,45.8,11.19,95,4.0,2.0,3.0,0.0,4.0,2.0,2.0,2.0,1.0,1.0,4.0,0.0,1.0,1.0,6.0,20.0,4.0,2.0,1968.0,2.0,3.0,2.0,7.0,7000.0,3.0,2,2,2,2,2,1.0,45.8,16.04,1.0,2.0,4.0,4.0,3.0,4.0,3.0,2.0,2.0,2.0,1.0,5.0,5.0,6.0,4.0,4.0,5.0,1.0,4.0,5.0,2.0,4.0,5.0,2.0,5.0,6.0,4.0,5.0,4.0,1.0,1.0,2.0,6.0,2.0,6.0,4.0,3.0,1.0,1.0,3.0,2.0,3.0,4.0,3.0,2.0,6.0,1.0,5.0,2.0,2.0,4.0,2.0,4.0,4.0,3.0,4,2,1,2,2,5.0,5,3.0,1.0,2.0,2.0,2,115.4,1,132.0,4.0,148.0,2,42.0,0.000367986
19650491,4.0,0,22,20,0,3.0,0.36,4,4.0,2.0,3.0,0.0,4.0,2.0,2.0,2.0,1.0,1.0,4.0,0.0,1.0,1.0,6.0,20.0,4.0,2.0,1968.0,2.0,3.0,2.0,6.0,7000.0,3.0,2,2,2,2,2,1.0,3.0,0.52,1.0,1.0,5.0,2.0,3.0,4.0,5.0,2.0,1.0,4.0,1.0,4.0,4.0,1.0,4.0,3.0,5.0,1.0,4.0,4.0,3.0,6.0,6.0,2.0,6.0,6.0,4.0,5.0,4.0,1.0,1.0,6.0,3.0,2.0,4.0,5.0,4.0,1.0,4.0,3.0,4.0,2.0,3.0,2.0,2.0,3.0,1.0,5.0,1.0,1.0,4.0,1.0,4.0,4.0,3.0,4,2,1,2,2,5.0,2,3.0,2.0,2.0,2.0,2,2.4,2,2.0,4.0,20.0,2,42.0,0.000367986
19650491,8.0,0,21,16,0,3.0,0.35,4,4.0,2.0,3.0,0.0,4.0,2.0,2.0,2.0,1.0,1.0,4.0,0.0,1.0,1.0,6.0,20.0,4.0,2.0,1968.0,2.0,3.0,2.0,6.0,7000.0,3.0,2,2,2,2,2,1.0,3.0,0.5,1.0,1.0,5.0,2.0,3.0,4.0,5.0,2.0,1.0,4.0,1.0,4.0,4.0,1.0,4.0,3.0,5.0,1.0,4.0,4.0,3.0,6.0,6.0,2.0,6.0,6.0,4.0,5.0,4.0,1.0,1.0,6.0,3.0,2.0,4.0,5.0,4.0,1.0,4.0,3.0,4.0,2.0,3.0,2.0,2.0,3.0,1.0,5.0,1.0,1.0,4.0,1.0,4.0,4.0,3.0,4,2,1,2,2,5.0,1,3.0,2.0,2.0,2.0,2,2.5,1,5.0,4.0,17.0,2,42.0,0.000367986
19650511,1.0,0,30,27,0,3.0,0.18,2,2.0,2.0,3.0,1.0,2.0,0.0,2.0,2.0,1.0,1.0,3.0,0.0,1.0,1.0,4.0,25.0,4.0,2.0,1960.0,2.0,3.0,2.0,6.0,7000.0,4.0,2,2,2,2,2,1.0,3.0,0.26,1.0,2.0,4.0,4.0,4.0,4.0,4.0,2.0,2.0,4.0,2.0,4.0,4.0,1.0,4.0,4.0,4.0,2.0,4.0,4.0,3.0,4.0,4.0,4.0,4.0,2.0,4.0,2.0,4.0,6.0,6.0,4.0,2.0,2.0,2.0,4.0,2.0,2.0,2.0,4.0,4.0,4.0,3.0,4.0,3.0,3.0,2.0,4.0,2.0,6.0,4.0,6.0,6.0,4.0,1.0,4,2,1,2,2,5.0,1,4.0,1.0,2.0,4.0,2,1.2,1,3.0,3.0,5.0,2,50.0,9.82e-05
19650512,1.0,1,64,24,25,3.4,1.1,16,2.0,2.0,3.0,1.0,2.0,0.0,2.0,2.0,1.0,1.0,3.0,0.0,1.0,1.0,4.0,50.0,4.0,1.0,1958.0,2.0,3.0,1.0,7.0,7000.0,3.0,2,2,2,2,2,1.0,3.4,1.58,1.0,2.0,4.0,4.0,4.0,4.0,4.0,2.0,2.0,4.0,2.0,4.0,2.0,4.0,4.0,4.0,2.0,4.0,4.0,2.0,4.0,4.0,4.0,4.0,4.0,6.0,4.0,4.0,4.0,6.0,6.0,6.0,6.0,2.0,2.0,4.0,2.0,2.0,2.0,4.0,4.0,4.0,4.0,4.0,3.0,2.0,2.0,4.0,2.0,6.0,4.0,6.0,6.0,4.0,1.0,4,2,1,2,2,5.0,1,4.0,1.0,2.0,4.0,2,7.0,1,15.0,3.0,15.0,2,52.0,0.000409116
19650575,10.0,0,24,22,0,6.0,0.38,4,1.0,0.0,1.0,0.0,0.0,0.0,0.0,1.0,2.0,2.0,1.0,0.0,2.0,1.0,4.0,3.0,3.0,2.0,1956.0,2.0,1.0,1.0,6.0,5000.0,6.0,1,2,2,2,2,1.0,3.0,0.54,1.0,2.0,6.0,1.0,5.0,5.0,5.0,1.0,1.0,5.0,1.0,5.0,5.0,1.0,5.0,6.0,6.0,1.0,5.0,2.0,4.0,6.0,6.0,5.0,2.0,1.0,1.0,3.0,2.0,2.0,1.0,6.0,6.0,1.0,4.0,1.0,2.0,1.0,5.0,5.0,1.0,5.0,3.0,3.0,5.0,3.0,4.0,5.0,1.0,3.0,1.0,3.0,2.0,3.0,3.0,4,2,1,2,2,3.0,2,2.0,2.0,2.0,1.0,2,2.0,1,2.0,3.0,25.0,2,54.0,9.82e-05
19650575,1.0,3,111,57,13,9.6,2.21,31,1.0,0.0,1.0,0.0,0.0,0.0,0.0,1.0,2.0,2.0,1.0,0.0,2.0,1.0,4.0,3.0,3.0,2.0,1956.0,2.0,1.0,1.0,6.0,5000.0,6.0,1,2,2,2,2,1.0,4.8,3.17,1.0,2.0,6.0,1.0,5.0,5.0,5.0,1.0,1.0,5.0,1.0,5.0,5.0,1.0,5.0,6.0,6.0,1.0,5.0,2.0,4.0,6.0,6.0,5.0,2.0,1.0,1.0,3.0,2.0,2.0,1.0,6.0,6.0,1.0,4.0,1.0,2.0,1.0,5.0,5.0,1.0,5.0,3.0,3.0,5.0,3.0,4.0,5.0,1.0,3.0,1.0,3.0,2.0,3.0,2.0,4,2,1,2,2,3.0,2,2.0,2.0,2.0,1.0,2,17.5,1,41.0,3.0,20.0,2,54.0,9.82e-05
19650586,1.0,1,37,14,3,6.2,0.87,13,4.0,2.0,2.0,2.0,4.0,3.0,1.0,1.0,1.0,2.0,1.0,0.0,1.0,2.0,3.0,30.0,2.0,2.0,1974.0,2.0,3.0,2.0,6.0,3250.0,3.0,2,2,2,2,2,1.0,6.2,1.25,1.0,1.0,3.0,3.0,3.0,3.0,5.0,6.0,5.0,3.0,2.0,5.0,5.0,3.0,3.0,5.0,5.0,1.0,3.0,5.0,3.0,3.0,6.0,5.0,1.0,1.0,4.0,3.0,5.0,3.0,3.0,3.0,3.0,1.0,3.0,6.0,3.0,3.0,1.0,3.0,3.0,6.0,6.0,6.0,6.0,6.0,6.0,5.0,4.0,3.0,5.0,1.0,3.0,5.0,1.0,4,2,1,2,2,2.0,1,4.0,2.0,2.0,2.0,2,5.0,1,20.0,4.0,25.0,2,36.0,0.00087004
19650626,8.0,0,35,32,0,3.0,0.47,7,4.0,2.0,1.0,0.0,4.0,2.0,2.0,1.0,1.0,2.0,2.0,0.0,2.0,2.0,5.0,1.0,6.0,1.0,1982.0,2.0,3.0,2.0,4.0,15000.0,7.0,1,2,2,2,2,1.0,2.2,0.67,4.0,4.0,1.0,2.0,5.0,5.0,3.0,1.0,3.0,4.0,3.0,1.0,4.0,1.0,4.0,1.0,2.0,1.0,3.0,4.0,4.0,2.0,3.0,1.0,4.0,6.0,4.0,1.0,4.0,4.0,1.0,6.0,4.0,5.0,5.0,2.0,1.0,1.0,1.0,1.0,1.0,2.0,4.0,3.0,1.0,4.0,2.0,4.0,1.0,4.0,3.0,4.0,4.0,3.0,3.0,4,2,1,2,2,3.0,1,4.0,2.0,2.0,3.0,2,3.0,1,3.0,3.0,6.0,2,28.0,0.000378621
19650626,8.0,1,149,79,30,17.0,2.09,27,4.0,2.0,1.0,0.0,4.0,2.0,2.0,1.0,1.0,2.0,2.0,0.0,2.0,2.0,5.0,1.0,6.0,1.0,1982.0,2.0,3.0,2.0,4.0,15000.0,7.0,1,2,2,2,2,1.0,8.5,2.99,4.0,4.0,1.0,2.0,5.0,5.0,3.0,1.0,3.0,4.0,3.0,1.0,4.0,1.0,4.0,1.0,2.0,1.0,3.0,4.0,4.0,2.0,3.0,1.0,4.0,6.0,4.0,1.0,4.0,4.0,1.0,6.0,4.0,5.0,5.0,2.0,1.0,1.0,1.0,1.0,1.0,2.0,4.0,3.0,1.0,4.0,2.0,4.0,1.0,4.0,3.0,4.0,4.0,3.0,3.0,4,2,1,2,2,3.0,3,4.0,2.0,2.0,3.0,2,19.0,1,40.0,3.0,60.0,2,28.0,0.000378621
19650626,8.0,1,130,73,2,10.8,1.76,24,4.0,2.0,1.0,0.0,4.0,2.0,2.0,1.0,1.0,2.0,2.0,0.0,2.0,2.0,5.0,1.0,6.0,1.0,1982.0,2.0,3.0,2.0,4.0,15000.0,7.0,1,2,2,2,2,1.0,5.4,2.52,4.0,4.0,1.0,2.0,5.0,5.0,3.0,1.0,3.0,4.0,3.0,1.0,4.0,1.0,4.0,1.0,2.0,1.0,3.0,4.0,4.0,2.0,3.0,1.0,4.0,6.0,4.0,1.0,4.0,4.0,1.0,6.0,4.0,5.0,5.0,2.0,1.0,1.0,1.0,1.0,1.0,2.0,4.0,3.0,1.0,4.0,2.0,4.0,1.0,4.0,3.0,4.0,4.0,3.0,3.0,4,2,1,2,2,3.0,2,4.0,2.0,2.0,3.0,2,16.0,1,55.0,3.0,35.0,2,28.0,0.000378621
19650631,1.0,0,146,84,0,18.4,4.21,59,2.0,1.0,2.0,3.0,2.0,1.0,1.0,1.0,1.0,1.0,2.0,0.0,1.0,1.0,6.0,3.0,4.0,2.0,1978.0,2.0,3.0,2.0,6.0,7000.0,3.0,2,2,2,2,2,1.0,18.4,6.03,1.0,1.0,5.0,4.0,4.0,3.0,5.0,2.0,4.0,4.0,2.0,3.0,3.0,2.0,4.0,4.0,5.0,2.0,5.0,5.0,3.0,3.0,4.0,4.0,2.0,1.0,4.0,3.0,4.0,3.0,2.0,4.0,3.0,4.0,4.0,5.0,3.0,1.0,4.0,5.0,3.0,4.0,4.0,4.0,3.0,4.0,3.0,3.0,2.0,3.0,3.0,4.0,4.0,3.0,3.0,4,2,1,2,2,5.0,4,3.0,2.0,3.0,3.0,2,28.0,1,62.0,4.0,120.0,2,32.0,0.00087004
19650656,1.0,2,239,149,12,19.8,4.82,69,1.0,0.0,1.0,0.0,0.0,0.0,1.0,1.0,1.0,1.0,1.0,0.0,1.0,1.0,3.0,1.0,3.0,2.0,1963.0,2.0,1.0,1.0,6.0,5000.0,4.0,2,2,2,2,1,1.0,19.8,6.91,1.0,2.0,3.0,2.0,4.0,4.0,5.0,2.0,2.0,5.0,2.0,2.0,4.0,2.0,5.0,6.0,5.0,2.0,5.0,4.0,5.0,5.0,4.0,4.0,4.0,1.0,2.0,2.0,4.0,2.0,2.0,4.0,1.0,3.0,4.0,4.0,2.0,1.0,4.0,2.0,2.0,4.0,4.0,2.0,2.0,2.0,2.0,5.0,2.0,3.0,2.0,4.0,4.0,4.0,3.0,4,2,1,2,2,4.0,6,3.0,2.0,2.0,1.0,2,33.0,1,78.0,3.0,90.0,2,47.0,9.82e-05
19650663,1.0,0,23,13,0,3.4,0.86,12,2.0,0.0,2.0,0.0,1.0,0.0,1.0,1.0,1.0,1.0,2.0,0.0,2.0,2.0,3.0,1.0,4.0,2.0,1990.0,2.0,2.0,1.0,6.0,7384.0,3.0,2,2,2,2,2,1.0,3.4,1.23,2.0,4.0,3.0,2.0,4.0,4.0,4.0,2.0,2.0,5.0,2.0,5.0,3.0,1.0,2.0,5.0,4.0,1.0,5.0,5.0,4.0,5.0,5.0,2.0,2.0,2.0,4.0,5.0,5.0,2.0,4.0,4.0,4.0,2.0,2.0,5.0,3.0,1.0,4.0,4.0,2.0,4.0,4.0,5.0,5.0,4.0,2.0,4.0,2.0,4.0,3.0,4.0,2.0,4.0,1.0,4,2,1,2,2,5.0,1,3.0,2.0,1.0,2.0,2,6.0,1,10.0,4.0,11.0,2,20.0,0.00087004
19650699,7.0,0,37,25,0,6.8,1.42,17,4.0,2.0,2.0,0.0,4.0,2.0,2.0,2.0,1.0,1.0,4.0,0.0,1.0,1.0,6.0,20.0,4.0,1.0,1959.0,2.0,3.0,1.0,7.0,7000.0,3.0,2,2,2,2,2,1.0,6.8,2.03,1.0,1.0,5.0,3.0,2.0,6.0,5.0,3.0,4.0,1.0,1.0,5.0,5.0,6.0,6.0,6.0,6.0,1.0,5.0,4.0,3.0,5.0,6.0,6.0,6.0,6.0,5.0,1.0,6.0,1.0,2.0,6.0,6.0,2.0,1.0,5.0,1.0,1.0,3.0,3.0,2.0,4.0,4.0,4.0,3.0,1.0,3.0,5.0,1.0,4.0,1.0,3.0,5.0,2.0,3.0,4,2,1,2,2,5.0,2,4.0,1.0,1.0,4.0,2,10.0,1,12.0,4.0,12.0,2,51.0,0.000409116
19650699,8.0,0,43,33,0,6.4,0.7,9,4.0,2.0,2.0,0.0,4.0,2.0,2.0,2.0,1.0,1.0,4.0,0.0,1.0,1.0,6.0,20.0,4.0,1.0,1959.0,2.0,3.0,1.0,7.0,7000.0,3.0,2,2,2,2,2,1.0,6.4,1.0,1.0,1.0,5.0,3.0,2.0,6.0,5.0,3.0,4.0,1.0,1.0,5.0,5.0,6.0,6.0,6.0,6.0,1.0,5.0,4.0,3.0,5.0,6.0,6.0,6.0,6.0,5.0,1.0,6.0,1.0,2.0,6.0,6.0,2.0,1.0,5.0,1.0,1.0,3.0,3.0,2.0,4.0,4.0,4.0,3.0,1.0,3.0,5.0,1.0,4.0,1.0,3.0,5.0,2.0,3.0,4,2,1,2,2,5.0,2,4.0,1.0,1.0,4.0,2,5.0,1,10.0,4.0,13.0,2,51.0,0.000409116
19650700,7.0,0,103,94,0,6.0,2.04,28,4.0,2.0,2.0,0.0,4.0,2.0,2.0,2.0,1.0,1.0,4.0,0.0,1.0,1.0,6.0,20.0,4.0,1.0,1959.0,2.0,3.0,1.0,7.0,7000.0,3.0,2,2,2,2,2,1.0,6.0,2.92,1.0,1.0,5.0,3.0,2.0,6.0,5.0,3.0,4.0,1.0,1.0,5.0,5.0,6.0,6.0,6.0,6.0,1.0,5.0,4.0,3.0,5.0,6.0,6.0,6.0,6.0,5.0,1.0,6.0,1.0,2.0,6.0,6.0,2.0,1.0,5.0,1.0,1.0,3.0,3.0,2.0,4.0,4.0,4.0,3.0,1.0,3.0,5.0,1.0,4.0,1.0,3.0,5.0,2.0,3.0,4,2,1,2,2,5.0,3,4.0,1.0,1.0,4.0,2,12.8,1,9.0,4.0,34.0,2,51.0,0.000409116
19730033,1.0,4,203,75,16,23.25,4.84,57,4.0,2.0,2.0,1.0,4.0,2.0,2.0,1.0,2.0,2.0,2.0,1.0,1.0,1.0,5.0,4.0,6.0,2.0,1973.0,2.0,3.0,2.0,4.0,15000.0,6.0,2,2,2,2,2,1.0,23.25,6.94,4.0,4.0,4.0,2.0,4.0,5.0,4.0,3.0,3.0,5.0,6.0,5.0,4.0,1.0,4.0,2.0,4.0,2.0,5.0,3.0,5.0,4.0,4.0,2.0,3.0,4.0,4.0,2.0,5.0,3.0,2.0,5.0,5.0,2.0,3.0,4.0,4.0,1.0,1.0,5.0,3.0,4.0,4.0,4.0,2.0,2.0,1.0,4.0,1.0,2.0,5.0,4.0,5.0,3.0,2.0,6,1,1,2,1,5.0,3,3.0,1.0,3.0,3.0,2,46.0,1,112.0,3.0,80.0,2,37.0,0.000232084
19730034,9.0,5,303,39,119,44.6,8.25,96,4.0,2.0,2.0,1.0,4.0,2.0,2.0,1.0,1.0,1.0,2.0,1.0,1.0,1.0,5.0,4.0,6.0,2.0,1973.0,2.0,3.0,2.0,4.0,15000.0,6.0,2,2,2,2,2,1.0,44.6,11.82,4.0,4.0,4.0,2.0,4.0,5.0,4.0,3.0,3.0,5.0,6.0,5.0,4.0,1.0,4.0,2.0,4.0,2.0,5.0,3.0,5.0,4.0,4.0,2.0,4.0,4.0,4.0,2.0,5.0,3.0,2.0,5.0,5.0,2.0,3.0,4.0,4.0,1.0,1.0,5.0,3.0,4.0,4.0,4.0,2.0,2.0,1.0,4.0,1.0,2.0,5.0,4.0,5.0,3.0,3.0,6,1,1,2,1,5.0,2,3.0,1.0,3.0,3.0,2,77.0,1,145.0,3.0,135.0,2,37.0,0.000232084
19730078,4.0,1,150,80,1,16.8,3.71,53,4.0,1.0,1.0,0.0,3.0,0.0,2.0,2.0,1.0,1.0,4.0,1.0,1.0,1.0,5.0,14.0,5.0,2.0,1964.0,1.0,3.0,2.0,5.0,9000.0,3.0,1,1,2,2,2,2.0,8.4,5.32,4.0,4.0,5.0,3.0,3.0,4.0,3.0,6.0,6.0,4.0,6.0,5.0,5.0,1.0,4.0,1.0,4.0,1.0,5.0,2.0,6.0,2.0,1.0,1.0,5.0,5.0,3.0,1.0,6.0,5.0,2.0,5.0,5.0,6.0,4.0,3.0,5.0,1.0,4.0,6.0,4.0,6.0,4.0,4.0,3.0,4.0,3.0,5.0,3.0,4.0,5.0,2.0,2.0,3.0,3.0,6,1,1,2,1,5.0,3,3.0,2.0,3.0,3.0,2,30.9,1,69.0,3.0,171.0,2,46.0,0.000367986
19730085,1.0,0,82,48,0,12.0,2.02,30,2.0,0.0,1.0,1.0,1.0,0.0,2.0,1.0,1.0,2.0,2.0,2.0,2.0,2.0,3.0,6.0,3.0,2.0,1983.0,2.0,2.0,1.0,4.0,5000.0,7.0,1,2,2,2,1,2.0,6.0,2.89,2.0,3.0,3.0,2.0,4.0,5.0,4.0,3.0,1.0,5.0,3.0,5.0,2.0,4.0,3.0,6.0,4.0,3.0,4.0,5.0,3.0,4.0,3.0,3.0,4.0,4.0,3.0,3.0,4.0,2.0,4.0,1.0,3.0,3.0,5.0,2.0,4.0,4.0,2.0,2.0,2.0,3.0,1.0,4.0,4.0,4.0,2.0,5.0,1.0,3.0,4.0,4.0,2.0,4.0,2.0,6,1,1,2,1,2.0,4,4.0,2.0,1.0,4.0,2,14.0,0,34.0,4.0,65.0,2,27.0,0.000340556
19730092,9.0,1,138,86,1,20.0,3.65,53,1.0,0.0,1.0,0.0,1.0,0.0,1.0,1.0,1.0,1.0,1.0,0.0,1.0,1.0,5.0,71.0,4.0,2.0,1950.0,2.0,1.0,1.0,4.0,7000.0,6.0,2,2,2,2,2,1.0,20.0,5.23,1.0,5.0,2.0,1.0,5.0,4.0,5.0,5.0,4.0,4.0,6.0,5.0,2.0,1.0,5.0,6.0,2.0,1.0,5.0,5.0,2.0,2.0,5.0,5.0,4.0,2.0,1.0,4.0,4.0,1.0,4.0,2.0,2.0,2.0,5.0,2.0,4.0,1.0,5.0,5.0,2.0,4.0,4.0,5.0,4.0,1.0,1.0,5.0,1.0,2.0,2.0,4.0,5.0,2.0,3.0,6,1,1,2,1,6.0,3,4.0,2.0,2.0,3.0,2,31.0,1,51.0,4.0,76.0,2,60.0,9.82e-05
19730119,1.0,0,51,39,0,4.8,1.64,24,3.0,0.0,2.0,1.0,2.0,0.0,2.0,3.0,1.0,1.0,3.0,1.0,1.0,2.0,4.0,27.0,4.0,2.0,1982.0,2.0,6.0,2.0,6.0,7000.0,3.0,2,2,2,2,2,2.0,4.8,2.35,1.0,4.0,4.0,3.0,4.0,4.0,5.0,2.0,5.0,2.0,5.0,2.0,5.0,4.0,2.0,6.0,5.0,1.0,5.0,4.0,2.0,4.0,5.0,5.0,2.0,2.0,5.0,4.0,5.0,2.0,2.0,5.0,5.0,5.0,5.0,2.0,5.0,1.0,5.0,5.0,1.0,5.0,4.0,5.0,1.0,4.0,1.0,5.0,1.0,5.0,4.0,5.0,1.0,2.0,1.0,6,1,1,2,1,6.0,1,3.0,1.0,3.0,3.0,2,15.0,1,12.0,3.0,25.0,2,28.0,0.00087004
19730126,1.0,0,98,62,0,9.6,3.31,48,2.0,0.0,1.0,0.0,0.0,0.0,1.0,1.0,1.0,2.0,1.0,0.0,2.0,2.0,3.0,6.0,2.0,2.0,1982.0,2.0,2.0,3.0,6.0,3250.0,3.0,2,1,2,2,2,2.0,0.0,4.74,1.0,3.0,3.0,5.0,3.0,4.0,5.0,3.0,5.0,4.0,1.0,5.0,3.0,1.0,3.0,4.0,4.0,1.0,5.0,2.0,5.0,3.0,1.0,2.0,5.0,5.0,2.0,3.0,5.0,5.0,2.0,5.0,4.0,5.0,5.0,1.0,4.0,2.0,4.0,3.0,2.0,4.0,1.0,5.0,4.0,6.0,1.0,5.0,1.0,3.0,2.0,5.0,5.0,5.0,1.0,6,1,1,2,1,1.0,2,4.0,1.0,2.0,1.0,2,30.0,0,36.0,3.0,92.0,2,28.0,0.00087004
20860315,4.0,1,35,16,3,3.8,0.66,9,4.0,2.0,2.0,0.0,5.0,3.0,2.0,2.0,1.0,2.0,4.0,0.0,1.0,1.0,6.5,4.0,4.0,2.0,1968.0,1.0,3.0,2.0,6.0,7000.0,3.0,2,2,2,2,2,1.0,3.8,0.95,1.0,3.0,2.0,2.0,3.0,5.0,4.0,6.0,4.0,4.0,5.0,3.0,4.0,2.0,5.0,1.0,2.0,1.0,5.0,3.0,4.0,4.0,5.0,2.0,4.0,2.0,4.0,4.0,5.0,5.0,1.0,3.0,4.0,1.0,5.0,2.0,2.0,1.0,4.0,5.0,1.0,5.0,5.0,5.0,3.0,6.0,6.0,5.0,3.0,1.0,2.0,2.0,2.0,4.0,3.0,6,2,2,4,2,4.0,1,1.0,2.0,3.0,3.0,4,5.5,1,16.0,5.0,15.0,4,42.0,0.000367986
20860315,2.0,0,15,15,0,0.0,0.86,10,4.0,2.0,2.0,0.0,5.0,3.0,2.0,2.0,1.0,2.0,4.0,0.0,1.0,1.0,6.5,4.0,4.0,2.0,1968.0,1.0,3.0,2.0,6.0,7000.0,3.0,2,2,2,2,2,1.0,0.0,1.23,1.0,3.0,2.0,2.0,3.0,5.0,4.0,6.0,4.0,4.0,5.0,3.0,4.0,2.0,5.0,1.0,2.0,1.0,5.0,3.0,4.0,4.0,5.0,2.0,4.0,2.0,4.0,4.0,5.0,5.0,1.0,3.0,4.0,1.0,5.0,2.0,2.0,1.0,4.0,5.0,1.0,5.0,5.0,5.0,3.0,6.0,6.0,5.0,3.0,1.0,2.0,2.0,2.0,4.0,1.0,6,2,2,4,2,4.0,2,1.0,2.0,3.0,3.0,4,7.0,1,0.0,5.0,15.0,4,42.0,0.000367986
28000144,6.0,0,33,27,0,4.4,0.71,8,2.0,0.0,2.0,0.0,1.0,0.0,2.0,1.0,1.0,1.0,3.0,0.0,1.0,1.0,7.0,8.0,5.0,1.0,1947.0,2.0,2.0,2.0,6.0,9000.0,6.0,2,2,2,2,2,1.0,4.4,1.02,1.0,4.0,5.0,5.0,3.0,4.0,6.0,6.0,6.0,3.0,4.0,5.0,5.0,2.0,5.0,6.0,2.0,1.0,4.0,4.0,3.0,3.0,2.0,3.0,4.0,2.0,4.0,2.0,4.0,3.0,1.0,1.0,4.0,3.0,4.0,4.0,4.0,3.0,2.0,2.0,3.0,4.0,4.0,4.0,5.0,3.0,3.0,5.0,1.0,4.0,3.0,4.0,4.0,2.0,3.0,1,2,1,1,4,5.0,2,1.0,2.0,1.0,1.0,3,3.5,1,6.0,8.0,10.0,3,63.0,0.000109132
28000144,7.0,1,40,16,0,4.4,0.51,6,2.0,0.0,2.0,0.0,1.0,0.0,2.0,1.0,1.0,1.0,3.0,0.0,1.0,1.0,7.0,8.0,5.0,1.0,1947.0,2.0,2.0,2.0,6.0,9000.0,6.0,2,2,2,2,2,1.0,4.4,0.73,1.0,4.0,5.0,5.0,3.0,4.0,6.0,6.0,6.0,3.0,4.0,5.0,5.0,2.0,5.0,6.0,2.0,1.0,4.0,4.0,3.0,3.0,2.0,3.0,4.0,2.0,4.0,2.0,4.0,3.0,1.0,1.0,4.0,3.0,4.0,4.0,4.0,3.0,2.0,2.0,3.0,4.0,4.0,4.0,5.0,3.0,3.0,5.0,1.0,4.0,3.0,4.0,4.0,2.0,3.0,1,2,1,1,4,5.0,2,1.0,2.0,1.0,1.0,3,2.5,2,24.0,8.0,26.0,3,63.0,0.000109132
28000244,1.0,3,95,44,5,24.2,11.37,130,5.0,3.0,1.0,0.0,4.0,2.0,2.0,1.0,1.0,1.0,2.0,2.0,1.0,2.0,6.0,10.0,5.0,1.0,1972.0,2.0,3.0,1.0,3.0,9000.0,6.0,1,1,2,2,2,1.0,12.1,16.29,3.0,4.0,3.0,2.0,4.0,4.0,2.0,5.0,2.0,3.0,3.0,5.0,5.0,3.0,3.0,4.0,5.0,1.0,5.0,3.0,4.0,5.0,4.0,4.0,4.0,5.0,5.0,2.0,5.0,5.0,1.0,5.0,3.0,2.0,4.0,5.0,5.0,3.0,3.0,3.0,3.0,2.0,3.0,5.0,5.0,3.0,1.0,4.0,1.0,4.0,1.0,5.0,4.0,1.0,1.0,1,2,1,1,4,2.0,2,2.0,2.0,1.0,3.0,3,121.0,0,46.0,4.0,96.0,3,38.0,0.000258025
28000306,1.0,0,61,42,0,8.2,1.36,17,3.0,1.0,1.0,0.0,2.0,1.0,2.0,2.0,1.0,1.0,2.0,1.0,2.0,2.0,3.0,11.0,5.0,2.0,1981.0,2.0,3.0,2.0,6.0,9000.0,3.0,1,2,2,2,2,3.0,4.1,1.95,2.0,4.0,2.0,1.0,5.0,5.0,4.0,4.0,5.0,4.0,2.0,5.0,5.0,5.0,3.0,1.0,2.0,1.0,5.0,2.0,4.0,4.0,5.0,2.0,4.0,5.0,4.0,4.0,5.0,5.0,2.0,5.0,3.0,2.0,4.0,4.0,4.0,2.0,5.0,3.0,4.0,4.0,4.0,2.0,3.0,2.0,3.0,4.0,2.0,4.0,2.0,2.0,1.0,4.0,1.0,1,2,1,1,4,5.0,2,4.0,1.0,1.0,2.0,3,13.5,0,19.0,3.0,24.0,3,29.0,0.00087004
28000341,9.0,0,64,23,0,11.0,4.09,46,3.0,0.0,1.0,0.0,5.0,0.0,2.0,1.0,1.0,1.0,3.0,1.0,1.0,1.0,7.0,12.0,6.0,1.0,1955.0,2.0,3.0,1.0,1.0,15000.0,7.0,1,2,2,2,2,1.0,5.5,5.86,5.0,5.0,1.0,5.0,5.0,5.0,5.0,5.0,5.0,5.0,4.0,2.0,4.0,2.0,4.0,4.0,2.0,1.0,4.0,2.0,4.0,4.0,2.0,4.0,5.0,3.0,3.0,2.0,5.0,5.0,2.0,2.0,4.0,2.0,5.0,5.0,4.0,1.0,2.0,4.0,4.0,2.0,4.0,4.0,4.0,4.0,1.0,5.0,1.0,5.0,3.0,4.0,4.0,2.0,3.0,1,2,1,1,4,5.0,3,3.0,2.0,2.0,4.0,3,41.9,0,41.0,3.0,392.0,3,55.0,0.000160139
28000344,1.0,0,46,40,0,2.2,0.46,6,5.0,1.0,1.0,0.0,6.0,0.0,4.0,0.0,1.0,1.0,4.0,1.0,1.0,1.0,6.0,17.0,4.0,1.0,1958.0,2.0,3.0,2.0,2.0,7000.0,7.0,1,2,2,2,2,2.0,2.2,0.66,4.0,4.0,3.0,2.0,5.0,5.0,4.0,3.0,2.0,5.0,3.0,3.0,5.0,2.0,5.0,2.0,2.0,2.0,2.0,2.0,4.0,3.0,2.0,3.0,4.0,6.0,6.0,2.0,4.0,4.0,2.0,4.0,3.0,2.0,4.0,3.0,2.0,1.0,2.0,4.0,2.0,2.0,4.0,4.0,4.0,3.0,2.0,4.0,2.0,2.0,2.0,4.0,4.0,4.0,1.0,1,2,1,1,4,5.0,2,3.0,2.0,2.0,3.0,3,3.2,2,6.0,4.0,15.0,3,52.0,0.000160139
28000344,1.0,0,51,36,0,4.4,0.46,6,5.0,1.0,1.0,0.0,6.0,0.0,4.0,0.0,1.0,1.0,4.0,1.0,1.0,1.0,6.0,17.0,4.0,1.0,1958.0,2.0,3.0,2.0,2.0,7000.0,7.0,1,2,2,2,2,2.0,2.2,0.66,4.0,4.0,3.0,2.0,5.0,5.0,4.0,3.0,2.0,5.0,3.0,3.0,5.0,2.0,5.0,2.0,2.0,2.0,2.0,2.0,4.0,3.0,2.0,3.0,4.0,6.0,6.0,2.0,4.0,4.0,2.0,4.0,3.0,2.0,4.0,3.0,2.0,1.0,2.0,4.0,2.0,2.0,4.0,4.0,4.0,3.0,2.0,4.0,2.0,2.0,2.0,4.0,4.0,4.0,1.0,1,2,1,1,4,5.0,2,3.0,2.0,2.0,3.0,3,3.2,2,15.0,4.0,15.0,3,52.0,0.000160139
28000352,11.0,2,64,22,1,14.8,4.1,52,2.0,0.0,1.0,0.0,2.0,0.0,0.0,1.0,2.0,1.0,1.0,0.0,1.0,1.0,5.0,50.0,4.0,1.0,1933.0,2.0,2.0,9.0,3.0,7000.0,7.0,2,2,2,2,2,1.0,14.8,5.88,4.0,6.0,4.0,3.0,4.0,4.0,5.0,6.0,3.0,4.0,3.0,4.0,4.0,3.0,3.0,3.0,4.0,2.0,4.0,4.0,3.0,4.0,4.0,2.0,4.0,3.0,4.0,3.0,2.0,2.0,3.0,4.0,4.0,4.0,5.0,5.0,4.0,3.0,4.0,4.0,2.0,4.0,4.0,4.0,6.0,4.0,6.0,5.0,3.0,3.0,4.0,4.0,4.0,5.0,3.0,1,2,1,1,4,5.0,1,1.0,2.0,2.0,4.0,3,42.0,1,41.0,4.0,45.0,3,77.0,0.000125765
28000352,10.0,3,229,11,40,69.2,20.97,170,2.0,0.0,1.0,0.0,2.0,0.0,0.0,1.0,2.0,1.0,1.0,0.0,1.0,1.0,5.0,50.0,4.0,1.0,1933.0,2.0,2.0,9.0,3.0,7000.0,7.0,2,2,2,2,2,1.0,69.2,30.05,4.0,6.0,4.0,3.0,4.0,4.0,5.0,6.0,3.0,4.0,3.0,4.0,4.0,3.0,3.0,3.0,4.0,2.0,4.0,4.0,3.0,4.0,4.0,2.0,4.0,3.0,4.0,3.0,2.0,2.0,3.0,4.0,4.0,4.0,5.0,5.0,4.0,3.0,4.0,4.0,2.0,4.0,4.0,4.0,6.0,4.0,6.0,5.0,3.0,3.0,4.0,4.0,4.0,5.0,3.0,1,2,1,1,4,5.0,1,1.0,2.0,2.0,4.0,3,231.0,1,178.0,4.0,180.0,3,77.0,0.000125765
28000363,6.0,0,20,17,0,0.0,0.36,5,5.0,1.0,2.0,1.0,5.0,1.0,5.0,2.0,1.0,1.0,4.0,3.0,1.0,1.0,5.0,20.0,6.0,1.0,1962.0,2.0,3.0,1.0,1.0,15000.0,7.0,2,2,1,2,2,1.0,0.0,0.52,5.0,5.0,5.0,3.0,4.0,4.0,5.0,3.0,5.0,1.0,4.0,1.0,4.0,1.0,4.0,1.0,4.0,5.0,5.0,4.0,1.0,4.0,3.0,4.0,4.0,4.0,5.0,1.0,5.0,4.0,4.0,5.0,5.0,5.0,5.0,4.0,5.0,4.0,1.0,1.0,4.0,4.0,4.0,1.0,3.0,4.0,4.0,4.0,4.0,5.0,5.0,5.0,5.0,3.0,3.0,1,2,1,1,4,2.0,1,3.0,2.0,2.0,4.0,3,1.9,1,3.0,4.0,3.0,3,48.0,0.000160139
28000366,1.0,0,36,26,0,0.0,0.52,6,3.0,0.0,1.0,0.0,2.0,0.0,3.0,1.0,1.0,2.0,3.0,0.0,1.0,1.0,4.0,3.0,4.0,1.0,1968.0,2.0,2.0,1.0,6.0,7000.0,3.0,2,2,2,2,2,1.0,0.0,0.75,2.0,4.0,2.0,2.0,5.0,5.0,4.0,2.0,4.0,5.0,2.0,2.0,4.0,2.0,4.0,6.0,4.0,1.0,2.0,2.0,4.0,4.0,6.0,3.0,2.0,1.0,2.0,2.0,5.0,1.0,4.0,3.0,3.0,2.0,5.0,5.0,3.0,1.0,4.0,4.0,2.0,2.0,6.0,4.0,4.0,2.0,2.0,5.0,3.0,4.0,2.0,4.0,4.0,5.0,2.0,1,2,1,1,4,3.0,2,3.0,3.0,2.0,4.0,3,2.5,2,10.0,4.0,10.0,3,42.0,0.000409116
28000366,1.0,0,34,26,0,3.0,0.52,6,3.0,0.0,1.0,0.0,2.0,0.0,3.0,1.0,1.0,2.0,3.0,0.0,1.0,1.0,4.0,3.0,4.0,1.0,1968.0,2.0,2.0,1.0,6.0,7000.0,3.0,2,2,2,2,2,1.0,3.0,0.75,2.0,4.0,2.0,2.0,5.0,5.0,4.0,2.0,4.0,5.0,2.0,2.0,4.0,2.0,4.0,6.0,4.0,1.0,2.0,2.0,4.0,4.0,6.0,3.0,2.0,1.0,2.0,2.0,5.0,1.0,4.0,3.0,3.0,2.0,5.0,5.0,3.0,1.0,4.0,4.0,2.0,2.0,6.0,4.0,4.0,2.0,2.0,5.0,3.0,4.0,2.0,4.0,4.0,5.0,1.0,1,2,1,1,4,3.0,2,3.0,3.0,2.0,4.0,3,2.5,2,8.0,4.0,15.0,3,42.0,0.000409116
28000367,1.0,0,26,20,0,2.2,0.93,13,2.0,0.0,1.0,0.0,2.0,0.0,2.0,1.0,1.0,1.0,2.0,0.0,1.0,1.0,5.0,11.0,4.0,1.0,1962.0,1.0,3.0,1.0,6.0,7000.0,3.0,2,2,2,2,2,1.0,2.2,1.33,1.0,4.0,5.0,2.0,5.0,5.0,4.0,3.0,5.0,6.0,4.0,6.0,6.0,6.0,4.0,6.0,1.0,6.0,6.0,6.0,6.0,6.0,6.0,2.0,3.0,3.0,6.0,4.0,4.0,4.0,3.0,2.0,2.0,2.0,3.0,2.0,3.0,2.0,4.0,5.0,4.0,2.0,2.0,4.0,4.0,3.0,1.0,1.0,2.0,4.0,4.0,4.0,4.0,4.0,2.0,1,2,1,1,4,3.0,2,3.0,2.0,2.0,1.0,3,7.6,2,6.0,3.0,10.0,3,48.0,0.000160139
28000392,4.0,0,35,26,0,2.2,0.46,6,1.0,0.0,1.0,0.0,1.0,0.0,2.0,2.0,2.0,2.0,1.0,0.0,1.0,1.0,4.0,40.0,3.0,2.0,1930.0,2.0,1.0,9.0,8.0,5000.0,3.0,1,2,2,2,2,3.0,2.2,0.66,1.0,2.0,6.0,2.0,4.0,5.0,4.0,3.0,3.0,5.0,4.0,5.0,4.0,2.0,4.0,6.0,4.0,1.0,5.0,4.0,4.0,4.0,4.0,2.0,4.0,4.0,4.0,2.0,4.0,4.0,1.0,4.0,3.0,2.0,4.0,4.0,3.0,1.0,2.0,5.0,2.0,2.0,4.0,4.0,3.0,3.0,2.0,5.0,2.0,3.0,2.0,4.0,4.0,4.0,3.0,1,2,1,1,4,5.0,2,3.0,2.0,3.0,2.0,3,2.7,0,9.0,4.0,22.0,3,80.0,0.000682226
28000414,11.0,2,81,18,14,11.2,2.56,36,5.0,3.0,1.0,0.0,5.0,3.0,1.0,1.0,1.0,2.0,1.0,0.0,1.0,1.0,6.0,4.0,5.0,1.0,1970.0,2.0,3.0,1.0,4.0,9000.0,6.0,2,2,2,2,2,2.0,11.2,3.67,5.0,3.0,4.0,1.0,5.0,5.0,5.0,3.0,5.0,6.0,1.0,4.0,4.0,2.0,5.0,1.0,2.0,1.0,1.0,1.0,6.0,1.0,1.0,3.0,5.0,2.0,5.0,1.0,5.0,5.0,1.0,4.0,5.0,3.0,3.0,1.0,3.0,1.0,3.0,5.0,1.0,4.0,3.0,5.0,4.0,1.0,1.0,5.0,3.0,5.0,4.0,5.0,5.0,1.0,3.0,1,2,1,1,4,3.0,2,3.0,2.0,2.0,3.0,3,22.0,0,49.0,4.0,90.0,3,40.0,0.000109132
28000449,3.0,3,124,24,10,48.0,17.77,154,4.0,0.0,2.0,0.0,4.0,0.0,3.0,1.0,1.0,1.0,3.0,2.0,1.0,1.0,6.0,5.0,4.0,1.0,1958.0,2.0,3.0,2.0,3.0,7000.0,3.0,1,2,2,2,2,1.0,24.0,25.46,3.0,3.0,2.0,2.0,5.0,5.0,4.0,2.0,4.0,5.0,3.0,2.0,4.0,4.0,4.0,3.0,2.0,3.0,5.0,3.0,5.0,3.0,4.0,6.0,1.0,1.0,4.0,4.0,3.0,1.0,4.0,1.0,4.0,4.0,4.0,4.0,2.0,1.0,3.0,3.0,2.0,2.0,3.0,4.0,4.0,4.0,2.0,2.0,1.0,4.0,2.0,3.0,3.0,2.0,1.0,1,2,1,1,4,4.0,1,3.0,2.0,3.0,3.0,3,191.0,0,90.0,3.0,70.0,3,52.0,0.000409116
28000450,8.0,0,23,16,0,2.2,0.19,2,4.0,0.0,2.0,0.0,4.0,0.0,3.0,1.0,1.0,1.0,3.0,2.0,1.0,1.0,6.0,5.0,4.0,2.0,1964.0,2.0,3.0,2.0,6.0,7000.0,3.0,2,2,2,2,2,2.0,2.2,0.27,2.0,1.0,3.0,2.0,5.0,5.0,3.0,3.0,2.0,5.0,2.0,5.0,4.0,4.0,1.0,6.0,4.0,1.0,5.0,5.0,4.0,5.0,5.0,5.0,2.0,3.0,4.0,5.0,4.0,1.0,4.0,2.0,6.0,1.0,2.0,5.0,3.0,1.0,4.0,5.0,2.0,4.0,4.0,5.0,3.0,3.0,3.0,4.0,2.0,3.0,2.0,4.0,4.0,5.0,3.0,1,2,1,1,4,2.0,1,4.0,2.0,1.0,3.0,3,1.1,1,7.0,4.0,5.0,3,46.0,0.000367986
28000460,1.0,6,219,57,17,61.6,16.93,177,2.0,0.0,1.0,0.0,0.0,0.0,3.0,1.0,1.0,1.0,2.0,2.0,2.0,2.0,4.0,1.0,6.0,2.0,1973.0,2.0,2.0,2.0,3.0,15000.0,7.0,2,2,1,2,2,2.0,0.0,24.26,4.0,5.0,2.0,3.0,4.0,4.0,2.0,4.0,4.0,4.0,2.0,3.0,4.0,1.0,5.0,6.0,5.0,1.0,2.0,1.0,5.0,2.0,2.0,1.0,5.0,5.0,4.0,1.0,5.0,2.0,1.0,1.0,2.0,4.0,5.0,2.0,3.0,2.0,1.0,2.0,2.0,2.0,1.0,3.0,2.0,1.0,1.0,4.0,1.0,5.0,2.0,4.0,5.0,4.0,2.0,1,2,1,1,4,5.0,3,4.0,1.0,1.0,3.0,3,180.5,0,145.0,3.0,203.0,3,37.0,0.000340556
28000532,7.0,4,135,19,27,37.0,11.28,108,2.0,0.0,1.0,0.0,2.0,0.0,2.0,1.0,1.0,1.0,2.0,0.0,1.0,2.0,4.5,29.0,4.0,2.0,1980.0,2.0,2.0,1.0,3.0,7000.0,7.0,2,2,1,2,2,2.0,0.0,16.16,1.0,5.0,3.0,2.0,5.0,5.0,2.0,3.0,3.0,4.0,2.0,2.0,4.0,1.0,3.0,6.0,2.0,1.0,5.0,2.0,3.0,4.0,2.0,2.0,4.0,5.0,5.0,1.0,5.0,5.0,2.0,4.0,4.0,3.0,5.0,1.0,5.0,3.0,3.0,3.0,2.0,2.0,1.0,5.0,2.0,1.0,1.0,5.0,2.0,3.0,3.0,3.0,5.0,4.0,3.0,1,2,1,1,4,2.0,1,3.0,2.0,2.0,3.0,3,122.0,0,89.0,5.0,35.5,3,30.0,0.000340556
28000646,1.0,3,88,29,6,20.6,5.18,65,4.0,2.0,1.0,0.0,4.0,2.0,2.0,2.0,1.0,1.0,1.0,0.0,1.0,1.0,5.5,10.0,5.0,1.0,1963.0,2.0,3.0,1.0,3.0,9000.0,3.0,1,2,2,2,2,1.0,10.3,7.42,2.0,2.0,4.0,2.0,4.0,4.0,3.0,4.0,2.0,4.0,2.0,5.0,5.0,1.0,4.0,3.0,4.0,2.0,4.0,3.0,4.0,4.0,3.0,3.0,4.0,4.0,2.0,3.0,4.0,4.0,2.0,2.0,2.0,3.0,4.0,4.0,3.0,2.0,4.0,3.0,4.0,3.0,4.0,4.0,4.0,4.0,2.0,5.0,2.0,3.0,2.0,3.0,4.0,2.0,1.0,1,2,1,1,4,2.0,1,2.0,3.0,2.0,4.0,3,57.0,1,53.0,4.0,50.0,3,47.0,0.000409116
28000700,6.0,1,50,26,0,0.0,0.46,6,5.0,3.0,1.0,0.0,6.0,3.0,2.0,0.0,1.0,2.0,1.0,0.0,1.0,1.0,6.5,3.0,5.0,2.0,1968.0,2.0,2.0,4.0,2.0,9000.0,6.0,1,2,2,2,2,2.0,2.2,0.66,2.0,3.0,2.0,2.0,4.0,4.0,4.0,2.0,4.0,5.0,4.0,2.0,2.0,1.0,5.0,2.0,2.0,1.0,4.0,3.0,4.0,3.0,2.0,2.0,4.0,4.0,5.0,3.0,5.0,2.0,1.0,4.0,2.0,2.0,4.0,5.0,2.0,1.0,2.0,2.0,2.0,4.0,4.0,4.0,3.0,4.0,1.0,5.0,2.0,4.0,2.0,4.0,4.0,2.0,3.0,1,2,1,1,4,3.0,2,3.0,2.0,1.0,3.0,3,2.9,1,24.0,5.0,25.0,3,42.0,9.82e-05
28000700,3.0,0,18,18,0,0.0,0.34,4,5.0,3.0,1.0,0.0,6.0,3.0,2.0,0.0,1.0,2.0,1.0,0.0,1.0,1.0,6.5,3.0,5.0,2.0,1968.0,2.0,2.0,4.0,2.0,9000.0,6.0,1,2,2,2,2,2.0,2.2,0.49,2.0,3.0,2.0,2.0,4.0,4.0,4.0,2.0,4.0,5.0,4.0,2.0,2.0,1.0,5.0,2.0,2.0,1.0,4.0,3.0,4.0,3.0,2.0,2.0,4.0,4.0,5.0,3.0,5.0,2.0,1.0,4.0,2.0,2.0,4.0,5.0,2.0,1.0,2.0,2.0,2.0,4.0,4.0,4.0,3.0,4.0,1.0,5.0,2.0,4.0,2.0,4.0,4.0,2.0,1.0,1,2,1,1,4,3.0,2,3.0,2.0,1.0,3.0,3,1.9,2,0.0,5.0,10.0,3,42.0,9.82e-05
28000701,8.0,0,69,57,0,6.0,1.14,14,5.0,3.0,1.0,0.0,6.0,3.0,2.0,0.0,1.0,2.0,1.0,0.0,1.0,1.0,6.5,3.0,5.0,1.0,1965.0,2.0,3.0,2.0,4.0,9000.0,7.0,1,2,2,2,2,1.0,3.0,1.63,4.0,4.0,2.0,6.0,4.0,4.0,4.0,6.0,6.0,6.0,6.0,4.0,5.0,2.0,5.0,1.0,2.0,2.0,4.0,3.0,4.0,3.0,2.0,4.0,4.0,4.0,2.0,2.0,4.0,4.0,1.0,3.0,1.0,3.0,5.0,2.0,2.0,2.0,2.0,2.0,2.0,4.0,3.0,3.0,3.0,6.0,3.0,3.0,2.0,2.0,2.0,5.0,4.0,2.0,3.0,1,2,1,1,4,3.0,3,1.0,2.0,3.0,3.0,3,7.0,1,12.0,7.0,13.0,3,45.0,0.000160139
28000701,1.0,0,58,43,0,5.2,1.13,14,5.0,3.0,1.0,0.0,6.0,3.0,2.0,0.0,1.0,2.0,1.0,0.0,1.0,1.0,6.5,3.0,5.0,1.0,1965.0,2.0,3.0,2.0,4.0,9000.0,7.0,1,2,2,2,2,1.0,2.6,1.62,4.0,4.0,2.0,6.0,4.0,4.0,4.0,6.0,6.0,6.0,6.0,4.0,5.0,2.0,5.0,1.0,2.0,2.0,4.0,3.0,4.0,3.0,2.0,4.0,4.0,4.0,2.0,2.0,4.0,4.0,1.0,3.0,1.0,3.0,5.0,2.0,2.0,2.0,2.0,2.0,2.0,4.0,3.0,3.0,3.0,6.0,3.0,3.0,2.0,2.0,2.0,5.0,4.0,2.0,2.0,1,2,1,1,4,3.0,3,1.0,2.0,3.0,3.0,3,6.0,1,15.0,7.0,20.0,3,45.0,0.000160139
28240008,4.0,0,68,44,0,8.0,1.39,21,2.0,0.0,1.0,0.0,0.0,0.0,1.0,1.0,1.0,1.0,2.0,0.0,1.0,1.0,5.0,38.0,4.0,1.0,1942.0,2.0,2.0,9.0,8.0,7000.0,3.0,1,2,2,2,2,1.0,4.0,1.99,2.0,3.0,4.0,3.0,4.0,4.0,6.0,6.0,6.0,3.0,2.0,5.0,4.0,6.0,4.0,6.0,4.0,2.0,5.0,4.0,3.0,2.0,3.0,3.0,4.0,6.0,2.0,2.0,4.0,2.0,6.0,2.0,4.0,3.0,6.0,4.0,3.0,1.0,3.0,6.0,2.0,4.0,4.0,6.0,6.0,3.0,1.0,5.0,6.0,4.0,4.0,3.0,4.0,2.0,3.0,4,2,1,2,4,5.0,3,1.0,2.0,2.0,2.0,3,14.3,1,24.0,4.0,45.0,3,68.0,0.0003213
28240009,7.0,2,165,98,24,15.0,3.07,38,2.0,0.0,1.0,0.0,0.0,0.0,1.0,1.0,1.0,1.0,2.0,0.0,1.0,1.0,5.0,38.0,4.0,2.0,1944.0,1.0,2.0,9.0,8.0,7000.0,2.0,1,2,2,2,2,1.0,7.5,4.4,3.0,2.0,4.0,3.0,4.0,4.0,6.0,6.0,6.0,4.0,2.0,4.0,4.0,3.0,3.0,6.0,5.0,1.0,4.0,4.0,4.0,4.0,3.0,4.0,2.0,6.0,4.0,5.0,6.0,2.0,1.0,6.0,2.0,3.0,4.0,4.0,3.0,1.0,2.0,5.0,2.0,4.0,3.0,4.0,6.0,2.0,2.0,4.0,6.0,3.0,3.0,2.0,2.0,4.0,3.0,4,2,1,2,4,4.0,2,1.0,2.0,2.0,4.0,3,30.0,1,43.0,4.0,45.0,3,66.0,0.00115614
28240046,9.0,0,27,27,0,0.0,0.26,4,2.0,0.0,1.0,0.0,0.0,0.0,0.0,1.0,1.0,1.0,1.0,0.0,1.0,1.0,9.0,36.0,5.0,1.0,1947.0,2.0,2.0,1.0,3.0,9000.0,3.0,2,2,2,2,2,1.0,0.0,0.37,1.0,6.0,3.0,4.0,4.0,4.0,6.0,6.0,3.0,5.0,1.0,5.0,1.0,1.0,6.0,6.0,6.0,1.0,5.0,5.0,2.0,5.0,5.0,1.0,5.0,6.0,5.0,5.0,6.0,1.0,1.0,4.0,6.0,2.0,5.0,5.0,1.0,1.0,5.0,6.0,2.0,4.0,4.0,2.0,1.0,1.0,1.0,5.0,1.0,1.0,2.0,1.0,2.0,5.0,3.0,4,2,1,2,4,5.0,1,3.0,2.0,2.0,4.0,3,2.2,1,0.0,4.0,10.0,3,63.0,0.000409116
28240046,9.0,1,111,52,28,9.0,1.4,24,2.0,0.0,1.0,0.0,0.0,0.0,0.0,1.0,1.0,1.0,1.0,0.0,1.0,1.0,9.0,36.0,5.0,1.0,1947.0,2.0,2.0,1.0,3.0,9000.0,3.0,2,2,2,2,2,1.0,9.0,2.01,1.0,6.0,3.0,4.0,4.0,4.0,6.0,6.0,3.0,5.0,1.0,5.0,1.0,1.0,6.0,6.0,6.0,1.0,5.0,5.0,2.0,5.0,5.0,1.0,5.0,6.0,5.0,5.0,6.0,1.0,1.0,4.0,6.0,2.0,5.0,5.0,1.0,1.0,5.0,6.0,2.0,4.0,4.0,2.0,1.0,1.0,1.0,5.0,1.0,1.0,2.0,1.0,2.0,5.0,3.0,4,2,1,2,4,5.0,1,3.0,2.0,2.0,4.0,3,12.0,1,31.0,4.0,15.0,3,63.0,0.000409116
28240110,1.0,1,105,54,6,16.6,2.5,37,4.0,2.0,2.0,1.0,4.0,2.0,3.0,2.0,1.0,1.0,2.0,0.0,1.0,1.0,6.0,4.0,4.0,1.0,1974.0,2.0,3.0,1.0,1.0,7000.0,3.0,2,2,2,2,2,1.0,16.6,3.58,1.0,2.0,3.0,2.0,5.0,5.0,4.0,3.0,2.0,5.0,5.0,5.0,3.0,1.0,5.0,5.0,5.0,1.0,3.0,2.0,1.0,5.0,5.0,1.0,5.0,1.0,1.0,1.0,5.0,2.0,2.0,1.0,2.0,2.0,5.0,5.0,4.0,1.0,3.0,3.0,3.0,3.0,5.0,5.0,5.0,1.0,1.0,5.0,1.0,4.0,5.0,3.0,5.0,5.0,2.0,4,2,1,2,4,5.0,3,3.0,1.0,2.0,3.0,3,23.6,1,45.0,4.0,35.0,3,36.0,0.000967286
28240110,1.0,0,39,15,0,6.2,1.39,21,4.0,2.0,2.0,1.0,4.0,2.0,3.0,2.0,1.0,1.0,2.0,0.0,1.0,1.0,6.0,4.0,4.0,1.0,1974.0,2.0,3.0,1.0,1.0,7000.0,3.0,2,2,2,2,2,1.0,6.2,1.99,1.0,2.0,3.0,2.0,5.0,5.0,4.0,3.0,2.0,5.0,5.0,5.0,3.0,1.0,5.0,5.0,5.0,1.0,3.0,2.0,1.0,5.0,5.0,1.0,5.0,1.0,1.0,1.0,5.0,2.0,2.0,1.0,2.0,2.0,5.0,5.0,4.0,1.0,3.0,3.0,3.0,3.0,5.0,5.0,5.0,1.0,1.0,5.0,1.0,4.0,5.0,3.0,5.0,5.0,1.0,4,2,1,2,4,5.0,2,3.0,1.0,2.0,3.0,3,12.6,1,24.0,4.0,30.0,3,36.0,0.000967286
28240111,1.0,0,29,28,0,6.0,0.26,8,4.0,2.0,2.0,1.0,4.0,2.0,3.0,2.0,1.0,1.0,2.0,0.0,1.0,1.0,6.0,4.0,4.0,2.0,1979.0,2.0,3.0,1.0,2.0,7000.0,7.0,2,2,2,2,2,1.0,6.0,0.37,1.0,2.0,3.0,2.0,5.0,5.0,4.0,3.0,2.0,5.0,5.0,5.0,3.0,1.0,5.0,5.0,5.0,1.0,3.0,2.0,1.0,5.0,5.0,1.0,5.0,1.0,1.0,1.0,5.0,2.0,2.0,1.0,2.0,2.0,5.0,5.0,4.0,1.0,3.0,3.0,3.0,3.0,5.0,5.0,5.0,1.0,1.0,5.0,1.0,4.0,5.0,3.0,5.0,5.0,2.0,4,2,1,2,4,3.0,2,3.0,1.0,1.0,3.0,3,2.4,1,1.0,4.0,10.0,3,31.0,0.000340556
28240111,8.0,2,70,14,26,14.0,0.57,9,4.0,2.0,2.0,1.0,4.0,2.0,3.0,2.0,1.0,1.0,2.0,0.0,1.0,1.0,6.0,4.0,4.0,2.0,1979.0,2.0,3.0,1.0,2.0,7000.0,7.0,2,2,2,2,2,1.0,14.0,0.82,1.0,2.0,3.0,2.0,5.0,5.0,4.0,3.0,2.0,5.0,5.0,5.0,3.0,1.0,5.0,5.0,5.0,1.0,3.0,2.0,1.0,5.0,5.0,1.0,5.0,1.0,1.0,1.0,5.0,2.0,2.0,1.0,2.0,2.0,5.0,5.0,4.0,1.0,3.0,3.0,3.0,3.0,5.0,5.0,5.0,1.0,1.0,5.0,1.0,4.0,5.0,3.0,5.0,5.0,3.0,4,2,1,2,4,3.0,2,3.0,1.0,1.0,3.0,3,5.2,1,30.0,4.0,20.0,3,31.0,0.000340556
28240134,1.0,2,83,35,7,16.0,3.28,33,5.0,0.0,1.0,2.0,3.0,0.0,1.0,1.0,1.0,1.0,5.0,0.0,1.0,1.0,5.0,10.0,4.0,2.0,1987.0,2.0,6.0,8.0,2.0,10807.0,7.0,1,2,2,2,2,2.0,8.0,4.7,4.0,4.0,4.0,2.0,5.0,5.0,4.0,2.0,4.0,1.0,2.0,5.0,4.0,1.0,4.0,3.0,4.0,1.0,3.0,3.0,3.0,2.0,1.0,2.0,4.0,4.0,5.0,2.0,4.0,5.0,2.0,4.0,3.0,4.0,4.0,4.0,3.0,4.0,3.0,2.0,2.0,4.0,5.0,4.0,4.0,4.0,2.0,4.0,2.0,2.0,4.0,4.0,4.0,4.0,1.0,4,2,1,2,4,5.0,2,4.0,2.0,2.0,2.0,3,35.0,0,41.0,4.0,61.0,3,23.0,0.000340556
28240134,3.0,2,139,27,10,50.0,15.74,122,5.0,0.0,1.0,2.0,3.0,0.0,1.0,1.0,1.0,1.0,5.0,0.0,1.0,1.0,5.0,10.0,4.0,2.0,1987.0,2.0,6.0,8.0,2.0,10807.0,7.0,1,2,2,2,2,2.0,25.0,22.56,4.0,4.0,4.0,2.0,5.0,5.0,4.0,2.0,4.0,1.0,2.0,5.0,4.0,1.0,4.0,3.0,4.0,1.0,3.0,3.0,3.0,2.0,1.0,2.0,4.0,4.0,5.0,2.0,4.0,5.0,2.0,4.0,3.0,4.0,4.0,4.0,3.0,4.0,3.0,2.0,2.0,4.0,5.0,4.0,4.0,4.0,2.0,4.0,2.0,2.0,4.0,4.0,4.0,4.0,1.0,4,2,1,2,4,5.0,1,4.0,2.0,2.0,2.0,3,150.0,0,102.0,4.0,114.0,3,23.0,0.000340556
28240137,11.0,0,27,12,0,4.0,0.71,11,2.0,0.0,1.0,0.0,1.0,0.0,1.0,2.0,2.0,1.0,2.0,0.0,1.0,1.0,4.0,51.0,2.0,1.0,1932.0,2.0,2.0,9.0,5.0,3250.0,4.0,2,2,1,2,2,1.0,0.0,1.02,1.0,4.0,4.0,4.0,4.0,4.0,4.0,3.0,3.0,4.0,4.0,5.0,4.0,4.0,4.0,6.0,4.0,2.0,4.0,4.0,4.0,4.0,4.0,2.0,4.0,4.0,4.0,4.0,4.0,4.0,1.0,4.0,2.0,2.0,4.0,4.0,3.0,1.0,2.0,4.0,2.0,4.0,4.0,4.0,3.0,3.0,2.0,4.0,2.0,3.0,2.0,4.0,4.0,4.0,3.0,4,2,1,2,4,5.0,1,3.0,3.0,2.0,4.0,3,6.1,1,15.0,4.0,15.0,3,78.0,8.57e-05
28240158,9.0,0,30,20,0,4.0,0.58,10,6.0,4.0,1.0,0.0,1.0,4.0,1.0,1.0,1.0,1.0,2.0,0.0,1.0,1.0,8.0,7.0,4.0,1.0,1968.0,2.0,3.0,1.0,3.0,7000.0,6.0,1,2,2,2,2,1.0,2.2,0.83,2.0,4.0,2.0,2.0,5.0,5.0,2.0,2.0,2.0,5.0,2.0,5.0,2.0,1.0,1.0,1.0,5.0,1.0,5.0,2.0,4.0,4.0,2.0,1.0,5.0,4.0,4.0,4.0,4.0,4.0,2.0,4.0,1.0,4.0,4.0,3.0,2.0,1.0,1.0,5.0,1.0,3.0,4.0,4.0,2.0,2.0,1.0,5.0,1.0,2.0,2.0,4.0,5.0,4.0,3.0,4,2,1,2,4,5.0,1,3.0,2.0,2.0,4.0,3,5.6,0,10.0,4.0,14.0,3,42.0,0.000109132
28240159,1.0,0,40,25,0,4.0,0.59,9,6.0,4.0,1.0,0.0,6.0,4.0,1.0,1.0,1.0,1.0,2.0,0.0,1.0,1.0,8.0,7.0,4.0,2.0,1961.0,2.0,3.0,2.0,6.0,7000.0,6.0,1,2,2,2,2,2.0,2.2,0.85,2.0,4.0,2.0,2.0,5.0,5.0,2.0,2.0,2.0,5.0,2.0,5.0,2.0,1.0,1.0,1.0,5.0,1.0,5.0,2.0,4.0,4.0,2.0,1.0,5.0,4.0,4.0,4.0,4.0,4.0,2.0,4.0,1.0,4.0,4.0,3.0,2.0,1.0,1.0,5.0,1.0,3.0,4.0,4.0,2.0,2.0,1.0,5.0,1.0,2.0,2.0,4.0,5.0,4.0,1.0,4,2,1,2,4,5.0,1,3.0,2.0,2.0,4.0,3,5.8,2,15.0,4.0,180.0,3,49.0,9.82e-05
28240179,1.0,4,168,43,11,37.0,9.45,114,4.0,0.0,3.0,0.0,4.0,3.0,2.0,1.0,1.0,1.0,4.0,0.0,1.0,1.0,5.0,17.0,4.0,1.0,1959.0,2.0,3.0,1.0,6.0,7000.0,3.0,1,2,2,1,2,1.0,18.5,13.54,4.0,4.0,2.0,3.0,5.0,5.0,5.0,5.0,4.0,5.0,4.0,2.0,5.0,3.0,5.0,6.0,4.0,4.0,5.0,2.0,5.0,2.0,2.0,2.0,4.0,5.0,5.0,3.0,5.0,2.0,2.0,4.0,3.0,3.0,5.0,5.0,3.0,1.0,3.0,4.0,2.0,4.0,4.0,4.0,3.0,2.0,2.0,5.0,1.0,3.0,4.0,2.0,3.0,4.0,1.0,4,2,1,2,4,2.0,2,1.0,2.0,2.0,3.0,3,101.0,0,114.0,4.0,160.0,3,51.0,0.000409116
28240201,9.0,0,48,24,0,6.2,1.21,17,2.0,0.0,1.0,0.0,1.0,0.0,1.0,1.0,2.0,1.0,1.0,0.0,2.0,2.0,5.0,6.0,4.0,2.0,1936.0,2.0,2.0,9.0,2.0,7000.0,6.0,1,2,2,2,2,1.0,3.1,1.73,5.0,5.0,3.0,3.0,5.0,5.0,6.0,6.0,4.0,4.0,5.0,6.0,6.0,1.0,4.0,6.0,5.0,1.0,4.0,4.0,5.0,2.0,4.0,4.0,2.0,5.0,4.0,4.0,6.0,2.0,1.0,4.0,4.0,3.0,5.0,5.0,3.0,2.0,2.0,5.0,1.0,2.0,4.0,6.0,6.0,2.0,1.0,4.0,6.0,6.0,2.0,4.0,4.0,4.0,3.0,4,2,1,2,4,2.0,2,1.0,2.0,3.0,3.0,3,11.5,0,24.0,3.0,20.0,3,74.0,7.71e-05
28240202,1.0,5,215,43,21,65.2,14.45,163,4.0,2.0,1.0,0.0,4.0,2.0,2.0,1.0,1.0,1.0,2.0,0.0,2.0,2.0,5.5,3.0,5.0,1.0,1971.0,2.0,3.0,1.0,3.0,9000.0,4.0,2,2,1,2,2,2.0,0.0,20.71,1.0,4.0,1.0,1.0,5.0,5.0,3.0,5.0,4.0,5.0,1.0,1.0,3.0,3.0,4.0,5.0,4.0,2.0,4.0,2.0,4.0,4.0,3.0,4.0,4.0,4.0,3.0,2.0,4.0,1.0,5.0,1.0,3.0,2.0,3.0,4.0,4.0,1.0,2.0,5.0,3.0,3.0,4.0,5.0,5.0,2.0,1.0,3.0,1.0,4.0,3.0,4.0,4.0,4.0,1.0,4,2,1,2,4,4.0,2,4.0,1.0,1.0,3.0,3,150.0,0,151.0,2.0,219.0,3,39.0,0.000258025
28240264,3.0,4,140,44,10,31.4,6.99,56,5.0,1.0,1.0,1.0,5.0,1.0,3.0,3.0,1.0,1.0,4.0,1.0,1.0,2.0,10.0,9.0,4.0,1.0,1991.0,2.0,6.0,8.0,2.0,9321.0,5.0,2,2,1,2,2,3.0,0.0,10.02,3.0,4.0,2.0,1.0,5.0,5.0,4.0,4.0,5.0,5.0,1.0,5.0,5.0,1.0,5.0,6.0,1.0,1.0,6.0,6.0,6.0,1.0,6.0,2.0,5.0,6.0,2.0,1.0,5.0,5.0,2.0,5.0,3.0,3.0,5.0,5.0,3.0,5.0,4.0,1.0,1.0,5.0,3.0,5.0,6.0,3.0,3.0,5.0,2.0,3.0,1.0,5.0,4.0,2.0,1.0,4,2,1,2,4,4.0,2,4.0,3.0,3.0,1.0,3,69.0,0,86.0,4.0,132.0,3,19.0,0.000162754
28240270,3.0,5,280,55,19,102.0,23.36,199,4.0,0.0,2.0,1.0,6.0,0.0,1.0,1.0,1.0,1.0,4.0,0.0,1.0,2.0,10.0,25.0,4.0,1.0,1986.0,2.0,6.0,8.0,2.0,10807.0,7.0,2,2,1,2,2,2.0,0.0,33.47,2.0,4.0,4.0,2.0,4.0,5.0,2.0,5.0,1.0,5.0,3.0,5.0,4.0,2.0,3.0,6.0,4.0,1.0,5.0,4.0,5.0,4.0,4.0,2.0,4.0,5.0,4.0,3.0,5.0,4.0,1.0,5.0,5.0,2.0,2.0,5.0,3.0,1.0,1.0,5.0,4.0,2.0,5.0,5.0,4.0,5.0,1.0,5.0,2.0,5.0,3.0,3.0,2.0,2.0,1.0,4,2,1,2,4,5.0,2,4.0,2.0,2.0,4.0,3,235.0,0,206.0,5.0,263.0,3,24.0,0.000378621
28240302,5.0,4,211,84,54,26.6,4.33,54,2.0,0.0,1.0,0.0,1.0,2.0,1.0,1.0,1.0,1.0,1.0,0.0,1.0,1.0,7.0,34.0,4.0,1.0,1941.0,2.0,2.0,9.0,2.0,7000.0,7.0,2,2,2,2,2,1.0,26.6,6.2,1.0,3.0,4.0,4.0,3.0,3.0,1.0,2.0,4.0,3.0,1.0,5.0,4.0,2.0,4.0,3.0,5.0,1.0,5.0,4.0,1.0,3.0,3.0,1.0,5.0,1.0,4.0,3.0,4.0,3.0,6.0,4.0,3.0,3.0,4.0,4.0,3.0,3.0,3.0,4.0,2.0,4.0,4.0,5.0,6.0,6.0,6.0,5.0,1.0,3.0,2.0,3.0,2.0,5.0,3.0,4,2,1,2,4,5.0,3,3.0,1.0,1.0,3.0,3,43.5,1,73.0,4.0,59.0,3,69.0,0.000125765
28240303,5.0,4,211,84,54,26.6,4.33,54,2.0,0.0,1.0,0.0,0.0,2.0,1.0,1.0,1.0,1.0,1.0,0.0,1.0,1.0,7.0,34.0,4.0,2.0,1943.0,2.0,2.0,9.0,6.0,7000.0,3.0,2,2,2,2,2,1.0,26.6,6.2,1.0,3.0,4.0,4.0,3.0,3.0,1.0,2.0,3.0,5.0,2.0,2.0,4.0,4.0,2.0,4.0,4.0,2.0,4.0,4.0,4.0,4.0,4.0,4.0,2.0,3.0,5.0,4.0,5.0,6.0,4.0,2.0,2.0,4.0,4.0,4.0,3.0,5.0,2.0,5.0,2.0,4.0,4.0,4.0,4.0,2.0,2.0,4.0,5.0,4.0,2.0,4.0,3.0,3.0,3.0,4,2,1,2,4,5.0,3,3.0,2.0,2.0,3.0,3,43.5,1,73.0,4.0,75.0,3,67.0,0.000288998
28240317,1.0,2,119,35,13,29.0,4.94,49,4.0,0.0,2.0,0.0,2.0,2.0,3.0,3.0,1.0,1.0,4.0,0.0,1.0,1.0,7.0,30.0,5.0,1.0,1950.0,2.0,3.0,1.0,3.0,9000.0,6.0,1,2,2,2,2,1.0,14.5,7.08,2.0,5.0,2.0,2.0,5.0,5.0,4.0,2.0,4.0,5.0,4.0,5.0,4.0,2.0,3.0,2.0,2.0,2.0,5.0,4.0,4.0,2.0,2.0,2.0,4.0,6.0,4.0,2.0,4.0,2.0,4.0,4.0,4.0,4.0,4.0,5.0,4.0,1.0,2.0,5.0,2.0,4.0,4.0,4.0,2.0,4.0,2.0,4.0,3.0,2.0,4.0,4.0,4.0,4.0,1.0,4,2,1,2,4,5.0,1,3.0,2.0,2.0,3.0,3,58.0,1,71.0,5.0,55.0,3,60.0,0.000109132
28240354,1.0,0,27,16,0,4.0,0.76,10,4.0,1.0,3.0,1.0,4.0,1.0,3.0,1.0,1.0,1.0,4.0,0.0,1.0,1.0,5.0,15.0,4.0,2.0,1964.0,2.0,3.0,2.0,6.0,7000.0,3.0,2,2,2,2,2,1.0,4.0,1.09,1.0,2.0,5.0,2.0,5.0,5.0,5.0,2.0,2.0,4.0,2.0,2.0,5.0,1.0,5.0,1.0,5.0,2.0,5.0,4.0,4.0,5.0,5.0,4.0,2.0,1.0,3.0,4.0,5.0,1.0,1.0,1.0,3.0,1.0,5.0,5.0,5.0,1.0,5.0,5.0,1.0,5.0,4.0,3.0,1.0,3.0,2.0,5.0,5.0,3.0,4.0,3.0,2.0,4.0,1.0,4,2,1,2,4,4.0,1,2.0,1.0,3.0,3.0,3,6.0,1,11.0,5.0,10.0,3,46.0,0.000367986
28240376,7.0,1,32,6,8,4.0,0.77,12,2.0,0.0,1.0,0.0,0.0,3.0,1.0,1.0,1.0,1.0,0.0,0.0,1.0,1.0,6.0,45.0,4.0,1.0,1962.0,1.0,3.0,1.0,6.0,7000.0,3.0,2,2,2,2,2,1.0,4.0,1.1,2.0,5.0,3.0,4.0,4.0,4.0,6.0,6.0,6.0,5.0,4.0,2.0,4.0,3.0,5.0,3.0,4.0,1.0,4.0,4.0,4.0,2.0,4.0,4.0,4.0,2.0,4.0,2.0,4.0,4.0,2.0,4.0,4.0,4.0,4.0,4.0,3.0,4.0,3.0,4.0,2.0,4.0,2.0,3.0,3.0,3.0,2.0,5.0,2.0,4.0,4.0,5.0,5.0,4.0,3.0,4,2,1,2,4,5.0,1,1.0,2.0,2.0,3.0,3,7.6,1,18.0,5.0,15.0,3,48.0,0.000367986
28240376,7.0,0,33,18,0,4.0,0.73,11,2.0,0.0,1.0,0.0,0.0,3.0,1.0,1.0,1.0,1.0,0.0,0.0,1.0,1.0,6.0,45.0,4.0,1.0,1962.0,1.0,3.0,1.0,6.0,7000.0,3.0,2,2,2,2,2,1.0,4.0,1.05,2.0,5.0,3.0,4.0,4.0,4.0,6.0,6.0,6.0,5.0,4.0,2.0,4.0,3.0,5.0,3.0,4.0,1.0,4.0,4.0,4.0,2.0,4.0,4.0,4.0,2.0,4.0,2.0,4.0,4.0,2.0,4.0,4.0,4.0,4.0,4.0,3.0,4.0,3.0,4.0,2.0,4.0,2.0,3.0,3.0,3.0,2.0,5.0,2.0,4.0,4.0,5.0,5.0,4.0,3.0,4,2,1,2,4,5.0,1,1.0,2.0,2.0,3.0,3,7.1,1,15.0,5.0,10.0,3,48.0,0.000967286
28240378,11.0,0,18,17,0,3.0,0.06,1,3.0,0.0,2.0,0.0,2.0,0.0,2.0,2.0,1.0,1.0,3.0,1.0,1.0,1.0,6.0,5.0,6.0,2.0,1963.0,2.0,3.0,2.0,3.0,15000.0,3.0,2,2,2,2,2,1.0,3.0,0.09,1.0,3.0,4.0,3.0,4.0,3.0,4.0,4.0,3.0,3.0,3.0,4.0,4.0,2.0,4.0,6.0,4.0,3.0,4.0,2.0,3.0,2.0,3.0,2.0,4.0,3.0,4.0,3.0,4.0,2.0,2.0,3.0,3.0,3.0,4.0,4.0,3.0,2.0,2.0,4.0,2.0,4.0,3.0,4.0,3.0,2.0,3.0,4.0,3.0,3.0,2.0,3.0,4.0,3.0,3.0,4,2,1,2,4,5.0,1,3.0,2.0,1.0,2.0,3,0.5,1,1.0,3.0,3.0,3,47.0,0.000367986
28240378,4.0,0,33,18,0,4.0,0.7,11,3.0,0.0,2.0,0.0,2.0,0.0,2.0,2.0,1.0,1.0,3.0,1.0,1.0,1.0,6.0,5.0,6.0,2.0,1963.0,2.0,3.0,2.0,3.0,15000.0,3.0,2,2,2,2,2,1.0,4.0,1.0,1.0,3.0,4.0,3.0,4.0,3.0,4.0,4.0,3.0,3.0,3.0,4.0,4.0,2.0,4.0,6.0,4.0,3.0,4.0,2.0,3.0,2.0,3.0,2.0,4.0,3.0,4.0,3.0,4.0,2.0,2.0,3.0,3.0,3.0,4.0,4.0,3.0,2.0,2.0,4.0,2.0,4.0,3.0,4.0,3.0,2.0,3.0,4.0,3.0,3.0,2.0,3.0,4.0,3.0,3.0,4,2,1,2,4,5.0,1,3.0,2.0,1.0,2.0,3,6.7,1,15.0,3.0,8.0,3,47.0,0.000367986
28240378,6.0,4,124,16,16,22.8,4.23,36,3.0,0.0,2.0,0.0,2.0,0.0,2.0,2.0,1.0,1.0,3.0,1.0,1.0,1.0,6.0,5.0,6.0,2.0,1963.0,2.0,3.0,2.0,3.0,15000.0,3.0,2,2,2,2,2,1.0,22.8,6.06,1.0,3.0,4.0,3.0,4.0,3.0,4.0,4.0,3.0,3.0,3.0,4.0,4.0,2.0,4.0,6.0,4.0,3.0,4.0,2.0,3.0,2.0,3.0,2.0,4.0,3.0,4.0,3.0,4.0,2.0,2.0,3.0,3.0,3.0,4.0,4.0,3.0,2.0,2.0,4.0,2.0,4.0,3.0,4.0,3.0,2.0,3.0,4.0,3.0,3.0,2.0,3.0,4.0,3.0,3.0,4,2,1,2,4,5.0,1,3.0,2.0,1.0,2.0,3,40.0,1,92.0,3.0,35.0,3,47.0,0.000367986
28240382,7.0,0,30,21,0,2.2,0.71,10,4.0,2.0,2.0,0.0,4.0,2.0,4.0,1.0,1.0,1.0,4.0,3.0,1.0,1.0,7.0,6.0,4.0,1.0,1991.0,2.0,6.0,8.0,8.0,5423.0,1.0,2,2,2,2,2,1.0,2.2,1.02,4.0,3.0,3.0,2.0,2.0,5.0,3.0,3.0,1.0,4.0,1.0,4.0,5.0,1.0,5.0,1.0,4.0,1.0,4.0,3.0,4.0,3.0,2.0,4.0,4.0,2.0,4.0,4.0,4.0,3.0,4.0,1.0,1.0,3.0,2.0,3.0,3.0,1.0,3.0,4.0,3.0,2.0,3.0,2.0,4.0,2.0,2.0,4.0,1.0,4.0,2.0,3.0,3.0,4.0,3.0,4,2,1,2,4,2.0,1,4.0,2.0,2.0,4.0,3,6.5,0,9.0,4.0,25.0,3,19.0,0.004776402
28240476,7.0,2,62,17,14,6.2,1.61,23,1.0,0.0,1.0,0.0,2.0,0.0,1.0,1.0,2.0,1.0,2.0,0.0,2.0,2.0,3.5,23.0,2.0,2.0,1945.0,2.0,1.0,9.0,8.0,3250.0,3.0,1,2,2,2,2,1.0,3.1,2.31,3.0,4.0,3.0,2.0,4.0,5.0,6.0,6.0,6.0,4.0,6.0,3.0,5.0,3.0,3.0,6.0,4.0,3.0,5.0,4.0,3.0,4.0,3.0,6.0,6.0,6.0,6.0,2.0,6.0,6.0,1.0,6.0,6.0,1.0,5.0,2.0,6.0,1.0,5.0,4.0,4.0,3.0,3.0,4.0,6.0,3.0,4.0,4.0,6.0,6.0,4.0,3.0,4.0,4.0,3.0,4,2,1,2,4,3.0,2,1.0,3.0,3.0,3.0,3,16.1,1,31.0,4.0,35.0,3,65.0,0.000288998
28240485,1.0,0,15,13,0,3.0,0.1,2,1.0,0.0,1.0,0.0,0.0,0.0,1.0,1.0,1.0,2.0,1.0,0.0,2.0,2.0,3.0,4.0,2.0,1.0,1970.0,2.0,1.0,2.0,6.0,3250.0,3.0,2,2,2,2,2,1.0,3.0,0.14,1.0,1.0,1.0,1.0,5.0,5.0,3.0,1.0,3.0,3.0,3.0,3.0,3.0,1.0,1.0,6.0,3.0,1.0,5.0,5.0,6.0,3.0,3.0,3.0,5.0,6.0,5.0,1.0,5.0,3.0,1.0,3.0,5.0,3.0,3.0,3.0,3.0,1.0,5.0,5.0,3.0,5.0,5.0,5.0,3.0,4.0,1.0,5.0,6.0,6.0,4.0,3.0,3.0,3.0,1.0,4,2,1,2,4,5.0,1,4.0,4.0,4.0,1.0,3,0.9,1,2.0,5.0,5.0,3,40.0,0.000409116
28240515,4.0,4,138,46,19,25.0,5.05,40,4.0,2.0,2.0,1.0,6.0,2.0,1.0,1.0,1.0,1.0,2.0,1.0,1.0,1.0,5.0,6.0,5.0,2.0,1980.0,2.0,3.0,2.0,6.0,9000.0,3.0,2,2,2,2,2,1.0,25.0,7.24,5.0,5.0,1.0,3.0,5.0,5.0,5.0,1.0,1.0,3.0,5.0,5.0,5.0,1.0,5.0,5.0,5.0,1.0,5.0,1.0,1.0,1.0,5.0,1.0,5.0,5.0,5.0,1.0,5.0,5.0,1.0,4.0,5.0,1.0,1.0,1.0,1.0,1.0,1.0,5.0,4.0,4.0,4.0,5.0,3.0,1.0,1.0,5.0,1.0,4.0,3.0,5.0,5.0,5.0,3.0,4,2,1,2,4,5.0,2,4.0,2.0,2.0,1.0,3,49.0,1,73.0,4.0,50.0,3,30.0,0.00087004
28240517,4.0,2,71,28,5,14.0,2.56,19,4.0,2.0,2.0,2.0,5.0,2.0,1.0,2.0,1.0,1.0,2.0,1.0,1.0,1.0,5.0,7.0,5.0,1.0,1972.0,2.0,3.0,1.0,3.0,9000.0,3.0,2,2,2,2,2,1.0,14.0,3.67,2.0,4.0,5.0,2.0,4.0,4.0,4.0,4.0,2.0,4.0,1.0,5.0,5.0,3.0,4.0,4.0,4.0,1.0,4.0,3.0,4.0,3.0,4.0,1.0,4.0,4.0,4.0,4.0,4.0,1.0,4.0,1.0,4.0,3.0,3.0,5.0,4.0,1.0,5.0,5.0,5.0,3.0,4.0,4.0,5.0,4.0,2.0,5.0,2.0,3.0,4.0,3.0,3.0,1.0,3.0,4,2,1,2,4,4.0,1,4.0,1.0,1.0,2.0,3,24.0,1,38.0,5.0,25.0,3,38.0,0.000967286
28240517,5.0,2,67,18,15,11.0,2.49,21,4.0,2.0,2.0,2.0,5.0,2.0,1.0,2.0,1.0,1.0,2.0,1.0,1.0,1.0,5.0,7.0,5.0,1.0,1972.0,2.0,3.0,1.0,3.0,9000.0,3.0,2,2,2,2,2,1.0,11.0,3.57,2.0,4.0,5.0,2.0,4.0,4.0,4.0,4.0,2.0,4.0,1.0,5.0,5.0,3.0,4.0,4.0,4.0,1.0,4.0,3.0,4.0,3.0,4.0,1.0,4.0,4.0,4.0,4.0,4.0,1.0,4.0,1.0,4.0,3.0,3.0,5.0,4.0,1.0,5.0,5.0,5.0,3.0,4.0,4.0,5.0,4.0,2.0,5.0,2.0,3.0,4.0,3.0,3.0,1.0,3.0,4,2,1,2,4,4.0,1,4.0,1.0,1.0,2.0,3,25.0,1,34.0,5.0,25.0,3,38.0,0.000967286
28240523,1.0,0,46,32,0,6.2,1.03,16,4.0,2.0,2.0,0.0,6.0,2.0,1.0,3.0,1.0,1.0,2.0,1.0,1.0,1.0,12.0,5.0,6.0,1.0,1969.0,2.0,3.0,1.0,1.0,15000.0,6.0,1,2,2,2,2,1.0,3.1,1.48,3.0,2.0,2.0,2.0,5.0,5.0,4.0,1.0,3.0,5.0,1.0,4.0,4.0,1.0,5.0,2.0,4.0,1.0,4.0,2.0,3.0,4.0,3.0,3.0,4.0,3.0,3.0,2.0,2.0,3.0,4.0,2.0,3.0,2.0,4.0,3.0,2.0,2.0,3.0,4.0,3.0,4.0,4.0,4.0,2.0,2.0,2.0,5.0,2.0,3.0,3.0,3.0,3.0,2.0,2.0,4,2,1,2,4,5.0,2,4.0,2.0,2.0,4.0,3,9.1,1,14.0,3.0,10.0,3,41.0,0.000109132
28240523,1.0,0,46,32,0,6.2,1.03,16,4.0,2.0,2.0,0.0,6.0,2.0,1.0,3.0,1.0,1.0,2.0,1.0,1.0,1.0,12.0,5.0,6.0,1.0,1969.0,2.0,3.0,1.0,1.0,15000.0,6.0,1,2,2,2,2,1.0,3.1,1.48,3.0,2.0,2.0,2.0,5.0,5.0,4.0,1.0,3.0,5.0,1.0,4.0,4.0,1.0,5.0,2.0,4.0,1.0,4.0,2.0,3.0,4.0,3.0,3.0,4.0,3.0,3.0,2.0,2.0,3.0,4.0,2.0,3.0,2.0,4.0,3.0,2.0,2.0,3.0,4.0,3.0,4.0,4.0,4.0,2.0,2.0,2.0,5.0,2.0,3.0,3.0,3.0,3.0,2.0,2.0,4,2,1,2,4,5.0,2,4.0,2.0,2.0,4.0,3,9.1,1,14.0,3.0,10.0,3,41.0,0.000109132
28240632,8.0,1,117,70,8,14.4,3.01,35,4.0,2.0,1.0,0.0,6.0,2.0,1.0,0.0,1.0,1.0,1.0,0.0,1.0,1.0,5.0,5.0,3.0,2.0,1975.0,1.0,3.0,5.0,2.0,5000.0,6.0,1,2,2,2,2,1.0,7.2,4.31,5.0,5.0,5.0,1.0,5.0,5.0,5.0,4.0,2.0,5.0,3.0,2.0,2.0,1.0,4.0,5.0,5.0,1.0,5.0,2.0,5.0,2.0,5.0,2.0,5.0,4.0,4.0,2.0,4.0,5.0,1.0,4.0,4.0,2.0,5.0,4.0,4.0,2.0,4.0,5.0,4.0,4.0,4.0,5.0,3.0,4.0,4.0,5.0,2.0,4.0,2.0,4.0,4.0,2.0,3.0,4,2,1,2,4,2.0,4,1.0,3.0,2.0,2.0,3,28.2,1,39.0,5.0,35.5,3,35.0,0.000232084
28240692,6.0,0,39,32,0,3.4,0.78,11,4.0,2.0,2.0,1.0,4.0,2.0,1.0,2.0,1.0,1.0,4.0,0.0,1.0,1.0,4.0,7.0,4.0,2.0,1969.0,2.0,3.0,2.0,5.0,7000.0,4.0,2,2,2,2,2,1.0,3.4,1.12,2.0,4.0,2.0,4.0,4.0,4.0,4.0,6.0,2.0,4.0,2.0,2.0,4.0,2.0,2.0,2.0,4.0,2.0,4.0,4.0,2.0,4.0,2.0,4.0,6.0,6.0,2.0,2.0,6.0,2.0,4.0,6.0,6.0,4.0,4.0,4.0,2.0,2.0,4.0,2.0,2.0,2.0,4.0,4.0,4.0,2.0,2.0,4.0,2.0,2.0,4.0,2.0,4.0,4.0,3.0,4,2,1,2,4,5.0,1,4.0,2.0,2.0,3.0,3,7.6,1,7.0,4.0,10.0,3,41.0,9.82e-05
28240755,1.0,3,160,95,7,21.8,3.39,40,2.0,0.0,2.0,0.0,2.0,0.0,2.0,1.0,1.0,2.0,2.0,0.0,2.0,2.0,3.0,1.0,5.0,1.0,1979.0,2.0,2.0,1.0,6.0,9000.0,3.0,2,2,2,2,2,1.0,21.8,4.86,3.0,2.0,3.0,2.0,5.0,4.0,4.0,2.0,3.0,3.0,2.0,4.0,4.0,2.0,3.0,3.0,3.0,2.0,4.0,2.0,4.0,4.0,4.0,2.0,3.0,2.0,4.0,2.0,4.0,2.0,2.0,3.0,3.0,3.0,3.0,2.0,3.0,3.0,3.0,3.0,2.0,2.0,3.0,4.0,3.0,3.0,3.0,3.0,3.0,4.0,4.0,3.0,4.0,2.0,3.0,4,2,1,2,4,2.0,4,3.0,3.0,2.0,3.0,3,32.8,1,58.0,3.0,40.0,3,31.0,0.000967286
28240755,1.0,4,168,24,5,38.8,7.79,72,2.0,0.0,2.0,0.0,2.0,0.0,2.0,1.0,1.0,2.0,2.0,0.0,2.0,2.0,3.0,1.0,5.0,1.0,1979.0,2.0,2.0,1.0,6.0,9000.0,3.0,2,2,2,2,2,1.0,38.8,11.16,3.0,2.0,3.0,2.0,5.0,4.0,4.0,2.0,3.0,3.0,2.0,4.0,4.0,2.0,3.0,3.0,3.0,2.0,4.0,2.0,4.0,4.0,4.0,2.0,3.0,2.0,4.0,2.0,4.0,2.0,2.0,3.0,3.0,3.0,3.0,2.0,3.0,3.0,3.0,3.0,2.0,2.0,3.0,4.0,3.0,3.0,3.0,3.0,3.0,4.0,4.0,3.0,4.0,2.0,1.0,4,2,1,2,4,2.0,2,3.0,3.0,2.0,3.0,3,85.0,1,139.0,3.0,70.0,3,31.0,0.000967286
28240756,1.0,3,237,23,33,81.4,0.94,13,2.0,0.0,2.0,0.0,2.0,0.0,2.0,1.0,1.0,2.0,2.0,0.0,2.0,2.0,3.0,4.0,5.0,2.0,1980.0,2.0,2.0,1.0,8.0,9000.0,6.0,2,2,2,2,2,1.0,81.4,1.35,2.0,3.0,3.0,3.0,4.0,4.0,5.0,2.0,2.0,5.0,2.0,2.0,2.0,2.0,4.0,4.0,4.0,1.0,4.0,3.0,4.0,4.0,3.0,3.0,3.0,4.0,4.0,4.0,4.0,2.0,4.0,4.0,3.0,4.0,3.0,5.0,3.0,1.0,5.0,3.0,2.0,4.0,4.0,5.0,3.0,2.0,1.0,5.0,2.0,3.0,3.0,3.0,2.0,2.0,2.0,4,2,1,2,4,5.0,2,4.0,2.0,1.0,3.0,3,8.5,1,181.0,5.0,10.0,3,30.0,0.000232084
28240756,1.0,3,237,23,33,81.4,0.94,13,2.0,0.0,2.0,0.0,2.0,0.0,2.0,1.0,1.0,2.0,2.0,0.0,2.0,2.0,3.0,4.0,5.0,2.0,1980.0,2.0,2.0,1.0,8.0,9000.0,6.0,2,2,2,2,2,1.0,81.4,1.35,2.0,3.0,3.0,3.0,4.0,4.0,5.0,2.0,2.0,5.0,2.0,2.0,2.0,2.0,4.0,4.0,4.0,1.0,4.0,3.0,4.0,4.0,3.0,3.0,3.0,4.0,4.0,4.0,4.0,2.0,4.0,4.0,3.0,4.0,3.0,5.0,3.0,1.0,5.0,3.0,2.0,4.0,4.0,5.0,3.0,2.0,1.0,5.0,2.0,3.0,3.0,3.0,2.0,2.0,1.0,4,2,1,2,4,5.0,2,4.0,2.0,1.0,3.0,3,8.5,1,181.0,5.0,4.0,3,30.0,0.000232084
28240762,8.0,2,106,39,15,10.8,1.99,25,2.0,0.0,2.0,0.0,2.0,0.0,2.0,1.0,1.0,2.0,2.0,1.0,1.0,2.0,6.0,0.0,4.0,2.0,1985.0,2.0,2.0,2.0,6.0,7000.0,5.0,2,2,2,2,2,1.0,10.8,2.85,1.0,2.0,5.0,3.0,4.0,4.0,5.0,1.0,3.0,4.0,1.0,1.0,5.0,5.0,3.0,6.0,6.0,1.0,5.0,4.0,3.0,5.0,6.0,6.0,6.0,6.0,5.0,3.0,4.0,1.0,2.0,1.0,5.0,3.0,4.0,2.0,3.0,1.0,1.0,5.0,1.0,5.0,5.0,3.0,1.0,1.0,4.0,5.0,2.0,2.0,1.0,4.0,3.0,4.0,3.0,4,2,1,2,4,5.0,3,3.0,2.0,1.0,3.0,3,19.2,1,52.0,2.0,30.0,3,25.0,0.000232084
28240762,1.0,2,76,30,8,6.2,1.61,23,2.0,0.0,2.0,0.0,2.0,0.0,2.0,1.0,1.0,2.0,2.0,1.0,1.0,2.0,6.0,0.0,4.0,2.0,1985.0,2.0,2.0,2.0,6.0,7000.0,5.0,2,2,2,2,2,1.0,6.2,2.31,1.0,2.0,5.0,3.0,4.0,4.0,5.0,1.0,3.0,4.0,1.0,1.0,5.0,5.0,3.0,6.0,6.0,1.0,5.0,4.0,3.0,5.0,6.0,6.0,6.0,6.0,5.0,3.0,4.0,1.0,2.0,1.0,5.0,3.0,4.0,2.0,3.0,1.0,1.0,5.0,1.0,5.0,5.0,3.0,1.0,1.0,4.0,5.0,2.0,2.0,1.0,4.0,3.0,4.0,1.0,4,2,1,2,4,5.0,2,3.0,2.0,1.0,3.0,3,15.3,1,38.0,2.0,20.0,3,25.0,0.000232084
28240797,1.0,2,281,43,51,77.8,17.91,194,4.0,2.0,1.0,1.0,2.0,1.0,2.0,1.0,1.0,1.0,2.0,0.0,1.0,1.0,5.0,7.0,4.0,1.0,1971.0,2.0,3.0,1.0,6.0,7000.0,6.0,2,2,1,2,2,2.0,0.0,25.67,4.0,4.0,4.0,2.0,5.0,5.0,6.0,2.0,4.0,5.0,2.0,5.0,5.0,2.0,4.0,4.0,4.0,2.0,4.0,2.0,4.0,3.0,3.0,4.0,4.0,4.0,3.0,2.0,4.0,3.0,4.0,2.0,2.0,4.0,5.0,4.0,4.0,2.0,4.0,4.0,3.0,4.0,3.0,3.0,4.0,3.0,2.0,4.0,3.0,4.0,3.0,4.0,4.0,4.0,1.0,4,2,1,2,4,5.0,4,4.0,1.0,1.0,4.0,3,189.2,0,187.0,4.0,164.0,3,39.0,0.000258025
28240798,1.0,2,281,43,51,77.8,17.91,194,4.0,2.0,1.0,1.0,2.0,1.0,2.0,1.0,1.0,1.0,2.0,0.0,1.0,1.0,5.0,7.0,4.0,1.0,1971.0,2.0,3.0,1.0,6.0,7000.0,6.0,2,2,1,2,2,2.0,0.0,25.67,4.0,4.0,4.0,2.0,4.0,4.0,6.0,2.0,4.0,5.0,2.0,5.0,5.0,2.0,4.0,4.0,4.0,2.0,4.0,2.0,4.0,3.0,3.0,4.0,4.0,4.0,3.0,2.0,4.0,3.0,4.0,2.0,2.0,4.0,5.0,4.0,4.0,2.0,4.0,4.0,3.0,4.0,3.0,3.0,4.0,3.0,2.0,4.0,3.0,4.0,3.0,4.0,4.0,4.0,1.0,4,2,1,2,4,5.0,4,4.0,1.0,1.0,4.0,3,189.2,0,187.0,4.0,158.0,3,39.0,0.000258025
28240830,4.0,3,95,21,14,24.4,4.21,52,2.0,0.0,2.0,1.0,1.0,0.0,2.0,1.0,1.0,1.0,2.0,0.0,1.0,1.0,5.0,15.0,4.0,2.0,1965.0,2.0,2.0,2.0,6.0,7000.0,4.0,2,2,2,2,2,1.0,24.4,6.03,1.0,4.0,5.0,4.0,4.0,3.0,4.0,3.0,3.0,5.0,3.0,5.0,4.0,5.0,3.0,6.0,5.0,1.0,5.0,4.0,3.0,5.0,6.0,4.0,3.0,6.0,4.0,5.0,4.0,1.0,6.0,6.0,3.0,2.0,5.0,4.0,3.0,3.0,4.0,3.0,1.0,5.0,2.0,4.0,6.0,2.0,1.0,5.0,1.0,2.0,4.0,2.0,2.0,1.0,3.0,4,2,1,2,4,2.0,1,3.0,2.0,1.0,3.0,3,45.0,1,60.0,4.0,35.5,3,45.0,9.82e-05
28240945,1.0,2,90,27,16,8.6,0.81,11,2.0,0.0,2.0,0.0,1.0,0.0,2.0,1.0,1.0,1.0,2.0,0.0,2.0,1.0,4.0,3.0,6.0,1.0,1949.0,2.0,3.0,1.0,1.0,15000.0,7.0,1,2,2,2,2,1.0,4.3,1.16,3.0,4.0,3.0,3.0,3.0,3.0,4.0,2.0,3.0,6.0,2.0,4.0,4.0,6.0,6.0,6.0,5.0,4.0,4.0,4.0,4.0,6.0,4.0,4.0,3.0,4.0,3.0,4.0,5.0,6.0,3.0,4.0,4.0,3.0,2.0,3.0,4.0,1.0,3.0,5.0,4.0,2.0,4.0,4.0,4.0,3.0,4.0,3.0,2.0,3.0,3.0,4.0,4.0,4.0,2.0,4,2,1,2,4,3.0,2,2.0,3.0,3.0,4.0,3,7.5,1,47.0,3.0,10.0,3,61.0,0.000160139
28240945,11.0,2,110,48,16,13.0,1.61,24,2.0,0.0,2.0,0.0,1.0,0.0,2.0,1.0,1.0,1.0,2.0,0.0,2.0,1.0,4.0,3.0,6.0,1.0,1949.0,2.0,3.0,1.0,1.0,15000.0,7.0,1,2,2,2,2,1.0,6.5,2.31,3.0,4.0,3.0,3.0,3.0,3.0,4.0,2.0,3.0,6.0,2.0,4.0,4.0,6.0,6.0,6.0,5.0,4.0,4.0,4.0,4.0,6.0,4.0,4.0,3.0,4.0,3.0,4.0,5.0,6.0,3.0,4.0,4.0,3.0,2.0,3.0,4.0,1.0,3.0,5.0,4.0,2.0,4.0,4.0,4.0,3.0,4.0,3.0,2.0,3.0,3.0,4.0,4.0,4.0,3.0,4,2,1,2,4,3.0,3,2.0,3.0,3.0,4.0,3,14.8,1,46.0,3.0,35.0,3,61.0,0.000160139
28240955,4.0,2,56,12,16,6.2,1.34,19,2.0,0.0,1.0,0.0,0.0,0.0,1.0,2.0,1.0,1.0,1.0,0.0,1.0,1.0,4.0,36.0,2.0,2.0,1952.0,2.0,2.0,1.0,5.0,3250.0,2.0,2,2,2,2,2,1.0,6.2,1.92,4.0,3.0,2.0,3.0,3.0,5.0,6.0,6.0,5.0,4.0,3.0,5.0,5.0,3.0,2.0,6.0,4.0,1.0,5.0,5.0,3.0,5.0,5.0,5.0,1.0,1.0,4.0,5.0,6.0,1.0,1.0,1.0,1.0,4.0,5.0,5.0,5.0,2.0,1.0,5.0,5.0,5.0,5.0,5.0,5.0,5.0,4.0,5.0,4.0,5.0,4.0,4.0,2.0,2.0,3.0,4,2,1,2,4,5.0,2,1.0,1.0,3.0,4.0,3,12.7,1,28.0,4.0,25.0,3,58.0,0.001472131
28240965,1.0,1,57,17,8,6.2,1.75,23,4.0,0.0,1.0,0.0,3.0,0.0,1.0,1.0,1.0,1.0,2.0,0.0,1.0,1.0,4.0,12.0,3.0,1.0,1963.0,2.0,3.0,1.0,6.0,5000.0,3.0,2,1,2,2,2,1.0,0.0,2.51,5.0,4.0,4.0,5.0,5.0,5.0,5.0,4.0,4.0,2.0,1.0,2.0,5.0,1.0,5.0,4.0,5.0,1.0,5.0,5.0,4.0,2.0,1.0,2.0,5.0,5.0,4.0,2.0,2.0,4.0,2.0,4.0,5.0,4.0,5.0,4.0,4.0,2.0,2.0,4.0,4.0,4.0,4.0,4.0,4.0,4.0,3.0,5.0,2.0,2.0,2.0,4.0,4.0,2.0,1.0,4,2,1,2,4,4.0,3,1.0,2.0,2.0,4.0,3,16.1,0,32.0,4.0,55.0,3,47.0,0.000409116
28240969,1.0,2,79,20,16,11.2,0.84,12,4.0,2.0,2.0,0.0,3.0,1.0,3.0,1.0,1.0,2.0,2.0,0.0,2.0,2.0,4.0,4.0,4.0,1.0,1976.0,2.0,3.0,1.0,1.0,7000.0,3.0,2,2,2,2,2,1.0,11.2,1.2,1.0,2.0,3.0,2.0,5.0,5.0,5.0,3.0,1.0,5.0,3.0,5.0,5.0,1.0,3.0,5.0,4.0,1.0,5.0,5.0,5.0,5.0,5.0,5.0,2.0,3.0,2.0,2.0,5.0,1.0,3.0,4.0,3.0,4.0,5.0,5.0,5.0,1.0,4.0,3.0,1.0,4.0,5.0,5.0,5.0,3.0,1.0,5.0,1.0,3.0,4.0,5.0,5.0,4.0,2.0,4,2,1,2,4,5.0,2,4.0,2.0,1.0,3.0,3,7.5,1,43.0,4.0,10.0,3,34.0,0.000967286
28240969,1.0,2,81,22,16,11.2,0.57,8,4.0,2.0,2.0,0.0,3.0,1.0,3.0,1.0,1.0,2.0,2.0,0.0,2.0,2.0,4.0,4.0,4.0,1.0,1976.0,2.0,3.0,1.0,1.0,7000.0,3.0,2,2,2,2,2,1.0,11.2,0.82,1.0,2.0,3.0,2.0,5.0,5.0,5.0,3.0,1.0,5.0,3.0,5.0,5.0,1.0,3.0,5.0,4.0,1.0,5.0,5.0,5.0,5.0,5.0,5.0,2.0,3.0,2.0,2.0,5.0,1.0,3.0,4.0,3.0,4.0,5.0,5.0,5.0,1.0,4.0,3.0,1.0,4.0,5.0,5.0,5.0,3.0,1.0,5.0,1.0,3.0,4.0,5.0,5.0,4.0,1.0,4,2,1,2,4,5.0,2,4.0,2.0,1.0,3.0,3,4.6,1,43.0,4.0,10.0,3,34.0,0.000967286
28240969,1.0,2,99,20,36,11.2,0.77,10,4.0,2.0,2.0,0.0,3.0,1.0,3.0,1.0,1.0,2.0,2.0,0.0,2.0,2.0,4.0,4.0,4.0,1.0,1976.0,2.0,3.0,1.0,1.0,7000.0,3.0,2,2,2,2,2,1.0,11.2,1.1,1.0,2.0,3.0,2.0,5.0,5.0,5.0,3.0,1.0,5.0,3.0,5.0,5.0,1.0,3.0,5.0,4.0,1.0,5.0,5.0,5.0,5.0,5.0,5.0,2.0,3.0,2.0,2.0,5.0,1.0,3.0,4.0,3.0,4.0,5.0,5.0,5.0,1.0,4.0,3.0,1.0,4.0,5.0,5.0,5.0,3.0,1.0,5.0,1.0,3.0,4.0,5.0,5.0,4.0,1.0,4,2,1,2,4,5.0,2,4.0,2.0,1.0,3.0,3,7.0,1,43.0,4.0,15.0,3,34.0,0.000967286
28240970,4.0,0,27,12,0,4.0,0.69,10,4.0,2.0,2.0,0.0,3.0,1.0,2.0,1.0,1.0,2.0,2.0,0.0,2.0,2.0,4.0,4.0,4.0,2.0,1981.0,2.0,3.0,6.0,8.0,7000.0,3.0,2,2,2,2,2,1.0,4.0,0.99,2.0,3.0,2.0,2.0,4.0,4.0,5.0,3.0,3.0,5.0,2.0,2.0,5.0,4.0,4.0,5.0,4.0,2.0,5.0,5.0,2.0,4.0,4.0,4.0,4.0,4.0,4.0,4.0,4.0,6.0,6.0,3.0,2.0,3.0,4.0,2.0,3.0,2.0,4.0,2.0,1.0,4.0,4.0,4.0,4.0,3.0,2.0,4.0,4.0,3.0,4.0,4.0,2.0,5.0,3.0,4,2,1,2,4,4.0,1,4.0,2.0,1.0,3.0,3,6.7,1,15.0,5.0,35.5,3,29.0,0.00087004
28240970,8.0,0,9,8,0,3.0,0.05,0,4.0,2.0,2.0,0.0,3.0,1.0,2.0,1.0,1.0,2.0,2.0,0.0,2.0,2.0,4.0,4.0,4.0,2.0,1981.0,2.0,3.0,6.0,8.0,7000.0,3.0,2,2,2,2,2,1.0,3.0,0.07,2.0,3.0,2.0,2.0,4.0,4.0,5.0,3.0,3.0,5.0,2.0,2.0,5.0,4.0,4.0,5.0,4.0,2.0,5.0,5.0,2.0,4.0,4.0,4.0,4.0,4.0,4.0,4.0,4.0,6.0,6.0,3.0,2.0,3.0,4.0,2.0,3.0,2.0,4.0,2.0,1.0,4.0,4.0,4.0,4.0,3.0,2.0,4.0,4.0,3.0,4.0,4.0,2.0,5.0,3.0,4,2,1,2,4,4.0,1,4.0,2.0,1.0,3.0,3,0.5,2,1.0,5.0,35.5,3,29.0,0.00087004
28240993,1.0,2,82,12,16,11.0,0.97,14,2.0,0.0,1.0,0.0,1.0,1.0,1.0,1.0,1.0,1.0,1.0,0.0,1.0,1.0,4.0,32.0,4.0,1.0,1949.0,2.0,2.0,1.0,6.0,7000.0,3.0,2,2,2,2,2,1.0,11.0,1.39,2.0,2.0,5.0,3.0,3.0,3.0,4.0,2.0,5.0,2.0,3.0,5.0,4.0,2.0,4.0,5.0,5.0,3.0,4.0,4.0,2.0,3.0,2.0,4.0,2.0,1.0,4.0,2.0,4.0,1.0,4.0,4.0,2.0,3.0,4.0,2.0,3.0,3.0,3.0,3.0,2.0,4.0,4.0,4.0,2.0,3.0,2.0,4.0,3.0,3.0,2.0,4.0,4.0,4.0,2.0,4,2,1,2,4,6.0,2,4.0,1.0,1.0,3.0,3,10.0,1,54.0,5.0,10.0,3,61.0,0.000409116
28240993,1.0,2,82,12,16,11.0,0.97,14,2.0,0.0,1.0,0.0,1.0,1.0,1.0,1.0,1.0,1.0,1.0,0.0,1.0,1.0,4.0,32.0,4.0,1.0,1949.0,2.0,2.0,1.0,6.0,7000.0,3.0,2,2,2,2,2,1.0,11.0,1.39,2.0,2.0,5.0,3.0,3.0,3.0,4.0,2.0,5.0,2.0,3.0,5.0,4.0,2.0,4.0,5.0,5.0,3.0,4.0,4.0,2.0,3.0,2.0,4.0,2.0,1.0,4.0,2.0,4.0,1.0,4.0,4.0,2.0,3.0,4.0,2.0,3.0,3.0,3.0,3.0,2.0,4.0,4.0,4.0,2.0,3.0,2.0,4.0,3.0,3.0,2.0,4.0,4.0,4.0,1.0,4,2,1,2,4,6.0,2,4.0,1.0,1.0,3.0,3,10.0,1,54.0,5.0,10.0,3,61.0,0.000409116
28240993,8.0,0,44,25,0,6.2,1.28,18,2.0,0.0,1.0,0.0,1.0,1.0,1.0,1.0,1.0,1.0,1.0,0.0,1.0,1.0,4.0,32.0,4.0,1.0,1949.0,2.0,2.0,1.0,6.0,7000.0,3.0,2,2,2,2,2,1.0,6.2,1.83,2.0,2.0,5.0,3.0,3.0,3.0,4.0,2.0,5.0,2.0,3.0,5.0,4.0,2.0,4.0,5.0,5.0,3.0,4.0,4.0,2.0,3.0,2.0,4.0,2.0,1.0,4.0,2.0,4.0,1.0,4.0,4.0,2.0,3.0,4.0,2.0,3.0,3.0,3.0,3.0,2.0,4.0,4.0,4.0,2.0,3.0,2.0,4.0,3.0,3.0,2.0,4.0,4.0,4.0,3.0,4,2,1,2,4,6.0,2,4.0,1.0,1.0,3.0,3,12.1,1,19.0,5.0,15.0,3,61.0,0.000409116
28240997,1.0,1,67,17,5,20.7,4.5,58,2.0,0.0,1.0,0.0,2.0,0.0,1.0,1.0,1.0,1.0,1.0,0.0,2.0,1.0,5.0,22.0,4.0,1.0,1957.0,2.0,3.0,1.0,6.0,7000.0,3.0,2,2,1,2,2,2.0,0.0,6.45,1.0,2.0,1.0,3.0,4.0,4.0,5.0,2.0,3.0,4.0,1.0,4.0,4.0,2.0,4.0,1.0,3.0,2.0,3.0,1.0,2.0,1.0,2.0,1.0,4.0,4.0,3.0,2.0,3.0,2.0,4.0,4.0,2.0,3.0,3.0,3.0,3.0,2.0,2.0,4.0,4.0,4.0,3.0,4.0,4.0,4.0,3.0,4.0,2.0,2.0,4.0,4.0,4.0,4.0,1.0,4,2,1,2,4,5.0,1,2.0,2.0,2.0,1.0,3,47.0,0,45.0,4.0,59.0,3,53.0,0.000409116
28241047,9.0,3,210,13,28,47.6,1.91,19,2.0,0.0,1.0,0.0,3.0,0.0,0.0,1.0,2.0,1.0,1.0,0.0,2.0,1.0,5.0,18.0,3.0,1.0,1946.0,2.0,2.0,1.0,6.0,5000.0,2.0,2,2,2,2,2,1.0,47.6,2.74,1.0,4.0,3.0,4.0,2.0,4.0,5.0,4.0,2.0,5.0,5.0,5.0,5.0,5.0,3.0,5.0,5.0,4.0,4.0,3.0,5.0,5.0,5.0,5.0,3.0,5.0,4.0,5.0,1.0,5.0,1.0,2.0,4.0,1.0,5.0,5.0,5.0,1.0,1.0,5.0,1.0,5.0,5.0,3.0,3.0,1.0,1.0,5.0,1.0,2.0,5.0,3.0,4.0,2.0,3.0,4,2,1,2,4,6.0,1,2.0,2.0,2.0,1.0,3,18.0,1,169.0,4.0,30.0,3,64.0,0.001636675
28241048,9.0,3,210,12,28,47.6,1.91,19,2.0,0.0,1.0,0.0,3.0,0.0,0.0,1.0,2.0,1.0,1.0,0.0,2.0,1.0,5.0,18.0,3.0,2.0,1948.0,2.0,2.0,2.0,3.0,5000.0,3.0,1,2,2,2,2,2.0,23.8,2.74,3.0,4.0,3.0,4.0,5.0,4.0,5.0,5.0,5.0,4.0,4.0,5.0,5.0,1.0,5.0,5.0,5.0,1.0,5.0,3.0,4.0,4.0,3.0,4.0,3.0,4.0,2.0,3.0,1.0,5.0,1.0,5.0,5.0,5.0,5.0,5.0,5.0,1.0,5.0,5.0,1.0,5.0,5.0,5.0,5.0,3.0,2.0,4.0,1.0,1.0,5.0,5.0,5.0,1.0,3.0,4,2,1,2,4,5.0,1,1.0,1.0,3.0,4.0,3,18.0,1,170.0,4.0,30.0,3,62.0,0.000367986
28241131,4.0,6,309,30,33,116.8,29.96,200,2.0,0.0,2.0,1.0,2.0,0.0,1.0,1.0,1.0,1.0,2.0,1.0,1.0,1.0,5.0,20.0,4.0,1.0,1957.0,2.0,2.0,1.0,3.0,7000.0,3.0,2,2,2,2,2,1.0,116.8,42.93,6.0,2.0,5.0,3.0,4.0,4.0,4.0,2.0,1.0,4.0,6.0,4.0,4.0,1.0,3.0,6.0,4.0,1.0,4.0,2.0,4.0,4.0,4.0,6.0,2.0,3.0,2.0,2.0,4.0,1.0,6.0,4.0,4.0,2.0,4.0,4.0,6.0,1.0,3.0,4.0,2.0,4.0,4.0,6.0,2.0,4.0,2.0,5.0,1.0,4.0,2.0,3.0,4.0,4.0,3.0,4,2,1,2,4,5.0,2,2.0,1.0,1.0,4.0,3,282.0,1,246.0,2.0,215.0,3,53.0,0.000409116
28241132,4.0,0,58,36,0,8.0,1.28,19,2.0,0.0,2.0,1.0,2.0,0.0,1.0,1.0,1.0,1.0,2.0,1.0,1.0,1.0,5.0,20.0,4.0,2.0,1959.0,2.0,2.0,6.0,8.0,7000.0,3.0,2,2,2,2,2,1.0,8.0,1.83,6.0,2.0,4.0,4.0,3.0,4.0,6.0,6.0,2.0,4.0,6.0,2.0,4.0,1.0,3.0,6.0,4.0,1.0,5.0,4.0,4.0,4.0,4.0,2.0,2.0,1.0,4.0,5.0,2.0,1.0,6.0,1.0,4.0,4.0,4.0,4.0,3.0,1.0,3.0,4.0,2.0,4.0,4.0,4.0,6.0,2.0,2.0,5.0,6.0,4.0,2.0,3.0,5.0,4.0,3.0,4,2,1,2,4,5.0,2,2.0,1.0,1.0,3.0,3,11.9,1,22.0,4.0,20.0,3,51.0,0.000367986
28241228,4.0,0,26,19,0,4.0,0.51,8,2.0,0.0,1.0,0.0,1.0,0.0,1.0,1.0,1.0,1.0,1.0,0.0,1.0,1.0,5.0,27.0,3.0,2.0,1945.0,2.0,2.0,9.0,6.0,5000.0,3.0,1,2,2,2,2,1.0,2.2,0.73,2.0,2.0,4.0,5.0,4.0,4.0,3.0,3.0,3.0,3.0,3.0,4.0,4.0,2.0,5.0,3.0,3.0,2.0,4.0,4.0,5.0,2.0,3.0,2.0,4.0,4.0,4.0,4.0,5.0,2.0,2.0,4.0,4.0,4.0,4.0,4.0,2.0,2.0,4.0,4.0,4.0,4.0,4.0,4.0,3.0,3.0,2.0,4.0,2.0,2.0,4.0,2.0,3.0,4.0,3.0,4,2,1,2,4,6.0,1,3.0,2.0,2.0,4.0,3,4.9,0,7.0,5.0,17.0,3,65.0,0.000288998
28241229,1.0,0,26,19,0,4.0,0.51,8,2.0,0.0,1.0,0.0,1.0,0.0,1.0,1.0,1.0,1.0,1.0,0.0,1.0,1.0,5.0,27.0,3.0,1.0,1941.0,2.0,2.0,9.0,6.0,5000.0,3.0,1,2,2,2,2,1.0,2.2,0.73,3.0,3.0,4.0,4.0,4.0,4.0,3.0,3.0,3.0,3.0,4.0,2.0,4.0,2.0,3.0,3.0,3.0,2.0,4.0,4.0,4.0,2.0,3.0,2.0,4.0,4.0,4.0,4.0,4.0,2.0,2.0,5.0,4.0,4.0,4.0,4.0,3.0,2.0,4.0,4.0,4.0,4.0,4.0,3.0,2.0,2.0,2.0,4.0,3.0,4.0,4.0,3.0,3.0,4.0,3.0,4,2,1,2,4,6.0,1,3.0,2.0,2.0,3.0,3,4.9,1,7.0,4.0,35.5,3,69.0,0.0003213
28241260,3.0,3,144,53,8,28.4,7.04,57,4.0,0.0,2.0,0.0,2.0,0.0,3.0,1.0,1.0,1.0,4.0,0.0,1.0,2.0,8.0,12.0,4.0,1.0,1991.0,1.0,6.0,8.0,8.0,6101.0,2.0,1,2,2,2,2,3.0,14.2,10.09,6.0,4.0,2.0,3.0,4.0,4.0,3.0,5.0,2.0,4.0,1.0,5.0,4.0,1.0,3.0,6.0,2.0,6.0,6.0,6.0,6.0,3.0,6.0,2.0,5.0,4.0,4.0,2.0,5.0,5.0,4.0,2.0,2.0,3.0,4.0,4.0,4.0,4.0,3.0,2.0,2.0,4.0,4.0,4.0,4.0,2.0,2.0,4.0,2.0,3.0,2.0,3.0,3.0,5.0,1.0,4,2,1,2,4,5.0,2,2.0,2.0,3.0,1.0,3,69.0,0,83.0,4.0,123.0,3,19.0,0.002440844
28241261,4.0,0,109,82,0,9.2,1.72,30,4.0,0.0,2.0,0.0,3.0,0.0,2.0,1.0,1.0,1.0,4.0,0.0,1.0,1.0,5.0,13.0,6.0,2.0,1954.0,1.0,3.0,6.0,8.0,15000.0,3.0,2,2,2,2,2,1.0,9.2,2.46,4.0,4.0,2.0,2.0,5.0,5.0,6.0,6.0,3.0,4.0,3.0,3.0,6.0,3.0,4.0,6.0,5.0,1.0,3.0,2.0,4.0,3.0,4.0,6.0,4.0,4.0,3.0,2.0,4.0,3.0,1.0,1.0,4.0,3.0,4.0,3.0,3.0,4.0,3.0,2.0,2.0,4.0,4.0,4.0,6.0,3.0,2.0,5.0,6.0,3.0,4.0,4.0,3.0,3.0,3.0,4,2,1,2,4,3.0,4,1.0,2.0,3.0,3.0,3,15.41,1,27.0,4.0,43.0,3,56.0,0.000367986
28241263,3.0,3,144,52,8,28.4,7.04,57,4.0,0.0,2.0,0.0,3.0,0.0,3.0,1.0,1.0,1.0,4.0,0.0,1.0,1.0,6.0,13.0,4.0,1.0,1993.0,1.0,6.0,8.0,8.0,6101.0,2.0,2,2,2,1,2,3.0,0.0,10.09,5.0,3.0,2.0,2.0,5.0,5.0,5.0,4.0,3.0,6.0,6.0,5.0,5.0,1.0,5.0,6.0,1.0,6.0,6.0,6.0,6.0,3.0,6.0,2.0,5.0,5.0,4.0,3.0,5.0,5.0,3.0,4.0,3.0,5.0,4.0,5.0,4.0,2.0,5.0,3.0,3.0,3.0,4.0,4.0,5.0,4.0,4.0,5.0,1.0,4.0,2.0,3.0,3.0,5.0,1.0,4,2,1,2,4,4.0,2,1.0,1.0,2.0,1.0,3,69.0,0,84.0,4.0,109.0,3,17.0,0.002440844
28420015,4.0,0,62,46,0,5.6,0.84,10,2.0,0.0,1.0,0.0,1.0,0.0,0.0,1.0,2.0,1.0,1.0,0.0,1.0,1.0,5.0,35.0,5.0,1.0,1937.0,2.0,2.0,9.0,8.0,9000.0,4.0,1,2,2,2,2,1.0,2.8,1.2,3.0,4.0,3.0,2.0,4.0,5.0,6.0,6.0,6.0,6.0,6.0,3.0,6.0,3.0,3.0,6.0,3.0,2.0,4.0,4.0,3.0,4.0,4.0,4.0,6.0,6.0,4.0,6.0,6.0,3.0,6.0,6.0,6.0,3.0,3.0,4.0,4.0,2.0,4.0,4.0,2.0,3.0,4.0,3.0,3.0,6.0,6.0,4.0,6.0,6.0,6.0,6.0,3.0,6.0,3.0,4,2,1,2,2,5.0,2,3.0,2.0,2.0,3.0,3,6.0,1,16.0,4.0,10.0,3,73.0,8.57e-05
28420050,1.0,0,193,61,0,24.2,6.71,92,3.0,0.0,1.0,0.0,5.0,0.0,2.0,2.0,1.0,1.0,3.0,1.0,1.0,1.0,6.0,23.0,4.0,1.0,1952.0,2.0,3.0,1.0,6.0,7000.0,3.0,1,2,2,2,2,1.0,12.1,9.62,3.0,4.0,3.0,2.0,4.0,5.0,4.0,3.0,3.0,3.0,4.0,5.0,2.0,2.0,4.0,6.0,4.0,1.0,4.0,1.0,3.0,3.0,3.0,5.0,2.0,3.0,3.0,4.0,4.0,2.0,1.0,4.0,4.0,2.0,4.0,4.0,3.0,1.0,4.0,5.0,2.0,3.0,4.0,3.0,4.0,3.0,1.0,5.0,2.0,2.0,2.0,3.0,3.0,2.0,3.0,4,2,1,2,2,4.0,6,3.0,2.0,2.0,3.0,3,73.74,1,132.0,4.0,88.0,3,58.0,0.000409116
28420051,1.0,0,61,50,0,6.4,0.61,8,3.0,0.0,1.0,0.0,5.0,0.0,2.0,2.0,1.0,1.0,3.0,1.0,1.0,1.0,6.0,23.0,4.0,2.0,1959.0,2.0,3.0,2.0,7.0,7000.0,2.0,1,2,2,2,2,1.0,3.2,0.87,2.0,2.0,2.0,3.0,2.0,2.0,1.0,2.0,3.0,2.0,3.0,1.0,2.0,3.0,2.0,2.0,5.0,1.0,4.0,4.0,4.0,4.0,4.0,4.0,5.0,2.0,3.0,1.0,4.0,4.0,1.0,4.0,4.0,4.0,4.0,2.0,3.0,2.0,4.0,3.0,2.0,4.0,3.0,4.0,4.0,3.0,4.0,5.0,3.0,4.0,3.0,4.0,3.0,4.0,2.0,4,2,1,2,2,5.0,2,2.0,2.0,2.0,3.0,3,5.0,1,11.0,4.0,9.0,3,51.0,0.001472131
28420052,1.0,0,39,32,0,3.0,0.5,6,3.0,1.0,2.0,0.0,2.0,0.0,2.0,1.0,1.0,1.0,2.0,0.0,1.0,1.0,5.5,1.0,6.0,1.0,1975.0,2.0,3.0,1.0,1.0,15000.0,6.0,2,2,2,2,2,1.0,3.0,0.72,6.0,5.0,3.0,4.0,5.0,5.0,5.0,1.0,1.0,4.0,4.0,2.0,5.0,1.0,3.0,4.0,2.0,3.0,5.0,4.0,3.0,2.0,3.0,1.0,5.0,4.0,3.0,1.0,5.0,2.0,5.0,1.0,3.0,4.0,5.0,2.0,3.0,1.0,4.0,3.0,4.0,2.0,3.0,4.0,2.0,3.0,3.0,4.0,3.0,4.0,2.0,4.0,5.0,2.0,1.0,4,2,1,2,2,4.0,2,4.0,1.0,1.0,1.0,3,3.4,1,7.0,5.0,10.0,3,35.0,0.000258025
28420056,10.0,6,241,54,41,59.4,15.27,169,4.0,2.0,1.0,1.0,4.0,2.0,2.0,1.0,1.0,1.0,2.0,1.0,2.0,2.0,4.0,8.0,4.0,2.0,1973.0,2.0,3.0,2.0,6.0,7000.0,3.0,1,1,2,1,2,2.0,29.7,21.88,2.0,3.0,4.0,2.0,4.0,4.0,4.0,4.0,3.0,5.0,2.0,4.0,5.0,3.0,4.0,5.0,5.0,1.0,4.0,3.0,4.0,3.0,4.0,4.0,3.0,3.0,2.0,2.0,4.0,3.0,2.0,4.0,3.0,3.0,4.0,5.0,4.0,1.0,4.0,4.0,2.0,3.0,4.0,3.0,4.0,3.0,1.0,5.0,2.0,4.0,3.0,4.0,2.0,3.0,3.0,4,2,1,2,2,5.0,2,4.0,1.0,2.0,3.0,3,164.0,1,146.0,4.0,155.0,3,37.0,0.00087004
28420152,4.0,0,46,34,0,5.6,0.51,6,2.0,0.0,1.0,0.0,4.0,0.0,1.0,1.0,1.0,1.0,2.0,0.0,1.0,1.0,6.0,5.0,3.0,1.0,1947.0,2.0,2.0,9.0,6.0,5000.0,3.0,2,2,2,2,2,1.0,5.6,0.73,2.0,2.0,3.0,4.0,4.0,4.0,4.0,3.0,3.0,4.0,4.0,3.0,4.0,2.0,4.0,4.0,4.0,2.0,4.0,3.0,3.0,4.0,4.0,4.0,4.0,3.0,4.0,4.0,4.0,2.0,3.0,2.0,4.0,3.0,4.0,2.0,3.0,2.0,4.0,4.0,2.0,4.0,4.0,3.0,2.0,2.0,2.0,4.0,2.0,3.0,2.0,3.0,4.0,4.0,3.0,4,2,1,2,2,5.0,2,3.0,2.0,2.0,4.0,3,4.0,1,12.0,5.0,25.0,3,63.0,0.000409116
28420153,4.0,0,63,59,0,5.2,0.54,8,2.0,0.0,1.0,0.0,4.0,0.0,1.0,1.0,1.0,1.0,2.0,0.0,1.0,1.0,6.0,5.0,3.0,2.0,1952.0,2.0,5.0,6.0,6.0,5000.0,2.0,1,2,2,2,2,2.0,2.6,0.77,2.0,3.0,3.0,2.0,4.0,3.0,3.0,3.0,2.0,3.0,3.0,2.0,4.0,3.0,4.0,4.0,4.0,2.0,4.0,3.0,4.0,3.0,4.0,4.0,4.0,3.0,4.0,3.0,4.0,2.0,2.0,2.0,4.0,3.0,4.0,2.0,3.0,2.0,4.0,4.0,2.0,4.0,4.0,4.0,3.0,2.0,2.0,4.0,3.0,4.0,3.0,3.0,3.0,3.0,3.0,4,2,1,2,2,5.0,2,1.0,2.0,2.0,4.0,3,4.0,1,4.0,5.0,30.0,3,58.0,0.001472131
28420168,1.0,6,189,46,10,64.0,16.93,178,4.0,2.0,2.0,0.0,4.0,2.0,4.0,1.0,1.0,1.0,3.0,1.0,1.0,1.0,5.0,10.0,5.0,1.0,1963.0,2.0,3.0,1.0,6.0,9000.0,6.0,1,2,2,2,2,1.0,32.0,24.26,6.0,4.0,4.0,2.0,4.0,5.0,4.0,2.0,4.0,4.0,4.0,5.0,5.0,1.0,3.0,2.0,2.0,1.0,5.0,4.0,3.0,1.0,2.0,2.0,5.0,4.0,2.0,4.0,5.0,2.0,6.0,4.0,3.0,3.0,3.0,4.0,4.0,2.0,4.0,4.0,2.0,4.0,4.0,4.0,4.0,2.0,1.0,4.0,3.0,4.0,2.0,4.0,3.0,2.0,1.0,4,2,1,2,2,5.0,2,1.0,3.0,2.0,4.0,3,180.0,0,133.0,4.0,168.0,3,47.0,0.000109132
28420168,9.0,1,82,56,7,4.4,0.92,13,4.0,2.0,2.0,0.0,4.0,2.0,4.0,1.0,1.0,1.0,3.0,1.0,1.0,1.0,5.0,10.0,5.0,1.0,1963.0,2.0,3.0,1.0,6.0,9000.0,6.0,1,2,2,2,2,1.0,2.2,1.32,6.0,4.0,4.0,2.0,4.0,5.0,4.0,2.0,4.0,4.0,4.0,5.0,5.0,1.0,3.0,2.0,2.0,1.0,5.0,4.0,3.0,1.0,2.0,2.0,5.0,4.0,2.0,4.0,5.0,2.0,6.0,4.0,3.0,3.0,3.0,4.0,4.0,2.0,4.0,4.0,2.0,4.0,4.0,4.0,4.0,2.0,1.0,4.0,3.0,4.0,2.0,4.0,3.0,2.0,3.0,4,2,1,2,2,5.0,2,1.0,3.0,2.0,4.0,3,6.5,1,19.0,4.0,25.0,3,47.0,0.000109132
28420278,11.0,0,29,23,0,3.0,0.45,6,1.0,0.0,2.0,0.0,1.0,1.0,1.0,2.0,1.0,1.0,2.0,0.0,1.0,1.0,7.0,5.0,4.0,2.0,1962.0,2.0,4.0,5.0,1.0,7000.0,3.0,2,2,2,2,2,1.0,3.0,0.64,2.0,4.0,4.0,5.0,5.0,4.0,4.0,3.0,4.0,5.0,6.0,4.0,4.0,3.0,4.0,3.0,3.0,2.0,4.0,2.0,4.0,3.0,3.0,3.0,3.0,6.0,3.0,4.0,4.0,2.0,3.0,4.0,2.0,4.0,4.0,3.0,1.0,3.0,3.0,2.0,4.0,4.0,2.0,3.0,3.0,2.0,4.0,3.0,2.0,2.0,2.0,4.0,4.0,4.0,3.0,4,2,1,2,2,5.0,1,3.0,1.0,1.0,3.0,3,3.0,1,6.0,5.0,10.0,3,48.0,0.000367986
28420278,4.0,0,40,33,0,3.4,0.43,6,1.0,0.0,2.0,0.0,1.0,1.0,1.0,2.0,1.0,1.0,2.0,0.0,1.0,1.0,7.0,5.0,4.0,2.0,1962.0,2.0,4.0,5.0,1.0,7000.0,3.0,2,2,2,2,2,1.0,3.4,0.62,2.0,4.0,4.0,5.0,5.0,4.0,4.0,3.0,4.0,5.0,6.0,4.0,4.0,3.0,4.0,3.0,3.0,2.0,4.0,2.0,4.0,3.0,3.0,3.0,3.0,6.0,3.0,4.0,4.0,2.0,3.0,4.0,2.0,4.0,4.0,3.0,1.0,3.0,3.0,2.0,4.0,4.0,2.0,3.0,3.0,2.0,4.0,3.0,2.0,2.0,2.0,4.0,4.0,4.0,3.0,4,2,1,2,2,5.0,1,3.0,1.0,1.0,3.0,3,3.0,1,7.0,5.0,35.5,3,48.0,0.000367986
28420282,1.0,3,67,8,10,21.6,4.44,54,2.0,0.0,2.0,1.0,1.0,0.0,1.0,1.0,1.0,1.0,2.0,0.0,1.0,1.0,8.0,34.0,1.0,1.0,1942.0,2.0,2.0,9.0,5.0,2000.0,3.0,2,2,2,2,2,1.0,21.6,6.36,1.0,4.0,3.0,3.0,2.0,2.0,4.0,2.0,2.0,4.0,2.0,4.0,4.0,2.0,2.0,6.0,4.0,2.0,5.0,5.0,5.0,4.0,4.0,2.0,2.0,1.0,4.0,2.0,1.0,2.0,4.0,2.0,2.0,2.0,2.0,4.0,2.0,1.0,5.0,5.0,3.0,2.0,4.0,4.0,2.0,2.0,2.0,1.0,5.0,2.0,3.0,4.0,4.0,4.0,1.0,4,2,1,2,2,3.0,1,4.0,2.0,2.0,1.0,3,46.0,1,49.0,5.0,50.0,3,68.0,0.0003213
28420388,1.0,1,109,50,4,31.0,11.0,129,5.0,3.0,1.0,1.0,5.0,3.0,1.0,1.0,1.0,1.0,2.0,1.0,1.0,1.0,5.0,13.0,5.0,1.0,1965.0,2.0,3.0,1.0,3.0,9000.0,6.0,2,2,2,1,2,2.0,0.0,15.76,2.0,2.0,2.0,2.0,2.0,4.0,4.0,4.0,4.0,4.0,2.0,4.0,4.0,2.0,4.0,4.0,4.0,2.0,4.0,2.0,4.0,4.0,4.0,2.0,4.0,4.0,2.0,2.0,4.0,4.0,2.0,4.0,4.0,3.0,4.0,2.0,4.0,2.0,4.0,4.0,2.0,4.0,4.0,4.0,4.0,3.0,2.0,3.0,3.0,3.0,3.0,4.0,3.0,2.0,1.0,4,2,1,2,2,3.0,2,2.0,3.0,2.0,4.0,3,116.0,0,55.0,3.0,91.0,3,45.0,0.000109132
28630053,10.0,0,20,5,0,4.0,0.63,8,4.0,2.0,2.0,0.0,1.0,1.0,1.0,1.0,1.0,1.0,1.0,0.0,1.0,2.0,5.0,4.0,3.0,1.0,1977.0,2.0,3.0,1.0,3.0,5000.0,7.0,1,2,2,2,2,1.0,2.2,0.9,4.0,4.0,1.0,4.0,5.0,5.0,1.0,5.0,2.0,6.0,3.0,5.0,4.0,1.0,5.0,2.0,2.0,1.0,4.0,3.0,3.0,2.0,2.0,3.0,4.0,6.0,6.0,1.0,5.0,3.0,2.0,3.0,4.0,2.0,4.0,4.0,3.0,1.0,2.0,5.0,2.0,2.0,4.0,4.0,3.0,3.0,2.0,5.0,2.0,3.0,2.0,4.0,4.0,4.0,3.0,8,1,1,3,1,5.0,1,4.0,2.0,2.0,3.0,3,6.0,1,15.0,1.0,10.0,3,33.0,0.000378621
28630054,11.0,0,29,14,0,4.0,0.77,9,4.0,2.0,2.0,0.0,1.0,2.0,1.0,1.0,1.0,1.0,2.0,0.0,1.0,2.0,5.0,4.0,3.0,2.0,1981.0,2.0,3.0,2.0,3.0,5000.0,6.0,2,2,2,2,2,1.0,4.0,1.1,4.0,5.0,2.0,1.0,5.0,5.0,6.0,3.0,2.0,6.0,4.0,5.0,4.0,1.0,5.0,4.0,3.0,1.0,4.0,3.0,4.0,1.0,5.0,4.0,4.0,3.0,4.0,3.0,4.0,4.0,2.0,2.0,3.0,4.0,4.0,2.0,5.0,3.0,2.0,4.0,2.0,3.0,4.0,3.0,6.0,2.0,2.0,5.0,3.0,3.0,2.0,4.0,5.0,2.0,3.0,8,1,1,3,1,5.0,1,3.0,2.0,1.0,3.0,3,6.5,1,15.0,3.0,10.0,3,29.0,0.000232084
28630101,4.0,1,127,81,4,19.2,3.72,37,1.0,0.0,1.0,0.0,1.0,0.0,0.0,1.0,2.0,2.0,1.0,0.0,1.0,2.0,11.0,20.0,1.0,2.0,1943.0,2.0,1.0,9.0,4.0,2000.0,6.0,2,2,2,2,2,2.0,19.2,5.33,2.0,5.0,2.0,4.0,5.0,5.0,5.0,6.0,6.0,6.0,5.0,2.0,5.0,6.0,5.0,6.0,5.0,1.0,5.0,5.0,5.0,5.0,5.0,1.0,5.0,6.0,4.0,6.0,6.0,6.0,1.0,4.0,4.0,6.0,5.0,5.0,5.0,6.0,6.0,6.0,2.0,2.0,2.0,4.0,6.0,6.0,6.0,6.0,5.0,6.0,6.0,2.0,6.0,6.0,3.0,8,1,1,3,1,5.0,5,4.0,3.0,3.0,3.0,3,32.5,1,42.0,1.0,11.0,3,67.0,7.71e-05
28630101,11.0,4,159,21,53,25.0,1.5,21,1.0,0.0,1.0,0.0,1.0,0.0,0.0,1.0,2.0,2.0,1.0,0.0,1.0,2.0,11.0,20.0,1.0,2.0,1943.0,2.0,1.0,9.0,4.0,2000.0,6.0,2,2,2,2,2,2.0,25.0,2.15,2.0,5.0,2.0,4.0,5.0,5.0,5.0,6.0,6.0,6.0,5.0,2.0,5.0,6.0,5.0,6.0,5.0,1.0,5.0,5.0,5.0,5.0,5.0,1.0,5.0,6.0,4.0,6.0,6.0,6.0,1.0,4.0,4.0,6.0,5.0,5.0,5.0,6.0,6.0,6.0,2.0,2.0,2.0,4.0,6.0,6.0,6.0,6.0,5.0,6.0,6.0,2.0,6.0,6.0,3.0,8,1,1,3,1,5.0,1,4.0,3.0,3.0,3.0,3,15.0,1,85.0,1.0,25.0,3,67.0,7.71e-05
28630155,4.0,0,36,11,0,8.0,1.3,16,1.0,0.0,1.0,0.0,1.0,0.0,1.0,1.0,2.0,1.0,1.0,0.0,2.0,2.0,3.0,2.0,3.0,1.0,1980.0,1.0,1.0,1.0,1.0,5000.0,6.0,1,2,2,2,2,1.0,4.0,1.86,4.0,2.0,4.0,2.0,4.0,4.0,4.0,4.0,2.0,4.0,4.0,4.0,4.0,2.0,4.0,6.0,2.0,2.0,4.0,4.0,4.0,4.0,2.0,4.0,4.0,1.0,3.0,2.0,4.0,3.0,2.0,2.0,2.0,4.0,4.0,2.0,3.0,3.0,3.0,3.0,3.0,3.0,4.0,3.0,2.0,2.0,2.0,4.0,3.0,3.0,3.0,3.0,3.0,4.0,3.0,8,1,1,3,1,5.0,2,3.0,2.0,2.0,1.0,3,12.0,1,25.0,2.0,70.0,3,30.0,0.000258025
28630155,4.0,4,180,25,43,49.2,7.1,82,1.0,0.0,1.0,0.0,1.0,0.0,1.0,1.0,2.0,1.0,1.0,0.0,2.0,2.0,3.0,2.0,3.0,1.0,1980.0,1.0,1.0,1.0,1.0,5000.0,6.0,1,2,2,2,2,1.0,24.6,10.17,4.0,2.0,4.0,2.0,4.0,4.0,4.0,4.0,2.0,4.0,4.0,4.0,4.0,2.0,4.0,6.0,2.0,2.0,4.0,4.0,4.0,4.0,2.0,4.0,4.0,1.0,3.0,2.0,4.0,3.0,2.0,2.0,2.0,4.0,4.0,2.0,3.0,3.0,3.0,3.0,3.0,3.0,4.0,3.0,2.0,2.0,2.0,4.0,3.0,3.0,3.0,3.0,3.0,4.0,3.0,8,1,1,3,1,5.0,2,3.0,2.0,2.0,1.0,3,66.0,1,112.0,2.0,60.0,3,30.0,0.000258025
28640075,4.0,0,69,32,0,14.8,2.06,25,3.0,1.0,1.0,0.0,1.0,1.0,1.0,1.0,1.0,1.0,2.0,0.0,1.0,1.0,3.0,16.0,4.0,2.0,1964.0,1.0,3.0,3.0,6.0,7384.0,3.0,1,2,2,2,2,1.0,7.4,2.95,3.0,2.0,3.0,2.0,4.0,4.0,5.0,3.0,3.0,4.0,2.0,1.0,4.0,4.0,2.0,4.0,5.0,2.0,5.0,4.0,4.0,4.0,5.0,2.0,4.0,4.0,4.0,2.0,5.0,2.0,2.0,4.0,2.0,1.0,4.0,2.0,3.0,1.0,4.0,5.0,2.0,3.0,4.0,5.0,6.0,1.0,1.0,5.0,3.0,4.0,2.0,4.0,4.0,3.0,3.0,8,1,1,3,1,4.0,3,4.0,2.0,3.0,3.0,3,18.3,1,37.0,5.0,21.0,3,46.0,0.000367986
28640075,8.0,0,41,38,0,3.0,0.8,8,3.0,1.0,1.0,0.0,1.0,1.0,1.0,1.0,1.0,1.0,2.0,0.0,1.0,1.0,3.0,16.0,4.0,2.0,1964.0,1.0,3.0,3.0,6.0,7384.0,3.0,1,2,2,2,2,1.0,2.2,1.15,3.0,2.0,3.0,2.0,4.0,4.0,5.0,3.0,3.0,4.0,2.0,1.0,4.0,4.0,2.0,4.0,5.0,2.0,5.0,4.0,4.0,4.0,5.0,2.0,4.0,4.0,4.0,2.0,5.0,2.0,2.0,4.0,2.0,1.0,4.0,2.0,3.0,1.0,4.0,5.0,2.0,3.0,4.0,5.0,6.0,1.0,1.0,5.0,3.0,4.0,2.0,4.0,4.0,3.0,3.0,8,1,1,3,1,4.0,2,4.0,2.0,3.0,3.0,3,7.0,1,3.0,5.0,7.0,3,46.0,0.000367986
28640112,4.0,2,135,59,5,26.4,5.08,52,2.0,0.0,1.0,0.0,1.0,0.0,1.0,0.0,1.0,1.0,2.0,0.0,2.0,2.0,3.0,6.0,2.0,2.0,1964.0,2.0,4.0,2.0,6.0,3250.0,3.0,2,2,2,2,2,1.0,26.4,7.28,4.0,5.0,1.0,3.0,4.0,4.0,6.0,4.0,4.0,2.0,4.0,5.0,2.0,1.0,5.0,6.0,5.0,1.0,5.0,1.0,3.0,1.0,5.0,2.0,5.0,3.0,2.0,2.0,4.0,4.0,6.0,3.0,3.0,2.0,4.0,2.0,4.0,1.0,1.0,5.0,3.0,4.0,3.0,4.0,6.0,2.0,2.0,4.0,6.0,2.0,2.0,4.0,5.0,1.0,3.0,8,1,1,3,1,4.0,4,3.0,2.0,2.0,4.0,3,50.5,1,71.0,5.0,70.0,3,46.0,0.000367986
28640121,9.0,0,22,20,0,0.0,0.08,0,4.0,2.0,2.0,1.0,4.0,0.0,2.0,1.0,1.0,1.0,3.0,1.0,1.0,1.0,4.0,18.0,5.0,2.0,1972.0,2.0,3.0,2.0,5.0,9000.0,3.0,2,2,2,2,2,1.0,0.0,0.11,2.0,5.0,5.0,2.0,5.0,5.0,6.0,3.0,5.0,6.0,6.0,5.0,5.0,1.0,5.0,5.0,5.0,1.0,4.0,4.0,4.0,4.0,5.0,4.0,4.0,3.0,4.0,2.0,2.0,1.0,3.0,3.0,4.0,4.0,5.0,5.0,5.0,1.0,6.0,5.0,4.0,4.0,4.0,4.0,6.0,2.0,1.0,5.0,6.0,1.0,3.0,4.0,5.0,4.0,3.0,8,1,1,3,1,4.0,2,3.0,2.0,1.0,3.0,3,0.6,1,2.0,3.0,6.0,3,38.0,0.00087004
28640121,6.0,0,74,70,0,6.0,0.68,8,4.0,2.0,2.0,1.0,4.0,0.0,2.0,1.0,1.0,1.0,3.0,1.0,1.0,1.0,4.0,18.0,5.0,2.0,1972.0,2.0,3.0,2.0,5.0,9000.0,3.0,2,2,2,2,2,1.0,6.0,0.97,2.0,5.0,5.0,2.0,5.0,5.0,6.0,3.0,5.0,6.0,6.0,5.0,5.0,1.0,5.0,5.0,5.0,1.0,4.0,4.0,4.0,4.0,5.0,4.0,4.0,3.0,4.0,2.0,2.0,1.0,3.0,3.0,4.0,4.0,5.0,5.0,5.0,1.0,6.0,5.0,4.0,4.0,4.0,4.0,6.0,2.0,1.0,5.0,6.0,1.0,3.0,4.0,5.0,4.0,3.0,8,1,1,3,1,4.0,2,3.0,2.0,1.0,3.0,3,6.0,1,4.0,3.0,10.0,3,38.0,0.00087004
28640121,8.0,0,43,13,0,12.4,1.92,24,4.0,2.0,2.0,1.0,4.0,0.0,2.0,1.0,1.0,1.0,3.0,1.0,1.0,1.0,4.0,18.0,5.0,2.0,1972.0,2.0,3.0,2.0,5.0,9000.0,3.0,2,2,2,2,2,1.0,12.4,2.75,2.0,5.0,5.0,2.0,5.0,5.0,6.0,3.0,5.0,6.0,6.0,5.0,5.0,1.0,5.0,5.0,5.0,1.0,4.0,4.0,4.0,4.0,5.0,4.0,4.0,3.0,4.0,2.0,2.0,1.0,3.0,3.0,4.0,4.0,5.0,5.0,5.0,1.0,6.0,5.0,4.0,4.0,4.0,4.0,6.0,2.0,1.0,5.0,6.0,1.0,3.0,4.0,5.0,4.0,3.0,8,1,1,3,1,4.0,2,3.0,2.0,1.0,3.0,3,18.0,1,30.0,3.0,30.0,3,38.0,0.00087004
28640122,8.0,4,106,25,13,26.4,3.91,42,4.0,2.0,2.0,1.0,4.0,0.0,2.0,1.0,1.0,1.0,3.0,1.0,1.0,1.0,4.0,18.0,5.0,2.0,1972.0,2.0,3.0,2.0,5.0,9000.0,3.0,2,2,2,2,2,1.0,26.4,5.6,2.0,5.0,5.0,2.0,5.0,5.0,6.0,3.0,5.0,6.0,6.0,5.0,5.0,1.0,5.0,5.0,5.0,1.0,4.0,4.0,4.0,4.0,5.0,4.0,4.0,3.0,4.0,2.0,2.0,1.0,3.0,3.0,4.0,4.0,5.0,5.0,5.0,1.0,6.0,5.0,4.0,4.0,4.0,4.0,6.0,2.0,1.0,5.0,6.0,1.0,3.0,4.0,5.0,4.0,3.0,8,1,1,3,1,4.0,2,3.0,2.0,1.0,3.0,3,39.0,1,68.0,3.0,60.0,3,38.0,0.00087004
28640122,3.0,2,82,33,5,18.4,2.86,38,4.0,2.0,2.0,1.0,4.0,0.0,2.0,1.0,1.0,1.0,3.0,1.0,1.0,1.0,4.0,18.0,5.0,2.0,1972.0,2.0,3.0,2.0,5.0,9000.0,3.0,2,2,2,2,2,1.0,18.4,4.1,2.0,5.0,5.0,2.0,5.0,5.0,6.0,3.0,5.0,6.0,6.0,5.0,5.0,1.0,5.0,5.0,5.0,1.0,4.0,4.0,4.0,4.0,5.0,4.0,4.0,3.0,4.0,2.0,2.0,1.0,3.0,3.0,4.0,4.0,5.0,5.0,5.0,1.0,6.0,5.0,4.0,4.0,4.0,4.0,6.0,2.0,1.0,5.0,6.0,1.0,3.0,4.0,5.0,4.0,1.0,8,1,1,3,1,4.0,2,3.0,2.0,1.0,3.0,3,26.0,1,44.0,3.0,45.0,3,38.0,0.00087004
28640182,8.0,0,121,7,0,37.2,6.27,79,2.0,0.0,1.0,0.0,1.0,0.0,1.0,1.0,1.0,2.0,2.0,0.0,2.0,2.0,3.0,3.0,3.0,1.0,1953.0,2.0,2.0,1.0,7.0,5000.0,3.0,2,2,2,2,2,1.0,37.2,8.98,1.0,4.0,2.0,5.0,5.0,5.0,6.0,6.0,6.0,5.0,6.0,6.0,6.0,6.0,6.0,4.0,4.0,2.0,4.0,4.0,4.0,4.0,4.0,4.0,2.0,5.0,4.0,2.0,4.0,2.0,2.0,5.0,4.0,4.0,4.0,4.0,2.0,1.0,4.0,4.0,2.0,4.0,4.0,2.0,2.0,2.0,4.0,5.0,2.0,4.0,2.0,4.0,4.0,5.0,3.0,8,1,1,3,1,4.0,6,3.0,2.0,1.0,4.0,3,57.5,0,114.0,5.0,95.0,3,57.0,0.000409116
30330009,1.0,2,132,64,2,15.2,5.11,53,6.0,4.0,2.0,0.0,6.0,3.0,1.0,1.0,1.0,1.0,3.0,0.0,1.0,2.0,4.0,2.0,3.0,2.0,1969.0,1.0,7.0,2.0,6.0,5000.0,3.0,2,1,2,2,2,1.0,0.0,7.32,2.0,4.0,2.0,1.0,4.0,5.0,4.0,2.0,2.0,5.0,2.0,5.0,2.0,1.0,5.0,1.0,1.0,1.0,5.0,2.0,5.0,3.0,1.0,2.0,4.0,2.0,2.0,5.0,5.0,4.0,2.0,1.0,2.0,1.0,1.0,1.0,1.0,1.0,1.0,5.0,2.0,2.0,3.0,5.0,5.0,2.0,1.0,4.0,1.0,1.0,3.0,3.0,3.0,3.0,1.0,4,1,2,2,4,5.0,2,2.0,2.0,2.0,3.0,4,52.0,1,66.0,4.0,60.0,4,41.0,0.000367986
30330035,1.0,2,93,38,9,7.6,2.89,32,3.0,0.0,1.0,0.0,2.0,0.0,2.0,1.0,1.0,1.0,3.0,1.0,1.0,1.0,6.5,21.0,6.0,1.0,1957.0,1.0,3.0,1.0,3.0,15000.0,7.0,2,2,1,2,2,1.0,0.0,4.14,4.0,5.0,1.0,2.0,2.0,1.0,4.0,1.0,5.0,6.0,3.0,5.0,2.0,1.0,4.0,1.0,4.0,1.0,4.0,1.0,5.0,2.0,2.0,1.0,5.0,5.0,2.0,1.0,5.0,5.0,1.0,4.0,1.0,2.0,5.0,4.0,2.0,2.0,2.0,4.0,4.0,3.0,4.0,3.0,3.0,2.0,4.0,5.0,3.0,2.0,1.0,4.0,5.0,4.0,1.0,4,1,2,2,4,4.0,2,1.0,3.0,4.0,3.0,4,26.0,0,46.0,2.0,69.0,4,53.0,0.000160139
30330069,9.0,0,78,46,0,7.6,2.54,33,2.0,0.0,1.0,0.0,1.0,0.0,2.0,2.0,1.0,1.0,2.0,1.0,1.0,1.0,6.0,33.0,6.0,1.0,1943.0,1.0,2.0,9.0,2.0,15000.0,7.0,1,2,2,2,2,1.0,3.8,3.64,2.0,1.0,5.0,4.0,3.0,4.0,4.0,1.0,4.0,4.0,5.0,5.0,5.0,1.0,3.0,2.0,4.0,1.0,5.0,3.0,5.0,1.0,4.0,1.0,5.0,4.0,1.0,3.0,5.0,4.0,1.0,4.0,1.0,5.0,5.0,2.0,2.0,1.0,4.0,2.0,2.0,4.0,4.0,3.0,6.0,4.0,1.0,4.0,2.0,2.0,3.0,4.0,4.0,2.0,3.0,4,1,2,2,4,5.0,2,1.0,2.0,1.0,3.0,4,21.0,0,32.0,2.0,33.0,4,67.0,0.000125765
30330106,1.0,0,86,52,0,7.6,2.36,28,2.0,0.0,1.0,0.0,1.0,0.0,1.0,3.0,1.0,1.0,2.0,0.0,1.0,1.0,4.5,2.0,5.0,1.0,1945.0,1.0,3.0,9.0,2.0,9000.0,3.0,1,2,2,1,2,1.0,3.8,3.38,1.0,3.0,3.0,3.0,3.0,3.0,4.0,3.0,3.0,5.0,3.0,3.0,3.0,6.0,3.0,6.0,3.0,3.0,3.0,3.0,5.0,3.0,3.0,3.0,5.0,5.0,3.0,3.0,3.0,5.0,5.0,5.0,5.0,3.0,3.0,4.0,3.0,1.0,2.0,6.0,4.0,3.0,3.0,3.0,1.0,3.0,3.0,3.0,3.0,3.0,5.0,5.0,5.0,5.0,1.0,4,1,2,2,4,3.0,2,3.0,2.0,2.0,4.0,4,22.0,0,34.0,5.0,30.0,4,65.0,0.0003213
30330149,4.0,0,75,44,0,7.6,2.48,30,2.0,0.0,2.0,0.0,2.0,0.0,2.0,2.0,1.0,1.0,2.0,0.0,1.0,1.0,5.0,31.0,3.0,2.0,1946.0,1.0,3.0,9.0,3.0,5000.0,2.0,1,2,2,2,2,1.0,3.8,3.55,2.0,3.0,3.0,4.0,6.0,4.0,3.0,6.0,6.0,4.0,3.0,6.0,4.0,2.0,4.0,6.0,5.0,3.0,5.0,2.0,5.0,3.0,3.0,2.0,4.0,4.0,3.0,3.0,4.0,3.0,2.0,4.0,3.0,2.0,4.0,4.0,3.0,2.0,4.0,4.0,2.0,4.0,4.0,2.0,3.0,3.0,2.0,4.0,3.0,3.0,2.0,2.0,3.0,2.0,3.0,4,1,2,2,4,3.0,2,1.0,2.0,3.0,4.0,4,22.0,0,31.0,4.0,32.0,4,64.0,0.001472131
30330170,9.0,5,225,57,20,46.2,6.51,60,2.0,0.0,1.0,0.0,2.0,0.0,1.0,1.0,1.0,1.0,2.0,1.0,1.0,1.0,6.0,30.0,6.0,2.0,1948.0,1.0,2.0,2.0,2.0,15000.0,7.0,1,2,2,2,2,1.0,23.1,9.33,3.0,4.0,1.0,3.0,3.0,4.0,3.0,2.0,3.0,5.0,5.0,5.0,2.0,1.0,5.0,3.0,2.0,1.0,5.0,4.0,5.0,3.0,2.0,1.0,5.0,4.0,3.0,1.0,5.0,5.0,1.0,1.0,1.0,2.0,5.0,2.0,3.0,2.0,4.0,4.0,5.0,1.0,5.0,3.0,4.0,2.0,1.0,5.0,3.0,1.0,4.0,4.0,4.0,4.0,3.0,4,1,2,2,4,1.0,4,3.0,2.0,3.0,3.0,4,69.0,1,148.0,3.0,80.0,4,62.0,0.000144039
30330171,4.0,1,78,35,5,9.6,2.4,28,2.0,0.0,2.0,0.0,4.0,0.0,1.0,1.0,1.0,1.0,1.0,0.0,1.0,2.0,4.0,10.0,6.0,2.0,1944.0,1.0,7.0,9.0,6.0,15000.0,4.0,2,2,1,2,2,1.0,0.0,3.44,5.0,5.0,1.0,3.0,4.0,5.0,4.0,2.0,3.0,5.0,5.0,1.0,3.0,3.0,5.0,6.0,2.0,1.0,2.0,1.0,5.0,3.0,1.0,1.0,4.0,4.0,3.0,3.0,4.0,4.0,1.0,3.0,4.0,3.0,4.0,2.0,2.0,2.0,4.0,4.0,2.0,1.0,4.0,3.0,6.0,3.0,1.0,5.0,2.0,3.0,2.0,3.0,4.0,2.0,3.0,4,1,2,2,4,5.0,3,1.0,2.0,3.0,3.0,4,17.7,0,38.0,4.0,42.0,4,66.0,7.71e-05
30330172,10.0,3,110,48,11,7.6,1.92,25,2.0,0.0,2.0,0.0,4.0,0.0,1.0,1.0,1.0,1.0,1.0,0.0,1.0,1.0,4.0,33.0,6.0,1.0,1933.0,1.0,7.0,9.0,6.0,15000.0,6.0,2,2,1,2,2,1.0,0.0,2.75,4.0,4.0,2.0,3.0,4.0,5.0,4.0,2.0,3.0,5.0,5.0,1.0,3.0,2.0,5.0,6.0,2.0,4.0,3.0,1.0,5.0,3.0,2.0,1.0,4.0,4.0,3.0,2.0,4.0,4.0,3.0,3.0,4.0,3.0,4.0,2.0,2.0,2.0,4.0,4.0,2.0,2.0,4.0,3.0,6.0,4.0,3.0,2.0,2.0,3.0,2.0,3.0,4.0,2.0,3.0,4,1,2,2,4,5.0,2,3.0,2.0,2.0,4.0,4,17.5,0,51.0,4.0,99.0,4,77.0,8.57e-05
30330179,8.0,2,50,17,10,3.8,0.97,10,2.0,0.0,2.0,0.0,1.0,0.0,3.0,2.0,1.0,1.0,2.0,0.0,1.0,1.0,7.0,24.0,6.0,1.0,1940.0,1.0,2.0,9.0,1.0,15000.0,7.0,1,2,2,2,2,1.0,2.2,1.39,1.0,3.0,3.0,3.0,3.0,4.0,6.0,6.0,6.0,5.0,4.0,3.0,3.0,3.0,4.0,6.0,4.0,4.0,5.0,2.0,3.0,3.0,6.0,3.0,4.0,4.0,4.0,2.0,4.0,4.0,1.0,4.0,4.0,2.0,4.0,4.0,3.0,1.0,1.0,4.0,3.0,3.0,4.0,3.0,6.0,4.0,3.0,3.0,6.0,3.0,3.0,3.0,4.0,5.0,3.0,4,1,2,2,4,3.0,1,3.0,2.0,3.0,3.0,4,9.5,1,23.0,5.0,15.0,4,70.0,0.000125765
30330216,2.0,2,56,22,5,3.8,1.49,17,2.0,0.0,1.0,1.0,2.0,0.0,2.0,2.0,1.0,1.0,2.0,0.0,1.0,1.0,5.0,28.0,5.0,1.0,1956.0,1.0,2.0,1.0,3.0,9000.0,7.0,1,2,2,2,2,1.0,2.2,2.14,5.0,3.0,1.0,1.0,5.0,5.0,4.0,3.0,3.0,5.0,2.0,2.0,3.0,3.0,3.0,6.0,3.0,2.0,4.0,2.0,3.0,5.0,3.0,3.0,2.0,2.0,3.0,1.0,5.0,3.0,1.0,1.0,2.0,3.0,5.0,3.0,3.0,2.0,4.0,3.0,2.0,2.0,4.0,4.0,4.0,4.0,3.0,4.0,2.0,4.0,3.0,4.0,4.0,3.0,1.0,4,1,2,2,4,2.0,1,2.0,2.0,2.0,4.0,4,13.0,1,29.0,4.0,25.0,4,54.0,0.000160139
30330231,9.0,2,90,47,1,7.6,3.34,38,3.0,0.0,1.0,0.0,0.0,0.0,2.0,2.0,1.0,1.0,2.0,0.0,1.0,2.0,4.0,30.0,3.0,1.0,1938.0,1.0,3.0,9.0,2.0,5000.0,7.0,2,2,1,2,2,1.0,0.0,4.79,2.0,2.0,4.0,1.0,4.0,5.0,6.0,3.0,4.0,5.0,5.0,5.0,5.0,5.0,4.0,6.0,4.0,4.0,5.0,4.0,5.0,3.0,3.0,5.0,4.0,3.0,6.0,6.0,5.0,4.0,6.0,4.0,6.0,3.0,5.0,3.0,5.0,3.0,4.0,5.0,3.0,5.0,4.0,5.0,6.0,3.0,3.0,5.0,4.0,3.0,5.0,2.0,3.0,4.0,3.0,4,1,2,2,4,3.0,2,2.0,2.0,4.0,2.0,4,29.0,0,42.0,3.0,80.0,4,72.0,0.000125765
30330231,7.0,5,303,44,23,116.4,36.48,199,3.0,0.0,1.0,0.0,0.0,0.0,2.0,2.0,1.0,1.0,2.0,0.0,1.0,2.0,4.0,30.0,3.0,1.0,1938.0,1.0,3.0,9.0,2.0,5000.0,7.0,2,2,1,2,2,1.0,0.0,52.28,2.0,2.0,4.0,1.0,4.0,5.0,6.0,3.0,4.0,5.0,5.0,5.0,5.0,5.0,4.0,6.0,4.0,4.0,5.0,4.0,5.0,3.0,3.0,5.0,4.0,3.0,6.0,6.0,5.0,4.0,6.0,4.0,6.0,3.0,5.0,3.0,5.0,3.0,4.0,5.0,3.0,5.0,4.0,5.0,6.0,3.0,3.0,5.0,4.0,3.0,5.0,2.0,3.0,4.0,3.0,4,1,2,2,4,3.0,2,2.0,2.0,4.0,2.0,4,302.0,0,236.0,3.0,375.0,4,72.0,0.000125765
30330237,10.0,0,62,26,0,7.6,2.21,29,2.0,0.0,2.0,0.0,1.0,0.0,2.0,2.0,1.0,2.0,2.0,0.0,1.0,1.0,4.0,28.0,6.0,1.0,1947.0,1.0,2.0,9.0,6.0,15000.0,3.0,1,2,2,2,2,1.0,3.8,3.17,2.0,2.0,2.0,3.0,3.0,4.0,4.0,1.0,3.0,3.0,1.0,1.0,4.0,1.0,4.0,6.0,3.0,2.0,4.0,3.0,4.0,2.0,4.0,2.0,4.0,4.0,2.0,4.0,4.0,2.0,2.0,2.0,2.0,3.0,4.0,4.0,3.0,3.0,3.0,3.0,2.0,4.0,4.0,3.0,3.0,3.0,3.0,4.0,2.0,2.0,3.0,3.0,4.0,2.0,3.0,4,1,2,2,4,2.0,2,1.0,2.0,2.0,3.0,4,20.5,0,36.0,5.0,46.0,4,63.0,0.000409116
30330238,4.0,0,60,26,0,7.6,2.21,29,2.0,0.0,2.0,0.0,1.0,0.0,2.0,2.0,1.0,1.0,2.0,0.0,1.0,1.0,4.0,28.0,6.0,2.0,1948.0,1.0,2.0,9.0,6.0,15000.0,7.0,1,2,2,2,2,1.0,3.8,3.17,2.0,1.0,2.0,3.0,3.0,4.0,3.0,3.0,4.0,3.0,2.0,2.0,4.0,1.0,4.0,3.0,4.0,3.0,4.0,3.0,4.0,3.0,3.0,4.0,4.0,3.0,4.0,4.0,4.0,4.0,2.0,3.0,3.0,3.0,4.0,3.0,3.0,3.0,3.0,3.0,2.0,4.0,4.0,3.0,6.0,3.0,2.0,3.0,6.0,3.0,2.0,3.0,3.0,2.0,3.0,4,1,2,2,4,1.0,2,3.0,2.0,3.0,3.0,4,20.5,0,34.0,1.0,40.0,4,62.0,0.000144039
30330285,1.0,3,161,63,11,40.0,7.69,69,2.0,0.0,1.0,0.0,2.0,0.0,2.0,1.0,1.0,1.0,2.0,0.0,1.0,1.0,5.0,11.0,4.0,1.0,1962.0,1.0,3.0,1.0,6.0,7000.0,3.0,2,2,2,2,2,1.0,40.0,11.02,2.0,4.0,3.0,2.0,4.0,5.0,4.0,3.0,3.0,5.0,4.0,5.0,4.0,2.0,4.0,6.0,4.0,1.0,5.0,4.0,4.0,4.0,4.0,2.0,4.0,4.0,4.0,2.0,4.0,4.0,1.0,4.0,3.0,2.0,4.0,4.0,3.0,1.0,2.0,5.0,2.0,2.0,4.0,4.0,3.0,3.0,2.0,5.0,2.0,3.0,2.0,4.0,4.0,4.0,1.0,4,1,2,2,4,5.0,2,3.0,2.0,2.0,3.0,4,80.0,1,87.0,4.0,75.0,4,48.0,0.000367986
30330286,1.0,4,165,55,21,40.0,7.69,69,2.0,0.0,1.0,0.0,2.0,0.0,2.0,1.0,1.0,1.0,2.0,0.0,1.0,1.0,5.0,11.0,4.0,1.0,1962.0,1.0,3.0,1.0,6.0,7000.0,3.0,2,2,2,2,2,1.0,40.0,11.02,2.0,4.0,3.0,2.0,4.0,5.0,4.0,3.0,3.0,5.0,4.0,5.0,4.0,2.0,4.0,6.0,4.0,1.0,5.0,4.0,4.0,4.0,4.0,2.0,4.0,4.0,4.0,2.0,4.0,4.0,1.0,4.0,3.0,2.0,4.0,4.0,3.0,1.0,2.0,5.0,2.0,2.0,4.0,4.0,3.0,3.0,2.0,5.0,2.0,3.0,2.0,4.0,4.0,4.0,1.0,4,1,2,2,4,5.0,2,3.0,2.0,2.0,3.0,4,80.0,1,89.0,4.0,70.0,4,48.0,0.00087004
30330301,10.0,2,144,82,12,7.6,3.74,43,1.0,0.0,1.0,0.0,2.0,0.0,2.0,2.0,1.0,1.0,1.0,0.0,1.0,1.0,5.0,26.0,4.0,1.0,1943.0,1.0,1.0,9.0,6.0,7000.0,3.0,2,2,2,2,2,1.0,7.6,5.36,3.0,2.0,4.0,3.0,3.0,4.0,6.0,6.0,3.0,4.0,3.0,3.0,4.0,4.0,2.0,6.0,3.0,2.0,4.0,3.0,4.0,4.0,6.0,2.0,4.0,4.0,3.0,2.0,5.0,3.0,1.0,2.0,2.0,2.0,4.0,2.0,3.0,2.0,3.0,4.0,2.0,4.0,2.0,4.0,6.0,6.0,2.0,5.0,6.0,2.0,4.0,3.0,3.0,4.0,3.0,4,1,2,2,4,1.0,2,1.0,2.0,2.0,3.0,4,34.0,1,50.0,4.0,55.0,4,67.0,0.0003213
30330302,10.0,4,127,55,11,16.8,2.87,36,1.0,0.0,1.0,0.0,2.0,0.0,2.0,2.0,1.0,1.0,1.0,0.0,1.0,1.0,5.0,26.0,4.0,1.0,1943.0,1.0,1.0,9.0,6.0,7000.0,3.0,2,2,2,2,2,1.0,16.8,4.11,3.0,2.0,4.0,3.0,3.0,4.0,6.0,6.0,3.0,4.0,3.0,3.0,4.0,4.0,2.0,6.0,3.0,2.0,4.0,3.0,4.0,4.0,6.0,2.0,4.0,4.0,3.0,2.0,5.0,3.0,1.0,2.0,2.0,2.0,4.0,2.0,3.0,2.0,3.0,4.0,2.0,4.0,2.0,4.0,6.0,6.0,2.0,5.0,6.0,2.0,4.0,3.0,3.0,4.0,3.0,4,1,2,2,4,1.0,2,1.0,2.0,2.0,3.0,4,25.5,1,61.0,4.0,60.0,4,67.0,0.0003213
30330327,9.0,2,60,20,10,3.8,2.46,21,5.0,3.0,1.0,0.0,5.0,2.0,3.0,1.0,1.0,1.0,3.0,0.0,1.0,1.0,6.5,11.0,6.0,2.0,1969.0,1.0,3.0,2.0,6.0,15000.0,7.0,1,1,2,2,2,2.0,2.2,3.53,5.0,4.0,2.0,2.0,4.0,5.0,4.0,2.0,3.0,5.0,3.0,2.0,4.0,3.0,6.0,1.0,3.0,1.0,5.0,2.0,5.0,2.0,4.0,3.0,4.0,3.0,2.0,4.0,4.0,5.0,1.0,2.0,3.0,2.0,5.0,4.0,2.0,1.0,1.0,4.0,3.0,1.0,3.0,3.0,2.0,2.0,1.0,5.0,1.0,2.0,3.0,2.0,3.0,5.0,3.0,4,1,2,2,4,4.0,1,3.0,2.0,2.0,3.0,4,25.0,1,30.0,5.0,15.0,4,41.0,0.000144039
30330353,1.0,1,112,69,10,9.6,2.92,29,5.0,1.0,3.0,0.0,7.0,1.0,3.0,2.0,1.0,1.0,5.0,4.0,1.0,1.0,7.0,11.0,6.0,1.0,1957.0,1.0,3.0,1.0,1.0,15000.0,8.0,1,2,2,2,2,1.0,4.8,4.18,3.0,3.0,2.0,2.0,4.0,5.0,2.0,2.0,4.0,5.0,2.0,5.0,2.0,2.0,5.0,2.0,5.0,1.0,3.0,1.0,5.0,4.0,2.0,5.0,4.0,2.0,4.0,1.0,5.0,4.0,2.0,2.0,1.0,3.0,3.0,3.0,2.0,2.0,2.0,4.0,3.0,2.0,4.0,4.0,4.0,2.0,2.0,4.0,2.0,2.0,4.0,4.0,5.0,3.0,1.0,4,1,2,2,4,5.0,2,3.0,2.0,2.0,3.0,4,26.5,1,33.0,5.0,245.0,4,53.0,0.000160139
30330355,1.0,2,113,58,1,7.6,2.05,27,3.0,1.0,2.0,0.0,2.0,0.0,5.0,1.0,1.0,1.0,2.0,1.0,1.0,2.0,4.0,10.0,6.0,1.0,1977.0,1.0,3.0,1.0,2.0,15000.0,7.0,1,2,2,2,2,1.0,3.8,2.94,4.0,4.0,2.0,2.0,2.0,4.0,4.0,6.0,1.0,5.0,4.0,2.0,5.0,2.0,2.0,4.0,4.0,5.0,5.0,3.0,5.0,4.0,2.0,1.0,2.0,6.0,6.0,1.0,5.0,5.0,2.0,1.0,1.0,2.0,2.0,4.0,1.0,1.0,4.0,4.0,4.0,2.0,4.0,5.0,5.0,5.0,2.0,2.0,2.0,2.0,2.0,3.0,4.0,5.0,2.0,4,1,2,2,4,3.0,2,3.0,2.0,2.0,4.0,4,18.5,1,54.0,5.0,34.0,4,33.0,0.000378621
30330364,1.0,1,142,86,3,7.6,2.78,38,2.0,0.0,1.0,0.0,2.0,0.0,0.0,1.0,2.0,1.0,0.0,0.0,1.0,1.0,4.0,12.0,2.0,1.0,1937.0,1.0,2.0,1.0,8.0,3250.0,3.0,1,2,2,1,2,1.0,3.8,3.98,2.0,4.0,3.0,4.0,3.0,4.0,4.0,3.0,4.0,5.0,4.0,4.0,4.0,3.0,3.0,3.0,4.0,3.0,3.0,3.0,3.0,3.0,3.0,5.0,3.0,4.0,3.0,3.0,6.0,2.0,3.0,4.0,3.0,2.0,4.0,4.0,3.0,5.0,5.0,5.0,3.0,2.0,3.0,3.0,3.0,3.0,3.0,3.0,2.0,3.0,4.0,4.0,4.0,3.0,1.0,4,1,2,2,4,5.0,2,3.0,2.0,2.0,2.0,4,25.0,1,53.0,4.0,50.0,4,73.0,8.57e-05
30330369,7.0,0,25,19,0,3.8,0.34,4,4.0,2.0,1.0,2.0,8.0,2.0,2.0,1.0,1.0,1.0,4.0,0.0,1.0,1.0,4.5,4.0,5.0,1.0,1965.0,1.0,3.0,1.0,6.0,9000.0,6.0,1,2,2,2,2,1.0,2.2,0.49,2.0,2.0,2.0,3.0,4.0,4.0,5.0,5.0,4.0,6.0,4.0,2.0,3.0,2.0,4.0,2.0,3.0,1.0,4.0,2.0,4.0,3.0,3.0,2.0,3.0,3.0,2.0,2.0,4.0,4.0,2.0,2.0,2.0,2.0,3.0,2.0,2.0,2.0,3.0,4.0,1.0,4.0,4.0,4.0,4.0,3.0,3.0,5.0,1.0,3.0,3.0,4.0,3.0,3.0,3.0,4,1,2,2,4,3.0,1,2.0,4.0,2.0,4.0,4,2.0,2,6.0,5.0,10.0,4,45.0,0.000109132
30330370,4.0,0,73,39,0,7.6,2.52,34,4.0,2.0,1.0,0.0,5.0,2.0,2.0,1.0,1.0,1.0,4.0,0.0,1.0,1.0,4.5,4.0,5.0,2.0,1966.0,2.0,3.0,2.0,8.0,9000.0,4.0,1,2,2,2,2,1.0,3.8,3.61,2.0,4.0,2.0,2.0,4.0,4.0,4.0,2.0,4.0,3.0,4.0,4.0,4.0,2.0,4.0,2.0,4.0,2.0,4.0,4.0,4.0,2.0,2.0,2.0,4.0,3.0,6.0,3.0,4.0,2.0,2.0,3.0,3.0,3.0,3.0,2.0,3.0,2.0,2.0,4.0,2.0,2.0,4.0,4.0,2.0,3.0,2.0,4.0,2.0,2.0,2.0,3.0,4.0,4.0,3.0,4,1,2,2,4,3.0,2,4.0,1.0,1.0,3.0,4,22.0,1,34.0,5.0,40.0,4,44.0,9.82e-05
30330373,4.0,0,50,43,0,3.8,0.58,8,4.0,0.0,4.0,1.0,4.0,0.0,4.0,2.0,1.0,1.0,10.0,5.0,1.0,1.0,5.0,13.0,4.0,2.0,1952.0,1.0,3.0,2.0,6.0,8418.0,4.0,1,2,2,2,2,1.0,2.2,0.83,2.0,3.0,4.0,3.0,2.0,4.0,4.0,3.0,4.0,5.0,5.0,1.0,2.0,1.0,5.0,6.0,2.0,1.0,5.0,2.0,5.0,3.0,5.0,5.0,5.0,3.0,2.0,1.0,5.0,5.0,1.0,4.0,5.0,1.0,5.0,2.0,2.0,1.0,4.0,5.0,1.0,5.0,3.0,4.0,5.0,1.0,1.0,5.0,1.0,3.0,1.0,4.0,4.0,5.0,3.0,4,1,2,2,4,1.0,1,3.0,2.0,3.0,3.0,4,4.5,1,7.0,5.0,10.0,4,58.0,9.82e-05
30330409,1.0,2,87,40,1,7.6,1.9,26,2.0,0.0,1.0,0.0,2.0,0.0,2.0,1.0,1.0,1.0,2.0,2.0,1.0,1.0,4.0,14.0,6.0,2.0,1967.0,1.0,2.0,1.0,3.0,15000.0,4.0,1,2,2,1,2,2.0,3.8,2.72,4.0,4.0,2.0,3.0,3.0,5.0,5.0,2.0,4.0,4.0,4.0,4.0,4.0,2.0,4.0,6.0,2.0,1.0,6.0,3.0,4.0,2.0,3.0,4.0,4.0,4.0,4.0,4.0,4.0,4.0,2.0,2.0,2.0,2.0,5.0,4.0,3.0,2.0,2.0,2.0,3.0,2.0,4.0,4.0,4.0,3.0,3.0,4.0,2.0,2.0,4.0,3.0,4.0,4.0,1.0,4,1,2,2,4,4.0,2,2.0,2.0,2.0,4.0,4,16.5,0,46.0,5.0,75.0,4,43.0,9.82e-05
30330485,1.0,1,73,43,5,11.4,1.13,12,3.0,1.0,2.0,0.0,3.0,0.0,2.0,0.0,1.0,2.0,2.0,1.0,1.0,1.0,5.5,3.0,6.0,1.0,1974.0,1.0,3.0,2.0,2.0,15000.0,7.0,1,2,2,1,2,1.0,5.7,1.62,3.0,3.0,4.0,3.0,4.0,4.0,3.0,2.0,6.0,5.0,5.0,4.0,4.0,2.0,4.0,3.0,4.0,2.0,4.0,3.0,5.0,3.0,6.0,2.0,3.0,4.0,3.0,4.0,4.0,3.0,2.0,2.0,6.0,3.0,5.0,4.0,3.0,1.0,2.0,4.0,2.0,3.0,4.0,4.0,6.0,6.0,2.0,5.0,2.0,1.0,4.0,2.0,3.0,5.0,2.0,4,1,2,2,4,3.0,3,3.0,2.0,2.0,3.0,4,11.0,1,25.0,3.0,35.0,4,36.0,0.000378621
30330486,8.0,5,200,76,49,17.2,5.19,66,3.0,1.0,2.0,0.0,2.0,0.0,2.0,0.0,1.0,2.0,2.0,1.0,1.0,1.0,5.5,3.0,6.0,2.0,1976.0,1.0,3.0,2.0,1.0,15000.0,7.0,1,2,2,2,2,1.0,8.6,7.44,5.0,5.0,1.0,1.0,5.0,5.0,4.0,4.0,1.0,1.0,4.0,5.0,3.0,1.0,5.0,5.0,5.0,1.0,5.0,1.0,5.0,5.0,5.0,1.0,5.0,1.0,1.0,5.0,5.0,5.0,1.0,1.0,5.0,4.0,5.0,1.0,5.0,1.0,5.0,5.0,1.0,1.0,1.0,3.0,1.0,1.0,1.0,5.0,5.0,1.0,1.0,2.0,5.0,4.0,3.0,4,1,2,2,4,4.0,4,1.0,4.0,1.0,3.0,4,46.5,1,75.0,2.0,63.0,4,34.0,0.000340556
30330486,2.0,4,118,34,19,7.6,3.25,38,3.0,1.0,2.0,0.0,2.0,0.0,2.0,0.0,1.0,2.0,2.0,1.0,1.0,1.0,5.5,3.0,6.0,2.0,1976.0,1.0,3.0,2.0,1.0,15000.0,7.0,1,2,2,2,2,1.0,3.8,4.66,5.0,5.0,1.0,1.0,5.0,5.0,4.0,4.0,1.0,1.0,4.0,5.0,3.0,1.0,5.0,5.0,5.0,1.0,5.0,1.0,5.0,5.0,5.0,1.0,5.0,1.0,1.0,5.0,5.0,5.0,1.0,1.0,5.0,4.0,5.0,1.0,5.0,1.0,5.0,5.0,1.0,1.0,1.0,3.0,1.0,1.0,1.0,5.0,5.0,1.0,1.0,2.0,5.0,4.0,1.0,4,1,2,2,4,4.0,2,1.0,4.0,1.0,3.0,4,29.0,1,65.0,2.0,40.0,4,34.0,0.000340556
30330513,1.0,6,277,85,23,58.6,9.01,88,2.0,0.0,1.0,1.0,2.0,0.0,2.0,1.0,1.0,1.0,3.0,1.0,1.0,1.0,4.5,4.0,6.0,1.0,1962.0,1.0,7.0,1.0,1.0,15000.0,7.0,1,2,2,2,2,1.0,29.3,12.91,5.0,4.0,2.0,2.0,4.0,5.0,3.0,4.0,4.0,5.0,4.0,4.0,2.0,1.0,4.0,6.0,3.0,1.0,4.0,1.0,5.0,1.0,2.0,1.0,5.0,5.0,2.0,3.0,4.0,5.0,1.0,1.0,1.0,2.0,5.0,1.0,2.0,2.0,5.0,4.0,4.0,2.0,5.0,4.0,4.0,3.0,2.0,5.0,2.0,2.0,3.0,4.0,4.0,4.0,3.0,4,1,2,2,4,4.0,4,1.0,4.0,3.0,1.0,4,100.5,1,169.0,4.0,100.0,4,48.0,0.000160139
30330535,10.0,1,65,31,4,7.6,0.77,10,5.0,3.0,1.0,0.0,5.0,3.0,4.0,0.0,1.0,2.0,2.0,1.0,1.0,1.0,4.0,5.0,6.0,1.0,1968.0,2.0,3.0,1.0,2.0,15000.0,7.0,1,2,2,2,2,1.0,3.8,1.1,1.0,3.0,2.0,1.0,4.0,5.0,2.0,4.0,5.0,5.0,1.0,3.0,3.0,3.0,4.0,3.0,2.0,1.0,5.0,3.0,4.0,4.0,4.0,2.0,3.0,4.0,3.0,3.0,4.0,3.0,2.0,1.0,1.0,3.0,3.0,4.0,3.0,2.0,4.0,4.0,4.0,2.0,3.0,4.0,4.0,3.0,1.0,5.0,2.0,2.0,3.0,3.0,3.0,4.0,3.0,4,1,2,2,4,3.0,2,4.0,2.0,2.0,3.0,4,5.5,1,30.0,5.0,10.0,4,42.0,0.000160139
30330535,10.0,0,43,32,0,7.6,0.77,10,5.0,3.0,1.0,0.0,5.0,3.0,4.0,0.0,1.0,2.0,2.0,1.0,1.0,1.0,4.0,5.0,6.0,1.0,1968.0,2.0,3.0,1.0,2.0,15000.0,7.0,1,2,2,2,2,1.0,3.8,1.1,1.0,3.0,2.0,1.0,4.0,5.0,2.0,4.0,5.0,5.0,1.0,3.0,3.0,3.0,4.0,3.0,2.0,1.0,5.0,3.0,4.0,4.0,4.0,2.0,3.0,4.0,3.0,3.0,4.0,3.0,2.0,1.0,1.0,3.0,3.0,4.0,3.0,2.0,4.0,4.0,4.0,2.0,3.0,4.0,4.0,3.0,1.0,5.0,2.0,2.0,3.0,3.0,3.0,4.0,3.0,4,1,2,2,4,3.0,2,4.0,2.0,2.0,3.0,4,5.5,1,11.0,5.0,10.0,4,42.0,0.000160139
30330535,10.0,1,80,31,19,7.6,0.77,10,5.0,3.0,1.0,0.0,5.0,3.0,4.0,0.0,1.0,2.0,2.0,1.0,1.0,1.0,4.0,5.0,6.0,1.0,1968.0,2.0,3.0,1.0,2.0,15000.0,7.0,1,2,2,2,2,1.0,3.8,1.1,1.0,3.0,2.0,1.0,4.0,5.0,2.0,4.0,5.0,5.0,1.0,3.0,3.0,3.0,4.0,3.0,2.0,1.0,5.0,3.0,4.0,4.0,4.0,2.0,3.0,4.0,3.0,3.0,4.0,3.0,2.0,1.0,1.0,3.0,3.0,4.0,3.0,2.0,4.0,4.0,4.0,2.0,3.0,4.0,4.0,3.0,1.0,5.0,2.0,2.0,3.0,3.0,3.0,4.0,3.0,4,1,2,2,4,3.0,2,4.0,2.0,2.0,3.0,4,5.5,1,30.0,5.0,10.0,4,42.0,0.000160139
30330536,1.0,3,170,21,9,55.0,13.86,93,5.0,3.0,1.0,0.0,5.0,3.0,4.0,0.0,1.0,2.0,2.0,1.0,1.0,1.0,4.0,5.0,6.0,1.0,1968.0,2.0,3.0,1.0,2.0,15000.0,7.0,1,2,2,2,2,1.0,27.5,19.86,1.0,3.0,2.0,1.0,4.0,5.0,2.0,4.0,5.0,5.0,1.0,3.0,3.0,3.0,4.0,3.0,2.0,1.0,5.0,3.0,4.0,4.0,4.0,2.0,3.0,4.0,3.0,3.0,4.0,3.0,2.0,1.0,1.0,3.0,3.0,4.0,3.0,2.0,4.0,4.0,4.0,2.0,3.0,4.0,4.0,3.0,1.0,5.0,2.0,2.0,3.0,3.0,3.0,4.0,1.0,4,1,2,2,4,3.0,1,4.0,2.0,2.0,3.0,4,155.0,0,140.0,5.0,165.0,4,42.0,0.000160139
30330558,1.0,2,96,48,5,7.6,2.29,31,2.0,0.0,1.0,1.0,2.0,0.0,1.0,2.0,1.0,1.0,3.0,2.0,1.0,1.0,6.0,6.0,6.0,1.0,1963.0,1.0,2.0,1.0,3.0,15000.0,4.0,1,2,2,1,2,1.0,3.8,3.28,2.0,4.0,1.0,1.0,3.0,5.0,4.0,6.0,4.0,4.0,4.0,1.0,4.0,3.0,3.0,6.0,3.0,3.0,4.0,2.0,4.0,2.0,2.0,2.0,4.0,5.0,4.0,3.0,4.0,4.0,1.0,2.0,1.0,1.0,5.0,2.0,3.0,2.0,4.0,5.0,4.0,1.0,4.0,3.0,4.0,3.0,4.0,2.0,2.0,2.0,3.0,4.0,4.0,4.0,1.0,4,1,2,2,4,4.0,2,1.0,2.0,2.0,3.0,4,18.5,0,43.0,6.0,51.0,4,47.0,0.000109132
30330558,9.0,0,59,27,0,7.6,2.05,28,2.0,0.0,1.0,1.0,2.0,0.0,1.0,2.0,1.0,1.0,3.0,2.0,1.0,1.0,6.0,6.0,6.0,1.0,1963.0,1.0,2.0,1.0,3.0,15000.0,4.0,1,2,2,1,2,1.0,3.8,2.94,2.0,4.0,1.0,1.0,3.0,5.0,4.0,6.0,4.0,4.0,4.0,1.0,4.0,3.0,3.0,6.0,3.0,3.0,4.0,2.0,4.0,2.0,2.0,2.0,4.0,5.0,4.0,3.0,4.0,4.0,1.0,2.0,1.0,1.0,5.0,2.0,3.0,2.0,4.0,5.0,4.0,1.0,4.0,3.0,4.0,3.0,4.0,2.0,2.0,2.0,3.0,4.0,4.0,4.0,3.0,4,1,2,2,4,4.0,3,1.0,2.0,2.0,3.0,4,16.05,1,32.0,6.0,45.0,4,47.0,0.000109132
30330565,1.0,0,86,52,0,7.6,2.39,34,4.0,2.0,0.0,0.0,5.0,2.0,1.0,0.0,1.0,2.0,1.0,0.0,1.0,1.0,5.5,6.0,5.0,2.0,1973.0,1.0,3.0,2.0,2.0,9000.0,6.0,1,2,2,2,2,2.0,3.8,3.42,5.0,4.0,2.0,3.0,5.0,5.0,5.0,4.0,4.0,5.0,5.0,2.0,4.0,1.0,5.0,1.0,1.0,1.0,1.0,2.0,3.0,3.0,2.0,1.0,5.0,5.0,3.0,2.0,5.0,5.0,1.0,4.0,3.0,3.0,5.0,2.0,3.0,1.0,2.0,5.0,4.0,3.0,4.0,4.0,4.0,3.0,1.0,3.0,2.0,3.0,4.0,4.0,5.0,3.0,2.0,4,1,2,2,4,4.0,2,2.0,3.0,4.0,4.0,4,19.5,0,34.0,3.0,51.0,4,37.0,0.000232084
30330569,9.0,0,43,14,0,7.6,1.86,25,2.0,1.0,1.0,0.0,2.0,1.0,1.0,1.0,1.0,1.0,1.0,1.0,1.0,1.0,5.0,6.0,4.0,2.0,1969.0,1.0,4.0,2.0,6.0,7000.0,4.0,1,2,2,2,2,2.0,3.8,2.67,2.0,3.0,2.0,2.0,4.0,5.0,2.0,2.0,3.0,5.0,3.0,2.0,4.0,2.0,5.0,2.0,4.0,2.0,5.0,2.0,4.0,2.0,3.0,2.0,4.0,4.0,4.0,2.0,4.0,5.0,3.0,4.0,4.0,2.0,5.0,3.0,2.0,2.0,2.0,5.0,3.0,2.0,4.0,4.0,4.0,2.0,2.0,4.0,2.0,2.0,2.0,4.0,4.0,3.0,3.0,4,1,2,2,4,4.0,2,3.0,2.0,2.0,3.0,4,16.0,0,29.0,5.0,40.0,4,41.0,9.82e-05
30330624,7.0,6,278,43,44,94.6,18.94,133,4.0,2.0,0.0,0.0,5.0,2.0,2.0,0.0,1.0,1.0,2.0,0.0,2.0,2.0,5.5,1.0,3.0,2.0,1972.0,1.0,3.0,6.0,8.0,5000.0,3.0,2,2,1,2,2,3.0,0.0,27.14,5.0,5.0,2.0,1.0,5.0,5.0,5.0,1.0,3.0,5.0,5.0,3.0,5.0,1.0,5.0,1.0,1.0,1.0,1.0,1.0,5.0,1.0,1.0,1.0,5.0,5.0,3.0,1.0,5.0,5.0,1.0,5.0,3.0,4.0,5.0,3.0,3.0,2.0,2.0,5.0,4.0,2.0,2.0,3.0,3.0,3.0,1.0,3.0,3.0,3.0,2.0,5.0,5.0,4.0,3.0,4,1,2,2,4,6.0,2,3.0,2.0,2.0,2.0,4,210.0,0,191.0,3.0,179.0,4,38.0,0.00087004
30330629,1.0,2,123,82,5,11.4,1.75,23,1.0,0.0,1.0,0.0,2.0,0.0,2.0,1.0,1.0,1.0,1.0,0.0,2.0,1.0,4.5,4.0,3.0,2.0,1962.0,1.0,1.0,2.0,8.0,5000.0,6.0,1,2,2,2,2,1.0,5.7,2.51,3.0,4.0,4.0,1.0,3.0,5.0,3.0,3.0,3.0,4.0,4.0,4.0,4.0,4.0,4.0,3.0,5.0,1.0,5.0,4.0,4.0,3.0,5.0,2.0,4.0,4.0,2.0,2.0,3.0,4.0,2.0,3.0,3.0,1.0,2.0,2.0,2.0,1.0,1.0,5.0,2.0,3.0,3.0,4.0,5.0,4.0,1.0,4.0,1.0,2.0,3.0,4.0,3.0,4.0,2.0,4,1,2,2,4,4.0,3,3.0,2.0,3.0,3.0,4,13.0,1,36.0,5.0,35.0,4,48.0,9.82e-05
30330631,9.0,0,28,6,0,3.8,1.2,15,2.0,0.0,1.0,0.0,0.0,0.0,1.0,2.0,1.0,1.0,2.0,0.0,1.0,1.0,5.5,6.0,6.0,1.0,1940.0,1.0,2.0,9.0,1.0,15000.0,3.0,1,2,2,1,2,1.0,2.2,1.72,4.0,4.0,2.0,2.0,3.0,4.0,6.0,6.0,4.0,5.0,4.0,6.0,3.0,5.0,4.0,6.0,4.0,2.0,4.0,2.0,5.0,6.0,2.0,4.0,4.0,2.0,4.0,2.0,6.0,2.0,6.0,6.0,6.0,2.0,5.0,6.0,5.0,1.0,4.0,6.0,3.0,1.0,5.0,3.0,6.0,3.0,2.0,5.0,6.0,4.0,4.0,3.0,2.0,4.0,3.0,4,1,2,2,4,5.0,1,1.0,3.0,2.0,1.0,4,11.0,0,22.0,4.0,22.0,4,70.0,0.0003213
30330632,9.0,0,28,6,0,3.8,1.2,15,2.0,0.0,1.0,0.0,0.0,0.0,1.0,2.0,1.0,1.0,2.0,0.0,1.0,1.0,5.5,6.0,6.0,1.0,1940.0,1.0,2.0,9.0,1.0,15000.0,3.0,1,2,2,1,2,1.0,2.2,1.72,4.0,4.0,2.0,2.0,3.0,4.0,6.0,6.0,4.0,5.0,4.0,6.0,3.0,5.0,4.0,6.0,4.0,2.0,4.0,2.0,5.0,6.0,2.0,4.0,4.0,2.0,4.0,2.0,5.0,2.0,6.0,6.0,6.0,2.0,5.0,6.0,5.0,1.0,4.0,6.0,3.0,1.0,5.0,3.0,6.0,3.0,2.0,5.0,6.0,4.0,4.0,3.0,2.0,4.0,3.0,4,1,2,2,4,5.0,1,1.0,3.0,2.0,1.0,4,11.0,0,22.0,4.0,22.0,4,70.0,0.0003213
30330639,1.0,3,85,13,6,25.4,0.67,10,1.0,0.0,1.0,0.0,1.0,0.0,1.0,2.0,1.0,1.0,1.0,0.0,1.0,1.0,6.5,7.0,5.0,2.0,1959.0,1.0,1.0,2.0,6.0,9000.0,6.0,2,1,2,2,2,1.0,0.0,0.96,1.0,2.0,5.0,4.0,3.0,4.0,5.0,2.0,5.0,5.0,5.0,5.0,6.0,2.0,4.0,6.0,5.0,1.0,5.0,4.0,4.0,3.0,4.0,1.0,5.0,2.0,1.0,3.0,4.0,2.0,1.0,1.0,2.0,1.0,5.0,2.0,4.0,2.0,4.0,3.0,3.0,2.0,2.0,4.0,2.0,1.0,2.0,5.0,1.0,3.0,3.0,2.0,5.0,5.0,1.0,4,1,2,2,4,4.0,1,4.0,2.0,2.0,3.0,4,5.0,0,66.0,4.0,71.0,4,51.0,9.82e-05
30330653,9.0,1,84,42,0,7.6,2.88,30,1.0,0.0,1.0,0.0,1.0,0.0,1.0,1.0,1.0,1.0,0.0,0.0,1.0,1.0,5.0,7.0,3.0,2.0,1961.0,1.0,1.0,2.0,6.0,5000.0,7.0,1,2,2,1,2,1.0,3.8,4.13,4.0,5.0,1.0,1.0,5.0,5.0,4.0,4.0,2.0,4.0,3.0,3.0,3.0,2.0,3.0,5.0,3.0,1.0,4.0,2.0,3.0,1.0,3.0,2.0,5.0,4.0,2.0,3.0,5.0,4.0,1.0,4.0,4.0,1.0,5.0,4.0,1.0,1.0,2.0,5.0,5.0,1.0,5.0,3.0,3.0,3.0,1.0,5.0,1.0,3.0,2.0,4.0,5.0,4.0,3.0,4,1,2,2,4,3.0,2,3.0,2.0,2.0,1.0,4,19.0,0,42.0,5.0,80.0,4,49.0,0.000144039
30330653,9.0,1,92,71,0,7.6,2.88,30,1.0,0.0,1.0,0.0,1.0,0.0,1.0,1.0,1.0,1.0,0.0,0.0,1.0,1.0,5.0,7.0,3.0,2.0,1961.0,1.0,1.0,2.0,6.0,5000.0,7.0,1,2,2,1,2,1.0,3.8,4.13,4.0,5.0,1.0,1.0,5.0,5.0,4.0,4.0,2.0,4.0,3.0,3.0,3.0,2.0,3.0,5.0,3.0,1.0,4.0,2.0,3.0,1.0,3.0,2.0,5.0,4.0,2.0,3.0,5.0,4.0,1.0,4.0,4.0,1.0,5.0,4.0,1.0,1.0,2.0,5.0,5.0,1.0,5.0,3.0,3.0,3.0,1.0,5.0,1.0,3.0,2.0,4.0,5.0,4.0,3.0,4,1,2,2,4,3.0,2,3.0,2.0,2.0,1.0,4,19.0,0,21.0,5.0,86.0,4,49.0,0.000144039
30330669,1.0,0,74,41,0,7.6,2.12,29,1.0,0.0,1.0,0.0,1.0,0.0,1.0,1.0,1.0,2.0,1.0,0.0,2.0,2.0,2.0,2.0,3.0,2.0,1977.0,1.0,1.0,1.0,6.0,5000.0,3.0,1,2,2,1,2,1.0,3.8,3.04,3.0,4.0,1.0,1.0,3.0,5.0,4.0,2.0,1.0,5.0,3.0,5.0,5.0,2.0,1.0,6.0,4.0,2.0,5.0,3.0,4.0,4.0,3.0,5.0,4.0,4.0,1.0,3.0,4.0,4.0,1.0,1.0,2.0,2.0,4.0,2.0,3.0,1.0,2.0,6.0,1.0,4.0,4.0,4.0,4.0,3.0,2.0,4.0,1.0,1.0,3.0,4.0,4.0,4.0,1.0,4,1,2,2,4,3.0,2,2.0,2.0,3.0,3.0,4,18.0,0,33.0,4.0,71.0,4,33.0,0.00087004
30330669,9.0,1,89,64,10,7.6,0.93,13,1.0,0.0,1.0,0.0,1.0,0.0,1.0,1.0,1.0,2.0,1.0,0.0,2.0,2.0,2.0,2.0,3.0,2.0,1977.0,1.0,1.0,1.0,6.0,5000.0,3.0,1,2,2,1,2,1.0,3.8,1.33,3.0,4.0,1.0,1.0,3.0,5.0,4.0,2.0,1.0,5.0,3.0,5.0,5.0,2.0,1.0,6.0,4.0,2.0,5.0,3.0,4.0,4.0,3.0,5.0,4.0,4.0,1.0,3.0,4.0,4.0,1.0,1.0,2.0,2.0,4.0,2.0,3.0,1.0,2.0,6.0,1.0,4.0,4.0,4.0,4.0,3.0,2.0,4.0,1.0,1.0,3.0,4.0,4.0,4.0,3.0,4,1,2,2,4,3.0,2,2.0,2.0,3.0,3.0,4,7.0,1,15.0,4.0,25.0,4,33.0,0.00087004
30330673,1.0,2,86,42,3,7.6,3.19,38,2.0,0.0,1.0,0.0,2.0,0.0,2.0,1.0,1.0,1.0,2.0,0.0,1.0,1.0,5.0,11.0,4.0,1.0,1962.0,1.0,3.0,1.0,6.0,7000.0,3.0,2,2,2,2,2,1.0,7.6,4.57,2.0,4.0,3.0,2.0,4.0,5.0,4.0,3.0,3.0,5.0,4.0,5.0,4.0,2.0,4.0,6.0,4.0,1.0,5.0,4.0,4.0,4.0,4.0,2.0,4.0,4.0,4.0,2.0,4.0,4.0,1.0,4.0,3.0,2.0,4.0,4.0,3.0,1.0,2.0,5.0,2.0,2.0,4.0,4.0,3.0,3.0,2.0,5.0,2.0,3.0,2.0,4.0,4.0,4.0,2.0,4,1,2,2,4,5.0,2,3.0,2.0,2.0,3.0,4,28.0,1,41.0,4.0,48.0,4,48.0,0.000409116
30330673,1.0,2,102,44,8,7.6,3.07,36,2.0,0.0,1.0,0.0,2.0,0.0,2.0,1.0,1.0,1.0,2.0,0.0,1.0,1.0,5.0,11.0,4.0,1.0,1962.0,1.0,3.0,1.0,6.0,7000.0,3.0,2,2,2,2,2,1.0,7.6,4.4,2.0,4.0,3.0,2.0,4.0,5.0,4.0,3.0,3.0,5.0,4.0,5.0,4.0,2.0,4.0,6.0,4.0,1.0,5.0,4.0,4.0,4.0,4.0,2.0,4.0,4.0,4.0,2.0,4.0,4.0,1.0,4.0,3.0,2.0,4.0,4.0,3.0,1.0,2.0,5.0,2.0,2.0,4.0,4.0,3.0,3.0,2.0,5.0,2.0,3.0,2.0,4.0,4.0,4.0,2.0,4,1,2,2,4,5.0,2,3.0,2.0,2.0,3.0,4,28.0,1,50.0,4.0,44.0,4,48.0,0.000367986
30330674,1.0,2,86,42,3,7.6,3.14,37,2.0,0.0,2.0,0.0,1.0,0.0,2.0,1.0,1.0,1.0,3.0,2.0,1.0,1.0,3.0,4.0,6.0,1.0,1965.0,1.0,7.0,1.0,3.0,15000.0,4.0,1,2,2,2,2,1.0,3.8,4.5,1.0,2.0,2.0,2.0,3.0,4.0,4.0,2.0,4.0,3.0,1.0,5.0,5.0,3.0,3.0,6.0,4.0,3.0,5.0,4.0,5.0,4.0,4.0,3.0,4.0,3.0,4.0,2.0,5.0,3.0,2.0,1.0,1.0,2.0,2.0,3.0,2.0,2.0,2.0,3.0,2.0,3.0,4.0,3.0,2.0,4.0,4.0,2.0,3.0,2.0,3.0,4.0,5.0,4.0,2.0,4,1,2,2,4,2.0,2,4.0,2.0,2.0,4.0,4,28.0,1,41.0,4.0,44.0,4,45.0,0.000109132
30330674,1.0,4,189,83,25,11.4,3.48,40,2.0,0.0,2.0,0.0,1.0,0.0,2.0,1.0,1.0,1.0,3.0,2.0,1.0,1.0,3.0,4.0,6.0,1.0,1965.0,1.0,7.0,1.0,3.0,15000.0,4.0,1,2,2,2,2,1.0,5.7,4.99,1.0,2.0,2.0,2.0,3.0,4.0,4.0,2.0,4.0,3.0,1.0,5.0,5.0,3.0,3.0,6.0,4.0,3.0,5.0,4.0,5.0,4.0,4.0,3.0,4.0,3.0,4.0,2.0,5.0,3.0,2.0,1.0,1.0,2.0,2.0,3.0,2.0,2.0,2.0,3.0,2.0,3.0,4.0,3.0,2.0,4.0,4.0,2.0,3.0,2.0,3.0,4.0,5.0,4.0,2.0,4,1,2,2,4,2.0,3,4.0,2.0,2.0,4.0,4,31.5,1,81.0,4.0,52.0,4,45.0,0.000109132
30330675,1.0,4,301,26,92,21.6,6.12,50,3.0,0.0,0.0,0.0,1.0,0.0,2.0,3.0,1.0,2.0,3.0,0.0,2.0,2.0,5.0,0.0,3.0,2.0,1957.0,1.0,4.0,1.0,6.0,5000.0,3.0,1,2,2,2,1,3.0,10.8,8.77,2.0,4.0,3.0,3.0,4.0,4.0,5.0,4.0,3.0,3.0,3.0,5.0,5.0,2.0,5.0,6.0,5.0,1.0,6.0,1.0,6.0,2.0,5.0,2.0,5.0,5.0,2.0,5.0,2.0,5.0,2.0,5.0,3.0,2.0,5.0,2.0,5.0,1.0,2.0,5.0,1.0,5.0,5.0,3.0,3.0,2.0,3.0,5.0,3.0,1.0,2.0,5.0,5.0,1.0,2.0,4,1,2,2,4,3.0,2,2.0,2.0,3.0,2.0,4,66.0,0,183.0,4.0,152.0,4,53.0,0.000367986
30330693,1.0,2,118,48,3,7.6,3.68,42,1.0,0.0,1.0,1.0,1.0,0.0,2.0,2.0,1.0,2.0,2.0,1.0,2.0,1.0,5.0,10.0,5.0,1.0,1966.0,1.0,1.0,1.0,3.0,9000.0,7.0,1,2,2,2,2,1.0,3.8,5.27,1.0,4.0,1.0,2.0,3.0,4.0,3.0,2.0,2.0,5.0,2.0,1.0,5.0,4.0,3.0,6.0,4.0,2.0,5.0,4.0,5.0,4.0,4.0,1.0,4.0,1.0,3.0,1.0,4.0,3.0,1.0,1.0,2.0,3.0,2.0,4.0,3.0,4.0,5.0,3.0,4.0,2.0,1.0,4.0,6.0,2.0,1.0,5.0,3.0,2.0,2.0,4.0,4.0,3.0,1.0,4,1,2,2,4,1.0,2,3.0,2.0,2.0,1.0,4,34.0,1,67.0,4.0,40.0,4,44.0,0.000160139
30330717,1.0,2,152,72,4,15.2,3.95,54,2.0,0.0,2.0,1.0,0.0,0.0,2.0,0.0,1.0,1.0,2.0,0.0,1.0,1.0,5.0,25.0,1.0,1.0,1946.0,1.0,2.0,9.0,2.0,2000.0,8.0,2,2,2,2,2,1.0,15.2,5.66,1.0,1.0,5.0,5.0,1.0,1.0,5.0,2.0,3.0,5.0,1.0,4.0,5.0,3.0,1.0,6.0,5.0,3.0,5.0,3.0,5.0,5.0,6.0,6.0,6.0,6.0,6.0,1.0,6.0,1.0,1.0,1.0,1.0,1.0,1.0,3.0,2.0,1.0,5.0,4.0,3.0,1.0,5.0,3.0,6.0,3.0,1.0,5.0,1.0,5.0,1.0,5.0,5.0,1.0,3.0,4,1,2,2,4,1.0,4,2.0,2.0,2.0,3.0,4,33.5,1,76.0,5.0,54.0,4,64.0,0.000160139
30330718,7.0,7,268,110,60,23.4,5.41,60,2.0,0.0,1.0,0.0,2.0,0.0,2.0,1.0,1.0,1.0,2.0,0.0,1.0,1.0,5.0,11.0,4.0,1.0,1962.0,1.0,3.0,1.0,6.0,7000.0,3.0,2,2,2,2,2,1.0,23.4,7.75,2.0,4.0,3.0,2.0,4.0,5.0,4.0,3.0,3.0,5.0,4.0,5.0,4.0,2.0,4.0,6.0,4.0,1.0,5.0,4.0,4.0,4.0,4.0,2.0,4.0,4.0,4.0,2.0,4.0,4.0,1.0,4.0,3.0,2.0,4.0,4.0,3.0,1.0,2.0,5.0,2.0,2.0,4.0,4.0,3.0,3.0,2.0,5.0,2.0,3.0,2.0,4.0,4.0,4.0,3.0,4,1,2,2,4,5.0,5,3.0,2.0,2.0,3.0,4,51.5,1,98.0,4.0,220.0,4,48.0,0.000109132
30330725,1.0,3,226,110,13,32.4,7.3,72,2.0,0.0,2.0,0.0,2.0,0.0,1.0,1.0,1.0,2.0,3.0,0.0,1.0,1.0,5.5,11.0,6.0,1.0,1965.0,1.0,5.0,1.0,6.0,15000.0,4.0,1,2,2,2,2,1.0,16.2,10.46,1.0,4.0,4.0,2.0,5.0,5.0,5.0,1.0,3.0,3.0,1.0,5.0,5.0,1.0,5.0,6.0,5.0,3.0,5.0,2.0,5.0,5.0,6.0,4.0,3.0,1.0,2.0,3.0,5.0,1.0,1.0,1.0,1.0,1.0,1.0,1.0,1.0,1.0,1.0,5.0,2.0,1.0,5.0,1.0,3.0,5.0,2.0,5.0,1.0,1.0,4.0,2.0,5.0,4.0,2.0,4,1,2,2,4,5.0,3,2.0,3.0,3.0,3.0,4,80.0,1,103.0,5.0,95.0,4,45.0,0.000109132
30330726,1.0,1,84,54,0,7.6,1.34,18,2.0,0.0,1.0,0.0,2.0,0.0,2.0,1.0,1.0,1.0,2.0,0.0,1.0,1.0,5.0,11.0,4.0,1.0,1962.0,1.0,3.0,1.0,6.0,7000.0,3.0,2,2,2,2,2,1.0,7.6,1.92,2.0,4.0,3.0,2.0,4.0,5.0,4.0,3.0,3.0,5.0,4.0,5.0,4.0,2.0,4.0,6.0,4.0,1.0,5.0,4.0,4.0,4.0,4.0,2.0,4.0,4.0,4.0,2.0,4.0,4.0,1.0,4.0,3.0,2.0,4.0,4.0,3.0,1.0,2.0,5.0,2.0,2.0,4.0,4.0,3.0,3.0,2.0,5.0,2.0,3.0,2.0,4.0,4.0,4.0,1.0,4,1,2,2,4,5.0,2,3.0,2.0,2.0,3.0,4,10.0,1,30.0,4.0,25.0,4,48.0,0.000409116
30330751,1.0,2,182,37,40,30.0,8.76,69,2.0,0.0,2.0,0.0,2.0,0.0,2.0,1.0,1.0,2.0,2.0,0.0,1.0,1.0,7.0,21.0,6.0,1.0,1952.0,1.0,7.0,1.0,1.0,15000.0,3.0,1,2,2,2,2,1.0,15.0,12.55,1.0,4.0,1.0,2.0,4.0,5.0,4.0,2.0,3.0,5.0,3.0,4.0,4.0,3.0,4.0,3.0,4.0,2.0,4.0,2.0,4.0,4.0,4.0,3.0,4.0,4.0,4.0,2.0,4.0,4.0,1.0,3.0,4.0,4.0,4.0,2.0,3.0,3.0,3.0,3.0,2.0,1.0,4.0,4.0,3.0,2.0,2.0,4.0,1.0,3.0,2.0,4.0,4.0,4.0,1.0,4,1,2,2,4,4.0,2,3.0,2.0,3.0,1.0,4,93.0,1,105.0,3.0,462.0,4,58.0,0.000409116
30330770,2.0,3,141,70,16,9.8,2.54,33,2.0,0.0,1.0,1.0,4.0,0.0,4.0,1.0,1.0,1.0,2.0,1.0,1.0,1.0,6.0,30.0,4.0,1.0,1946.0,1.0,2.0,2.0,2.0,7000.0,7.0,1,2,2,2,2,1.0,4.9,3.64,4.0,5.0,4.0,3.0,4.0,5.0,3.0,4.0,3.0,5.0,5.0,2.0,5.0,2.0,4.0,6.0,2.0,1.0,4.0,2.0,5.0,5.0,3.0,5.0,4.0,4.0,3.0,2.0,5.0,5.0,3.0,2.0,6.0,2.0,4.0,2.0,3.0,1.0,5.0,3.0,2.0,3.0,5.0,4.0,4.0,2.0,2.0,5.0,2.0,3.0,3.0,4.0,4.0,3.0,2.0,4,1,2,2,4,1.0,3,1.0,2.0,3.0,2.0,4,21.1,2,55.0,5.0,70.0,4,64.0,0.000160139
30330778,4.0,1,47,10,0,7.6,2.22,28,2.0,0.0,1.0,0.0,2.0,0.0,1.0,1.0,1.0,1.0,1.0,0.0,1.0,1.0,4.0,29.0,4.0,1.0,1945.0,1.0,3.0,9.0,8.0,7000.0,6.0,2,2,1,2,2,1.0,0.0,3.18,5.0,5.0,2.0,2.0,5.0,5.0,6.0,6.0,3.0,4.0,5.0,3.0,4.0,3.0,5.0,6.0,3.0,1.0,3.0,2.0,4.0,3.0,3.0,2.0,5.0,3.0,2.0,2.0,5.0,5.0,1.0,4.0,3.0,2.0,5.0,3.0,3.0,2.0,2.0,4.0,3.0,3.0,4.0,5.0,3.0,4.0,3.0,4.0,3.0,3.0,3.0,4.0,4.0,3.0,3.0,4,1,2,2,4,4.0,2,1.0,3.0,3.0,4.0,4,19.0,0,37.0,4.0,35.0,4,65.0,8.57e-05
30330795,1.0,8,280,114,22,22.8,8.04,106,2.0,0.0,4.0,0.0,0.0,0.0,4.0,1.0,1.0,1.0,2.0,1.0,1.0,1.0,4.5,27.0,4.0,1.0,1948.0,1.0,2.0,1.0,1.0,7384.0,3.0,1,2,2,2,2,1.0,11.4,11.52,1.0,1.0,5.0,3.0,6.0,3.0,4.0,2.0,3.0,5.0,6.0,5.0,5.0,4.0,2.0,6.0,5.0,2.0,5.0,5.0,3.0,5.0,5.0,5.0,6.0,3.0,2.0,1.0,5.0,1.0,1.0,1.0,1.0,1.0,4.0,2.0,2.0,1.0,2.0,5.0,5.0,1.0,5.0,3.0,3.0,1.0,1.0,5.0,3.0,6.0,3.0,2.0,5.0,4.0,3.0,4,1,2,2,4,4.0,6,2.0,2.0,2.0,3.0,4,68.0,1,144.0,4.0,195.0,4,62.0,0.000409116
30330798,9.0,1,41,11,4,3.8,0.38,5,3.0,0.0,2.0,0.0,4.0,0.0,3.0,3.0,1.0,1.0,3.0,1.0,1.0,1.0,5.0,16.0,6.0,2.0,1947.0,1.0,3.0,2.0,6.0,15000.0,6.0,1,2,2,1,2,2.0,2.2,0.54,4.0,2.0,1.0,1.0,4.0,4.0,5.0,1.0,4.0,3.0,4.0,1.0,4.0,1.0,5.0,6.0,2.0,1.0,1.0,1.0,3.0,1.0,1.0,1.0,5.0,4.0,4.0,1.0,5.0,5.0,1.0,5.0,5.0,2.0,5.0,1.0,2.0,1.0,1.0,4.0,4.0,1.0,5.0,2.0,1.0,2.0,1.0,4.0,1.0,2.0,1.0,5.0,4.0,2.0,3.0,4,1,2,2,4,5.0,1,1.0,2.0,1.0,3.0,4,3.0,1,26.0,4.0,10.0,4,63.0,9.82e-05
30330798,8.0,0,22,18,0,3.8,0.28,4,3.0,0.0,2.0,0.0,4.0,0.0,3.0,3.0,1.0,1.0,3.0,1.0,1.0,1.0,5.0,16.0,6.0,2.0,1947.0,1.0,3.0,2.0,6.0,15000.0,6.0,1,2,2,1,2,2.0,2.2,0.4,4.0,2.0,1.0,1.0,4.0,4.0,5.0,1.0,4.0,3.0,4.0,1.0,4.0,1.0,5.0,6.0,2.0,1.0,1.0,1.0,3.0,1.0,1.0,1.0,5.0,4.0,4.0,1.0,5.0,5.0,1.0,5.0,5.0,2.0,5.0,1.0,2.0,1.0,1.0,4.0,4.0,1.0,5.0,2.0,1.0,2.0,1.0,4.0,1.0,2.0,1.0,5.0,4.0,2.0,3.0,4,1,2,2,4,5.0,1,1.0,2.0,1.0,3.0,4,2.5,1,4.0,4.0,271.0,4,63.0,9.82e-05
30330821,1.0,0,55,24,0,7.6,1.88,24,2.0,0.0,0.0,0.0,1.0,0.0,2.0,1.0,1.0,1.0,2.0,1.0,2.0,2.0,4.0,1.0,6.0,1.0,1979.0,3.0,2.0,1.0,6.0,15000.0,8.0,2,2,1,2,2,2.0,0.0,2.69,5.0,3.0,1.0,2.0,4.0,4.0,3.0,3.0,2.0,4.0,1.0,2.0,4.0,1.0,4.0,2.0,2.0,1.0,1.0,1.0,6.0,1.0,2.0,3.0,4.0,5.0,3.0,2.0,4.0,4.0,3.0,2.0,3.0,2.0,5.0,1.0,3.0,2.0,4.0,5.0,2.0,2.0,4.0,4.0,2.0,2.0,2.0,3.0,3.0,3.0,4.0,4.0,4.0,3.0,1.0,4,1,2,2,4,5.0,2,3.0,2.0,1.0,2.0,4,17.5,0,31.0,3.0,56.0,4,31.0,0.000378621
30330833,1.0,1,83,47,0,7.6,2.5,31,3.0,1.0,2.0,1.0,7.0,1.0,2.0,1.0,1.0,1.0,3.0,1.0,1.0,1.0,5.0,6.0,6.0,1.0,1959.0,1.0,3.0,1.0,2.0,15000.0,8.0,1,2,2,2,2,2.0,3.8,3.58,5.0,5.0,2.0,2.0,5.0,5.0,5.0,4.0,4.0,5.0,5.0,1.0,5.0,2.0,4.0,2.0,2.0,1.0,4.0,2.0,5.0,2.0,4.0,2.0,4.0,2.0,2.0,4.0,2.0,4.0,2.0,3.0,2.0,2.0,5.0,2.0,4.0,2.0,2.0,4.0,3.0,2.0,2.0,4.0,5.0,4.0,2.0,5.0,2.0,2.0,2.0,4.0,4.0,2.0,1.0,4,1,2,2,4,3.0,2,3.0,2.0,2.0,4.0,4,22.0,2,36.0,4.0,60.0,4,51.0,0.000160139
30330851,1.0,0,93,66,0,7.6,2.07,25,4.0,2.0,2.0,1.0,6.0,3.0,2.0,2.0,1.0,1.0,2.0,0.0,1.0,1.0,6.0,7.0,5.0,1.0,1964.0,1.0,3.0,2.0,2.0,9000.0,8.0,1,2,2,2,2,1.0,3.8,2.97,5.0,4.0,2.0,3.0,3.0,5.0,3.0,3.0,1.0,5.0,4.0,2.0,3.0,1.0,5.0,2.0,2.0,1.0,5.0,2.0,5.0,3.0,3.0,2.0,4.0,3.0,2.0,2.0,5.0,4.0,2.0,1.0,4.0,3.0,4.0,3.0,3.0,2.0,4.0,2.0,4.0,3.0,4.0,4.0,4.0,4.0,2.0,5.0,3.0,3.0,3.0,3.0,2.0,4.0,1.0,4,1,2,2,4,3.0,2,4.0,2.0,2.0,1.0,4,17.5,1,27.0,5.0,20.0,4,46.0,0.000160139
30330852,9.0,4,115,13,42,21.8,4.1,40,4.0,2.0,2.0,1.0,6.0,3.0,2.0,2.0,1.0,1.0,2.0,0.0,1.0,1.0,6.0,7.0,5.0,2.0,1972.0,1.0,3.0,2.0,2.0,9000.0,7.0,1,2,2,2,2,1.0,10.9,5.88,4.0,4.0,2.0,3.0,5.0,5.0,5.0,3.0,5.0,4.0,2.0,2.0,4.0,2.0,4.0,3.0,3.0,1.0,4.0,3.0,4.0,3.0,2.0,3.0,4.0,4.0,2.0,3.0,5.0,4.0,1.0,1.0,2.0,2.0,4.0,2.0,3.0,2.0,3.0,3.0,3.0,3.0,4.0,3.0,2.0,2.0,3.0,4.0,3.0,2.0,4.0,1.0,3.0,5.0,3.0,4,1,2,2,4,2.0,1,2.0,2.0,3.0,3.0,4,41.0,1,60.0,5.0,30.0,4,38.0,0.000340556
30330875,4.0,2,109,45,12,7.6,4.39,37,5.0,3.0,1.0,1.0,5.0,3.0,1.0,1.0,1.0,1.0,2.0,1.0,1.0,1.0,5.5,7.0,5.0,2.0,1973.0,1.0,3.0,6.0,3.0,9000.0,5.0,1,2,2,2,1,1.0,3.8,6.29,2.0,2.0,2.0,3.0,3.0,4.0,5.0,1.0,6.0,4.0,3.0,5.0,2.0,1.0,5.0,2.0,1.0,2.0,5.0,3.0,4.0,2.0,5.0,3.0,4.0,2.0,3.0,4.0,5.0,5.0,2.0,4.0,3.0,3.0,4.0,4.0,2.0,1.0,5.0,2.0,2.0,5.0,4.0,3.0,6.0,1.0,1.0,5.0,1.0,1.0,4.0,2.0,3.0,4.0,3.0,4,1,2,2,4,4.0,2,4.0,1.0,2.0,3.0,4,38.0,1,52.0,5.0,35.5,4,37.0,0.000232084
30330875,8.0,0,23,18,0,7.6,0.36,4,5.0,3.0,1.0,1.0,5.0,3.0,1.0,1.0,1.0,1.0,2.0,1.0,1.0,1.0,5.5,7.0,5.0,2.0,1973.0,1.0,3.0,6.0,3.0,9000.0,5.0,1,2,2,2,1,1.0,3.8,0.52,2.0,2.0,2.0,3.0,3.0,4.0,5.0,1.0,6.0,4.0,3.0,5.0,2.0,1.0,5.0,2.0,1.0,2.0,5.0,3.0,4.0,2.0,5.0,3.0,4.0,2.0,3.0,4.0,5.0,5.0,2.0,4.0,3.0,3.0,4.0,4.0,2.0,1.0,5.0,2.0,2.0,5.0,4.0,3.0,6.0,1.0,1.0,5.0,1.0,1.0,4.0,2.0,3.0,4.0,3.0,4,1,2,2,4,4.0,2,4.0,1.0,2.0,3.0,4,1.8,1,5.0,5.0,4.0,4,37.0,0.000232084
30330879,1.0,2,79,26,4,13.4,2.45,24,1.0,0.0,1.0,0.0,1.0,0.0,1.0,1.0,1.0,1.0,1.0,0.0,2.0,2.0,2.5,7.0,4.0,2.0,1961.0,1.0,1.0,1.0,6.0,7000.0,4.0,1,2,2,2,2,1.0,6.7,3.51,2.0,2.0,2.0,2.0,4.0,4.0,4.0,3.0,3.0,3.0,6.0,5.0,6.0,3.0,3.0,6.0,3.0,6.0,3.0,3.0,3.0,6.0,6.0,3.0,4.0,4.0,3.0,2.0,5.0,3.0,6.0,6.0,3.0,1.0,3.0,1.0,3.0,1.0,3.0,5.0,2.0,2.0,5.0,3.0,6.0,3.0,6.0,4.0,2.0,3.0,2.0,4.0,5.0,3.0,1.0,4,1,2,2,4,5.0,1,1.0,3.0,3.0,1.0,4,26.0,1,49.0,4.0,25.0,4,49.0,9.82e-05
30330920,9.0,2,106,49,5,7.6,3.23,37,2.0,0.0,1.0,0.0,0.0,0.0,2.0,1.0,1.0,1.0,0.0,0.0,2.0,2.0,4.0,5.0,4.0,1.0,1939.0,1.0,5.0,9.0,2.0,7000.0,8.0,1,1,2,2,2,3.0,3.8,4.63,5.0,4.0,2.0,2.0,5.0,5.0,3.0,3.0,4.0,4.0,2.0,4.0,4.0,3.0,4.0,2.0,3.0,1.0,2.0,1.0,4.0,3.0,2.0,2.0,4.0,5.0,2.0,3.0,1.0,2.0,1.0,3.0,5.0,2.0,5.0,4.0,3.0,2.0,4.0,3.0,2.0,3.0,3.0,3.0,6.0,2.0,2.0,4.0,6.0,2.0,3.0,3.0,4.0,4.0,3.0,4,1,2,2,4,3.0,2,2.0,2.0,2.0,1.0,4,27.0,0,52.0,4.0,79.0,4,71.0,0.000125765
30330951,7.0,0,33,11,0,3.8,1.26,15,2.0,0.0,1.0,0.0,1.0,0.0,1.0,2.0,1.0,1.0,2.0,0.0,1.0,1.0,5.5,29.0,6.0,1.0,1940.0,1.0,2.0,9.0,8.0,15000.0,6.0,1,2,2,2,2,1.0,2.2,1.81,5.0,4.0,1.0,2.0,4.0,5.0,6.0,6.0,4.0,4.0,6.0,6.0,4.0,3.0,4.0,2.0,4.0,1.0,4.0,3.0,4.0,4.0,2.0,4.0,5.0,4.0,4.0,2.0,4.0,4.0,1.0,1.0,1.0,1.0,4.0,4.0,3.0,1.0,4.0,3.0,4.0,2.0,4.0,4.0,6.0,2.0,3.0,5.0,6.0,6.0,2.0,3.0,4.0,4.0,3.0,4,1,2,2,4,3.0,1,3.0,3.0,3.0,4.0,4,11.0,0,22.0,3.0,25.0,4,70.0,8.57e-05
30330972,11.0,1,48,12,5,3.8,1.22,17,2.0,0.0,1.0,0.0,2.0,0.0,1.0,2.0,1.0,1.0,2.0,0.0,1.0,1.0,4.5,22.0,6.0,1.0,1944.0,1.0,2.0,9.0,6.0,15000.0,7.0,1,2,2,2,2,1.0,2.2,1.75,4.0,5.0,2.0,4.0,3.0,5.0,3.0,3.0,4.0,5.0,3.0,1.0,2.0,3.0,4.0,3.0,3.0,1.0,4.0,2.0,4.0,2.0,3.0,2.0,4.0,4.0,3.0,1.0,5.0,5.0,1.0,2.0,2.0,3.0,5.0,2.0,3.0,1.0,4.0,4.0,3.0,2.0,5.0,3.0,3.0,3.0,2.0,5.0,3.0,1.0,3.0,4.0,4.0,3.0,3.0,4,1,2,2,4,5.0,1,1.0,3.0,1.0,3.0,4,10.0,2,31.0,4.0,30.0,4,66.0,0.000125765
30330986,11.0,2,162,86,6,15.2,4.28,50,3.0,0.0,1.0,0.0,4.0,0.0,2.0,1.0,1.0,1.0,3.0,1.0,1.0,2.0,4.0,24.0,5.0,2.0,1985.0,1.0,6.0,8.0,2.0,9000.0,7.0,1,2,2,2,2,2.0,7.6,6.13,4.0,4.0,4.0,2.0,5.0,5.0,5.0,2.0,4.0,5.0,5.0,2.0,4.0,1.0,3.0,6.0,4.0,1.0,4.0,2.0,5.0,4.0,2.0,2.0,4.0,4.0,4.0,4.0,5.0,5.0,1.0,2.0,4.0,1.0,6.0,2.0,3.0,2.0,1.0,4.0,2.0,2.0,4.0,4.0,6.0,2.0,3.0,5.0,3.0,3.0,4.0,5.0,4.0,2.0,3.0,4,1,2,2,4,4.0,4,3.0,3.0,3.0,4.0,4,34.5,2,70.0,5.0,114.0,4,25.0,0.000340556
30330997,1.0,2,45,26,5,3.8,1.25,16,2.0,0.0,1.0,0.0,2.0,0.0,1.0,2.0,1.0,1.0,2.0,1.0,1.0,1.0,6.0,15.0,4.0,1.0,1951.0,1.0,2.0,1.0,6.0,7000.0,6.0,1,2,2,1,2,1.0,2.2,1.79,6.0,4.0,4.0,1.0,4.0,5.0,4.0,2.0,3.0,3.0,4.0,5.0,4.0,2.0,4.0,3.0,3.0,2.0,3.0,4.0,4.0,3.0,3.0,4.0,4.0,3.0,3.0,3.0,4.0,4.0,3.0,4.0,4.0,4.0,5.0,3.0,4.0,3.0,3.0,3.0,3.0,3.0,4.0,4.0,3.0,3.0,3.0,4.0,3.0,3.0,3.0,4.0,4.0,4.0,1.0,4,1,2,2,4,5.0,1,3.0,3.0,2.0,4.0,4,11.0,1,14.0,4.0,25.0,4,59.0,0.000109132
30331017,1.0,0,58,28,0,7.6,2.14,30,2.0,0.0,2.0,0.0,2.0,0.0,1.0,3.0,1.0,1.0,2.0,0.0,2.0,1.0,8.0,30.0,4.0,2.0,1953.0,1.0,2.0,2.0,6.0,7000.0,3.0,2,1,2,2,2,1.0,0.0,3.07,3.0,3.0,2.0,3.0,2.0,3.0,5.0,2.0,4.0,4.0,4.0,4.0,4.0,2.0,4.0,3.0,4.0,3.0,4.0,3.0,4.0,4.0,4.0,5.0,4.0,4.0,3.0,4.0,5.0,5.0,1.0,4.0,4.0,3.0,3.0,2.0,3.0,1.0,3.0,5.0,4.0,4.0,6.0,4.0,5.0,3.0,6.0,5.0,1.0,3.0,2.0,3.0,3.0,4.0,1.0,4,1,2,2,4,4.0,2,3.0,4.0,4.0,3.0,4,18.0,0,30.0,4.0,45.0,4,57.0,0.000367986
30331035,1.0,4,160,62,24,22.8,7.11,67,2.0,0.0,1.0,0.0,0.0,0.0,1.0,2.0,1.0,1.0,2.0,0.0,2.0,1.0,4.5,14.0,6.0,1.0,1953.0,1.0,2.0,1.0,3.0,15000.0,3.0,1,1,2,2,2,1.0,11.4,10.19,1.0,3.0,4.0,4.0,3.0,3.0,5.0,2.0,2.0,3.0,4.0,5.0,2.0,2.0,5.0,6.0,4.0,4.0,5.0,3.0,4.0,3.0,2.0,3.0,4.0,3.0,2.0,2.0,5.0,3.0,1.0,3.0,3.0,3.0,4.0,4.0,2.0,1.0,3.0,3.0,3.0,3.0,4.0,3.0,3.0,2.0,2.0,3.0,1.0,4.0,3.0,4.0,1.0,3.0,1.0,4,1,2,2,4,4.0,2,4.0,2.0,2.0,3.0,4,74.0,1,74.0,4.0,60.0,4,57.0,0.000409116
30332010,1.0,5,210,91,21,49.2,8.53,74,2.0,0.0,1.0,1.0,2.0,0.0,2.0,2.0,1.0,1.0,3.0,2.0,1.0,1.0,6.0,6.0,6.0,2.0,1964.0,1.0,2.0,1.0,6.0,15000.0,6.0,1,2,2,1,2,1.0,24.6,12.22,1.0,5.0,3.0,1.0,4.0,5.0,1.0,5.0,2.0,3.0,4.0,2.0,3.0,5.0,5.0,3.0,5.0,1.0,5.0,2.0,5.0,4.0,5.0,1.0,5.0,4.0,1.0,3.0,5.0,5.0,1.0,1.0,3.0,1.0,5.0,5.0,1.0,1.0,4.0,4.0,4.0,1.0,3.0,4.0,5.0,1.0,1.0,5.0,2.0,1.0,2.0,2.0,2.0,4.0,2.0,4,1,2,2,4,4.0,3,1.0,2.0,3.0,3.0,4,86.0,1,98.0,4.0,90.0,4,46.0,9.82e-05
30860007,1.0,2,68,20,12,7.8,1.44,21,2.0,0.0,2.0,0.0,2.0,0.0,1.0,1.0,1.0,1.0,2.0,1.0,1.0,1.0,4.0,1.0,6.0,1.0,1975.0,1.0,2.0,1.0,1.0,15000.0,4.0,1,2,2,2,2,1.0,3.9,2.06,2.0,3.0,4.0,2.0,2.0,4.0,4.0,2.0,2.0,3.0,3.0,4.0,4.0,2.0,4.0,3.0,2.0,2.0,4.0,3.0,4.0,4.0,3.0,2.0,4.0,3.0,1.0,2.0,4.0,3.0,1.0,2.0,3.0,2.0,4.0,3.0,2.0,3.0,3.0,4.0,4.0,2.0,3.0,4.0,2.0,3.0,2.0,4.0,2.0,2.0,3.0,3.0,4.0,4.0,1.0,6,2,2,4,2,5.0,1,1.0,2.0,2.0,4.0,4,13.0,1,36.0,4.0,33.0,4,35.0,0.000258025
30860007,9.0,2,80,23,11,47.4,0.67,10,2.0,0.0,2.0,0.0,2.0,0.0,1.0,1.0,1.0,1.0,2.0,1.0,1.0,1.0,4.0,1.0,6.0,1.0,1975.0,1.0,2.0,1.0,1.0,15000.0,4.0,1,2,2,2,2,1.0,23.7,0.96,2.0,3.0,4.0,2.0,2.0,4.0,4.0,2.0,2.0,3.0,3.0,4.0,4.0,2.0,4.0,3.0,2.0,2.0,4.0,3.0,4.0,4.0,3.0,2.0,4.0,3.0,1.0,2.0,4.0,3.0,1.0,2.0,3.0,2.0,4.0,3.0,2.0,3.0,3.0,4.0,4.0,2.0,3.0,4.0,2.0,3.0,2.0,4.0,2.0,2.0,3.0,3.0,4.0,4.0,3.0,6,2,2,4,2,5.0,1,1.0,2.0,2.0,4.0,4,6.5,1,46.0,4.0,11.0,4,35.0,0.000258025
30860015,1.0,3,122,48,7,15.4,3.48,44,2.0,0.0,1.0,0.0,1.0,0.0,1.0,1.0,2.0,1.0,2.0,0.0,1.0,1.0,4.0,10.0,3.0,2.0,1955.0,1.0,2.0,2.0,6.0,5000.0,3.0,2,2,1,2,2,3.0,0.0,4.99,2.0,4.0,3.0,3.0,4.0,5.0,4.0,2.0,4.0,5.0,3.0,5.0,5.0,3.0,3.0,3.0,4.0,1.0,3.0,3.0,3.0,2.0,3.0,3.0,5.0,5.0,4.0,3.0,3.0,5.0,1.0,5.0,4.0,3.0,5.0,4.0,3.0,1.0,1.0,5.0,3.0,3.0,2.0,3.0,3.0,3.0,3.0,4.0,3.0,3.0,3.0,1.0,3.0,5.0,2.0,6,2,2,4,2,5.0,3,3.0,2.0,2.0,1.0,4,29.0,0,67.0,3.0,62.0,4,55.0,0.000367986
30860017,10.0,6,121,30,21,36.8,3.83,52,4.0,1.0,2.0,2.0,4.0,0.0,2.0,1.0,1.0,1.0,4.0,0.0,1.0,2.0,7.0,9.0,3.0,2.0,1967.0,1.0,4.0,2.0,6.0,5000.0,3.0,1,2,2,2,2,1.0,18.4,5.49,3.0,4.0,4.0,2.0,5.0,5.0,4.0,2.0,3.0,3.0,5.0,1.0,3.0,1.0,4.0,1.0,2.0,1.0,4.0,2.0,4.0,2.0,3.0,3.0,4.0,4.0,6.0,4.0,5.0,5.0,1.0,1.0,3.0,3.0,5.0,2.0,4.0,1.0,3.0,3.0,1.0,4.0,4.0,3.0,4.0,2.0,2.0,5.0,2.0,1.0,1.0,4.0,5.0,3.0,3.0,6,2,2,4,2,6.0,2,3.0,2.0,2.0,4.0,4,34.0,0,70.0,5.0,8.0,4,43.0,0.000367986
30860018,1.0,0,152,132,0,7.6,2.9,42,4.0,1.0,2.0,2.0,4.0,0.0,2.0,1.0,1.0,1.0,4.0,0.0,1.0,2.0,7.0,9.0,3.0,2.0,1994.0,1.0,4.0,8.0,6.0,5000.0,2.0,1,2,2,2,2,3.0,3.8,4.16,3.0,4.0,3.0,2.0,3.0,3.0,3.0,4.0,3.0,6.0,6.0,5.0,5.0,1.0,3.0,6.0,3.0,6.0,6.0,6.0,6.0,3.0,6.0,1.0,5.0,5.0,4.0,1.0,5.0,5.0,1.0,4.0,3.0,5.0,5.0,2.0,4.0,4.0,4.0,3.0,3.0,3.0,4.0,4.0,2.0,3.0,3.0,6.0,2.0,3.0,3.0,5.0,5.0,4.0,1.0,6,2,2,4,2,5.0,2,3.0,2.0,3.0,1.0,4,25.0,0,20.0,4.0,131.0,4,16.0,0.002195453
30860031,1.0,5,248,101,51,22.8,5.01,71,1.0,0.0,1.0,0.0,1.0,0.0,1.0,1.0,1.0,2.0,1.0,0.0,2.0,2.0,2.0,1.0,3.0,2.0,1963.0,1.0,1.0,1.0,6.0,5000.0,3.0,1,2,2,2,2,1.0,11.4,7.18,2.0,3.0,2.0,3.0,1.0,3.0,5.0,3.0,3.0,4.0,2.0,3.0,4.0,4.0,4.0,3.0,4.0,2.0,4.0,2.0,4.0,4.0,4.0,4.0,2.0,2.0,4.0,4.0,4.0,2.0,1.0,2.0,2.0,2.0,2.0,5.0,3.0,1.0,2.0,5.0,1.0,2.0,5.0,5.0,3.0,2.0,1.0,5.0,2.0,3.0,2.0,2.0,3.0,4.0,3.0,6,2,2,4,2,5.0,6,1.0,2.0,1.0,4.0,4,56.5,1,96.0,4.0,58.0,4,47.0,0.000367986
30860032,1.0,5,232,87,51,19.0,4.09,57,1.0,0.0,1.0,0.0,1.0,0.0,1.0,1.0,1.0,2.0,1.0,0.0,2.0,2.0,2.0,1.0,3.0,2.0,1963.0,1.0,1.0,1.0,6.0,5000.0,3.0,1,2,2,2,2,1.0,9.5,5.86,2.0,3.0,2.0,3.0,1.0,3.0,5.0,3.0,3.0,4.0,2.0,3.0,4.0,4.0,4.0,3.0,4.0,2.0,4.0,2.0,4.0,4.0,4.0,4.0,2.0,2.0,4.0,4.0,4.0,2.0,1.0,2.0,2.0,2.0,2.0,5.0,3.0,1.0,2.0,5.0,1.0,2.0,5.0,5.0,3.0,2.0,1.0,5.0,2.0,3.0,2.0,2.0,3.0,4.0,3.0,6,2,2,4,2,5.0,5,1.0,2.0,1.0,4.0,4,38.5,1,94.0,4.0,33.0,4,47.0,0.000367986
30860033,6.0,2,59,5,29,11.4,0.86,12,4.0,0.0,3.0,0.0,3.0,0.0,3.0,2.0,1.0,2.0,4.0,0.0,1.0,2.0,4.0,13.0,3.0,2.0,1959.0,1.0,3.0,1.0,6.0,5000.0,3.0,1,2,2,2,2,1.0,5.7,1.23,2.0,2.0,3.0,3.0,4.0,4.0,5.0,3.0,6.0,2.0,5.0,4.0,2.0,1.0,5.0,1.0,2.0,1.0,4.0,2.0,4.0,2.0,2.0,2.0,4.0,2.0,1.0,2.0,5.0,5.0,1.0,3.0,3.0,1.0,2.0,2.0,3.0,1.0,2.0,5.0,1.0,4.0,3.0,4.0,2.0,1.0,1.0,2.0,3.0,3.0,4.0,4.0,4.0,3.0,3.0,6,2,2,4,2,4.0,1,3.0,2.0,3.0,3.0,4,7.0,1,25.0,4.0,10.0,4,51.0,0.000367986
30860061,9.0,6,190,50,22,34.6,10.19,93,3.0,1.0,2.0,0.0,2.0,1.0,1.0,1.0,1.0,1.0,2.0,0.0,1.0,1.0,3.0,5.0,5.0,2.0,1977.0,1.0,3.0,2.0,6.0,9000.0,4.0,2,2,2,2,2,1.0,34.6,14.6,2.0,2.0,2.0,2.0,3.0,4.0,3.0,3.0,2.0,4.0,3.0,3.0,4.0,4.0,4.0,3.0,4.0,2.0,5.0,4.0,4.0,4.0,6.0,4.0,3.0,6.0,4.0,4.0,4.0,3.0,3.0,1.0,3.0,2.0,2.0,4.0,3.0,1.0,2.0,5.0,2.0,2.0,2.0,4.0,4.0,6.0,3.0,5.0,3.0,3.0,3.0,3.0,3.0,4.0,3.0,6,2,2,4,2,4.0,3,3.0,3.0,2.0,2.0,4,104.5,1,118.0,5.0,100.0,4,33.0,0.000232084
30860095,1.0,0,99,70,0,7.6,0.26,3,4.0,2.0,2.0,0.0,4.0,2.0,1.0,2.0,1.0,1.0,2.0,0.0,1.0,1.0,5.0,2.0,4.0,2.0,1982.0,1.0,3.0,2.0,6.0,7000.0,4.0,1,2,2,2,2,1.0,3.8,0.37,2.0,3.0,4.0,2.0,3.0,5.0,5.0,3.0,3.0,5.0,5.0,4.0,4.0,3.0,5.0,3.0,4.0,3.0,4.0,2.0,4.0,4.0,3.0,2.0,3.0,3.0,2.0,2.0,5.0,5.0,1.0,1.0,5.0,1.0,5.0,2.0,3.0,1.0,1.0,5.0,2.0,2.0,5.0,5.0,3.0,1.0,2.0,4.0,1.0,1.0,2.0,4.0,4.0,3.0,1.0,6,2,2,4,2,5.0,2,3.0,2.0,3.0,3.0,4,2.3,1,29.0,4.0,5.0,4,28.0,0.000232084
30860109,1.0,2,96,38,25,7.6,0.6,8,2.0,0.0,2.0,0.0,2.0,0.0,1.0,1.0,1.0,1.0,2.0,0.0,1.0,2.0,5.0,11.0,2.0,1.0,1962.0,1.0,3.0,1.0,5.0,3250.0,1.0,2,2,2,2,2,1.0,7.6,0.86,1.0,2.0,4.0,4.0,4.0,4.0,3.0,3.0,3.0,3.0,4.0,4.0,4.0,3.0,3.0,6.0,4.0,1.0,4.0,4.0,3.0,4.0,3.0,4.0,3.0,4.0,3.0,3.0,4.0,3.0,1.0,4.0,3.0,2.0,4.0,4.0,3.0,1.0,2.0,3.0,3.0,3.0,4.0,3.0,3.0,3.0,2.0,4.0,4.0,3.0,3.0,3.0,3.0,4.0,1.0,6,2,2,4,2,5.0,1,2.0,2.0,4.0,1.0,4,5.0,1,33.0,5.0,20.0,4,48.0,0.002515284
30860139,1.0,0,20,20,0,0.0,0.22,1,5.0,0.0,1.0,1.0,5.0,0.0,1.0,1.0,1.0,1.0,3.0,0.0,1.0,1.0,7.0,20.0,4.0,2.0,1964.0,1.0,3.0,2.0,6.0,7000.0,3.0,1,2,2,2,2,1.0,2.2,0.32,5.0,4.0,2.0,2.0,5.0,5.0,5.0,2.0,5.0,5.0,4.0,5.0,4.0,4.0,5.0,1.0,1.0,1.0,4.0,2.0,4.0,2.0,3.0,2.0,4.0,4.0,4.0,2.0,5.0,4.0,1.0,3.0,3.0,1.0,4.0,4.0,1.0,1.0,1.0,5.0,4.0,1.0,4.0,3.0,2.0,4.0,1.0,5.0,2.0,2.0,2.0,2.0,4.0,4.0,1.0,6,2,2,4,2,5.0,1,4.0,2.0,2.0,4.0,4,0.9,2,0.0,3.0,20.0,4,46.0,0.000367986
30860139,4.0,1,54,33,8,7.6,0.9,13,5.0,0.0,1.0,1.0,5.0,0.0,1.0,1.0,1.0,1.0,3.0,0.0,1.0,1.0,7.0,20.0,4.0,2.0,1964.0,1.0,3.0,2.0,6.0,7000.0,3.0,1,2,2,2,2,1.0,3.8,1.29,5.0,4.0,2.0,2.0,5.0,5.0,5.0,2.0,5.0,5.0,4.0,5.0,4.0,4.0,5.0,1.0,1.0,1.0,4.0,2.0,4.0,2.0,3.0,2.0,4.0,4.0,4.0,2.0,5.0,4.0,1.0,3.0,3.0,1.0,4.0,4.0,1.0,1.0,1.0,5.0,4.0,1.0,4.0,3.0,2.0,4.0,1.0,5.0,2.0,2.0,2.0,2.0,4.0,4.0,3.0,6,2,2,4,2,5.0,1,4.0,2.0,2.0,4.0,4,7.5,1,13.0,3.0,10.0,4,46.0,9.82e-05
30860141,1.0,2,93,24,12,15.2,1.9,26,2.0,0.0,2.0,0.0,1.0,0.0,1.0,2.0,1.0,1.0,1.0,0.0,1.0,1.0,5.0,36.0,5.0,2.0,1951.0,1.0,2.0,1.0,1.0,9000.0,6.0,1,2,2,2,2,1.0,7.6,2.72,4.0,4.0,6.0,6.0,5.0,5.0,4.0,2.0,3.0,3.0,4.0,4.0,4.0,3.0,4.0,6.0,4.0,6.0,4.0,3.0,3.0,6.0,3.0,6.0,3.0,4.0,3.0,1.0,4.0,4.0,6.0,4.0,4.0,2.0,4.0,3.0,3.0,1.0,2.0,6.0,6.0,6.0,4.0,6.0,6.0,6.0,6.0,4.0,2.0,6.0,6.0,6.0,3.0,3.0,1.0,6,2,2,4,2,3.0,2,4.0,1.0,2.0,4.0,4,17.0,1,57.0,4.0,30.0,4,59.0,9.82e-05
30860142,4.0,4,123,6,36,15.2,4.74,58,2.0,0.0,2.0,0.0,1.0,0.0,1.0,2.0,1.0,1.0,1.0,0.0,1.0,1.0,5.0,36.0,5.0,2.0,1951.0,1.0,2.0,1.0,1.0,9000.0,6.0,1,2,2,2,2,1.0,7.6,6.79,4.0,4.0,6.0,6.0,5.0,5.0,4.0,2.0,3.0,3.0,4.0,4.0,4.0,3.0,4.0,6.0,4.0,6.0,4.0,3.0,3.0,6.0,3.0,3.0,4.0,4.0,3.0,1.0,4.0,4.0,6.0,4.0,4.0,2.0,4.0,3.0,3.0,1.0,2.0,6.0,6.0,6.0,4.0,6.0,6.0,6.0,6.0,4.0,2.0,6.0,6.0,6.0,2.0,2.0,3.0,6,2,2,4,2,3.0,2,4.0,1.0,2.0,4.0,4,45.0,1,81.0,4.0,50.0,4,59.0,9.82e-05
30860145,2.0,2,55,11,8,3.8,0.96,13,2.0,0.0,1.0,0.0,0.0,0.0,1.0,1.0,1.0,1.0,2.0,0.0,2.0,2.0,4.0,3.0,4.0,2.0,1944.0,1.0,3.0,9.0,6.0,7000.0,3.0,1,2,2,2,2,1.0,2.2,1.38,3.0,3.0,2.0,4.0,4.0,5.0,6.0,6.0,4.0,2.0,4.0,3.0,4.0,1.0,4.0,6.0,4.0,6.0,4.0,3.0,4.0,3.0,4.0,3.0,4.0,4.0,4.0,3.0,4.0,5.0,1.0,2.0,3.0,3.0,3.0,2.0,3.0,2.0,4.0,4.0,2.0,3.0,5.0,5.0,6.0,3.0,3.0,5.0,6.0,3.0,3.0,4.0,4.0,2.0,1.0,6,2,2,4,2,3.0,1,1.0,2.0,3.0,3.0,4,8.0,1,36.0,4.0,20.0,4,66.0,0.000288998
30860145,9.0,1,23,49,8,3.8,1.56,22,2.0,0.0,1.0,0.0,0.0,0.0,1.0,1.0,1.0,1.0,2.0,0.0,2.0,2.0,4.0,3.0,4.0,2.0,1944.0,1.0,3.0,9.0,6.0,7000.0,3.0,1,2,2,2,2,1.0,2.2,2.24,3.0,3.0,2.0,4.0,4.0,5.0,6.0,6.0,4.0,2.0,4.0,3.0,4.0,1.0,4.0,6.0,4.0,6.0,4.0,3.0,4.0,3.0,4.0,3.0,4.0,4.0,4.0,3.0,4.0,5.0,1.0,2.0,3.0,3.0,3.0,2.0,3.0,2.0,4.0,4.0,2.0,3.0,5.0,5.0,6.0,3.0,3.0,5.0,6.0,3.0,3.0,4.0,4.0,2.0,3.0,6,2,2,4,2,3.0,1,1.0,2.0,3.0,3.0,4,13.0,1,40.0,4.0,20.0,4,66.0,0.000288998
30860149,9.0,3,187,49,57,27.2,5.52,54,1.0,0.0,1.0,0.0,0.0,0.0,1.0,1.0,1.0,1.0,2.0,0.0,2.0,2.0,3.0,15.0,4.0,2.0,1944.0,1.0,1.0,9.0,2.0,7000.0,4.0,1,2,2,2,1,1.0,13.6,7.91,2.0,5.0,4.0,4.0,3.0,5.0,3.0,3.0,3.0,4.0,5.0,5.0,5.0,1.0,5.0,4.0,5.0,1.0,5.0,2.0,5.0,4.0,3.0,2.0,3.0,4.0,3.0,2.0,4.0,5.0,2.0,2.0,3.0,2.0,4.0,2.0,3.0,2.0,2.0,4.0,4.0,2.0,4.0,3.0,3.0,3.0,2.0,5.0,3.0,3.0,2.0,4.0,4.0,4.0,3.0,6,2,2,4,2,1.0,1,4.0,3.0,3.0,3.0,4,58.0,1,81.0,4.0,20.0,4,66.0,7.71e-05
30860155,1.0,1,61,28,6,3.8,1.14,17,3.0,0.0,2.0,0.0,4.0,0.0,2.0,2.0,1.0,1.0,3.0,0.0,1.0,1.0,5.0,19.0,4.0,2.0,1966.0,1.0,3.0,2.0,6.0,7000.0,3.0,2,1,2,2,2,2.0,0.0,1.63,5.0,4.0,2.0,3.0,3.0,5.0,3.0,6.0,2.0,4.0,3.0,2.0,3.0,3.0,4.0,6.0,4.0,1.0,5.0,3.0,4.0,3.0,3.0,2.0,4.0,4.0,2.0,4.0,5.0,2.0,1.0,2.0,1.0,2.0,5.0,3.0,2.0,1.0,1.0,5.0,2.0,3.0,4.0,4.0,4.0,2.0,2.0,5.0,1.0,1.0,1.0,4.0,4.0,3.0,1.0,6,2,2,4,2,6.0,1,2.0,2.0,2.0,3.0,4,9.5,0,27.0,5.0,38.0,4,44.0,0.000367986
30860157,1.0,0,119,78,0,19.0,3.93,57,2.0,0.0,1.0,0.0,2.0,0.0,2.0,1.0,1.0,1.0,2.0,1.0,2.0,2.0,3.5,24.0,6.0,1.0,1962.0,1.0,3.0,1.0,6.0,15000.0,3.0,2,2,2,2,2,1.0,19.0,5.63,4.0,4.0,3.0,2.0,4.0,4.0,4.0,3.0,4.0,6.0,4.0,3.0,4.0,3.0,4.0,2.0,2.0,1.0,4.0,3.0,4.0,3.0,4.0,3.0,4.0,3.0,4.0,2.0,4.0,5.0,3.0,4.0,4.0,4.0,4.0,4.0,3.0,4.0,3.0,3.0,2.0,2.0,4.0,4.0,3.0,3.0,1.0,3.0,3.0,3.0,3.0,4.0,4.0,4.0,3.0,6,2,2,4,2,3.0,5,3.0,3.0,2.0,4.0,4,28.6,0,41.0,2.0,65.0,4,48.0,0.000109132
30860167,4.0,4,115,16,27,11.6,3.74,44,2.0,0.0,1.0,0.0,2.0,0.0,0.0,1.0,2.0,1.0,1.0,0.0,2.0,2.0,3.0,69.0,2.0,1.0,1941.0,1.0,2.0,9.0,8.0,3250.0,3.0,1,2,2,2,2,1.0,5.8,5.36,2.0,3.0,4.0,4.0,2.0,3.0,6.0,6.0,3.0,4.0,6.0,4.0,4.0,3.0,4.0,6.0,4.0,2.0,4.0,4.0,4.0,3.0,4.0,3.0,6.0,6.0,6.0,2.0,6.0,3.0,4.0,3.0,3.0,2.0,3.0,4.0,2.0,2.0,2.0,5.0,4.0,2.0,5.0,4.0,6.0,2.0,3.0,5.0,3.0,1.0,3.0,3.0,4.0,3.0,3.0,6,2,2,4,2,6.0,2,2.0,2.0,2.0,3.0,4,31.0,1,72.0,4.0,45.0,4,69.0,0.0003213
30860168,8.0,6,212,65,33,15.2,4.5,62,2.0,0.0,1.0,0.0,2.0,0.0,1.0,1.0,2.0,1.0,1.0,0.0,2.0,2.0,3.0,41.0,2.0,2.0,1941.0,1.0,2.0,9.0,8.0,3250.0,4.0,1,2,2,2,2,1.0,7.6,6.45,2.0,3.0,2.0,3.0,2.0,4.0,4.0,3.0,5.0,4.0,4.0,5.0,4.0,2.0,4.0,3.0,2.0,2.0,5.0,4.0,3.0,2.0,4.0,4.0,3.0,2.0,4.0,3.0,4.0,3.0,1.0,4.0,1.0,3.0,4.0,3.0,3.0,2.0,2.0,5.0,2.0,3.0,4.0,3.0,3.0,3.0,2.0,5.0,6.0,2.0,3.0,3.0,4.0,4.0,3.0,6,2,2,4,2,6.0,4,3.0,2.0,2.0,3.0,4,36.3,1,114.0,4.0,65.0,4,69.0,7.71e-05
30860175,8.0,8,444,210,45,33.4,8.82,100,4.0,2.0,1.0,0.0,3.0,2.0,1.0,1.0,1.0,2.0,2.0,0.0,1.0,1.0,4.0,7.0,3.0,1.0,1972.0,1.0,3.0,1.0,3.0,5000.0,3.0,2,2,2,2,2,1.0,33.4,12.64,1.0,4.0,3.0,3.0,3.0,4.0,4.0,6.0,6.0,5.0,2.0,4.0,4.0,1.0,5.0,1.0,3.0,2.0,5.0,3.0,4.0,4.0,4.0,1.0,3.0,3.0,4.0,2.0,4.0,1.0,1.0,1.0,4.0,1.0,4.0,5.0,3.0,1.0,4.0,5.0,3.0,2.0,5.0,5.0,5.0,2.0,4.0,5.0,1.0,3.0,1.0,3.0,4.0,4.0,3.0,6,2,2,4,2,6.0,6,2.0,2.0,1.0,4.0,4,85.5,1,189.0,5.0,150.0,4,38.0,0.000967286
30860176,11.0,1,46,38,0,11.4,2.43,34,4.0,2.0,1.0,0.0,3.0,2.0,1.0,1.0,1.0,2.0,2.0,0.0,1.0,1.0,4.0,7.0,3.0,2.0,1962.0,1.0,3.0,1.0,6.0,5000.0,3.0,2,2,2,2,2,1.0,11.4,3.48,1.0,4.0,3.0,3.0,3.0,4.0,4.0,6.0,6.0,5.0,2.0,4.0,4.0,1.0,5.0,1.0,3.0,2.0,5.0,3.0,4.0,4.0,4.0,1.0,3.0,3.0,4.0,2.0,4.0,1.0,1.0,1.0,4.0,1.0,4.0,5.0,3.0,1.0,4.0,5.0,3.0,2.0,5.0,5.0,5.0,2.0,4.0,5.0,1.0,3.0,1.0,3.0,4.0,4.0,3.0,6,2,2,4,2,6.0,3,2.0,2.0,1.0,4.0,4,19.5,1,8.0,5.0,20.0,4,48.0,0.000367986
30860181,9.0,0,73,63,0,3.8,1.66,24,1.0,0.0,1.0,0.0,0.0,0.0,1.0,1.0,1.0,1.0,1.0,0.0,2.0,2.0,4.0,16.0,4.0,2.0,1929.0,1.0,1.0,9.0,6.0,7000.0,5.0,2,2,2,2,2,1.0,3.8,2.38,2.0,3.0,4.0,3.0,2.0,4.0,6.0,4.0,2.0,4.0,4.0,2.0,4.0,5.0,2.0,6.0,5.0,3.0,5.0,3.0,3.0,5.0,5.0,3.0,4.0,3.0,3.0,3.0,5.0,4.0,1.0,2.0,2.0,2.0,4.0,2.0,3.0,1.0,4.0,5.0,3.0,2.0,4.0,6.0,6.0,2.0,1.0,5.0,6.0,2.0,2.0,3.0,2.0,3.0,3.0,6,2,2,4,2,5.0,1,3.0,2.0,2.0,4.0,4,14.0,1,10.0,4.0,20.0,4,81.0,0.000181985
30860197,1.0,2,73,18,5,15.2,2.36,35,4.0,2.0,1.0,1.0,4.0,1.0,2.0,1.0,1.0,2.0,2.0,0.0,2.0,2.0,4.5,4.0,5.0,1.0,1962.0,1.0,3.0,1.0,6.0,9000.0,3.0,2,2,2,2,2,1.0,15.2,3.38,5.0,4.0,2.0,3.0,5.0,5.0,5.0,1.0,5.0,5.0,3.0,1.0,5.0,1.0,3.0,4.0,3.0,1.0,4.0,2.0,5.0,4.0,2.0,3.0,5.0,4.0,2.0,1.0,4.0,4.0,1.0,4.0,3.0,1.0,4.0,3.0,1.0,3.0,3.0,4.0,3.0,2.0,4.0,3.0,3.0,4.0,1.0,4.0,2.0,3.0,4.0,4.0,4.0,4.0,1.0,6,2,2,4,2,5.0,2,3.0,2.0,2.0,3.0,4,18.0,2,50.0,3.0,70.0,4,48.0,0.00087004
30860215,9.0,0,6,6,0,0.0,0.47,5,2.0,0.0,2.0,0.0,2.0,0.0,2.0,1.0,1.0,1.0,2.0,0.0,1.0,1.0,6.0,39.0,4.0,1.0,1935.0,1.0,3.0,9.0,3.0,7000.0,7.0,1,1,2,2,2,1.0,2.2,0.67,4.0,4.0,3.0,3.0,3.0,5.0,6.0,6.0,6.0,4.0,3.0,4.0,4.0,3.0,3.0,2.0,4.0,1.0,5.0,2.0,4.0,3.0,4.0,2.0,4.0,6.0,4.0,3.0,5.0,3.0,1.0,1.0,2.0,2.0,1.0,2.0,2.0,2.0,2.0,5.0,4.0,2.0,4.0,3.0,6.0,2.0,2.0,4.0,6.0,3.0,2.0,3.0,4.0,4.0,3.0,6,2,2,4,2,1.0,2,1.0,3.0,3.0,3.0,4,3.7,1,0.0,5.0,6.0,4,75.0,0.000125765
30860216,4.0,0,118,89,0,11.6,2.28,36,2.0,0.0,2.0,0.0,2.0,0.0,2.0,1.0,1.0,1.0,2.0,0.0,1.0,1.0,6.0,39.0,4.0,2.0,1940.0,1.0,3.0,9.0,3.0,7000.0,8.0,1,1,2,2,2,1.0,5.8,3.27,3.0,4.0,3.0,2.0,5.0,5.0,6.0,6.0,6.0,4.0,4.0,2.0,4.0,3.0,4.0,2.0,4.0,1.0,4.0,2.0,4.0,4.0,4.0,2.0,3.0,4.0,4.0,4.0,4.0,3.0,3.0,1.0,1.0,2.0,2.0,2.0,4.0,2.0,2.0,5.0,2.0,2.0,4.0,4.0,6.0,2.0,2.0,4.0,6.0,2.0,2.0,2.0,2.0,2.0,3.0,6,2,2,4,2,3.0,2,4.0,2.0,2.0,3.0,4,15.5,1,29.0,5.0,35.5,4,70.0,0.000113121
30860227,11.0,2,135,25,18,28.2,5.08,53,2.0,0.0,2.0,0.0,0.0,0.0,1.0,1.0,1.0,1.0,2.0,0.0,1.0,1.0,5.0,20.0,6.0,1.0,1947.0,1.0,2.0,9.0,3.0,15000.0,5.0,1,2,2,2,2,1.0,14.1,7.28,1.0,3.0,3.0,3.0,2.0,4.0,6.0,1.0,1.0,5.0,3.0,3.0,5.0,4.0,4.0,6.0,4.0,1.0,4.0,4.0,3.0,3.0,2.0,2.0,4.0,2.0,6.0,3.0,5.0,3.0,1.0,1.0,1.0,1.0,1.0,3.0,3.0,1.0,1.0,5.0,3.0,1.0,2.0,6.0,6.0,1.0,1.0,5.0,6.0,3.0,4.0,3.0,4.0,6.0,3.0,6,2,2,4,2,4.0,1,3.0,2.0,3.0,3.0,4,54.0,1,92.0,4.0,45.0,4,63.0,0.000109132
30860227,9.0,2,77,16,7,17.2,2.47,29,2.0,0.0,2.0,0.0,0.0,0.0,1.0,1.0,1.0,1.0,2.0,0.0,1.0,1.0,5.0,20.0,6.0,1.0,1947.0,1.0,2.0,9.0,3.0,15000.0,5.0,1,2,2,2,2,1.0,8.6,3.54,1.0,3.0,3.0,3.0,2.0,4.0,6.0,1.0,1.0,5.0,3.0,3.0,5.0,4.0,4.0,6.0,4.0,1.0,4.0,4.0,3.0,3.0,2.0,2.0,4.0,2.0,6.0,3.0,5.0,3.0,1.0,1.0,1.0,1.0,1.0,3.0,3.0,1.0,1.0,5.0,3.0,1.0,2.0,6.0,6.0,1.0,1.0,5.0,6.0,3.0,4.0,3.0,4.0,6.0,3.0,6,2,2,4,2,4.0,1,3.0,2.0,3.0,3.0,4,24.0,1,54.0,4.0,30.0,4,63.0,0.000109132
30860239,9.0,3,83,36,12,7.6,1.9,26,3.0,1.0,2.0,1.0,3.0,1.0,1.0,1.0,1.0,2.0,2.0,0.0,2.0,2.0,3.0,2.0,4.0,2.0,1975.0,1.0,7.0,2.0,6.0,7000.0,3.0,2,2,2,2,2,1.0,7.6,2.72,2.0,4.0,4.0,2.0,6.0,5.0,4.0,1.0,6.0,3.0,1.0,1.0,5.0,1.0,4.0,2.0,4.0,3.0,5.0,4.0,3.0,5.0,6.0,6.0,6.0,6.0,6.0,2.0,4.0,2.0,3.0,1.0,5.0,2.0,3.0,4.0,3.0,1.0,2.0,5.0,1.0,4.0,5.0,5.0,2.0,3.0,2.0,3.0,1.0,2.0,1.0,3.0,5.0,4.0,3.0,6,2,2,4,2,5.0,2,3.0,3.0,2.0,4.0,4,14.5,1,35.0,5.0,25.0,4,35.0,0.00087004
30860240,8.0,2,129,33,7,7.6,2.98,43,3.0,1.0,2.0,1.0,3.0,1.0,1.0,1.0,1.0,2.0,2.0,0.0,2.0,2.0,3.0,2.0,4.0,2.0,1975.0,1.0,7.0,2.0,6.0,7000.0,3.0,2,2,2,2,2,1.0,7.6,4.27,2.0,4.0,4.0,2.0,6.0,5.0,4.0,1.0,6.0,3.0,1.0,1.0,5.0,1.0,4.0,2.0,4.0,3.0,5.0,4.0,3.0,5.0,6.0,6.0,6.0,6.0,6.0,2.0,4.0,2.0,3.0,1.0,5.0,2.0,3.0,4.0,3.0,1.0,2.0,5.0,1.0,4.0,5.0,5.0,2.0,3.0,2.0,3.0,1.0,2.0,1.0,3.0,5.0,4.0,3.0,6,2,2,4,2,5.0,3,3.0,3.0,2.0,4.0,4,23.5,1,89.0,5.0,55.0,4,35.0,0.00087004
30860245,8.0,4,181,95,24,14.2,3.35,42,4.0,2.0,1.0,0.0,2.0,0.0,2.0,1.0,1.0,1.0,2.0,1.0,1.0,1.0,4.5,2.0,5.0,1.0,1967.0,1.0,3.0,1.0,6.0,9000.0,7.0,1,2,2,2,2,1.0,7.1,4.8,2.0,4.0,2.0,1.0,4.0,5.0,3.0,3.0,2.0,5.0,5.0,2.0,4.0,2.0,3.0,5.0,5.0,1.0,4.0,4.0,4.0,4.0,4.0,4.0,5.0,4.0,1.0,3.0,5.0,5.0,5.0,1.0,3.0,1.0,4.0,4.0,4.0,1.0,2.0,5.0,2.0,2.0,3.0,5.0,5.0,4.0,2.0,5.0,1.0,2.0,2.0,4.0,4.0,4.0,3.0,6,2,2,4,2,5.0,4,3.0,2.0,2.0,3.0,4,27.4,1,62.0,5.0,75.0,4,43.0,0.000160139
30860246,1.0,2,149,81,16,7.6,3.27,37,4.0,2.0,1.0,0.0,2.0,0.0,2.0,1.0,1.0,1.0,2.0,1.0,1.0,1.0,4.5,2.0,5.0,1.0,1967.0,1.0,3.0,1.0,6.0,9000.0,7.0,1,2,2,2,2,1.0,3.8,4.69,2.0,4.0,2.0,1.0,4.0,5.0,3.0,3.0,2.0,5.0,5.0,2.0,4.0,2.0,3.0,5.0,5.0,1.0,4.0,4.0,4.0,4.0,4.0,4.0,5.0,4.0,1.0,3.0,5.0,5.0,5.0,1.0,3.0,1.0,4.0,4.0,4.0,1.0,2.0,5.0,2.0,2.0,3.0,5.0,5.0,4.0,2.0,5.0,1.0,2.0,2.0,4.0,4.0,4.0,1.0,6,2,2,4,2,5.0,2,3.0,2.0,2.0,3.0,4,30.0,1,52.0,5.0,60.0,4,43.0,0.000160139
30860249,1.0,0,29,15,0,3.8,9.64,104,2.0,0.0,1.0,0.0,3.0,0.0,2.0,1.0,1.0,1.0,2.0,0.0,1.0,1.0,5.5,2.0,6.0,1.0,1955.0,1.0,2.0,1.0,3.0,15000.0,8.0,1,2,2,1,2,1.0,2.2,13.81,4.0,4.0,2.0,3.0,5.0,5.0,4.0,1.0,3.0,6.0,4.0,1.0,4.0,2.0,3.0,6.0,3.0,1.0,4.0,2.0,5.0,3.0,3.0,3.0,5.0,4.0,3.0,1.0,5.0,5.0,1.0,2.0,2.0,2.0,4.0,2.0,3.0,1.0,2.0,5.0,3.0,3.0,4.0,4.0,2.0,2.0,1.0,5.0,2.0,2.0,3.0,4.0,5.0,3.0,1.0,6,2,2,4,2,4.0,1,3.0,2.0,2.0,4.0,4,102.0,2,14.0,4.0,15.0,4,55.0,0.000160139
30860250,1.0,4,213,73,21,23.0,6.01,90,2.0,0.0,1.0,0.0,3.0,0.0,2.0,1.0,1.0,1.0,2.0,0.0,1.0,1.0,5.5,2.0,6.0,2.0,1955.0,1.0,2.0,2.0,6.0,15000.0,4.0,1,2,2,1,2,1.0,11.5,8.61,2.0,4.0,2.0,3.0,5.0,5.0,3.0,2.0,4.0,5.0,5.0,1.0,4.0,2.0,5.0,3.0,2.0,2.0,4.0,2.0,4.0,2.0,4.0,2.0,4.0,4.0,4.0,5.0,5.0,3.0,2.0,2.0,3.0,2.0,4.0,2.0,2.0,2.0,2.0,5.0,3.0,2.0,4.0,4.0,4.0,3.0,1.0,4.0,2.0,2.0,3.0,4.0,4.0,4.0,1.0,6,2,2,4,2,2.0,3,1.0,2.0,2.0,1.0,4,49.0,1,119.0,4.0,80.0,4,55.0,9.82e-05
30860253,1.0,3,163,75,23,34.2,7.67,88,2.0,0.0,2.0,0.0,4.0,0.0,2.0,1.0,1.0,2.0,2.0,0.0,1.0,1.0,6.0,2.0,4.0,2.0,1973.0,1.0,7.0,2.0,6.0,7000.0,2.0,1,2,2,2,2,1.0,17.1,10.99,4.0,3.0,3.0,2.0,4.0,4.0,2.0,2.0,6.0,3.0,1.0,5.0,5.0,5.0,4.0,6.0,4.0,2.0,5.0,2.0,3.0,4.0,3.0,4.0,3.0,6.0,6.0,4.0,5.0,2.0,2.0,1.0,3.0,1.0,1.0,1.0,1.0,1.0,1.0,5.0,2.0,4.0,3.0,2.0,3.0,1.0,2.0,4.0,2.0,1.0,4.0,2.0,2.0,4.0,1.0,6,2,2,4,2,6.0,2,4.0,2.0,2.0,4.0,4,76.0,1,65.0,5.0,90.0,4,37.0,0.003480603
30860254,1.0,4,156,73,17,9.6,3.69,57,2.0,0.0,2.0,0.0,4.0,0.0,2.0,1.0,1.0,2.0,2.0,0.0,1.0,1.0,6.0,2.0,4.0,1.0,1967.0,1.0,7.0,1.0,6.0,7000.0,4.0,1,2,2,2,2,1.0,4.8,5.29,2.0,5.0,1.0,1.0,5.0,5.0,2.0,2.0,2.0,5.0,5.0,5.0,4.0,1.0,3.0,3.0,2.0,1.0,4.0,4.0,5.0,2.0,5.0,3.0,5.0,3.0,2.0,1.0,5.0,5.0,2.0,1.0,4.0,1.0,2.0,3.0,3.0,1.0,1.0,5.0,1.0,5.0,4.0,3.0,5.0,4.0,1.0,5.0,2.0,2.0,4.0,3.0,4.0,4.0,2.0,6,2,2,4,2,6.0,2,2.0,2.0,2.0,4.0,4,32.0,1,66.0,5.0,50.0,4,43.0,0.000109132
30860265,4.0,2,100,26,6,22.8,5.39,49,1.0,0.0,2.0,0.0,2.0,0.0,1.0,1.0,1.0,1.0,2.0,0.0,1.0,2.0,3.5,7.0,6.0,1.0,1974.0,1.0,2.0,1.0,6.0,15000.0,3.0,2,2,2,2,2,1.0,22.8,7.72,2.0,4.0,2.0,3.0,3.0,5.0,2.0,4.0,3.0,5.0,2.0,5.0,4.0,3.0,4.0,6.0,5.0,3.0,5.0,3.0,4.0,4.0,3.0,2.0,4.0,2.0,3.0,2.0,4.0,4.0,1.0,2.0,3.0,3.0,4.0,2.0,3.0,1.0,3.0,3.0,3.0,2.0,3.0,4.0,3.0,3.0,2.0,4.0,2.0,3.0,2.0,3.0,4.0,4.0,3.0,6,2,2,4,2,4.0,1,2.0,3.0,3.0,1.0,4,55.0,1,68.0,4.0,35.0,4,36.0,0.000967286
30860274,1.0,2,122,48,5,15.2,4.79,65,3.0,1.0,1.0,0.0,3.0,1.0,2.0,0.0,1.0,2.0,2.0,0.0,1.0,1.0,6.5,2.0,5.0,1.0,1969.0,1.0,3.0,1.0,2.0,9000.0,6.0,1,2,2,1,2,2.0,7.6,6.86,2.0,2.0,3.0,2.0,2.0,4.0,5.0,1.0,4.0,5.0,3.0,2.0,4.0,1.0,4.0,1.0,4.0,1.0,4.0,1.0,5.0,4.0,3.0,2.0,4.0,4.0,4.0,2.0,5.0,5.0,3.0,1.0,3.0,2.0,4.0,2.0,4.0,1.0,2.0,4.0,1.0,4.0,4.0,4.0,3.0,4.0,3.0,4.0,3.0,4.0,2.0,4.0,4.0,3.0,1.0,6,2,2,4,2,3.0,2,3.0,2.0,2.0,1.0,4,43.0,0,69.0,5.0,89.0,4,41.0,0.000109132
30860310,3.0,3,143,80,15,13.4,2.87,42,5.0,1.0,2.0,2.0,5.0,0.0,6.0,2.0,1.0,2.0,5.0,2.0,1.0,1.0,7.5,4.0,6.0,2.0,1991.0,1.0,6.0,8.0,6.0,15000.0,2.0,1,2,2,2,2,2.0,6.7,4.11,1.0,4.0,2.0,3.0,2.0,4.0,4.0,4.0,4.0,5.0,4.0,3.0,4.0,4.0,4.0,5.0,5.0,3.0,4.0,3.0,4.0,4.0,3.0,1.0,4.0,5.0,4.0,4.0,5.0,4.0,5.0,4.0,4.0,3.0,5.0,1.0,5.0,4.0,4.0,4.0,3.0,4.0,4.0,5.0,5.0,4.0,4.0,5.0,2.0,2.0,3.0,2.0,2.0,4.0,2.0,6,2,2,4,2,4.0,3,3.0,1.0,2.0,4.0,4,21.0,0,48.0,5.0,124.0,4,19.0,0.002195453
30860391,1.0,3,85,22,13,7.6,2.17,30,3.0,1.0,1.0,0.0,5.0,1.0,2.0,1.0,1.0,1.0,2.0,2.0,1.0,1.0,5.0,3.0,5.0,2.0,1973.0,1.0,3.0,2.0,6.0,9000.0,6.0,1,1,2,2,2,2.0,3.8,3.11,2.0,4.0,2.0,2.0,3.0,5.0,4.0,2.0,4.0,3.0,4.0,4.0,4.0,3.0,4.0,4.0,2.0,2.0,4.0,3.0,3.0,4.0,4.0,4.0,4.0,3.0,2.0,3.0,4.0,4.0,2.0,1.0,2.0,4.0,4.0,2.0,4.0,4.0,4.0,3.0,3.0,2.0,4.0,4.0,4.0,4.0,4.0,2.0,2.0,3.0,3.0,3.0,3.0,4.0,1.0,6,2,2,4,2,5.0,2,3.0,2.0,1.0,3.0,4,19.0,0,50.0,3.0,83.0,4,37.0,0.000232084
30860394,1.0,1,87,8,1,5.8,1.31,16,5.0,1.0,2.0,0.0,8.0,1.0,2.0,1.0,1.0,2.0,5.0,0.0,2.0,1.0,4.5,12.0,4.0,1.0,1963.0,1.0,3.0,1.0,3.0,7000.0,3.0,1,2,2,2,2,1.0,2.9,1.88,2.0,3.0,4.0,3.0,3.0,4.0,4.0,2.0,1.0,4.0,5.0,4.0,3.0,1.0,3.0,1.0,4.0,3.0,4.0,2.0,4.0,2.0,4.0,3.0,4.0,3.0,2.0,3.0,5.0,4.0,1.0,4.0,5.0,2.0,3.0,3.0,3.0,1.0,2.0,4.0,2.0,4.0,4.0,4.0,4.0,3.0,4.0,4.0,2.0,3.0,3.0,4.0,4.0,4.0,1.0,6,2,2,4,2,5.0,1,1.0,2.0,2.0,4.0,4,11.0,1,78.0,5.0,15.0,4,47.0,0.000409116
30860430,4.0,4,263,96,45,22.8,5.42,77,1.0,0.0,1.0,0.0,2.0,0.0,1.0,1.0,1.0,1.0,1.0,0.0,2.0,2.0,2.0,8.0,2.0,2.0,1960.0,1.0,1.0,3.0,2.0,3250.0,7.0,1,2,2,2,2,1.0,11.4,7.77,2.0,4.0,4.0,3.0,4.0,5.0,4.0,4.0,3.0,5.0,4.0,2.0,4.0,2.0,5.0,6.0,3.0,3.0,2.0,3.0,4.0,4.0,3.0,2.0,4.0,2.0,4.0,4.0,4.0,4.0,1.0,3.0,4.0,2.0,2.0,2.0,4.0,2.0,2.0,5.0,4.0,2.0,4.0,4.0,6.0,2.0,2.0,4.0,4.0,2.0,3.0,5.0,5.0,3.0,3.0,6,2,2,4,2,5.0,6,2.0,2.0,2.0,3.0,4,47.0,1,122.0,4.0,150.0,4,50.0,0.000144039
30860443,9.0,5,157,25,20,33.0,5.78,64,4.0,0.0,2.0,0.0,3.0,0.0,3.0,1.0,1.0,1.0,4.0,0.0,2.0,2.0,5.0,11.0,6.0,1.0,1961.0,1.0,3.0,1.0,6.0,15000.0,3.0,1,1,2,2,2,1.0,16.5,8.28,2.0,3.0,4.0,2.0,3.0,4.0,5.0,3.0,4.0,4.0,3.0,2.0,5.0,2.0,5.0,2.0,5.0,2.0,4.0,3.0,5.0,4.0,3.0,2.0,4.0,5.0,4.0,4.0,5.0,4.0,2.0,4.0,3.0,2.0,5.0,4.0,3.0,1.0,1.0,5.0,2.0,3.0,4.0,5.0,4.0,2.0,1.0,5.0,3.0,1.0,4.0,3.0,4.0,4.0,3.0,6,2,2,4,2,6.0,1,4.0,2.0,2.0,4.0,4,62.0,1,112.0,5.0,210.0,4,49.0,0.000409116
30860444,1.0,2,138,52,7,11.6,4.61,56,4.0,0.0,2.0,0.0,3.0,0.0,3.0,1.0,1.0,1.0,4.0,0.0,2.0,2.0,5.0,11.0,6.0,1.0,1961.0,1.0,3.0,1.0,6.0,15000.0,3.0,1,1,2,2,2,1.0,5.8,6.61,2.0,3.0,4.0,2.0,3.0,4.0,5.0,3.0,4.0,4.0,3.0,2.0,5.0,2.0,5.0,2.0,5.0,2.0,4.0,3.0,5.0,4.0,3.0,2.0,4.0,5.0,4.0,4.0,5.0,4.0,2.0,4.0,3.0,2.0,5.0,4.0,3.0,1.0,1.0,5.0,2.0,3.0,4.0,5.0,4.0,2.0,1.0,5.0,3.0,1.0,4.0,3.0,4.0,4.0,1.0,6,2,2,4,2,6.0,2,4.0,2.0,2.0,4.0,4,39.0,2,79.0,5.0,80.0,4,49.0,0.000409116
30860447,6.0,0,62,0,0,0.0,0.55,7,2.0,0.0,2.0,0.0,0.0,0.0,1.0,1.0,1.0,1.0,2.0,0.0,1.0,1.0,4.0,18.0,2.0,2.0,1937.0,1.0,2.0,6.0,6.0,3250.0,3.0,2,2,2,2,1,1.0,0.0,0.79,2.0,3.0,5.0,3.0,3.0,4.0,4.0,3.0,4.0,3.0,4.0,4.0,4.0,2.0,4.0,6.0,5.0,2.0,5.0,3.0,3.0,5.0,6.0,5.0,4.0,3.0,5.0,5.0,4.0,5.0,6.0,3.0,5.0,2.0,5.0,5.0,3.0,6.0,6.0,5.0,2.0,2.0,4.0,4.0,4.0,3.0,3.0,5.0,2.0,3.0,4.0,4.0,4.0,4.0,3.0,6,2,2,4,2,5.0,1,3.0,2.0,2.0,3.0,4,5.5,1,62.0,4.0,10.0,4,73.0,0.000288998
30860447,4.0,0,19,7,0,3.8,0.9,13,2.0,0.0,2.0,0.0,0.0,0.0,1.0,1.0,1.0,1.0,2.0,0.0,1.0,1.0,4.0,18.0,2.0,2.0,1937.0,1.0,2.0,6.0,6.0,3250.0,3.0,2,2,2,2,1,1.0,3.8,1.29,2.0,3.0,5.0,3.0,3.0,4.0,4.0,3.0,4.0,3.0,4.0,4.0,4.0,2.0,4.0,6.0,5.0,2.0,5.0,3.0,3.0,5.0,6.0,5.0,4.0,3.0,5.0,5.0,4.0,5.0,6.0,3.0,5.0,2.0,5.0,5.0,3.0,6.0,6.0,5.0,2.0,2.0,4.0,4.0,4.0,3.0,3.0,5.0,2.0,3.0,4.0,4.0,4.0,4.0,3.0,6,2,2,4,2,5.0,1,3.0,2.0,2.0,3.0,4,8.0,1,12.0,4.0,30.0,4,73.0,0.000288998
30860448,2.0,0,35,30,0,7.6,1.34,17,2.0,0.0,2.0,0.0,0.0,0.0,1.0,1.0,1.0,1.0,2.0,0.0,1.0,1.0,4.0,18.0,2.0,1.0,1928.0,1.0,2.0,2.0,4.0,3250.0,3.0,2,2,2,2,2,1.0,7.6,1.92,2.0,4.0,3.0,2.0,4.0,5.0,3.0,3.0,3.0,5.0,4.0,4.0,4.0,2.0,4.0,6.0,4.0,1.0,4.0,4.0,4.0,3.0,4.0,2.0,4.0,4.0,4.0,2.0,4.0,4.0,1.0,4.0,3.0,2.0,4.0,4.0,3.0,1.0,2.0,5.0,2.0,2.0,3.0,4.0,3.0,3.0,2.0,4.0,2.0,3.0,2.0,4.0,4.0,4.0,1.0,6,2,2,4,2,5.0,2,3.0,2.0,3.0,1.0,4,10.5,1,5.0,5.0,29.0,4,82.0,0.000758481
30860449,10.0,2,95,74,3,11.6,1.18,14,1.0,0.0,1.0,0.0,1.0,0.0,1.0,2.0,1.0,2.0,0.0,0.0,1.0,1.0,4.0,33.0,3.0,1.0,1943.0,1.0,1.0,9.0,6.0,5000.0,3.0,2,2,2,2,2,1.0,11.6,1.69,1.0,1.0,5.0,5.0,1.0,3.0,6.0,6.0,6.0,3.0,1.0,5.0,5.0,4.0,2.0,6.0,5.0,6.0,5.0,4.0,3.0,5.0,3.0,4.0,1.0,1.0,4.0,3.0,1.0,1.0,1.0,1.0,3.0,2.0,3.0,3.0,2.0,1.0,2.0,6.0,2.0,2.0,4.0,6.0,6.0,3.0,3.0,4.0,1.0,3.0,2.0,3.0,3.0,2.0,3.0,6,2,2,4,2,4.0,2,1.0,2.0,2.0,3.0,4,10.0,1,18.0,4.0,27.0,4,67.0,0.0003213
30860450,9.0,0,29,27,0,3.8,0.28,3,1.0,0.0,1.0,0.0,1.0,0.0,1.0,2.0,1.0,2.0,1.0,0.0,1.0,1.0,4.0,33.0,3.0,1.0,1943.0,1.0,1.0,9.0,6.0,5000.0,3.0,2,2,2,2,2,1.0,3.8,0.4,1.0,1.0,5.0,4.0,1.0,3.0,6.0,6.0,6.0,3.0,1.0,5.0,5.0,4.0,2.0,6.0,5.0,6.0,5.0,4.0,3.0,5.0,3.0,4.0,1.0,1.0,4.0,3.0,1.0,1.0,1.0,1.0,3.0,6.0,6.0,3.0,2.0,1.0,2.0,3.0,2.0,2.0,4.0,6.0,6.0,6.0,6.0,4.0,1.0,3.0,1.0,3.0,3.0,2.0,3.0,6,2,2,4,2,4.0,1,1.0,2.0,2.0,3.0,4,1.9,1,2.0,4.0,10.0,4,67.0,0.0003213
30860450,7.0,8,291,161,28,46.0,6.36,85,1.0,0.0,1.0,0.0,1.0,0.0,1.0,2.0,1.0,2.0,1.0,0.0,1.0,1.0,4.0,33.0,3.0,1.0,1943.0,1.0,1.0,9.0,6.0,5000.0,3.0,2,2,2,2,2,1.0,46.0,9.11,1.0,1.0,5.0,4.0,1.0,3.0,6.0,6.0,6.0,3.0,1.0,5.0,5.0,4.0,2.0,6.0,5.0,6.0,5.0,4.0,3.0,5.0,3.0,4.0,1.0,1.0,4.0,3.0,1.0,1.0,1.0,1.0,3.0,6.0,6.0,3.0,2.0,1.0,2.0,3.0,2.0,2.0,4.0,6.0,6.0,6.0,6.0,4.0,1.0,3.0,1.0,3.0,3.0,2.0,3.0,6,2,2,4,2,4.0,4,1.0,2.0,2.0,3.0,4,54.5,0,102.0,4.0,79.0,4,67.0,0.0003213
30860491,1.0,5,193,51,36,45.4,8.87,85,2.0,0.0,1.0,2.0,4.0,0.0,2.0,2.0,1.0,1.0,2.0,0.0,1.0,1.0,5.5,4.0,6.0,2.0,1964.0,1.0,2.0,2.0,1.0,15000.0,6.0,2,2,1,2,2,1.0,0.0,12.71,5.0,5.0,1.0,1.0,5.0,5.0,5.0,3.0,4.0,4.0,5.0,1.0,4.0,1.0,5.0,1.0,1.0,1.0,4.0,1.0,5.0,1.0,3.0,1.0,5.0,4.0,4.0,2.0,5.0,5.0,1.0,4.0,3.0,1.0,5.0,3.0,1.0,1.0,1.0,5.0,3.0,1.0,4.0,4.0,4.0,6.0,1.0,4.0,1.0,1.0,1.0,4.0,5.0,3.0,1.0,6,2,2,4,2,4.0,3,2.0,3.0,3.0,4.0,4,87.0,0,106.0,5.0,103.0,4,46.0,9.82e-05
30860495,4.0,2,92,31,7,11.4,3.08,49,3.0,1.0,1.0,0.0,3.0,1.0,3.0,1.0,1.0,2.0,3.0,1.0,1.0,2.0,6.5,2.0,5.0,2.0,1976.0,1.0,3.0,6.0,3.0,9000.0,3.0,1,2,2,2,2,2.0,5.7,4.41,3.0,1.0,3.0,2.0,3.0,3.0,5.0,2.0,5.0,3.0,5.0,2.0,2.0,2.0,5.0,1.0,2.0,3.0,4.0,2.0,4.0,1.0,2.0,1.0,5.0,4.0,2.0,1.0,5.0,4.0,2.0,2.0,4.0,3.0,4.0,2.0,4.0,1.0,2.0,5.0,2.0,4.0,3.0,4.0,3.0,3.0,3.0,3.0,2.0,1.0,4.0,2.0,2.0,4.0,3.0,6,2,2,4,2,6.0,2,4.0,2.0,1.0,4.0,4,23.0,0,54.0,2.0,100.0,4,34.0,0.00087004
30860533,11.0,4,146,72,12,15.2,3.27,48,4.0,3.0,1.0,0.0,4.0,3.0,1.0,1.0,1.0,2.0,1.0,0.0,2.0,2.0,4.0,1.0,3.0,2.0,1972.0,1.0,4.0,4.0,7.0,5000.0,3.0,2,2,2,2,1,1.0,15.2,4.69,1.0,1.0,3.0,3.0,5.0,5.0,3.0,4.0,2.0,4.0,2.0,5.0,5.0,2.0,3.0,4.0,4.0,1.0,4.0,4.0,4.0,4.0,6.0,2.0,6.0,6.0,6.0,4.0,5.0,3.0,2.0,6.0,6.0,2.0,1.0,5.0,3.0,1.0,1.0,5.0,1.0,5.0,5.0,4.0,6.0,2.0,1.0,5.0,2.0,2.0,4.0,3.0,4.0,5.0,3.0,6,2,2,4,2,4.0,4,1.0,3.0,2.0,2.0,4,28.0,1,62.0,5.0,75.0,4,38.0,0.00087004
30860533,8.0,6,289,86,41,30.4,8.84,103,4.0,3.0,1.0,0.0,4.0,3.0,1.0,1.0,1.0,2.0,1.0,0.0,2.0,2.0,4.0,1.0,3.0,2.0,1972.0,1.0,4.0,4.0,7.0,5000.0,3.0,2,2,2,2,1,1.0,30.4,12.67,1.0,1.0,3.0,3.0,5.0,5.0,3.0,4.0,2.0,4.0,2.0,5.0,5.0,2.0,3.0,4.0,4.0,1.0,4.0,4.0,4.0,4.0,6.0,2.0,6.0,6.0,6.0,4.0,5.0,3.0,2.0,6.0,6.0,2.0,1.0,5.0,3.0,1.0,1.0,5.0,1.0,5.0,5.0,4.0,6.0,2.0,1.0,5.0,2.0,2.0,4.0,3.0,4.0,5.0,3.0,6,2,2,4,2,4.0,3,1.0,3.0,2.0,2.0,4,89.0,1,162.0,5.0,120.0,4,38.0,0.00087004
30860539,8.0,0,18,8,0,3.8,0.52,8,5.0,3.0,2.0,0.0,5.0,3.0,2.0,1.0,1.0,1.0,2.0,1.0,1.0,1.0,8.0,12.0,6.0,2.0,1967.0,1.0,3.0,2.0,6.0,15000.0,7.0,1,2,2,2,2,1.0,2.2,0.75,4.0,5.0,3.0,3.0,5.0,5.0,3.0,4.0,2.0,4.0,6.0,4.0,3.0,1.0,5.0,2.0,3.0,1.0,4.0,2.0,3.0,2.0,6.0,1.0,5.0,3.0,4.0,2.0,4.0,3.0,2.0,1.0,4.0,3.0,3.0,2.0,4.0,3.0,2.0,4.0,2.0,2.0,3.0,4.0,4.0,2.0,1.0,5.0,2.0,2.0,2.0,3.0,4.0,4.0,3.0,6,2,2,4,2,5.0,1,3.0,2.0,2.0,3.0,4,4.5,1,10.0,3.0,15.0,4,43.0,0.000144039
30860539,8.0,0,36,32,0,7.6,2.74,46,5.0,3.0,2.0,0.0,5.0,3.0,2.0,1.0,1.0,1.0,2.0,1.0,1.0,1.0,8.0,12.0,6.0,2.0,1967.0,1.0,3.0,2.0,6.0,15000.0,7.0,1,2,2,2,2,1.0,3.8,3.93,4.0,5.0,3.0,3.0,5.0,5.0,3.0,4.0,2.0,4.0,6.0,4.0,3.0,1.0,5.0,2.0,3.0,1.0,4.0,2.0,3.0,2.0,6.0,1.0,5.0,3.0,4.0,2.0,4.0,3.0,2.0,1.0,4.0,3.0,3.0,2.0,4.0,3.0,2.0,4.0,2.0,2.0,3.0,4.0,4.0,2.0,1.0,5.0,2.0,2.0,2.0,3.0,4.0,4.0,3.0,6,2,2,4,2,5.0,2,3.0,2.0,2.0,3.0,4,24.0,1,4.0,3.0,30.0,4,43.0,0.000144039
30860539,1.0,2,97,35,17,7.6,3.13,35,5.0,3.0,2.0,0.0,5.0,3.0,2.0,1.0,1.0,1.0,2.0,1.0,1.0,1.0,8.0,12.0,6.0,2.0,1967.0,1.0,3.0,2.0,6.0,15000.0,7.0,1,2,2,2,2,1.0,3.8,4.49,4.0,5.0,3.0,3.0,5.0,5.0,3.0,4.0,2.0,4.0,6.0,4.0,3.0,1.0,5.0,2.0,3.0,1.0,4.0,2.0,3.0,2.0,6.0,1.0,5.0,3.0,4.0,2.0,4.0,3.0,2.0,1.0,4.0,3.0,3.0,2.0,4.0,3.0,2.0,4.0,2.0,2.0,3.0,4.0,4.0,2.0,1.0,5.0,2.0,2.0,2.0,3.0,4.0,4.0,1.0,6,2,2,4,2,5.0,1,3.0,2.0,2.0,3.0,4,31.0,1,45.0,3.0,25.0,4,43.0,0.000144039
30860540,1.0,6,224,75,23,23.0,8.9,89,5.0,3.0,2.0,0.0,7.0,3.0,3.0,1.0,1.0,1.0,2.0,1.0,1.0,1.0,8.0,15.0,6.0,1.0,1960.0,3.0,3.0,1.0,7.0,15000.0,8.0,1,2,2,2,2,1.0,11.5,12.75,1.0,5.0,3.0,5.0,5.0,5.0,3.0,4.0,2.0,5.0,6.0,5.0,3.0,1.0,5.0,5.0,5.0,1.0,3.0,3.0,5.0,1.0,5.0,1.0,5.0,5.0,6.0,1.0,5.0,3.0,6.0,1.0,3.0,1.0,1.0,1.0,5.0,1.0,1.0,5.0,1.0,1.0,3.0,5.0,4.0,1.0,1.0,5.0,3.0,2.0,3.0,4.0,5.0,5.0,3.0,6,2,2,4,2,2.0,3,3.0,3.0,3.0,3.0,4,86.0,1,126.0,4.0,100.0,4,50.0,0.000160139
30860545,1.0,2,122,38,9,7.6,4.65,60,2.0,0.0,2.0,1.0,4.0,0.0,1.0,1.0,1.0,1.0,2.0,0.0,1.0,1.0,5.0,10.0,6.0,2.0,1955.0,1.0,7.0,1.0,1.0,15000.0,7.0,1,2,2,2,2,1.0,3.8,6.66,2.0,2.0,3.0,2.0,3.0,4.0,4.0,2.0,4.0,5.0,4.0,3.0,4.0,1.0,3.0,6.0,2.0,1.0,4.0,4.0,4.0,2.0,4.0,3.0,5.0,4.0,3.0,2.0,5.0,5.0,1.0,3.0,1.0,1.0,3.0,4.0,2.0,1.0,1.0,5.0,3.0,3.0,5.0,3.0,3.0,2.0,1.0,5.0,1.0,3.0,4.0,3.0,1.0,5.0,2.0,6,2,2,4,2,4.0,2,4.0,2.0,2.0,1.0,4,42.0,1,75.0,5.0,60.0,4,55.0,0.000144039
30860546,1.0,3,112,65,12,11.4,2.35,33,2.0,0.0,2.0,1.0,5.0,0.0,1.0,1.0,1.0,1.0,2.0,0.0,1.0,1.0,5.0,10.0,6.0,1.0,1957.0,1.0,7.0,2.0,2.0,15000.0,7.0,1,2,2,2,2,1.0,5.7,3.37,5.0,2.0,2.0,2.0,4.0,5.0,4.0,3.0,1.0,4.0,4.0,2.0,4.0,2.0,4.0,6.0,4.0,1.0,4.0,3.0,4.0,2.0,4.0,1.0,5.0,2.0,2.0,2.0,5.0,5.0,1.0,4.0,3.0,2.0,4.0,4.0,2.0,1.0,2.0,5.0,4.0,1.0,4.0,3.0,4.0,3.0,2.0,5.0,2.0,2.0,3.0,4.0,5.0,4.0,3.0,6,2,2,4,2,4.0,3,1.0,3.0,3.0,3.0,4,18.3,1,35.0,6.0,30.0,4,53.0,0.000160139
30860595,7.0,2,100,26,8,7.6,3.45,49,1.0,0.0,1.0,0.0,0.0,0.0,1.0,1.0,1.0,1.0,1.0,1.0,1.0,1.0,5.5,37.0,2.0,2.0,1941.0,1.0,1.0,9.0,6.0,3250.0,2.0,1,2,2,2,1,1.0,3.8,4.94,2.0,3.0,4.0,5.0,3.0,4.0,4.0,6.0,6.0,4.0,4.0,6.0,4.0,3.0,5.0,6.0,4.0,1.0,4.0,2.0,4.0,4.0,2.0,4.0,4.0,4.0,4.0,4.0,4.0,4.0,6.0,4.0,2.0,2.0,4.0,4.0,2.0,2.0,4.0,4.0,2.0,2.0,4.0,4.0,6.0,6.0,6.0,4.0,6.0,6.0,4.0,6.0,4.0,2.0,3.0,6,2,2,4,2,5.0,2,1.0,2.0,2.0,4.0,4,30.0,0,66.0,4.0,133.0,4,69.0,0.00115614
30860603,1.0,3,144,74,7,11.4,3.71,53,3.0,0.0,1.0,0.0,2.0,0.0,1.0,1.0,1.0,1.0,3.0,0.0,2.0,2.0,4.0,22.0,4.0,2.0,1988.0,1.0,6.0,1.0,6.0,7000.0,3.0,1,1,2,2,2,3.0,5.7,5.32,3.0,4.0,3.0,2.0,4.0,5.0,2.0,3.0,3.0,2.0,3.0,4.0,3.0,3.0,5.0,5.0,4.0,6.0,6.0,6.0,6.0,4.0,6.0,5.0,4.0,4.0,5.0,3.0,5.0,4.0,3.0,2.0,5.0,4.0,4.0,5.0,5.0,3.0,1.0,5.0,4.0,1.0,5.0,5.0,5.0,4.0,4.0,6.0,3.0,2.0,1.0,5.0,3.0,3.0,2.0,6,2,2,4,2,5.0,3,3.0,3.0,3.0,1.0,4,33.5,0,63.0,5.0,88.0,4,22.0,0.00087004
30860616,7.0,8,426,119,60,45.6,11.87,136,1.0,0.0,1.0,0.0,1.0,0.0,1.0,0.0,2.0,1.0,1.0,0.0,2.0,2.0,3.0,21.0,2.0,2.0,1945.0,1.0,1.0,2.0,6.0,3250.0,4.0,1,2,2,2,2,1.0,22.8,17.01,1.0,4.0,4.0,4.0,4.0,5.0,6.0,6.0,6.0,2.0,5.0,5.0,5.0,1.0,4.0,6.0,6.0,1.0,4.0,3.0,3.0,1.0,6.0,1.0,6.0,6.0,1.0,1.0,1.0,1.0,1.0,6.0,1.0,2.0,5.0,5.0,5.0,1.0,2.0,5.0,4.0,3.0,3.0,3.0,6.0,6.0,1.0,5.0,6.0,6.0,5.0,3.0,3.0,3.0,3.0,6,2,2,4,2,6.0,2,3.0,2.0,3.0,1.0,4,116.0,1,247.0,5.0,135.0,4,65.0,7.71e-05
30860644,9.0,2,55,6,7,34.0,1.56,23,1.0,0.0,1.0,0.0,0.0,0.0,0.0,1.0,2.0,1.0,1.0,0.0,1.0,1.0,5.0,40.0,2.0,1.0,1939.0,1.0,1.0,9.0,6.0,3250.0,2.0,1,2,2,2,2,1.0,17.0,2.24,2.0,4.0,2.0,3.0,2.0,4.0,6.0,6.0,4.0,4.0,4.0,3.0,5.0,3.0,4.0,6.0,4.0,3.0,4.0,4.0,4.0,4.0,4.0,2.0,4.0,4.0,4.0,2.0,2.0,2.0,3.0,4.0,4.0,2.0,4.0,4.0,2.0,2.0,3.0,5.0,2.0,4.0,4.0,4.0,6.0,3.0,4.0,4.0,3.0,4.0,4.0,4.0,4.0,4.0,3.0,6,2,2,4,2,6.0,1,2.0,2.0,2.0,4.0,4,11.0,1,42.0,4.0,20.0,4,71.0,0.001285365
30860650,10.0,6,327,40,47,111.6,26.09,192,2.0,0.0,1.0,1.0,2.0,0.0,1.0,1.0,1.0,1.0,2.0,0.0,1.0,1.0,5.5,38.0,3.0,1.0,1940.0,1.0,5.0,9.0,6.0,5000.0,3.0,2,2,1,2,2,1.0,0.0,37.39,4.0,4.0,3.0,2.0,4.0,5.0,3.0,3.0,4.0,5.0,5.0,3.0,4.0,4.0,5.0,3.0,3.0,2.0,4.0,2.0,4.0,3.0,3.0,2.0,5.0,3.0,4.0,3.0,4.0,4.0,2.0,4.0,3.0,4.0,4.0,3.0,3.0,2.0,3.0,2.0,1.0,3.0,4.0,3.0,4.0,4.0,4.0,5.0,3.0,4.0,2.0,2.0,4.0,3.0,3.0,6,2,2,4,2,5.0,2,2.0,3.0,3.0,3.0,4,283.0,0,240.0,4.0,409.0,4,70.0,0.0003213
30860667,1.0,1,41,6,7,5.8,1.44,21,5.0,1.0,3.0,2.0,2.0,1.0,3.0,2.0,1.0,1.0,5.0,0.0,1.0,1.0,5.0,15.0,4.0,1.0,1962.0,1.0,6.0,5.0,8.0,7000.0,1.0,2,1,2,2,2,3.0,0.0,2.06,3.0,3.0,4.0,3.0,3.0,3.0,3.0,4.0,3.0,3.0,3.0,4.0,3.0,3.0,3.0,4.0,4.0,3.0,4.0,4.0,3.0,3.0,4.0,3.0,4.0,4.0,4.0,3.0,4.0,4.0,4.0,4.0,4.0,3.0,3.0,3.0,4.0,3.0,3.0,4.0,3.0,4.0,4.0,4.0,3.0,3.0,3.0,4.0,3.0,3.0,4.0,3.0,3.0,4.0,1.0,6,2,2,4,2,5.0,1,3.0,2.0,2.0,3.0,4,10.0,0,28.0,3.0,32.0,4,48.0,0.002515284
30860672,1.0,0,35,34,0,7.6,0.49,4,2.0,0.0,1.0,1.0,3.0,0.0,1.0,1.0,1.0,1.0,2.0,0.0,2.0,2.0,3.5,0.0,2.0,2.0,1952.0,1.0,2.0,6.0,3.0,3250.0,3.0,1,2,2,2,2,1.0,3.8,0.7,2.0,4.0,3.0,2.0,4.0,5.0,5.0,2.0,4.0,5.0,3.0,4.0,4.0,2.0,4.0,2.0,3.0,1.0,5.0,3.0,5.0,2.0,4.0,4.0,2.0,2.0,2.0,3.0,3.0,2.0,1.0,1.0,3.0,4.0,6.0,4.0,3.0,1.0,3.0,5.0,4.0,1.0,5.0,4.0,5.0,3.0,1.0,5.0,2.0,3.0,2.0,3.0,3.0,4.0,3.0,6,2,2,4,2,6.0,4,1.0,2.0,2.0,1.0,4,1.3,1,1.0,4.0,17.0,4,58.0,0.000367986
30860708,10.0,4,235,46,12,77.4,18.09,147,3.0,1.0,2.0,0.0,5.0,1.0,2.0,1.0,1.0,2.0,2.0,2.0,2.0,2.0,4.0,5.0,6.0,2.0,1974.0,1.0,3.0,2.0,2.0,15000.0,8.0,1,2,2,2,2,1.0,38.7,25.92,3.0,4.0,2.0,3.0,4.0,4.0,3.0,3.0,2.0,5.0,2.0,1.0,5.0,1.0,3.0,4.0,2.0,1.0,4.0,3.0,5.0,1.0,2.0,1.0,5.0,4.0,2.0,1.0,5.0,4.0,1.0,1.0,2.0,1.0,5.0,1.0,2.0,1.0,2.0,5.0,3.0,2.0,4.0,5.0,4.0,4.0,1.0,5.0,2.0,2.0,3.0,4.0,5.0,4.0,3.0,6,2,2,4,2,4.0,2,1.0,2.0,3.0,4.0,4,190.0,1,177.0,5.0,130.0,4,36.0,0.000340556
30860711,1.0,2,169,88,10,15.2,5.41,74,1.0,0.0,1.0,1.0,4.0,0.0,1.0,1.0,1.0,1.0,1.0,0.0,1.0,1.0,5.0,6.0,4.0,1.0,1944.0,1.0,1.0,2.0,3.0,7000.0,3.0,1,2,2,2,2,1.0,7.6,7.75,2.0,3.0,2.0,2.0,3.0,5.0,4.0,2.0,2.0,3.0,3.0,2.0,2.0,2.0,4.0,3.0,4.0,2.0,4.0,3.0,4.0,2.0,2.0,4.0,4.0,2.0,2.0,2.0,4.0,3.0,2.0,2.0,2.0,2.0,2.0,2.0,2.0,2.0,2.0,4.0,2.0,4.0,4.0,4.0,3.0,2.0,2.0,4.0,2.0,3.0,2.0,4.0,4.0,4.0,2.0,6,2,2,4,2,1.0,4,3.0,2.0,2.0,3.0,4,47.0,1,71.0,4.0,35.5,4,66.0,0.0003213
30860712,1.0,9,250,112,32,23.2,5.22,76,1.0,0.0,1.0,1.0,4.0,0.0,1.0,1.0,1.0,1.0,1.0,0.0,1.0,1.0,5.0,6.0,4.0,1.0,1944.0,1.0,1.0,2.0,3.0,7000.0,3.0,1,2,2,2,2,1.0,11.6,7.48,2.0,3.0,2.0,2.0,3.0,5.0,4.0,2.0,2.0,3.0,3.0,2.0,2.0,2.0,4.0,3.0,4.0,2.0,4.0,3.0,4.0,2.0,2.0,4.0,4.0,2.0,2.0,2.0,4.0,3.0,2.0,2.0,2.0,2.0,2.0,2.0,2.0,2.0,2.0,4.0,2.0,4.0,4.0,4.0,3.0,2.0,2.0,4.0,2.0,3.0,2.0,4.0,4.0,4.0,3.0,6,2,2,4,2,1.0,4,3.0,2.0,2.0,3.0,4,42.0,1,106.0,4.0,150.0,4,66.0,0.0003213
30860718,7.0,11,418,115,116,47.2,10.57,126,2.0,0.0,1.0,0.0,2.0,0.0,1.0,1.0,1.0,1.0,1.0,0.0,2.0,2.0,3.0,7.0,4.0,1.0,1939.0,1.0,2.0,9.0,6.0,7000.0,3.0,1,1,2,2,2,1.0,23.6,15.15,6.0,3.0,6.0,4.0,3.0,6.0,3.0,3.0,3.0,3.0,5.0,4.0,3.0,3.0,4.0,3.0,3.0,6.0,4.0,3.0,3.0,3.0,3.0,5.0,4.0,3.0,3.0,5.0,4.0,4.0,3.0,3.0,3.0,3.0,4.0,3.0,2.0,2.0,2.0,3.0,3.0,2.0,4.0,3.0,3.0,1.0,3.0,5.0,3.0,3.0,2.0,5.0,5.0,3.0,3.0,6,2,2,4,2,5.0,4,3.0,2.0,2.0,3.0,4,101.0,1,187.0,4.0,180.0,4,71.0,0.0003213
30860723,1.0,3,132,47,14,13.4,2.85,42,1.0,0.0,1.0,0.0,1.0,0.0,1.0,1.0,1.0,2.0,1.0,0.0,2.0,2.0,2.5,7.0,4.0,1.0,1971.0,1.0,1.0,1.0,6.0,7000.0,3.0,1,2,2,2,2,1.0,6.7,4.08,1.0,3.0,3.0,3.0,3.0,4.0,4.0,3.0,6.0,4.0,3.0,3.0,4.0,3.0,3.0,6.0,4.0,3.0,4.0,3.0,4.0,4.0,3.0,2.0,4.0,3.0,4.0,2.0,4.0,3.0,2.0,3.0,3.0,1.0,1.0,3.0,3.0,1.0,1.0,5.0,3.0,3.0,4.0,4.0,3.0,3.0,2.0,3.0,2.0,3.0,3.0,2.0,3.0,4.0,2.0,6,2,2,4,2,5.0,3,3.0,2.0,2.0,3.0,4,20.0,1,71.0,5.0,95.0,4,39.0,0.000967286
30860725,11.0,1,112,45,5,19.0,6.39,90,2.0,0.0,0.0,0.0,2.0,0.0,3.0,1.0,1.0,2.0,2.0,0.0,2.0,1.0,4.0,1.0,6.0,1.0,1955.0,1.0,5.0,1.0,6.0,15000.0,3.0,2,2,1,2,2,2.0,0.0,9.16,5.0,5.0,3.0,5.0,2.0,5.0,5.0,6.0,6.0,6.0,4.0,5.0,5.0,5.0,4.0,6.0,5.0,6.0,6.0,6.0,6.0,5.0,6.0,1.0,5.0,5.0,6.0,4.0,5.0,5.0,2.0,4.0,4.0,2.0,4.0,4.0,4.0,1.0,1.0,5.0,3.0,3.0,4.0,4.0,4.0,3.0,3.0,6.0,1.0,4.0,2.0,4.0,2.0,4.0,3.0,6,2,2,4,2,4.0,5,3.0,2.0,3.0,3.0,4,53.7,0,62.0,4.0,60.0,4,55.0,0.000409116
30860726,8.0,3,141,15,14,58.6,8.23,138,2.0,0.0,0.0,0.0,2.0,0.0,3.0,1.0,1.0,2.0,2.0,0.0,2.0,1.0,4.0,1.0,6.0,1.0,1955.0,1.0,5.0,1.0,6.0,15000.0,3.0,2,2,1,2,2,2.0,0.0,11.79,5.0,4.0,2.0,4.0,1.0,4.0,5.0,6.0,4.0,6.0,1.0,5.0,4.0,2.0,4.0,6.0,5.0,6.0,6.0,6.0,6.0,4.0,5.0,4.0,4.0,5.0,4.0,4.0,4.0,5.0,1.0,4.0,4.0,2.0,4.0,4.0,3.0,1.0,1.0,5.0,3.0,4.0,4.0,3.0,4.0,2.0,3.0,6.0,1.0,4.0,4.0,4.0,2.0,4.0,3.0,6,2,2,4,2,4.0,3,3.0,2.0,3.0,3.0,4,78.5,0,112.0,4.0,102.0,4,55.0,0.000409116
30860737,7.0,5,211,30,32,121.0,17.1,129,1.0,0.0,1.0,1.0,1.0,0.0,1.0,0.0,1.0,1.0,1.0,0.0,2.0,2.0,4.0,30.0,3.0,1.0,1941.0,1.0,1.0,9.0,3.0,5000.0,3.0,2,2,1,2,2,1.0,0.0,24.5,4.0,4.0,2.0,2.0,3.0,4.0,6.0,1.0,3.0,5.0,4.0,6.0,4.0,2.0,2.0,6.0,2.0,1.0,4.0,1.0,4.0,1.0,1.0,3.0,3.0,4.0,2.0,1.0,5.0,2.0,1.0,3.0,2.0,1.0,3.0,4.0,2.0,1.0,2.0,4.0,3.0,1.0,4.0,3.0,3.0,6.0,4.0,4.0,2.0,2.0,3.0,4.0,4.0,4.0,3.0,6,2,2,4,2,3.0,1,1.0,2.0,2.0,3.0,4,186.0,0,149.0,4.0,136.0,4,69.0,0.0003213
30860762,1.0,4,227,19,37,54.0,1.29,19,1.0,0.0,1.0,0.0,1.0,0.0,0.0,1.0,2.0,1.0,1.0,0.0,2.0,2.0,2.5,1.0,2.0,2.0,1967.0,1.0,1.0,2.0,6.0,3250.0,4.0,1,2,2,2,2,1.0,27.0,1.85,1.0,2.0,2.0,2.0,3.0,4.0,3.0,2.0,3.0,3.0,2.0,6.0,4.0,3.0,3.0,6.0,4.0,3.0,5.0,5.0,3.0,3.0,3.0,3.0,6.0,6.0,4.0,1.0,3.0,3.0,1.0,1.0,3.0,2.0,2.0,3.0,2.0,2.0,3.0,4.0,3.0,3.0,4.0,3.0,3.0,3.0,3.0,4.0,3.0,3.0,3.0,3.0,4.0,3.0,1.0,6,2,2,4,2,4.0,1,2.0,3.0,3.0,3.0,4,13.0,1,171.0,5.0,555.0,4,43.0,9.82e-05
30860762,8.0,2,53,11,9,5.8,1.62,24,1.0,0.0,1.0,0.0,1.0,0.0,0.0,1.0,2.0,1.0,1.0,0.0,2.0,2.0,2.5,1.0,2.0,2.0,1967.0,1.0,1.0,2.0,6.0,3250.0,4.0,1,2,2,2,2,1.0,2.9,2.32,1.0,2.0,2.0,2.0,3.0,4.0,3.0,2.0,3.0,3.0,2.0,6.0,4.0,3.0,3.0,6.0,4.0,3.0,5.0,5.0,3.0,3.0,3.0,3.0,6.0,6.0,4.0,1.0,3.0,3.0,1.0,1.0,3.0,2.0,2.0,3.0,2.0,2.0,3.0,4.0,3.0,3.0,4.0,3.0,3.0,3.0,3.0,4.0,3.0,3.0,3.0,3.0,4.0,3.0,3.0,6,2,2,4,2,4.0,1,2.0,3.0,3.0,3.0,4,12.0,1,33.0,5.0,30.0,4,43.0,9.82e-05
30860768,1.0,3,109,45,10,11.6,3.72,51,2.0,0.0,1.0,0.0,2.0,0.0,4.0,1.0,1.0,1.0,2.0,0.0,1.0,1.0,3.0,10.0,5.0,1.0,1954.0,1.0,2.0,1.0,6.0,9000.0,6.0,1,1,2,2,2,2.0,5.8,5.33,4.0,5.0,6.0,6.0,5.0,5.0,5.0,6.0,3.0,5.0,5.0,3.0,3.0,6.0,3.0,6.0,6.0,6.0,4.0,6.0,4.0,6.0,6.0,6.0,5.0,4.0,3.0,3.0,5.0,4.0,1.0,4.0,4.0,6.0,4.0,6.0,6.0,6.0,3.0,4.0,4.0,6.0,4.0,3.0,3.0,6.0,6.0,4.0,6.0,6.0,6.0,3.0,1.0,4.0,1.0,6,2,2,4,2,3.0,2,3.0,2.0,3.0,4.0,4,30.0,1,54.0,4.0,85.0,4,56.0,0.000109132
30860803,3.0,4,187,87,12,11.8,3.39,48,2.0,0.0,2.0,0.0,3.0,0.0,1.0,0.0,1.0,1.0,0.0,0.0,1.0,1.0,5.0,30.0,1.0,2.0,1953.0,1.0,2.0,6.0,8.0,2000.0,3.0,2,2,2,2,2,1.0,11.8,4.86,4.0,3.0,1.0,1.0,5.0,5.0,4.0,1.0,2.0,5.0,3.0,5.0,5.0,1.0,5.0,6.0,5.0,1.0,4.0,4.0,4.0,1.0,2.0,4.0,3.0,2.0,5.0,2.0,4.0,4.0,1.0,1.0,1.0,1.0,3.0,4.0,3.0,1.0,2.0,4.0,2.0,1.0,3.0,3.0,6.0,2.0,1.0,5.0,3.0,2.0,3.0,3.0,4.0,4.0,2.0,6,2,2,4,2,4.0,3,3.0,2.0,2.0,3.0,4,26.0,1,88.0,5.0,50.0,4,57.0,0.000367986
30860804,2.0,0,10,10,0,0.0,0.2,2,2.0,0.0,2.0,0.0,3.0,0.0,1.0,0.0,1.0,1.0,0.0,0.0,1.0,1.0,5.0,60.0,1.0,1.0,1949.0,1.0,2.0,1.0,3.0,2000.0,2.0,2,2,2,2,2,1.0,0.0,0.29,5.0,4.0,2.0,2.0,5.0,5.0,3.0,3.0,3.0,4.0,3.0,5.0,5.0,2.0,5.0,3.0,4.0,1.0,4.0,4.0,4.0,4.0,3.0,4.0,3.0,1.0,4.0,4.0,1.0,1.0,1.0,1.0,1.0,1.0,2.0,4.0,2.0,1.0,1.0,4.0,2.0,1.0,2.0,2.0,5.0,1.0,1.0,5.0,3.0,1.0,4.0,3.0,4.0,5.0,1.0,6,2,2,4,2,6.0,2,1.0,2.0,3.0,1.0,4,0.2,1,0.0,4.0,10.0,4,61.0,0.001636675
30860804,1.0,0,10,10,0,0.0,0.2,2,2.0,0.0,2.0,0.0,3.0,0.0,1.0,0.0,1.0,1.0,0.0,0.0,1.0,1.0,5.0,60.0,1.0,1.0,1949.0,1.0,2.0,1.0,3.0,2000.0,2.0,2,2,2,2,2,1.0,0.0,0.29,5.0,4.0,2.0,2.0,5.0,5.0,3.0,3.0,3.0,4.0,3.0,5.0,5.0,2.0,5.0,3.0,4.0,1.0,4.0,4.0,4.0,4.0,3.0,4.0,3.0,1.0,4.0,4.0,1.0,1.0,1.0,1.0,1.0,1.0,2.0,4.0,2.0,1.0,1.0,4.0,2.0,1.0,2.0,2.0,5.0,1.0,1.0,5.0,3.0,1.0,4.0,3.0,4.0,5.0,1.0,6,2,2,4,2,6.0,2,1.0,2.0,3.0,1.0,4,0.2,1,0.0,4.0,10.0,4,61.0,0.001636675
31320005,10.0,3,104,16,24,19.2,5.72,75,2.0,0.0,2.0,0.0,4.0,0.0,1.0,1.0,1.0,1.0,2.0,0.0,1.0,1.0,7.0,25.0,4.0,1.0,1946.0,1.0,2.0,9.0,2.0,7000.0,4.0,1,2,2,2,2,1.0,9.6,8.2,2.0,2.0,2.0,2.0,5.0,5.0,4.0,2.0,3.0,4.0,4.0,3.0,4.0,2.0,3.0,2.0,2.0,2.0,4.0,4.0,3.0,4.0,4.0,2.0,4.0,4.0,2.0,2.0,4.0,4.0,1.0,4.0,4.0,3.0,4.0,2.0,2.0,2.0,2.0,4.0,3.0,2.0,3.0,3.0,2.0,2.0,2.0,4.0,2.0,2.0,2.0,4.0,4.0,4.0,3.0,6,1,2,4,2,5.0,2,1.0,2.0,2.0,2.0,4,55.0,0,64.0,4.0,132.0,4,64.0,0.000109132
31320005,9.0,7,266,81,59,76.6,21.04,188,2.0,0.0,2.0,0.0,4.0,0.0,1.0,1.0,1.0,1.0,2.0,0.0,1.0,1.0,7.0,25.0,4.0,1.0,1946.0,1.0,2.0,9.0,2.0,7000.0,4.0,1,2,2,2,2,1.0,38.3,30.15,2.0,2.0,2.0,2.0,5.0,5.0,4.0,2.0,3.0,4.0,4.0,3.0,4.0,2.0,3.0,2.0,2.0,2.0,4.0,4.0,3.0,4.0,4.0,2.0,4.0,4.0,2.0,2.0,4.0,4.0,1.0,4.0,4.0,3.0,4.0,2.0,2.0,2.0,2.0,4.0,3.0,2.0,3.0,3.0,2.0,2.0,2.0,4.0,2.0,2.0,2.0,4.0,4.0,4.0,3.0,6,1,2,4,2,5.0,2,1.0,2.0,2.0,2.0,4,230.0,1,126.0,4.0,20.0,4,64.0,0.000109132
31320060,7.0,2,90,26,5,19.2,6.16,77,2.0,0.0,1.0,0.0,1.0,0.0,2.0,2.0,1.0,1.0,2.0,0.0,1.0,1.0,5.0,7.0,3.0,1.0,1939.0,1.0,2.0,9.0,3.0,5000.0,4.0,1,2,2,2,2,1.0,9.6,8.83,3.0,4.0,2.0,3.0,3.0,4.0,4.0,6.0,4.0,5.0,5.0,6.0,4.0,3.0,4.0,2.0,3.0,1.0,5.0,2.0,4.0,2.0,2.0,1.0,5.0,4.0,1.0,3.0,5.0,4.0,1.0,2.0,2.0,3.0,5.0,3.0,2.0,2.0,3.0,4.0,2.0,2.0,4.0,3.0,3.0,2.0,2.0,4.0,3.0,3.0,2.0,3.0,4.0,4.0,3.0,6,1,2,4,2,5.0,2,1.0,2.0,3.0,3.0,4,60.0,0,59.0,4.0,129.0,4,71.0,8.57e-05
31320097,4.0,2,117,35,5,19.2,5.52,71,2.0,0.0,1.0,0.0,2.0,0.0,1.0,1.0,1.0,1.0,2.0,0.0,1.0,1.0,6.0,35.0,3.0,1.0,1944.0,1.0,3.0,9.0,6.0,5000.0,3.0,2,2,1,2,2,1.0,0.0,7.91,5.0,5.0,1.0,1.0,4.0,5.0,6.0,6.0,3.0,5.0,5.0,3.0,5.0,2.0,5.0,1.0,2.0,3.0,3.0,3.0,4.0,2.0,2.0,1.0,5.0,4.0,3.0,2.0,4.0,4.0,1.0,5.0,4.0,4.0,5.0,3.0,3.0,2.0,2.0,5.0,4.0,2.0,5.0,3.0,3.0,3.0,2.0,3.0,3.0,2.0,3.0,4.0,4.0,4.0,3.0,6,1,2,4,2,1.0,2,1.0,2.0,2.0,3.0,4,54.0,0,77.0,5.0,94.0,4,66.0,0.0003213
31320098,9.0,6,306,38,33,126.2,29.27,255,2.0,0.0,1.0,0.0,2.0,0.0,1.0,1.0,1.0,1.0,2.0,0.0,1.0,1.0,6.0,35.0,3.0,1.0,1944.0,1.0,3.0,9.0,6.0,5000.0,3.0,2,2,1,2,2,1.0,0.0,41.94,5.0,5.0,1.0,1.0,4.0,5.0,6.0,6.0,4.0,5.0,5.0,3.0,5.0,2.0,5.0,1.0,2.0,2.0,3.0,3.0,4.0,2.0,2.0,1.0,5.0,4.0,3.0,2.0,4.0,4.0,1.0,5.0,4.0,4.0,5.0,3.0,3.0,2.0,2.0,5.0,4.0,2.0,5.0,3.0,3.0,3.0,2.0,3.0,3.0,2.0,3.0,4.0,4.0,4.0,3.0,6,1,2,4,2,5.0,3,1.0,2.0,2.0,3.0,4,311.0,0,235.0,5.0,341.0,4,66.0,0.0003213
31320316,1.0,0,21,16,0,6.4,0.64,7,4.0,0.0,2.0,1.0,4.0,0.0,1.0,1.0,1.0,1.0,4.0,1.0,1.0,2.0,6.0,1.0,4.0,1.0,1961.0,1.0,7.0,1.0,5.0,7000.0,3.0,1,2,2,2,2,1.0,3.2,0.92,1.0,1.0,5.0,4.0,4.0,3.0,4.0,2.0,3.0,3.0,1.0,4.0,4.0,3.0,3.0,6.0,3.0,3.0,5.0,4.0,1.0,4.0,3.0,3.0,3.0,6.0,3.0,2.0,3.0,1.0,1.0,1.0,3.0,2.0,2.0,3.0,3.0,1.0,1.0,5.0,1.0,4.0,3.0,4.0,3.0,3.0,2.0,4.0,2.0,3.0,2.0,3.0,5.0,3.0,1.0,6,1,2,4,2,5.0,1,1.0,2.0,2.0,4.0,4,5.0,1,5.0,4.0,15.0,4,49.0,0.000409116
31320335,1.0,2,63,21,5,9.6,2.84,35,3.0,1.0,1.0,1.0,4.0,0.0,1.0,1.0,1.0,2.0,3.0,0.0,1.0,1.0,4.0,13.0,3.0,1.0,1970.0,1.0,3.0,1.0,6.0,5000.0,3.0,1,2,2,2,2,1.0,4.8,4.07,1.0,1.0,3.0,3.0,2.0,5.0,4.0,3.0,5.0,3.0,4.0,5.0,5.0,4.0,1.0,5.0,5.0,1.0,5.0,4.0,3.0,5.0,5.0,5.0,1.0,1.0,3.0,5.0,4.0,2.0,3.0,5.0,5.0,5.0,5.0,5.0,3.0,1.0,1.0,5.0,2.0,2.0,4.0,5.0,5.0,3.0,3.0,5.0,2.0,1.0,2.0,3.0,2.0,4.0,1.0,6,1,2,4,2,5.0,1,2.0,2.0,2.0,1.0,4,28.0,1,37.0,4.0,40.0,4,40.0,0.000409116
31320455,1.0,2,94,17,5,9.6,2.39,32,1.0,0.0,1.0,0.0,1.0,0.0,1.0,1.0,1.0,1.0,1.0,0.0,2.0,1.0,3.0,27.0,4.0,1.0,1949.0,1.0,1.0,1.0,3.0,7000.0,3.0,1,2,2,2,2,1.0,4.8,3.42,1.0,2.0,4.0,4.0,3.0,4.0,4.0,3.0,6.0,4.0,6.0,4.0,4.0,4.0,3.0,3.0,4.0,6.0,4.0,4.0,6.0,4.0,3.0,3.0,3.0,3.0,3.0,2.0,3.0,6.0,3.0,3.0,3.0,6.0,3.0,2.0,3.0,3.0,3.0,4.0,4.0,6.0,3.0,3.0,3.0,3.0,3.0,4.0,3.0,3.0,3.0,3.0,3.0,3.0,1.0,6,1,2,4,2,4.0,1,2.0,3.0,3.0,1.0,4,23.0,1,72.0,4.0,30.0,4,61.0,0.000409116
31320591,1.0,0,4,4,0,0.0,0.14,0,2.0,0.0,2.0,0.0,2.0,0.0,1.0,1.0,1.0,1.0,2.0,0.0,2.0,1.0,4.0,10.0,4.0,1.0,1946.0,1.0,2.0,1.0,1.0,7384.0,3.0,2,2,2,2,2,1.0,0.0,0.2,1.0,1.0,4.0,4.0,3.0,3.0,4.0,2.0,3.0,5.0,4.0,3.0,4.0,5.0,2.0,6.0,4.0,4.0,5.0,4.0,4.0,5.0,4.0,4.0,2.0,2.0,4.0,1.0,4.0,3.0,4.0,2.0,2.0,4.0,3.0,4.0,4.0,4.0,2.0,3.0,2.0,2.0,4.0,4.0,4.0,4.0,3.0,2.0,2.0,2.0,4.0,3.0,4.0,4.0,2.0,6,1,2,4,2,5.0,2,3.0,2.0,2.0,4.0,4,0.4,2,0.0,4.0,10.0,4,64.0,0.000409116
31320656,1.0,4,95,28,22,19.2,5.56,70,3.0,2.0,2.0,0.0,4.0,2.0,7.0,0.0,1.0,1.0,0.0,0.0,1.0,1.0,7.5,17.0,6.0,1.0,1968.0,1.0,3.0,1.0,1.0,15000.0,6.0,2,2,1,2,2,1.0,0.0,7.97,2.0,4.0,2.0,3.0,5.0,4.0,2.0,3.0,4.0,3.0,4.0,5.0,3.0,5.0,3.0,2.0,5.0,3.0,4.0,4.0,3.0,3.0,3.0,5.0,4.0,4.0,4.0,3.0,5.0,5.0,2.0,4.0,4.0,3.0,5.0,3.0,3.0,1.0,1.0,5.0,2.0,4.0,2.0,3.0,1.0,3.0,3.0,4.0,4.0,3.0,4.0,3.0,2.0,5.0,1.0,6,1,2,4,2,3.0,2,2.0,2.0,3.0,4.0,4,54.0,0,45.0,4.0,155.0,4,42.0,0.000109132
31320685,1.0,1,52,15,4,9.6,2.28,34,2.0,0.0,2.0,2.0,2.0,0.0,1.0,2.0,1.0,2.0,2.0,0.0,1.0,2.0,4.0,1.0,4.0,1.0,1967.0,1.0,2.0,1.0,6.0,7000.0,3.0,2,2,1,2,2,1.0,0.0,3.27,1.0,3.0,3.0,3.0,2.0,2.0,3.0,3.0,6.0,6.0,3.0,4.0,3.0,3.0,5.0,1.0,1.0,1.0,3.0,2.0,4.0,4.0,3.0,1.0,5.0,3.0,6.0,3.0,5.0,4.0,2.0,5.0,1.0,3.0,4.0,2.0,3.0,1.0,1.0,5.0,1.0,1.0,4.0,5.0,5.0,5.0,2.0,5.0,2.0,3.0,3.0,4.0,5.0,3.0,1.0,6,1,2,4,2,4.0,1,3.0,2.0,2.0,1.0,4,20.0,1,33.0,4.0,45.0,4,43.0,0.000409116
31320733,4.0,1,50,14,4,9.6,2.9,37,2.0,0.0,0.0,0.0,0.0,0.0,0.0,1.0,2.0,1.0,1.0,0.0,2.0,2.0,4.0,7.0,5.0,1.0,1925.0,1.0,2.0,9.0,3.0,9000.0,3.0,1,1,2,2,2,1.0,4.8,4.16,6.0,3.0,3.0,4.0,4.0,5.0,6.0,6.0,3.0,3.0,6.0,4.0,4.0,3.0,3.0,6.0,3.0,6.0,6.0,6.0,6.0,4.0,3.0,4.0,5.0,4.0,4.0,3.0,6.0,4.0,6.0,5.0,5.0,3.0,4.0,3.0,3.0,2.0,2.0,5.0,3.0,3.0,3.0,3.0,6.0,3.0,3.0,3.0,3.0,3.0,3.0,3.0,3.0,3.0,3.0,6,1,2,4,2,5.0,1,3.0,2.0,2.0,1.0,4,27.0,0,32.0,4.0,39.0,4,85.0,0.000758481
31320757,11.0,4,156,17,32,60.4,13.17,124,2.0,0.0,1.0,0.0,3.0,0.0,1.0,1.0,1.0,1.0,2.0,0.0,1.0,1.0,5.0,38.0,4.0,1.0,1941.0,1.0,4.0,9.0,6.0,7000.0,4.0,2,2,1,2,2,1.0,0.0,18.87,4.0,3.0,2.0,2.0,4.0,4.0,6.0,4.0,3.0,4.0,4.0,2.0,4.0,2.0,5.0,6.0,2.0,1.0,4.0,2.0,4.0,3.0,2.0,2.0,4.0,4.0,4.0,2.0,4.0,4.0,1.0,4.0,3.0,2.0,4.0,4.0,3.0,2.0,2.0,4.0,2.0,4.0,4.0,4.0,6.0,2.0,2.0,4.0,2.0,2.0,2.0,3.0,4.0,2.0,3.0,6,1,2,4,2,5.0,1,1.0,2.0,2.0,1.0,4,144.0,0,107.0,4.0,139.0,4,69.0,8.57e-05
31320758,4.0,2,108,31,24,27.6,4.06,56,2.0,0.0,1.0,0.0,3.0,0.0,1.0,1.0,1.0,1.0,2.0,0.0,1.0,1.0,5.5,38.0,3.0,1.0,1964.0,1.0,6.0,4.0,7.0,5000.0,3.0,2,2,2,2,2,3.0,27.6,5.82,5.0,2.0,2.0,2.0,3.0,4.0,2.0,4.0,2.0,4.0,2.0,3.0,3.0,2.0,4.0,6.0,2.0,1.0,6.0,6.0,6.0,2.0,6.0,2.0,5.0,4.0,3.0,1.0,4.0,4.0,3.0,3.0,3.0,3.0,2.0,4.0,2.0,3.0,3.0,4.0,2.0,3.0,3.0,3.0,3.0,2.0,2.0,4.0,1.0,3.0,2.0,5.0,4.0,2.0,3.0,6,1,2,4,2,5.0,2,2.0,2.0,3.0,3.0,4,38.0,0,53.0,4.0,80.0,4,46.0,0.000409116
31320760,4.0,0,15,11,0,3.8,0.22,3,2.0,0.0,2.0,0.0,3.0,0.0,2.0,2.0,1.0,1.0,2.0,0.0,1.0,1.0,5.5,29.0,6.0,1.0,1952.0,1.0,3.0,1.0,2.0,15000.0,6.0,1,2,2,2,2,1.0,2.2,0.32,5.0,4.0,4.0,2.0,5.0,5.0,4.0,2.0,2.0,5.0,5.0,2.0,4.0,2.0,4.0,6.0,2.0,1.0,5.0,2.0,4.0,2.0,3.0,2.0,5.0,2.0,4.0,2.0,5.0,4.0,2.0,4.0,3.0,3.0,2.0,2.0,4.0,1.0,2.0,4.0,2.0,2.0,4.0,5.0,5.0,2.0,3.0,4.0,1.0,2.0,2.0,3.0,5.0,4.0,3.0,6,1,2,4,2,4.0,1,3.0,2.0,3.0,3.0,4,1.2,1,4.0,5.0,5.0,4,58.0,0.000109132
31320760,10.0,2,86,33,4,7.6,1.09,16,2.0,0.0,2.0,0.0,3.0,0.0,2.0,2.0,1.0,1.0,2.0,0.0,1.0,1.0,5.5,29.0,6.0,1.0,1952.0,1.0,3.0,1.0,2.0,15000.0,6.0,1,2,2,2,2,1.0,3.8,1.56,5.0,4.0,4.0,2.0,5.0,5.0,4.0,2.0,2.0,5.0,5.0,2.0,4.0,2.0,4.0,6.0,2.0,1.0,5.0,2.0,4.0,2.0,3.0,2.0,5.0,2.0,4.0,2.0,5.0,4.0,2.0,4.0,3.0,3.0,2.0,2.0,4.0,1.0,2.0,4.0,2.0,2.0,4.0,5.0,5.0,2.0,3.0,4.0,1.0,2.0,2.0,3.0,5.0,4.0,3.0,6,1,2,4,2,4.0,2,3.0,2.0,3.0,3.0,4,8.5,1,49.0,5.0,20.0,4,58.0,0.000109132
31320887,8.0,0,20,20,0,0.0,0.23,2,4.0,2.0,1.0,0.0,3.0,1.0,1.0,0.0,1.0,2.0,1.0,0.0,2.0,2.0,4.0,3.0,4.0,1.0,1967.0,1.0,3.0,1.0,8.0,7000.0,3.0,2,2,2,2,2,1.0,0.0,0.33,5.0,5.0,3.0,3.0,4.0,5.0,4.0,3.0,3.0,5.0,4.0,3.0,4.0,2.0,5.0,3.0,4.0,3.0,5.0,4.0,4.0,5.0,4.0,2.0,4.0,1.0,4.0,4.0,5.0,3.0,2.0,3.0,4.0,3.0,5.0,5.0,4.0,1.0,2.0,5.0,3.0,4.0,5.0,4.0,4.0,4.0,5.0,4.0,3.0,2.0,2.0,3.0,4.0,3.0,3.0,6,1,2,4,2,5.0,2,1.0,2.0,2.0,3.0,4,1.3,1,0.0,5.0,21.0,4,43.0,0.000409116
31320887,8.0,8,238,61,59,46.2,8.17,96,4.0,2.0,1.0,0.0,3.0,1.0,1.0,0.0,1.0,2.0,1.0,0.0,2.0,2.0,4.0,3.0,4.0,1.0,1967.0,1.0,3.0,1.0,8.0,7000.0,3.0,2,2,2,2,2,1.0,46.2,11.71,5.0,5.0,3.0,3.0,4.0,5.0,4.0,3.0,3.0,5.0,4.0,3.0,4.0,2.0,5.0,3.0,4.0,3.0,5.0,4.0,4.0,5.0,4.0,2.0,4.0,1.0,4.0,4.0,5.0,3.0,2.0,3.0,4.0,3.0,5.0,5.0,4.0,1.0,2.0,5.0,3.0,4.0,5.0,4.0,4.0,4.0,5.0,4.0,3.0,2.0,2.0,3.0,4.0,3.0,3.0,6,1,2,4,2,5.0,3,1.0,2.0,2.0,3.0,4,87.2,1,118.0,5.0,92.0,4,43.0,0.000409116
31320888,11.0,5,144,40,17,19.2,4.34,61,4.0,2.0,1.0,0.0,3.0,1.0,1.0,0.0,1.0,2.0,1.0,0.0,2.0,2.0,4.0,3.0,4.0,2.0,1971.0,1.0,3.0,6.0,6.0,7000.0,7.0,2,2,2,2,2,1.0,19.2,6.22,4.0,3.0,1.0,1.0,5.0,4.0,6.0,6.0,6.0,4.0,4.0,6.0,2.0,2.0,3.0,3.0,3.0,1.0,2.0,2.0,3.0,2.0,1.0,2.0,3.0,4.0,6.0,3.0,3.0,4.0,1.0,4.0,4.0,2.0,4.0,1.0,3.0,1.0,1.0,4.0,2.0,2.0,4.0,3.0,6.0,3.0,3.0,4.0,2.0,1.0,2.0,3.0,4.0,4.0,3.0,6,1,2,4,2,4.0,2,2.0,2.0,2.0,4.0,4,37.0,1,87.0,4.0,65.0,4,39.0,0.000340556
31321173,1.0,6,136,30,20,15.2,6.3,80,4.0,3.0,1.0,0.0,5.0,3.0,1.0,1.0,1.0,1.0,1.0,0.0,2.0,2.0,5.5,10.0,3.0,2.0,1968.0,1.0,4.0,2.0,6.0,5000.0,3.0,1,2,2,1,2,1.0,7.6,9.03,2.0,4.0,3.0,3.0,2.0,4.0,4.0,5.0,4.0,5.0,4.0,2.0,4.0,2.0,4.0,4.0,5.0,1.0,4.0,2.0,4.0,4.0,5.0,2.0,4.0,4.0,1.0,4.0,4.0,4.0,2.0,4.0,3.0,1.0,4.0,3.0,3.0,1.0,2.0,5.0,2.0,4.0,2.0,2.0,2.0,1.0,1.0,4.0,4.0,2.0,2.0,2.0,4.0,4.0,1.0,6,1,2,4,2,3.0,2,3.0,1.0,3.0,3.0,4,60.0,0,86.0,4.0,135.0,4,42.0,0.000367986
31321208,1.0,1,73,12,3,9.6,2.58,33,2.0,0.0,1.0,0.0,4.0,0.0,2.0,1.0,1.0,2.0,2.0,1.0,2.0,2.0,4.0,2.0,4.0,1.0,1979.0,1.0,2.0,1.0,3.0,8418.0,4.0,2,2,1,2,2,2.0,0.0,3.7,2.0,3.0,4.0,4.0,3.0,3.0,3.0,4.0,4.0,4.0,2.0,2.0,4.0,2.0,5.0,4.0,5.0,2.0,5.0,4.0,4.0,3.0,5.0,3.0,5.0,5.0,3.0,2.0,5.0,5.0,1.0,1.0,1.0,2.0,5.0,2.0,2.0,1.0,3.0,3.0,2.0,2.0,4.0,4.0,4.0,2.0,2.0,3.0,2.0,3.0,2.0,3.0,3.0,4.0,1.0,6,1,2,4,2,3.0,1,3.0,2.0,2.0,4.0,4,25.0,0,58.0,5.0,63.0,4,31.0,0.000258025
31321431,11.0,1,48,9,11,10.4,1.95,28,2.0,1.0,0.0,0.0,1.0,1.0,0.0,1.0,2.0,2.0,1.0,1.0,2.0,2.0,4.5,1.0,1.0,2.0,1981.0,1.0,4.0,3.0,3.0,2000.0,3.0,2,2,2,2,2,2.0,10.4,2.79,2.0,2.0,3.0,1.0,1.0,4.0,5.0,3.0,3.0,2.0,2.0,1.0,5.0,1.0,5.0,4.0,5.0,5.0,5.0,5.0,4.0,5.0,5.0,1.0,5.0,4.0,3.0,1.0,3.0,1.0,1.0,5.0,3.0,1.0,1.0,3.0,3.0,1.0,1.0,5.0,3.0,3.0,4.0,5.0,3.0,1.0,1.0,4.0,2.0,5.0,1.0,4.0,1.0,3.0,3.0,6,1,2,4,2,5.0,1,4.0,2.0,2.0,4.0,4,19.0,1,28.0,4.0,29.0,4,29.0,0.00087004
31321463,4.0,2,74,14,20,12.4,1.57,21,1.0,0.0,1.0,0.0,1.0,0.0,0.0,1.0,2.0,1.0,1.0,0.0,1.0,1.0,4.0,41.0,4.0,1.0,1931.0,1.0,1.0,9.0,8.0,8418.0,4.0,2,2,2,2,1,1.0,12.4,2.25,2.0,2.0,4.0,3.0,3.0,5.0,6.0,6.0,6.0,6.0,4.0,4.0,4.0,2.0,4.0,6.0,4.0,1.0,3.0,2.0,5.0,4.0,3.0,2.0,4.0,6.0,6.0,3.0,6.0,4.0,1.0,3.0,2.0,2.0,4.0,3.0,4.0,1.0,2.0,6.0,2.0,4.0,4.0,6.0,6.0,3.0,6.0,4.0,6.0,6.0,2.0,3.0,4.0,4.0,3.0,6,1,2,4,2,5.0,1,3.0,2.0,2.0,4.0,4,15.0,1,40.0,4.0,20.0,4,79.0,8.57e-05
31321463,9.0,0,23,19,0,3.8,0.29,3,1.0,0.0,1.0,0.0,1.0,0.0,0.0,1.0,2.0,1.0,1.0,0.0,1.0,1.0,4.0,41.0,4.0,1.0,1931.0,1.0,1.0,9.0,8.0,8418.0,4.0,2,2,2,2,1,1.0,3.8,0.42,2.0,2.0,4.0,3.0,3.0,5.0,6.0,6.0,6.0,6.0,4.0,4.0,4.0,2.0,4.0,6.0,4.0,1.0,3.0,2.0,5.0,4.0,3.0,2.0,4.0,6.0,6.0,3.0,6.0,4.0,1.0,3.0,2.0,2.0,4.0,3.0,4.0,1.0,2.0,6.0,2.0,4.0,4.0,6.0,6.0,3.0,6.0,4.0,6.0,6.0,2.0,3.0,4.0,4.0,3.0,6,1,2,4,2,5.0,1,3.0,2.0,2.0,4.0,4,1.3,1,4.0,4.0,2.0,4,79.0,8.57e-05
31321476,4.0,0,18,14,0,3.8,0.19,1,2.0,0.0,1.0,0.0,3.0,0.0,2.0,1.0,2.0,1.0,1.0,0.0,1.0,1.0,5.0,47.0,4.0,1.0,1933.0,1.0,3.0,9.0,6.0,7000.0,4.0,1,2,2,1,2,1.0,2.2,0.27,3.0,2.0,3.0,1.0,4.0,4.0,6.0,6.0,4.0,3.0,4.0,3.0,4.0,3.0,4.0,6.0,2.0,1.0,2.0,2.0,3.0,4.0,2.0,2.0,4.0,4.0,3.0,2.0,6.0,4.0,6.0,4.0,4.0,3.0,4.0,4.0,2.0,1.0,1.0,4.0,3.0,3.0,4.0,3.0,6.0,3.0,1.0,4.0,6.0,2.0,3.0,3.0,3.0,2.0,3.0,6,1,2,4,2,5.0,1,1.0,2.0,1.0,2.0,4,0.8,2,4.0,4.0,5.0,4,77.0,8.57e-05
31321476,11.0,0,20,16,0,3.8,0.23,2,2.0,0.0,1.0,0.0,3.0,0.0,2.0,1.0,2.0,1.0,1.0,0.0,1.0,1.0,5.0,47.0,4.0,1.0,1933.0,1.0,3.0,9.0,6.0,7000.0,4.0,1,2,2,1,2,1.0,2.2,0.33,3.0,2.0,3.0,1.0,4.0,4.0,6.0,6.0,4.0,3.0,4.0,3.0,4.0,3.0,4.0,6.0,2.0,1.0,2.0,2.0,3.0,4.0,2.0,2.0,4.0,4.0,3.0,2.0,6.0,4.0,6.0,4.0,4.0,3.0,4.0,4.0,2.0,1.0,1.0,4.0,3.0,3.0,4.0,3.0,6.0,3.0,1.0,4.0,6.0,2.0,3.0,3.0,3.0,2.0,3.0,6,1,2,4,2,5.0,1,1.0,2.0,1.0,2.0,4,1.1,1,4.0,4.0,3.0,4,77.0,8.57e-05
31321487,1.0,3,116,34,0,19.2,4.68,75,2.0,0.0,0.0,0.0,2.0,0.0,1.0,1.0,1.0,1.0,1.0,0.0,1.0,2.0,6.0,27.0,2.0,2.0,1976.0,1.0,6.0,1.0,6.0,3250.0,3.0,2,2,1,2,2,3.0,0.0,6.71,4.0,4.0,2.0,2.0,4.0,5.0,4.0,3.0,4.0,6.0,6.0,4.0,4.0,2.0,4.0,6.0,2.0,6.0,6.0,6.0,6.0,2.0,4.0,2.0,5.0,5.0,4.0,2.0,4.0,4.0,1.0,4.0,4.0,3.0,4.0,2.0,4.0,1.0,2.0,4.0,2.0,2.0,4.0,4.0,2.0,6.0,2.0,6.0,2.0,2.0,2.0,4.0,4.0,4.0,1.0,6,1,2,4,2,5.0,2,3.0,2.0,2.0,4.0,4,40.0,0,82.0,5.0,93.0,4,34.0,0.00087004
31321488,11.0,2,73,16,0,11.6,1.87,27,3.0,0.0,0.0,0.0,4.0,0.0,1.0,1.0,1.0,1.0,1.0,0.0,1.0,1.0,6.0,27.0,2.0,2.0,1947.0,1.0,4.0,2.0,6.0,3250.0,6.0,2,2,1,2,2,3.0,0.0,2.68,5.0,4.0,1.0,1.0,4.0,5.0,5.0,2.0,5.0,3.0,3.0,5.0,5.0,1.0,5.0,1.0,2.0,1.0,1.0,1.0,1.0,1.0,3.0,1.0,5.0,5.0,2.0,1.0,4.0,5.0,1.0,5.0,4.0,2.0,5.0,4.0,2.0,1.0,1.0,5.0,4.0,1.0,4.0,4.0,4.0,4.0,1.0,5.0,2.0,2.0,2.0,5.0,5.0,4.0,3.0,6,1,2,4,2,5.0,1,3.0,2.0,2.0,1.0,4,18.0,0,57.0,2.0,60.0,4,63.0,9.82e-05
31321488,7.0,1,50,15,0,14.2,1.31,19,3.0,0.0,0.0,0.0,4.0,0.0,1.0,1.0,1.0,1.0,1.0,0.0,1.0,1.0,6.0,27.0,2.0,2.0,1947.0,1.0,4.0,2.0,6.0,3250.0,6.0,2,2,1,2,2,3.0,0.0,1.88,5.0,4.0,1.0,1.0,4.0,5.0,5.0,2.0,5.0,3.0,3.0,5.0,5.0,1.0,5.0,1.0,2.0,1.0,1.0,1.0,1.0,1.0,3.0,1.0,5.0,5.0,2.0,1.0,4.0,5.0,1.0,5.0,4.0,2.0,5.0,4.0,2.0,1.0,1.0,5.0,4.0,1.0,4.0,4.0,4.0,4.0,1.0,5.0,2.0,2.0,2.0,5.0,5.0,4.0,3.0,6,1,2,4,2,5.0,1,3.0,2.0,2.0,1.0,4,13.0,0,35.0,2.0,29.0,4,63.0,9.82e-05
31321500,11.0,0,63,31,0,13.4,3.57,39,2.0,0.0,1.0,0.0,2.0,0.0,1.0,2.0,1.0,1.0,2.0,0.0,1.0,1.0,6.5,30.0,4.0,1.0,1942.0,1.0,2.0,9.0,6.0,7000.0,4.0,1,1,2,2,2,1.0,6.7,5.12,2.0,3.0,3.0,3.0,3.0,5.0,3.0,3.0,3.0,4.0,3.0,3.0,3.0,3.0,3.0,3.0,3.0,2.0,3.0,3.0,3.0,3.0,3.0,3.0,5.0,3.0,3.0,3.0,3.0,3.0,2.0,3.0,3.0,3.0,5.0,3.0,3.0,2.0,3.0,3.0,3.0,3.0,4.0,3.0,3.0,3.0,3.0,5.0,3.0,3.0,3.0,3.0,4.0,4.0,3.0,6,1,2,4,2,5.0,2,2.0,3.0,2.0,1.0,4,34.0,0,32.0,5.0,33.0,4,68.0,8.57e-05
31321523,7.0,1,195,35,39,3.8,0.79,10,2.0,0.0,1.0,0.0,1.0,0.0,1.0,2.0,1.0,1.0,2.0,0.0,1.0,1.0,5.0,20.0,4.0,1.0,1943.0,1.0,2.0,9.0,2.0,7000.0,5.0,1,2,2,2,2,1.0,2.2,1.13,5.0,5.0,4.0,2.0,4.0,5.0,5.0,2.0,4.0,6.0,5.0,4.0,5.0,2.0,6.0,6.0,4.0,2.0,5.0,4.0,3.0,5.0,3.0,2.0,5.0,1.0,4.0,1.0,3.0,4.0,1.0,4.0,5.0,2.0,4.0,2.0,3.0,1.0,1.0,5.0,3.0,2.0,5.0,3.0,1.0,3.0,1.0,5.0,3.0,2.0,2.0,3.0,4.0,5.0,3.0,6,1,2,4,2,5.0,1,3.0,3.0,2.0,4.0,4,6.0,1,121.0,5.0,10.0,4,67.0,8.57e-05
31321523,4.0,0,22,18,0,3.8,0.2,2,2.0,0.0,1.0,0.0,1.0,0.0,1.0,2.0,1.0,1.0,2.0,0.0,1.0,1.0,5.0,20.0,4.0,1.0,1943.0,1.0,2.0,9.0,2.0,7000.0,5.0,1,2,2,2,2,1.0,2.2,0.29,5.0,5.0,4.0,2.0,4.0,5.0,5.0,2.0,4.0,6.0,5.0,4.0,5.0,2.0,6.0,6.0,4.0,2.0,5.0,4.0,3.0,5.0,3.0,2.0,5.0,1.0,4.0,1.0,3.0,4.0,1.0,4.0,5.0,2.0,4.0,2.0,3.0,1.0,1.0,5.0,3.0,2.0,5.0,3.0,1.0,3.0,1.0,5.0,3.0,2.0,2.0,3.0,4.0,5.0,3.0,6,1,2,4,2,5.0,1,3.0,3.0,2.0,4.0,4,1.0,1,4.0,5.0,1.0,4,67.0,8.57e-05
31321589,1.0,0,20,20,0,0.0,0.2,0,1.0,0.0,1.0,0.0,2.0,1.0,1.0,1.0,1.0,1.0,2.0,1.0,2.0,2.0,3.0,2.0,3.0,1.0,1976.0,1.0,1.0,1.0,3.0,5000.0,4.0,1,1,2,2,2,1.0,2.2,0.29,4.0,2.0,2.0,2.0,4.0,5.0,5.0,1.0,2.0,4.0,3.0,2.0,4.0,2.0,3.0,6.0,4.0,3.0,4.0,2.0,5.0,4.0,2.0,2.0,4.0,1.0,4.0,2.0,5.0,4.0,3.0,1.0,1.0,2.0,2.0,4.0,3.0,2.0,1.0,4.0,2.0,1.0,4.0,4.0,2.0,2.0,2.0,2.0,2.0,2.0,4.0,2.0,4.0,4.0,1.0,6,1,2,4,2,5.0,4,3.0,2.0,2.0,4.0,4,1.2,2,0.0,1.0,20.0,4,34.0,0.000258025
31321590,11.0,0,2,2,0,0.0,0.07,0,1.0,0.0,1.0,0.0,2.0,0.0,1.0,1.0,1.0,1.0,2.0,1.0,2.0,2.0,3.0,2.0,3.0,1.0,1976.0,1.0,1.0,1.0,3.0,5000.0,4.0,1,1,2,2,2,1.0,2.2,0.1,4.0,2.0,2.0,2.0,4.0,5.0,5.0,1.0,2.0,4.0,3.0,2.0,4.0,2.0,3.0,6.0,4.0,3.0,4.0,2.0,5.0,4.0,2.0,2.0,4.0,1.0,4.0,2.0,5.0,4.0,3.0,1.0,1.0,2.0,2.0,4.0,3.0,2.0,1.0,4.0,2.0,1.0,4.0,4.0,2.0,2.0,2.0,2.0,2.0,2.0,4.0,2.0,4.0,4.0,3.0,6,1,2,4,2,5.0,1,3.0,2.0,2.0,4.0,4,0.2,1,0.0,4.0,2.0,4,34.0,0.000258025
31321590,5.0,0,2,2,0,0.0,0.07,0,1.0,0.0,1.0,0.0,2.0,0.0,1.0,1.0,1.0,1.0,2.0,1.0,2.0,2.0,3.0,2.0,3.0,1.0,1976.0,1.0,1.0,1.0,3.0,5000.0,4.0,1,1,2,2,2,1.0,2.2,0.1,4.0,2.0,2.0,2.0,4.0,5.0,5.0,1.0,2.0,4.0,3.0,2.0,4.0,2.0,3.0,6.0,4.0,3.0,4.0,2.0,5.0,4.0,2.0,2.0,4.0,1.0,4.0,2.0,5.0,4.0,3.0,1.0,1.0,2.0,2.0,4.0,3.0,2.0,1.0,4.0,2.0,1.0,4.0,4.0,2.0,2.0,2.0,2.0,2.0,2.0,4.0,2.0,4.0,4.0,3.0,6,1,2,4,2,5.0,1,3.0,2.0,2.0,4.0,4,0.2,1,0.0,4.0,2.0,4,34.0,0.000258025
31321592,1.0,8,319,68,53,122.4,29.91,256,2.0,0.0,1.0,0.0,4.0,0.0,2.0,1.0,1.0,1.0,2.0,0.0,2.0,2.0,6.5,5.0,5.0,1.0,1954.0,1.0,7.0,1.0,8.0,9000.0,7.0,2,2,1,2,2,2.0,0.0,42.86,4.0,4.0,1.0,1.0,2.0,5.0,4.0,2.0,4.0,5.0,3.0,4.0,4.0,2.0,4.0,3.0,3.0,1.0,2.0,2.0,5.0,4.0,2.0,3.0,5.0,4.0,4.0,2.0,4.0,4.0,1.0,2.0,2.0,3.0,4.0,4.0,3.0,1.0,3.0,5.0,2.0,2.0,3.0,4.0,3.0,2.0,2.0,4.0,3.0,4.0,2.0,3.0,4.0,2.0,3.0,6,1,2,4,2,5.0,3,4.0,2.0,2.0,3.0,4,321.0,0,198.0,2.0,325.0,4,56.0,0.000160139
32710154,4.0,0,60,49,0,6.8,0.8,10,4.0,2.0,1.0,1.0,6.0,2.0,1.0,2.0,1.0,1.0,3.0,1.0,1.0,1.0,5.5,6.0,4.0,2.0,1970.0,1.0,3.0,6.0,5.0,7000.0,3.0,1,2,2,2,2,1.0,3.4,1.15,3.0,3.0,4.0,6.0,3.0,4.0,3.0,3.0,5.0,3.0,5.0,3.0,4.0,1.0,4.0,1.0,4.0,1.0,3.0,4.0,4.0,2.0,3.0,2.0,5.0,5.0,3.0,1.0,5.0,5.0,1.0,4.0,1.0,2.0,2.0,3.0,3.0,1.0,2.0,5.0,2.0,1.0,4.0,3.0,3.0,3.0,1.0,5.0,3.0,3.0,1.0,4.0,5.0,4.0,3.0,7,1,2,2,4,3.0,2,1.0,4.0,4.0,3.0,4,7.0,1,11.0,5.0,20.0,4,40.0,0.000367986
32710159,1.0,0,28,9,0,45.8,0.85,74,2.0,0.0,2.0,0.0,2.0,0.0,1.0,1.0,1.0,2.0,2.0,0.0,1.0,1.0,5.0,5.0,5.0,1.0,1959.0,1.0,2.0,1.0,5.0,9000.0,3.0,2,2,2,2,2,1.0,45.8,1.22,5.0,3.0,2.0,2.0,4.0,4.0,4.0,2.0,2.0,4.0,3.0,5.0,5.0,2.0,3.0,3.0,3.0,2.0,3.0,3.0,3.0,3.0,3.0,3.0,3.0,3.0,3.0,3.0,3.0,3.0,2.0,3.0,3.0,2.0,3.0,3.0,3.0,2.0,2.0,5.0,3.0,3.0,4.0,4.0,3.0,3.0,3.0,4.0,3.0,3.0,4.0,3.0,3.0,3.0,1.0,7,1,2,2,4,4.0,1,3.0,2.0,2.0,3.0,4,111.0,1,19.0,4.0,20.0,4,51.0,0.000409116
32710161,1.0,0,71,58,0,8.0,0.73,12,2.0,0.0,2.0,0.0,2.0,0.0,1.0,1.0,1.0,1.0,2.0,0.0,1.0,1.0,4.0,30.0,3.0,2.0,1959.0,1.0,2.0,2.0,6.0,5000.0,3.0,1,2,2,2,2,1.0,4.0,1.05,2.0,2.0,3.0,2.0,5.0,5.0,5.0,6.0,6.0,3.0,6.0,5.0,5.0,6.0,5.0,6.0,6.0,2.0,5.0,3.0,3.0,6.0,6.0,6.0,6.0,6.0,6.0,3.0,3.0,2.0,4.0,6.0,6.0,2.0,2.0,6.0,2.0,1.0,1.0,5.0,2.0,5.0,5.0,3.0,3.0,3.0,2.0,5.0,6.0,3.0,3.0,4.0,4.0,5.0,1.0,7,1,2,2,4,5.0,2,2.0,1.0,1.0,1.0,4,6.0,1,13.0,5.0,30.0,4,51.0,0.000367986
32710183,1.0,0,41,10,0,7.6,3.48,29,4.0,0.0,1.0,0.0,6.0,2.0,2.0,1.0,1.0,1.0,2.0,0.0,2.0,2.0,5.0,12.0,4.0,2.0,1962.0,1.0,3.0,2.0,6.0,7384.0,3.0,1,2,2,2,2,1.0,3.8,4.99,3.0,5.0,3.0,3.0,4.0,5.0,4.0,3.0,4.0,5.0,3.0,3.0,4.0,4.0,4.0,3.0,4.0,2.0,4.0,3.0,3.0,3.0,3.0,4.0,4.0,4.0,4.0,3.0,4.0,3.0,2.0,4.0,2.0,2.0,4.0,2.0,3.0,2.0,2.0,5.0,1.0,3.0,4.0,3.0,4.0,4.0,3.0,4.0,2.0,3.0,3.0,3.0,3.0,4.0,1.0,7,1,2,2,4,3.0,1,1.0,2.0,2.0,2.0,4,36.0,0,31.0,5.0,31.0,4,48.0,0.000367986
39010058,3.0,0,23,12,0,4.8,1.21,17,4.0,1.0,1.0,0.0,2.0,0.0,4.0,1.0,1.0,2.0,4.0,0.0,1.0,2.0,4.0,13.0,4.0,1.0,1962.0,1.0,6.0,8.0,8.0,7000.0,2.0,1,1,2,2,2,3.0,2.4,1.73,6.0,6.0,6.0,1.0,3.0,5.0,2.0,3.0,3.0,6.0,1.0,5.0,5.0,4.0,6.0,6.0,1.0,6.0,6.0,6.0,6.0,4.0,3.0,4.0,4.0,4.0,3.0,4.0,2.0,4.0,1.0,4.0,1.0,6.0,6.0,1.0,5.0,5.0,2.0,1.0,2.0,1.0,1.0,3.0,6.0,6.0,2.0,3.0,2.0,3.0,2.0,3.0,3.0,5.0,1.0,7,1,2,2,2,4.0,1,3.0,2.0,3.0,1.0,2,10.0,0,11.0,3.0,17.0,2,48.0,0.003869639
39010095,4.0,1,117,44,12,19.0,3.97,51,2.0,0.0,3.0,1.0,1.0,0.0,2.0,3.0,1.0,1.0,2.0,0.0,1.0,1.0,7.0,2.0,4.0,2.0,1986.0,1.0,2.0,2.0,5.0,7000.0,3.0,1,2,2,2,2,1.0,9.5,5.69,1.0,4.0,6.0,2.0,3.0,5.0,4.0,2.0,3.0,4.0,3.0,2.0,4.0,2.0,4.0,6.0,4.0,2.0,5.0,3.0,3.0,4.0,4.0,2.0,4.0,6.0,6.0,4.0,5.0,4.0,1.0,1.0,4.0,1.0,2.0,2.0,1.0,1.0,1.0,5.0,1.0,2.0,3.0,5.0,5.0,4.0,2.0,5.0,2.0,3.0,4.0,4.0,3.0,4.0,3.0,7,1,2,2,2,4.0,4,4.0,2.0,2.0,3.0,2,35.0,1,61.0,4.0,50.0,2,24.0,0.00087004
39010096,1.0,0,34,18,0,8.0,1.84,26,2.0,0.0,3.0,1.0,1.0,0.0,2.0,3.0,1.0,1.0,2.0,0.0,1.0,1.0,7.0,2.0,4.0,2.0,1986.0,1.0,2.0,2.0,5.0,7000.0,3.0,1,2,2,2,2,1.0,4.0,2.64,1.0,4.0,6.0,2.0,3.0,5.0,5.0,2.0,3.0,4.0,3.0,2.0,4.0,2.0,4.0,6.0,4.0,2.0,5.0,3.0,3.0,4.0,4.0,2.0,4.0,6.0,6.0,4.0,5.0,4.0,1.0,1.0,4.0,1.0,2.0,2.0,2.0,1.0,1.0,5.0,1.0,2.0,3.0,5.0,5.0,4.0,2.0,5.0,2.0,3.0,4.0,4.0,3.0,4.0,1.0,7,1,2,2,2,4.0,2,4.0,2.0,3.0,3.0,2,14.0,1,16.0,4.0,20.0,2,24.0,0.00087004
39010097,4.0,2,165,75,13,11.2,2.12,30,3.0,0.0,2.0,1.0,1.0,0.0,2.0,2.0,1.0,1.0,3.0,1.0,1.0,1.0,6.0,20.0,6.0,1.0,1956.0,1.0,3.0,1.0,3.0,15000.0,3.0,2,2,2,2,2,1.0,11.2,3.04,5.0,2.0,1.0,2.0,5.0,5.0,5.0,3.0,4.0,5.0,1.0,3.0,4.0,3.0,5.0,1.0,2.0,2.0,4.0,2.0,4.0,3.0,3.0,1.0,5.0,5.0,5.0,3.0,4.0,5.0,1.0,5.0,4.0,1.0,3.0,4.0,2.0,1.0,1.0,5.0,2.0,3.0,5.0,5.0,5.0,4.0,1.0,5.0,3.0,4.0,2.0,3.0,3.0,3.0,3.0,7,1,2,2,2,5.0,2,1.0,2.0,2.0,4.0,2,17.0,1,77.0,3.0,75.0,2,54.0,0.000409116
39010115,1.0,0,19,15,0,3.0,0.76,10,2.0,0.0,2.0,1.0,0.0,0.0,0.0,2.0,2.0,1.0,2.0,0.0,1.0,1.0,5.0,30.0,4.0,1.0,1953.0,1.0,2.0,1.0,1.0,7000.0,3.0,1,2,2,2,2,1.0,2.2,1.09,1.0,2.0,4.0,4.0,3.0,4.0,3.0,2.0,3.0,5.0,4.0,3.0,4.0,1.0,4.0,2.0,2.0,1.0,6.0,2.0,2.0,4.0,2.0,4.0,4.0,2.0,2.0,1.0,2.0,4.0,1.0,4.0,4.0,3.0,4.0,4.0,3.0,2.0,2.0,4.0,4.0,2.0,4.0,3.0,3.0,3.0,6.0,4.0,2.0,4.0,2.0,4.0,4.0,4.0,1.0,7,1,2,2,2,4.0,1,1.0,2.0,2.0,4.0,2,6.5,1,4.0,4.0,10.0,2,57.0,0.000409116
39010116,1.0,0,19,15,0,3.0,0.76,10,2.0,0.0,2.0,1.0,0.0,0.0,0.0,2.0,2.0,1.0,2.0,0.0,1.0,1.0,5.0,30.0,4.0,2.0,1959.0,1.0,2.0,2.0,4.0,7000.0,2.0,1,2,2,2,2,1.0,2.2,1.09,1.0,2.0,4.0,4.0,3.0,4.0,3.0,2.0,3.0,5.0,4.0,3.0,4.0,1.0,4.0,2.0,2.0,1.0,6.0,2.0,2.0,4.0,2.0,4.0,4.0,2.0,2.0,1.0,2.0,4.0,1.0,4.0,4.0,3.0,4.0,4.0,3.0,2.0,2.0,4.0,4.0,2.0,4.0,3.0,3.0,3.0,6.0,4.0,2.0,4.0,2.0,4.0,4.0,4.0,1.0,7,1,2,2,2,6.0,1,2.0,2.0,2.0,4.0,2,6.5,1,4.0,4.0,10.0,2,51.0,0.001472131
39020001,7.0,1,93,27,24,11.8,2.79,38,3.0,0.0,2.0,0.0,0.0,0.0,1.0,2.0,1.0,1.0,3.0,0.0,1.0,2.0,4.0,30.0,6.0,1.0,1980.0,1.0,6.0,1.0,6.0,15000.0,3.0,1,1,2,2,2,1.0,5.9,4.0,2.0,2.0,3.0,4.0,3.0,3.0,2.0,3.0,2.0,1.0,4.0,2.0,2.0,3.0,3.0,3.0,4.0,3.0,4.0,4.0,1.0,2.0,2.0,3.0,5.0,4.0,2.0,2.0,5.0,4.0,1.0,5.0,4.0,4.0,4.0,3.0,5.0,4.0,4.0,3.0,2.0,3.0,4.0,4.0,3.0,1.0,2.0,4.0,1.0,5.0,5.0,4.0,4.0,4.0,3.0,7,1,2,2,2,5.0,2,3.0,2.0,2.0,1.0,2,24.0,1,42.0,3.0,38.0,2,30.0,0.000967286
39020001,10.0,2,178,48,68,24.8,5.22,64,3.0,0.0,2.0,0.0,0.0,0.0,1.0,2.0,1.0,1.0,3.0,0.0,1.0,2.0,4.0,30.0,6.0,1.0,1980.0,1.0,6.0,1.0,6.0,15000.0,3.0,1,1,2,2,2,1.0,12.4,7.48,2.0,2.0,3.0,4.0,3.0,3.0,2.0,3.0,2.0,1.0,4.0,2.0,2.0,3.0,3.0,3.0,4.0,3.0,4.0,4.0,1.0,2.0,2.0,3.0,5.0,4.0,2.0,2.0,5.0,4.0,1.0,5.0,4.0,4.0,4.0,3.0,5.0,4.0,4.0,3.0,2.0,3.0,4.0,4.0,3.0,1.0,2.0,4.0,1.0,5.0,5.0,4.0,4.0,4.0,3.0,7,1,2,2,2,5.0,2,3.0,2.0,2.0,1.0,2,49.0,1,62.0,3.0,95.0,2,30.0,0.000967286
39020134,2.0,2,153,61,21,50.2,19.22,151,2.0,0.0,0.0,0.0,4.0,0.0,2.0,0.0,1.0,1.0,2.0,0.0,1.0,1.0,4.5,10.0,6.0,1.0,1954.0,1.0,2.0,2.0,2.0,15000.0,7.0,2,2,1,2,2,3.0,0.0,27.54,5.0,5.0,1.0,2.0,3.0,5.0,4.0,3.0,5.0,3.0,3.0,5.0,4.0,2.0,5.0,3.0,2.0,1.0,3.0,3.0,3.0,3.0,3.0,4.0,5.0,4.0,2.0,1.0,4.0,5.0,1.0,5.0,5.0,1.0,5.0,3.0,3.0,1.0,1.0,5.0,5.0,1.0,3.0,3.0,4.0,2.0,3.0,5.0,1.0,2.0,4.0,4.0,4.0,4.0,1.0,7,1,2,2,2,5.0,1,1.0,2.0,2.0,1.0,2,215.0,0,71.0,2.0,105.0,2,56.0,0.000160139
39020173,1.0,1,64,24,17,10.2,2.3,30,5.0,0.0,1.0,0.0,3.0,2.0,3.0,1.0,1.0,1.0,5.0,0.0,1.0,1.0,5.5,15.0,4.0,1.0,1961.0,1.0,3.0,1.0,6.0,7384.0,3.0,1,2,2,2,2,1.0,5.1,3.3,2.0,4.0,2.0,2.0,5.0,5.0,4.0,3.0,3.0,4.0,4.0,2.0,4.0,2.0,5.0,2.0,2.0,3.0,4.0,3.0,4.0,4.0,5.0,3.0,5.0,3.0,4.0,5.0,5.0,4.0,2.0,3.0,3.0,3.0,5.0,5.0,4.0,3.0,3.0,5.0,2.0,3.0,4.0,4.0,4.0,3.0,3.0,4.0,3.0,2.0,4.0,2.0,3.0,5.0,1.0,7,1,2,2,2,5.0,1,1.0,3.0,3.0,4.0,2,20.0,0,23.0,3.0,35.0,2,49.0,0.000409116
39020209,1.0,1,87,48,6,10.2,2.36,30,5.0,3.0,2.0,1.0,2.0,3.0,1.0,1.0,1.0,1.0,2.0,1.0,1.0,1.0,5.0,5.0,6.0,1.0,1965.0,1.0,3.0,1.0,1.0,15000.0,3.0,1,2,2,2,2,1.0,5.1,3.38,1.0,2.0,2.0,4.0,2.0,4.0,3.0,5.0,2.0,5.0,2.0,5.0,3.0,3.0,5.0,1.0,2.0,5.0,5.0,2.0,5.0,5.0,3.0,5.0,4.0,2.0,3.0,1.0,5.0,4.0,1.0,4.0,4.0,5.0,5.0,5.0,5.0,3.0,3.0,5.0,5.0,5.0,5.0,4.0,5.0,4.0,3.0,3.0,1.0,4.0,3.0,4.0,5.0,4.0,1.0,7,1,2,2,2,4.0,1,1.0,1.0,1.0,3.0,2,20.0,1,33.0,4.0,30.0,2,45.0,0.000409116
39020293,1.0,2,55,18,8,12.6,2.1,25,3.0,0.0,3.0,0.0,2.0,0.0,1.0,2.0,1.0,1.0,3.0,0.0,1.0,1.0,6.0,16.0,4.0,2.0,1986.0,1.0,6.0,1.0,8.0,7384.0,3.0,1,2,2,2,2,1.0,6.3,3.01,6.0,1.0,3.0,3.0,6.0,4.0,4.0,1.0,3.0,5.0,1.0,4.0,4.0,1.0,3.0,1.0,1.0,3.0,5.0,5.0,4.0,4.0,4.0,2.0,4.0,3.0,3.0,1.0,3.0,3.0,3.0,3.0,3.0,2.0,3.0,3.0,1.0,1.0,3.0,3.0,1.0,3.0,3.0,3.0,1.0,1.0,1.0,3.0,2.0,1.0,3.0,3.0,3.0,3.0,1.0,7,1,2,2,2,6.0,1,4.0,1.0,3.0,4.0,2,18.0,1,29.0,4.0,20.0,2,24.0,0.00087004
39110096,1.0,1,37,19,0,7.4,1.29,15,2.0,0.0,1.0,1.0,2.0,0.0,1.0,1.0,1.0,1.0,2.0,1.0,1.0,1.0,4.0,27.0,4.0,1.0,1956.0,1.0,2.0,1.0,6.0,7000.0,3.0,1,1,2,2,2,1.0,3.7,1.85,2.0,3.0,3.0,2.0,4.0,4.0,4.0,3.0,3.0,4.0,4.0,4.0,4.0,2.0,4.0,3.0,3.0,3.0,4.0,2.0,4.0,3.0,3.0,2.0,4.0,3.0,2.0,3.0,4.0,4.0,2.0,4.0,4.0,3.0,3.0,4.0,4.0,2.0,3.0,3.0,2.0,3.0,4.0,3.0,4.0,3.0,3.0,4.0,2.0,3.0,4.0,4.0,4.0,4.0,1.0,4,2,2,2,2,6.0,1,3.0,2.0,2.0,4.0,2,13.0,0,18.0,4.0,25.0,2,54.0,0.000409116
39110220,4.0,0,21,13,0,3.4,0.55,7,2.0,0.0,2.0,0.0,0.0,0.0,0.0,1.0,2.0,1.0,2.0,0.0,1.0,1.0,5.0,39.0,3.0,2.0,1947.0,1.0,3.0,9.0,7.0,5000.0,2.0,1,2,2,2,2,1.0,2.2,0.79,1.0,2.0,5.0,5.0,6.0,3.0,6.0,6.0,5.0,6.0,3.0,6.0,5.0,3.0,6.0,6.0,2.0,3.0,5.0,6.0,3.0,3.0,3.0,3.0,5.0,5.0,3.0,4.0,6.0,2.0,6.0,5.0,4.0,3.0,6.0,5.0,2.0,1.0,1.0,2.0,3.0,4.0,3.0,3.0,6.0,3.0,1.0,5.0,3.0,6.0,2.0,3.0,5.0,3.0,3.0,4,2,2,2,2,5.0,1,3.0,2.0,2.0,4.0,2,5.5,1,8.0,4.0,10.0,2,63.0,0.001472131
39110243,2.0,2,138,45,20,10.8,7.15,75,4.0,0.0,2.0,0.0,1.0,0.0,2.0,1.0,1.0,1.0,2.0,0.0,1.0,1.0,3.5,20.0,5.0,1.0,1970.0,1.0,6.0,1.0,6.0,9000.0,7.0,2,2,1,2,2,1.0,0.0,10.25,3.0,4.0,1.0,2.0,4.0,5.0,4.0,3.0,3.0,4.0,3.0,1.0,3.0,2.0,4.0,6.0,3.0,2.0,4.0,3.0,4.0,2.0,2.0,2.0,5.0,4.0,4.0,1.0,5.0,4.0,2.0,4.0,3.0,3.0,3.0,2.0,3.0,2.0,1.0,4.0,2.0,3.0,3.0,4.0,4.0,2.0,2.0,5.0,3.0,2.0,2.0,4.0,3.0,4.0,1.0,4,2,2,2,2,4.0,2,3.0,1.0,1.0,4.0,2,79.0,0,73.0,4.0,115.0,2,40.0,0.000160139
39110257,1.0,1,40,18,0,7.4,1.24,14,4.0,0.0,1.0,0.0,4.0,0.0,3.0,1.0,1.0,1.0,4.0,0.0,1.0,1.0,5.0,20.0,4.0,1.0,1963.0,1.0,3.0,1.0,6.0,7000.0,3.0,1,1,2,2,2,2.0,3.7,1.78,2.0,2.0,3.0,3.0,3.0,4.0,3.0,2.0,2.0,4.0,3.0,3.0,2.0,2.0,4.0,4.0,4.0,2.0,4.0,4.0,2.0,4.0,4.0,2.0,4.0,4.0,4.0,2.0,4.0,4.0,2.0,4.0,4.0,4.0,4.0,4.0,4.0,2.0,2.0,4.0,4.0,4.0,4.0,3.0,3.0,2.0,2.0,4.0,3.0,3.0,2.0,2.0,2.0,4.0,1.0,4,2,2,2,2,2.0,1,3.0,3.0,2.0,2.0,2,12.0,0,22.0,4.0,42.0,2,47.0,0.000409116
39110258,3.0,0,42,30,0,6.8,1.22,15,2.0,0.0,1.0,0.0,2.0,0.0,2.0,1.0,1.0,1.0,2.0,0.0,1.0,1.0,5.0,11.0,4.0,1.0,1962.0,1.0,3.0,1.0,6.0,7000.0,3.0,2,2,2,2,2,1.0,6.8,1.75,2.0,2.0,3.0,3.0,3.0,4.0,3.0,2.0,2.0,4.0,3.0,3.0,2.0,2.0,4.0,4.0,4.0,2.0,4.0,4.0,3.0,4.0,4.0,2.0,4.0,4.0,4.0,2.0,4.0,4.0,2.0,4.0,4.0,4.0,4.0,4.0,4.0,2.0,2.0,4.0,4.0,4.0,4.0,3.0,3.0,2.0,2.0,4.0,3.0,3.0,2.0,2.0,2.0,4.0,1.0,4,2,2,2,2,5.0,2,3.0,2.0,2.0,1.0,2,12.5,0,12.0,4.0,38.0,2,48.0,0.000409116
39110258,6.0,0,42,27,0,6.8,1.22,15,2.0,0.0,1.0,0.0,2.0,0.0,2.0,1.0,1.0,1.0,2.0,0.0,1.0,1.0,5.0,11.0,4.0,1.0,1962.0,1.0,3.0,1.0,6.0,7000.0,3.0,2,2,2,2,2,1.0,6.8,1.75,2.0,2.0,3.0,3.0,3.0,4.0,3.0,2.0,2.0,4.0,3.0,3.0,2.0,2.0,4.0,4.0,4.0,2.0,4.0,4.0,3.0,4.0,4.0,2.0,4.0,4.0,4.0,2.0,4.0,4.0,2.0,4.0,4.0,4.0,4.0,4.0,4.0,2.0,2.0,4.0,4.0,4.0,4.0,3.0,3.0,2.0,2.0,4.0,3.0,3.0,2.0,2.0,2.0,4.0,3.0,4,2,2,2,2,5.0,2,3.0,2.0,2.0,1.0,2,12.5,0,15.0,4.0,40.0,2,48.0,0.000162754
39110281,10.0,2,140,22,45,41.0,6.8,100,2.0,0.0,1.0,0.0,1.0,0.0,1.0,1.0,2.0,1.0,1.0,1.0,1.0,1.0,4.0,25.0,3.0,1.0,1971.0,1.0,6.0,1.0,5.0,5000.0,3.0,1,2,2,2,2,1.0,20.5,9.74,2.0,4.0,6.0,2.0,3.0,4.0,6.0,3.0,5.0,4.0,4.0,2.0,2.0,1.0,5.0,1.0,1.0,1.0,4.0,2.0,5.0,4.0,2.0,4.0,4.0,2.0,4.0,2.0,4.0,5.0,1.0,4.0,3.0,3.0,4.0,4.0,4.0,1.0,2.0,4.0,2.0,2.0,4.0,4.0,4.0,3.0,2.0,4.0,2.0,2.0,2.0,2.0,2.0,4.0,3.0,4,2,2,2,2,5.0,1,1.0,1.0,2.0,3.0,2,75.0,0,73.0,3.0,93.0,2,39.0,0.000967286
39110409,4.0,1,43,10,3,3.4,0.69,8,3.0,0.0,2.0,0.0,2.0,0.0,2.0,1.0,1.0,1.0,2.0,1.0,1.0,1.0,5.0,31.0,3.0,1.0,1944.0,1.0,1.0,9.0,2.0,5000.0,5.0,1,2,2,2,2,1.0,2.2,0.99,2.0,3.0,3.0,4.0,4.0,4.0,4.0,3.0,3.0,4.0,4.0,4.0,4.0,2.0,4.0,6.0,5.0,1.0,4.0,3.0,4.0,3.0,3.0,4.0,6.0,3.0,6.0,6.0,4.0,3.0,6.0,6.0,1.0,3.0,4.0,4.0,3.0,1.0,1.0,5.0,6.0,3.0,2.0,3.0,6.0,2.0,1.0,4.0,6.0,6.0,3.0,2.0,3.0,4.0,3.0,4,2,2,2,2,5.0,1,1.0,2.0,2.0,4.0,2,6.0,1,30.0,4.0,15.0,2,66.0,8.57e-05
39110423,11.0,1,37,15,3,7.4,1.19,13,1.0,0.0,1.0,0.0,1.0,0.0,2.0,1.0,1.0,1.0,2.0,0.0,2.0,1.0,1.0,10.0,2.0,1.0,1933.0,1.0,1.0,9.0,3.0,3250.0,6.0,1,2,2,2,2,1.0,3.7,1.71,1.0,1.0,1.0,1.0,5.0,5.0,6.0,1.0,3.0,5.0,3.0,3.0,5.0,2.0,5.0,2.0,2.0,2.0,5.0,4.0,5.0,5.0,3.0,1.0,5.0,2.0,3.0,3.0,1.0,5.0,1.0,3.0,3.0,3.0,4.0,2.0,5.0,1.0,1.0,5.0,3.0,3.0,4.0,3.0,3.0,1.0,1.0,5.0,3.0,3.0,2.0,4.0,5.0,3.0,3.0,4,2,2,2,2,1.0,1,3.0,2.0,2.0,4.0,2,12.0,1,19.0,4.0,35.5,2,77.0,8.57e-05
39110438,1.0,1,141,69,9,31.0,7.03,85,5.0,1.0,2.0,2.0,4.0,0.0,5.0,1.0,1.0,1.0,5.0,1.0,1.0,1.0,7.0,23.0,6.0,1.0,1953.0,1.0,3.0,1.0,2.0,15000.0,8.0,2,2,1,2,2,1.0,0.0,10.07,5.0,5.0,1.0,2.0,3.0,5.0,4.0,3.0,4.0,5.0,5.0,1.0,4.0,2.0,3.0,1.0,4.0,2.0,5.0,1.0,5.0,4.0,1.0,5.0,5.0,2.0,2.0,4.0,5.0,5.0,1.0,1.0,1.0,2.0,4.0,1.0,4.0,2.0,2.0,4.0,2.0,2.0,3.0,4.0,5.0,1.0,1.0,5.0,1.0,3.0,1.0,4.0,2.0,4.0,1.0,4,2,2,2,2,2.0,2,2.0,2.0,1.0,4.0,2,82.0,0,63.0,4.0,106.0,2,57.0,0.000160139
39110449,7.0,0,72,24,0,22.2,5.7,63,5.0,0.0,2.0,2.0,4.0,0.0,3.0,3.0,1.0,2.0,5.0,0.0,1.0,1.0,7.0,13.0,5.0,2.0,1991.0,1.0,6.0,6.0,6.0,9000.0,2.0,2,2,1,2,2,3.0,0.0,8.17,2.0,3.0,2.0,3.0,2.0,4.0,2.0,2.0,3.0,4.0,3.0,4.0,4.0,2.0,4.0,6.0,4.0,6.0,6.0,2.0,6.0,3.0,3.0,2.0,4.0,4.0,4.0,3.0,4.0,4.0,4.0,2.0,2.0,4.0,4.0,4.0,4.0,4.0,2.0,2.0,2.0,4.0,4.0,3.0,4.0,3.0,4.0,6.0,6.0,4.0,2.0,4.0,4.0,4.0,3.0,4,2,2,2,2,5.0,2,3.0,1.0,2.0,1.0,2,64.0,0,48.0,4.0,40.0,2,19.0,0.002195453
39110450,1.0,0,16,8,0,4.0,0.45,6,5.0,0.0,2.0,2.0,4.0,0.0,3.0,3.0,1.0,1.0,5.0,0.0,1.0,1.0,7.0,13.0,5.0,2.0,1967.0,1.0,3.0,2.0,6.0,9000.0,3.0,1,2,2,2,2,2.0,2.2,0.64,3.0,4.0,2.0,3.0,3.0,4.0,3.0,6.0,3.0,4.0,2.0,4.0,4.0,2.0,4.0,6.0,4.0,2.0,4.0,2.0,4.0,3.0,4.0,3.0,3.0,2.0,4.0,3.0,2.0,6.0,2.0,4.0,2.0,2.0,5.0,4.0,4.0,2.0,2.0,4.0,2.0,4.0,4.0,4.0,6.0,2.0,2.0,4.0,3.0,3.0,2.0,4.0,4.0,3.0,1.0,4,2,2,2,2,5.0,1,3.0,1.0,3.0,4.0,2,3.5,0,8.0,3.0,12.0,2,43.0,0.000367986
39110459,3.0,3,190,13,19,75.4,3.5,43,4.0,0.0,2.0,0.0,5.0,0.0,3.0,3.0,1.0,1.0,4.0,0.0,1.0,1.0,6.0,25.0,6.0,2.0,1952.0,1.0,3.0,1.0,1.0,15000.0,3.0,2,2,1,2,2,1.0,0.0,5.02,1.0,5.0,5.0,3.0,3.0,5.0,5.0,1.0,5.0,5.0,5.0,5.0,5.0,1.0,5.0,1.0,5.0,1.0,5.0,3.0,3.0,1.0,5.0,1.0,5.0,5.0,5.0,1.0,5.0,5.0,3.0,3.0,3.0,1.0,5.0,1.0,5.0,1.0,1.0,5.0,1.0,1.0,5.0,1.0,1.0,5.0,1.0,5.0,1.0,1.0,1.0,5.0,5.0,5.0,1.0,4,2,2,2,2,6.0,1,4.0,2.0,2.0,2.0,2,41.0,0,158.0,3.0,35.5,2,58.0,0.000367986
39110459,3.0,2,133,30,3,59.6,18.95,147,4.0,0.0,2.0,0.0,5.0,0.0,3.0,3.0,1.0,1.0,4.0,0.0,1.0,1.0,6.0,25.0,6.0,2.0,1952.0,1.0,3.0,1.0,1.0,15000.0,3.0,2,2,1,2,2,1.0,0.0,27.16,1.0,5.0,5.0,3.0,3.0,5.0,5.0,1.0,5.0,5.0,5.0,5.0,5.0,1.0,5.0,1.0,5.0,1.0,5.0,3.0,3.0,1.0,5.0,1.0,5.0,5.0,5.0,1.0,5.0,5.0,3.0,3.0,3.0,1.0,5.0,1.0,5.0,1.0,1.0,5.0,1.0,1.0,5.0,1.0,1.0,5.0,1.0,5.0,1.0,1.0,1.0,5.0,5.0,5.0,1.0,4,2,2,2,2,6.0,1,4.0,2.0,2.0,2.0,2,212.0,0,100.0,3.0,82.0,2,58.0,0.000367986
39110459,1.0,0,81,57,0,4.0,1.32,15,4.0,0.0,2.0,0.0,5.0,0.0,3.0,3.0,1.0,1.0,4.0,0.0,1.0,1.0,6.0,25.0,6.0,2.0,1952.0,1.0,3.0,1.0,1.0,15000.0,3.0,2,2,1,2,2,1.0,0.0,1.89,1.0,5.0,5.0,3.0,3.0,5.0,5.0,1.0,5.0,5.0,5.0,5.0,5.0,1.0,5.0,1.0,5.0,1.0,5.0,3.0,3.0,1.0,5.0,1.0,5.0,5.0,5.0,1.0,5.0,5.0,3.0,3.0,3.0,1.0,5.0,1.0,5.0,1.0,1.0,5.0,1.0,1.0,5.0,1.0,1.0,5.0,1.0,5.0,1.0,1.0,1.0,5.0,5.0,5.0,1.0,4,2,2,2,2,6.0,1,4.0,2.0,2.0,2.0,2,13.0,1,24.0,3.0,20.0,2,58.0,0.000367986
39110459,1.0,0,44,39,0,3.4,0.81,10,4.0,0.0,2.0,0.0,5.0,0.0,3.0,3.0,1.0,1.0,4.0,0.0,1.0,1.0,6.0,25.0,6.0,2.0,1952.0,1.0,3.0,1.0,1.0,15000.0,3.0,2,2,1,2,2,1.0,0.0,1.16,1.0,5.0,5.0,3.0,3.0,5.0,5.0,1.0,5.0,5.0,5.0,5.0,5.0,1.0,5.0,1.0,5.0,1.0,5.0,3.0,3.0,1.0,5.0,1.0,5.0,5.0,5.0,1.0,5.0,5.0,3.0,3.0,3.0,1.0,5.0,1.0,5.0,1.0,1.0,5.0,1.0,1.0,5.0,1.0,1.0,5.0,1.0,5.0,1.0,1.0,1.0,5.0,5.0,5.0,1.0,4,2,2,2,2,6.0,1,4.0,2.0,2.0,2.0,2,8.0,1,5.0,3.0,15.0,2,58.0,0.000367986
39110471,1.0,1,39,20,0,7.4,1.27,14,4.0,0.0,2.0,2.0,4.0,0.0,3.0,1.0,1.0,1.0,4.0,0.0,2.0,1.0,5.0,26.0,5.0,1.0,1959.0,1.0,3.0,1.0,6.0,9000.0,3.0,1,1,2,2,2,1.0,3.7,1.82,5.0,4.0,2.0,3.0,2.0,4.0,5.0,1.0,4.0,5.0,5.0,1.0,5.0,1.0,5.0,1.0,4.0,2.0,5.0,2.0,4.0,4.0,2.0,2.0,4.0,3.0,3.0,4.0,4.0,4.0,1.0,5.0,4.0,3.0,2.0,5.0,2.0,1.0,2.0,5.0,2.0,3.0,4.0,4.0,4.0,2.0,4.0,5.0,1.0,2.0,4.0,4.0,4.0,4.0,1.0,4,2,2,2,2,5.0,1,2.0,2.0,2.0,1.0,2,12.0,0,19.0,3.0,37.0,2,51.0,0.000409116
39110605,7.0,3,252,45,17,110.4,38.63,309,3.0,0.0,2.0,2.0,3.0,0.0,1.0,2.0,1.0,1.0,3.0,0.0,1.0,1.0,5.0,10.0,4.0,2.0,1963.0,1.0,3.0,2.0,6.0,7000.0,2.0,1,2,2,2,2,2.0,55.2,55.36,2.0,4.0,2.0,2.0,6.0,6.0,4.0,4.0,4.0,3.0,3.0,4.0,4.0,3.0,3.0,2.0,2.0,1.0,4.0,2.0,4.0,3.0,2.0,2.0,5.0,3.0,4.0,2.0,4.0,3.0,2.0,4.0,3.0,2.0,4.0,4.0,3.0,2.0,2.0,4.0,2.0,3.0,4.0,4.0,3.0,2.0,2.0,5.0,3.0,3.0,2.0,3.0,4.0,3.0,3.0,4,2,2,2,2,5.0,5,2.0,1.0,1.0,4.0,2,425.5,0,190.0,3.0,170.0,2,47.0,0.001472131
39110675,4.0,0,17,15,0,3.0,0.11,1,5.0,3.0,1.0,0.0,5.0,2.0,1.0,1.0,1.0,1.0,2.0,1.0,1.0,1.0,7.5,4.0,4.0,1.0,1969.0,1.0,3.0,1.0,3.0,7000.0,4.0,1,2,2,2,2,1.0,2.2,0.16,4.0,3.0,1.0,2.0,4.0,5.0,4.0,1.0,3.0,4.0,5.0,3.0,4.0,1.0,5.0,2.0,2.0,1.0,4.0,4.0,4.0,4.0,2.0,2.0,4.0,2.0,4.0,4.0,4.0,4.0,4.0,4.0,2.0,3.0,4.0,4.0,2.0,1.0,2.0,4.0,4.0,3.0,3.0,4.0,5.0,4.0,1.0,4.0,2.0,4.0,3.0,4.0,4.0,4.0,3.0,4,2,2,2,2,4.0,1,1.0,1.0,1.0,4.0,2,0.7,1,2.0,4.0,1.0,2,41.0,0.000109132
39110675,9.0,0,28,13,0,7.6,1.21,15,5.0,3.0,1.0,0.0,5.0,2.0,1.0,1.0,1.0,1.0,2.0,1.0,1.0,1.0,7.5,4.0,4.0,1.0,1969.0,1.0,3.0,1.0,3.0,7000.0,4.0,1,2,2,2,2,1.0,3.8,1.73,4.0,3.0,1.0,2.0,4.0,5.0,4.0,1.0,3.0,4.0,5.0,3.0,4.0,1.0,5.0,2.0,2.0,1.0,4.0,4.0,4.0,4.0,2.0,2.0,4.0,2.0,4.0,4.0,4.0,4.0,4.0,4.0,2.0,3.0,4.0,4.0,2.0,1.0,2.0,4.0,4.0,3.0,3.0,4.0,5.0,4.0,1.0,4.0,2.0,4.0,3.0,4.0,4.0,4.0,3.0,4,2,2,2,2,4.0,1,1.0,1.0,1.0,4.0,2,14.0,1,15.0,4.0,15.0,2,41.0,0.000109132
39110781,1.0,1,65,40,1,7.4,1.29,15,2.0,0.0,1.0,1.0,1.0,0.0,1.0,1.0,1.0,1.0,1.0,1.0,2.0,1.0,5.0,10.0,4.0,1.0,1963.0,1.0,5.0,1.0,3.0,7000.0,3.0,2,2,2,2,2,1.0,7.4,1.85,2.0,4.0,3.0,2.0,3.0,4.0,3.0,3.0,3.0,4.0,3.0,3.0,4.0,3.0,4.0,6.0,3.0,2.0,4.0,3.0,3.0,4.0,3.0,3.0,4.0,6.0,2.0,3.0,4.0,3.0,3.0,4.0,4.0,3.0,3.0,4.0,3.0,2.0,3.0,4.0,3.0,3.0,4.0,4.0,4.0,3.0,3.0,4.0,3.0,3.0,3.0,3.0,3.0,3.0,1.0,4,2,2,2,2,5.0,1,3.0,2.0,2.0,1.0,2,12.0,1,24.0,3.0,15.0,2,47.0,0.000409116
39110815,1.0,2,101,34,11,14.4,2.41,28,3.0,0.0,1.0,1.0,4.0,0.0,2.0,1.0,1.0,1.0,1.0,0.0,1.0,1.0,6.0,10.0,4.0,1.0,1954.0,1.0,3.0,1.0,2.0,7000.0,8.0,1,1,2,2,2,1.0,7.2,3.45,5.0,4.0,1.0,1.0,4.0,5.0,5.0,1.0,4.0,5.0,3.0,2.0,5.0,2.0,5.0,1.0,4.0,1.0,5.0,2.0,5.0,4.0,2.0,3.0,5.0,2.0,2.0,4.0,5.0,4.0,2.0,4.0,5.0,3.0,4.0,2.0,3.0,2.0,2.0,4.0,4.0,1.0,4.0,5.0,4.0,1.0,3.0,5.0,3.0,1.0,4.0,4.0,4.0,4.0,1.0,4,2,2,2,2,1.0,2,3.0,2.0,1.0,4.0,2,24.0,0,56.0,5.0,79.0,2,56.0,0.000160139
39110816,4.0,3,228,44,24,108.8,38.27,299,3.0,0.0,1.0,1.0,3.0,0.0,2.0,1.0,1.0,1.0,1.0,0.0,1.0,1.0,6.0,10.0,4.0,2.0,1986.0,1.0,6.0,8.0,2.0,7000.0,5.0,2,2,1,2,2,2.0,0.0,54.84,4.0,4.0,2.0,2.0,5.0,5.0,4.0,3.0,4.0,5.0,4.0,4.0,5.0,1.0,5.0,6.0,3.0,1.0,3.0,2.0,5.0,4.0,4.0,1.0,5.0,2.0,5.0,2.0,5.0,5.0,3.0,4.0,4.0,3.0,4.0,1.0,3.0,4.0,3.0,4.0,2.0,4.0,1.0,4.0,6.0,3.0,2.0,4.0,3.0,4.0,1.0,4.0,4.0,2.0,3.0,4,2,2,2,2,4.0,3,2.0,1.0,3.0,3.0,2,428.5,0,160.0,3.0,158.0,2,24.0,0.000232084
39110969,3.0,0,22,12,0,4.0,0.67,9,4.0,2.0,1.0,1.0,4.0,2.0,2.0,1.0,1.0,1.0,2.0,0.0,2.0,1.0,4.5,9.0,3.0,2.0,1972.0,1.0,3.0,6.0,1.0,5000.0,3.0,1,2,2,2,2,1.0,2.2,0.96,2.0,3.0,4.0,2.0,4.0,4.0,4.0,2.0,4.0,5.0,4.0,5.0,4.0,2.0,3.0,2.0,2.0,3.0,4.0,2.0,4.0,3.0,3.0,4.0,5.0,4.0,3.0,3.0,5.0,5.0,2.0,5.0,4.0,2.0,4.0,4.0,3.0,1.0,1.0,4.0,2.0,4.0,4.0,4.0,3.0,3.0,2.0,4.0,4.0,5.0,2.0,2.0,3.0,5.0,1.0,4,2,2,2,2,6.0,1,2.0,2.0,4.0,3.0,2,6.5,0,10.0,4.0,13.0,2,38.0,0.00087004
39110970,7.0,0,53,17,0,8.0,1.64,21,4.0,2.0,1.0,1.0,4.0,2.0,2.0,1.0,1.0,1.0,2.0,0.0,2.0,1.0,4.5,9.0,3.0,2.0,1972.0,1.0,3.0,6.0,1.0,5000.0,3.0,1,2,2,2,2,1.0,4.0,2.35,2.0,3.0,4.0,2.0,4.0,4.0,4.0,2.0,4.0,5.0,4.0,5.0,4.0,2.0,3.0,2.0,2.0,3.0,4.0,2.0,4.0,3.0,3.0,4.0,5.0,4.0,3.0,3.0,5.0,5.0,2.0,5.0,4.0,2.0,4.0,4.0,3.0,1.0,1.0,4.0,2.0,4.0,4.0,4.0,3.0,3.0,2.0,4.0,4.0,5.0,2.0,2.0,3.0,5.0,3.0,4,2,2,2,2,6.0,2,2.0,2.0,4.0,3.0,2,15.5,0,36.0,4.0,42.0,2,38.0,0.00087004
39110987,1.0,2,84,23,11,7.0,1.19,14,1.0,0.0,1.0,0.0,1.0,0.0,1.0,0.0,1.0,2.0,1.0,0.0,1.0,2.0,4.0,27.0,3.0,1.0,1962.0,1.0,1.0,1.0,6.0,5000.0,3.0,1,2,2,2,2,1.0,3.5,1.71,4.0,4.0,3.0,2.0,4.0,5.0,2.0,2.0,2.0,4.0,3.0,4.0,4.0,3.0,4.0,6.0,4.0,2.0,4.0,4.0,4.0,4.0,4.0,2.0,4.0,3.0,1.0,4.0,5.0,4.0,1.0,2.0,3.0,1.0,3.0,1.0,1.0,1.0,1.0,5.0,4.0,2.0,2.0,4.0,4.0,1.0,2.0,5.0,3.0,3.0,2.0,4.0,5.0,4.0,2.0,4,2,2,2,2,3.0,2,1.0,3.0,3.0,3.0,2,11.0,1,50.0,4.0,11.0,2,48.0,0.000409116
39110987,1.0,2,80,24,8,6.4,1.19,14,1.0,0.0,1.0,0.0,1.0,0.0,1.0,0.0,1.0,2.0,1.0,0.0,1.0,2.0,4.0,27.0,3.0,1.0,1962.0,1.0,1.0,1.0,6.0,5000.0,3.0,1,2,2,2,2,1.0,3.2,1.71,4.0,4.0,3.0,2.0,4.0,5.0,2.0,2.0,2.0,4.0,3.0,4.0,4.0,3.0,4.0,6.0,4.0,2.0,4.0,4.0,4.0,4.0,4.0,2.0,4.0,3.0,1.0,4.0,5.0,4.0,1.0,2.0,3.0,1.0,3.0,1.0,1.0,1.0,1.0,5.0,4.0,2.0,2.0,4.0,4.0,1.0,2.0,5.0,3.0,3.0,2.0,4.0,5.0,4.0,1.0,4,2,2,2,2,3.0,2,1.0,3.0,3.0,3.0,2,11.0,1,48.0,4.0,10.0,2,48.0,0.000409116
39110995,1.0,1,35,18,0,7.4,1.24,14,6.0,0.0,1.0,1.0,6.0,0.0,6.0,1.0,1.0,1.0,6.0,2.0,1.0,1.0,7.0,14.0,6.0,1.0,1952.0,1.0,3.0,1.0,1.0,15000.0,6.0,2,2,1,2,2,2.0,0.0,1.78,4.0,4.0,2.0,2.0,5.0,5.0,4.0,6.0,4.0,6.0,4.0,2.0,4.0,2.0,4.0,2.0,2.0,1.0,3.0,2.0,4.0,2.0,1.0,4.0,5.0,4.0,2.0,1.0,5.0,5.0,2.0,4.0,3.0,3.0,4.0,2.0,3.0,1.0,1.0,5.0,4.0,4.0,4.0,4.0,3.0,1.0,1.0,4.0,2.0,1.0,3.0,4.0,4.0,4.0,1.0,4,2,2,2,2,5.0,1,3.0,2.0,2.0,3.0,2,12.0,0,17.0,5.0,26.0,2,58.0,0.000109132
39111246,4.0,0,50,17,0,7.4,1.76,22,1.0,0.0,0.0,0.0,0.0,0.0,0.0,1.0,2.0,1.0,1.0,0.0,1.0,1.0,5.0,4.0,1.0,2.0,1936.0,1.0,1.0,9.0,6.0,2000.0,3.0,1,2,2,2,2,3.0,3.7,2.52,3.0,2.0,4.0,2.0,4.0,5.0,6.0,5.0,4.0,3.0,4.0,5.0,5.0,2.0,4.0,3.0,2.0,3.0,3.0,2.0,3.0,4.0,5.0,2.0,4.0,4.0,5.0,2.0,1.0,2.0,6.0,5.0,4.0,4.0,4.0,2.0,4.0,2.0,3.0,3.0,5.0,3.0,5.0,3.0,3.0,2.0,2.0,4.0,3.0,5.0,2.0,4.0,4.0,2.0,3.0,4,2,2,2,2,1.0,2,4.0,3.0,2.0,3.0,2,17.5,0,33.0,4.0,35.5,2,74.0,0.000288998
39111287,4.0,2,176,104,1,20.0,4.83,51,1.0,0.0,1.0,0.0,1.0,0.0,1.0,0.0,1.0,1.0,1.0,0.0,1.0,2.0,3.0,3.0,2.0,2.0,1970.0,1.0,1.0,1.0,6.0,3250.0,3.0,1,2,2,2,2,1.0,10.0,6.92,6.0,3.0,4.0,2.0,5.0,5.0,5.0,3.0,4.0,5.0,4.0,5.0,4.0,3.0,5.0,3.0,4.0,1.0,5.0,6.0,5.0,4.0,3.0,2.0,4.0,1.0,6.0,4.0,4.0,4.0,2.0,4.0,4.0,3.0,3.0,2.0,3.0,1.0,1.0,5.0,6.0,4.0,4.0,4.0,2.0,1.0,2.0,5.0,2.0,4.0,2.0,4.0,4.0,2.0,3.0,4,2,2,2,2,6.0,5,3.0,3.0,3.0,3.0,2,39.5,1,71.0,8.0,100.0,2,40.0,0.000367986
39111325,1.0,0,42,19,0,6.8,1.47,19,4.0,2.0,1.0,0.0,3.0,2.0,1.0,1.0,1.0,2.0,2.0,0.0,1.0,1.0,4.0,5.0,4.0,2.0,1970.0,1.0,3.0,2.0,6.0,7000.0,4.0,1,1,2,2,2,1.0,3.4,2.11,3.0,4.0,2.0,2.0,3.0,4.0,4.0,3.0,3.0,3.0,4.0,3.0,4.0,2.0,4.0,3.0,4.0,2.0,3.0,3.0,4.0,3.0,3.0,2.0,4.0,4.0,4.0,4.0,4.0,4.0,3.0,3.0,3.0,3.0,4.0,4.0,3.0,2.0,3.0,3.0,2.0,3.0,4.0,4.0,3.0,2.0,3.0,4.0,3.0,3.0,3.0,4.0,4.0,4.0,2.0,4,2,2,2,2,4.0,2,3.0,2.0,2.0,3.0,2,14.5,0,23.0,3.0,28.0,2,40.0,9.82e-05
39111325,1.0,0,46,19,0,6.8,1.47,19,4.0,2.0,1.0,0.0,3.0,2.0,1.0,1.0,1.0,2.0,2.0,0.0,1.0,1.0,4.0,5.0,4.0,2.0,1970.0,1.0,3.0,2.0,6.0,7000.0,4.0,1,1,2,2,2,1.0,3.4,2.11,3.0,4.0,2.0,2.0,3.0,4.0,4.0,3.0,3.0,3.0,4.0,3.0,4.0,2.0,4.0,3.0,4.0,2.0,3.0,3.0,4.0,3.0,3.0,2.0,4.0,4.0,4.0,4.0,4.0,4.0,3.0,3.0,3.0,3.0,4.0,4.0,3.0,2.0,3.0,3.0,2.0,3.0,4.0,4.0,3.0,2.0,3.0,4.0,3.0,3.0,3.0,4.0,4.0,4.0,1.0,4,2,2,2,2,4.0,2,3.0,2.0,2.0,3.0,2,14.5,0,27.0,3.0,159.0,2,40.0,9.82e-05
39111355,1.0,2,107,89,0,14.4,2.45,28,4.0,2.0,1.0,1.0,4.0,2.0,2.0,1.0,1.0,1.0,2.0,0.0,2.0,1.0,5.0,12.0,4.0,1.0,1965.0,1.0,3.0,1.0,2.0,7000.0,7.0,1,2,2,2,2,1.0,7.2,3.51,2.0,3.0,4.0,2.0,2.0,4.0,4.0,2.0,2.0,5.0,3.0,2.0,4.0,1.0,2.0,2.0,2.0,2.0,4.0,4.0,3.0,3.0,2.0,2.0,4.0,2.0,3.0,4.0,5.0,3.0,2.0,2.0,2.0,3.0,3.0,2.0,3.0,1.0,3.0,5.0,2.0,3.0,4.0,4.0,3.0,2.0,2.0,5.0,2.0,2.0,2.0,3.0,4.0,4.0,2.0,4,2,2,2,2,5.0,2,4.0,1.0,1.0,3.0,2,24.0,1,18.0,8.0,30.0,2,45.0,0.000160139
39111355,11.0,0,4,4,0,0.0,0.06,2,4.0,2.0,1.0,1.0,4.0,2.0,2.0,1.0,1.0,1.0,2.0,0.0,2.0,1.0,5.0,12.0,4.0,1.0,1965.0,1.0,3.0,1.0,2.0,7000.0,7.0,1,2,2,2,2,1.0,2.2,0.09,2.0,3.0,4.0,2.0,2.0,4.0,4.0,2.0,2.0,5.0,3.0,2.0,4.0,1.0,2.0,2.0,2.0,2.0,4.0,4.0,3.0,3.0,2.0,2.0,4.0,2.0,3.0,4.0,5.0,3.0,2.0,2.0,2.0,3.0,3.0,2.0,3.0,1.0,3.0,5.0,2.0,3.0,4.0,4.0,3.0,2.0,2.0,5.0,2.0,2.0,2.0,3.0,4.0,4.0,3.0,4,2,2,2,2,5.0,2,4.0,1.0,1.0,3.0,2,0.56,1,0.0,8.0,4.0,2,45.0,0.000160139
39111356,9.0,2,140,20,0,8.2,1.12,14,4.0,2.0,1.0,1.0,4.0,2.0,1.0,1.0,1.0,1.0,2.0,0.0,2.0,1.0,5.0,12.0,4.0,2.0,1970.0,1.0,3.0,6.0,8.0,7000.0,3.0,1,2,2,2,1,2.0,4.1,1.6,2.0,3.0,6.0,2.0,2.0,3.0,6.0,6.0,6.0,4.0,3.0,4.0,2.0,3.0,2.0,1.0,2.0,2.0,4.0,3.0,4.0,3.0,1.0,1.0,5.0,4.0,2.0,2.0,4.0,4.0,2.0,4.0,3.0,2.0,4.0,4.0,3.0,1.0,1.0,4.0,2.0,2.0,4.0,3.0,6.0,3.0,2.0,3.0,6.0,3.0,2.0,6.0,2.0,2.0,3.0,4,2,2,2,2,5.0,1,3.0,2.0,3.0,4.0,2,14.0,1,120.0,8.0,12.0,2,40.0,0.000367986
39111360,1.0,0,36,24,0,8.0,1.36,18,5.0,2.0,1.0,0.0,3.0,3.0,2.0,1.0,1.0,1.0,3.0,0.0,2.0,1.0,5.0,4.0,5.0,1.0,1972.0,1.0,2.0,1.0,6.0,9000.0,6.0,1,1,2,2,2,3.0,4.0,1.95,5.0,5.0,3.0,2.0,3.0,5.0,5.0,1.0,1.0,4.0,1.0,5.0,2.0,2.0,5.0,3.0,2.0,3.0,6.0,6.0,6.0,4.0,1.0,2.0,5.0,5.0,4.0,4.0,2.0,4.0,4.0,4.0,3.0,3.0,4.0,5.0,2.0,3.0,3.0,4.0,3.0,4.0,2.0,3.0,4.0,3.0,3.0,6.0,2.0,2.0,2.0,3.0,3.0,4.0,2.0,4,2,2,2,2,4.0,2,3.0,2.0,2.0,1.0,2,8.0,0,12.0,4.0,33.0,2,38.0,0.000258025
39111360,1.0,0,56,51,0,4.0,1.36,18,5.0,2.0,1.0,0.0,3.0,3.0,2.0,1.0,1.0,1.0,3.0,0.0,2.0,1.0,5.0,4.0,5.0,1.0,1972.0,1.0,2.0,1.0,6.0,9000.0,6.0,1,1,2,2,2,3.0,2.2,1.95,5.0,5.0,3.0,2.0,3.0,5.0,5.0,1.0,1.0,4.0,1.0,5.0,2.0,2.0,5.0,3.0,2.0,3.0,6.0,6.0,6.0,4.0,1.0,2.0,5.0,5.0,4.0,4.0,2.0,4.0,4.0,4.0,3.0,3.0,4.0,5.0,2.0,3.0,3.0,4.0,3.0,4.0,2.0,3.0,4.0,3.0,3.0,6.0,2.0,2.0,2.0,3.0,3.0,4.0,1.0,4,2,2,2,2,4.0,2,3.0,2.0,2.0,1.0,2,8.0,0,5.0,4.0,43.0,2,38.0,0.000258025
39120013,1.0,4,240,46,3,116.0,36.92,284,2.0,0.0,2.0,1.0,2.0,0.0,1.0,1.0,1.0,1.0,2.0,0.0,1.0,2.0,3.0,5.0,4.0,2.0,1955.0,1.0,7.0,2.0,3.0,7000.0,6.0,2,2,1,2,2,2.0,0.0,52.91,5.0,5.0,4.0,3.0,5.0,5.0,3.0,4.0,4.0,6.0,6.0,5.0,4.0,3.0,5.0,6.0,5.0,3.0,3.0,2.0,3.0,3.0,4.0,4.0,4.0,3.0,3.0,3.0,4.0,5.0,3.0,3.0,2.0,2.0,5.0,1.0,3.0,1.0,2.0,5.0,2.0,4.0,3.0,4.0,4.0,2.0,2.0,4.0,3.0,3.0,3.0,4.0,5.0,5.0,1.0,5,2,2,2,2,6.0,2,2.0,2.0,2.0,1.0,2,416.0,0,191.0,4.0,239.0,2,55.0,9.82e-05
39120015,1.0,2,110,62,4,15.4,2.69,31,4.0,2.0,2.0,1.0,4.0,2.0,1.0,2.0,1.0,1.0,2.0,0.0,1.0,1.0,7.0,7.0,5.0,2.0,1978.0,1.0,3.0,2.0,6.0,9000.0,6.0,2,2,2,2,1,1.0,15.4,3.85,2.0,2.0,3.0,2.0,4.0,4.0,4.0,2.0,3.0,5.0,2.0,3.0,4.0,2.0,4.0,2.0,4.0,1.0,4.0,5.0,4.0,3.0,3.0,2.0,4.0,3.0,4.0,4.0,5.0,3.0,2.0,3.0,4.0,3.0,2.0,4.0,4.0,1.0,1.0,4.0,4.0,3.0,3.0,3.0,2.0,2.0,3.0,5.0,1.0,2.0,4.0,4.0,5.0,4.0,1.0,5,2,2,2,2,3.0,2,2.0,2.0,2.0,3.0,2,27.0,1,44.0,2.0,30.0,2,32.0,0.000232084
39120016,1.0,0,67,49,0,8.0,1.77,23,4.0,2.0,2.0,1.0,4.0,2.0,1.0,2.0,1.0,1.0,2.0,0.0,1.0,1.0,7.0,7.0,5.0,1.0,1970.0,1.0,3.0,1.0,6.0,9000.0,3.0,2,2,2,2,1,1.0,8.0,2.54,2.0,2.0,4.0,4.0,3.0,4.0,3.0,4.0,2.0,5.0,2.0,5.0,5.0,4.0,6.0,2.0,4.0,2.0,5.0,5.0,3.0,2.0,4.0,2.0,2.0,6.0,4.0,2.0,4.0,6.0,2.0,6.0,4.0,2.0,2.0,4.0,2.0,1.0,1.0,5.0,2.0,4.0,2.0,5.0,5.0,3.0,2.0,5.0,2.0,1.0,4.0,2.0,4.0,5.0,2.0,5,2,2,2,2,5.0,2,2.0,2.0,2.0,4.0,2,17.5,1,18.0,3.0,30.0,2,40.0,0.000409116
39120150,4.0,0,37,24,0,4.0,0.9,12,3.0,0.0,2.0,0.0,1.0,0.0,1.0,1.0,1.0,1.0,2.0,0.0,2.0,1.0,4.0,28.0,3.0,2.0,1957.0,1.0,3.0,6.0,7.0,5000.0,3.0,1,2,2,2,2,2.0,2.2,1.29,3.0,3.0,3.0,2.0,6.0,4.0,6.0,6.0,3.0,6.0,6.0,3.0,4.0,6.0,4.0,6.0,3.0,3.0,4.0,3.0,4.0,3.0,6.0,3.0,3.0,4.0,6.0,3.0,3.0,4.0,6.0,3.0,6.0,6.0,4.0,3.0,6.0,6.0,6.0,3.0,3.0,6.0,4.0,4.0,6.0,6.0,6.0,4.0,3.0,6.0,6.0,6.0,3.0,4.0,3.0,5,2,2,2,2,5.0,1,1.0,1.0,2.0,4.0,2,9.0,0,13.0,4.0,24.0,2,53.0,0.000367986
39120150,7.0,2,60,32,17,8.0,1.1,12,3.0,0.0,2.0,0.0,1.0,0.0,1.0,1.0,1.0,1.0,2.0,0.0,2.0,1.0,4.0,28.0,3.0,2.0,1957.0,1.0,3.0,6.0,7.0,5000.0,3.0,1,2,2,2,2,2.0,4.0,1.58,3.0,3.0,3.0,2.0,6.0,4.0,6.0,6.0,3.0,6.0,6.0,3.0,4.0,6.0,4.0,6.0,3.0,3.0,4.0,3.0,4.0,3.0,6.0,3.0,3.0,4.0,6.0,3.0,3.0,4.0,6.0,3.0,6.0,6.0,4.0,3.0,6.0,6.0,6.0,3.0,3.0,6.0,4.0,4.0,6.0,6.0,6.0,4.0,3.0,6.0,6.0,6.0,3.0,4.0,3.0,5,2,2,2,2,5.0,1,1.0,1.0,2.0,4.0,2,11.0,0,11.0,4.0,56.0,2,53.0,0.000367986
39120197,4.0,0,27,9,0,4.0,0.85,11,4.0,0.0,2.0,4.0,5.0,0.0,5.0,2.0,1.0,1.0,5.0,1.0,1.0,2.0,7.0,15.0,4.0,1.0,1993.0,1.0,1.0,8.0,8.0,7000.0,2.0,2,2,1,2,2,3.0,0.0,1.22,1.0,5.0,2.0,1.0,2.0,5.0,3.0,2.0,1.0,5.0,3.0,2.0,4.0,1.0,3.0,3.0,5.0,4.0,5.0,2.0,4.0,4.0,4.0,1.0,4.0,4.0,2.0,1.0,5.0,5.0,3.0,5.0,5.0,3.0,4.0,3.0,3.0,1.0,4.0,5.0,4.0,2.0,5.0,5.0,5.0,4.0,2.0,2.0,3.0,3.0,1.0,4.0,5.0,5.0,3.0,5,2,2,2,2,4.0,1,4.0,1.0,2.0,4.0,2,8.5,0,18.0,2.0,18.0,2,17.0,0.002440844
39120198,11.0,3,477,30,24,230.0,46.61,482,4.0,0.0,2.0,4.0,5.0,0.0,4.0,2.0,1.0,1.0,4.0,1.0,1.0,2.0,6.0,18.0,4.0,1.0,1991.0,1.0,6.0,8.0,6.0,7000.0,2.0,2,2,2,2,1,2.0,230.0,66.79,5.0,5.0,1.0,1.0,2.0,5.0,3.0,4.0,5.0,1.0,1.0,1.0,5.0,1.0,3.0,1.0,1.0,1.0,1.0,1.0,1.0,2.0,1.0,3.0,1.0,5.0,1.0,1.0,5.0,5.0,1.0,5.0,4.0,2.0,5.0,3.0,4.0,1.0,2.0,5.0,5.0,3.0,4.0,4.0,4.0,4.0,4.0,1.0,5.0,3.0,5.0,4.0,5.0,5.0,3.0,5,2,2,2,2,5.0,5,4.0,1.0,1.0,3.0,2,493.5,0,423.0,2.0,533.0,2,19.0,0.002440844
39120245,1.0,2,98,63,0,16.0,2.81,32,6.0,4.0,1.0,0.0,6.0,4.0,3.0,2.0,1.0,2.0,2.0,1.0,1.0,1.0,8.0,3.0,5.0,1.0,1966.0,1.0,3.0,1.0,3.0,9000.0,8.0,1,1,2,2,2,1.0,8.0,4.03,4.0,5.0,3.0,4.0,3.0,3.0,4.0,2.0,3.0,5.0,1.0,1.0,5.0,1.0,5.0,4.0,3.0,1.0,4.0,2.0,4.0,3.0,4.0,1.0,5.0,5.0,3.0,2.0,5.0,5.0,2.0,4.0,3.0,2.0,5.0,5.0,3.0,1.0,1.0,5.0,3.0,4.0,4.0,4.0,4.0,2.0,1.0,5.0,3.0,1.0,5.0,4.0,5.0,4.0,1.0,5,2,2,2,2,5.0,2,3.0,3.0,2.0,3.0,2,28.0,0,35.0,4.0,70.0,2,44.0,0.000160139
39120246,9.0,0,99,75,0,7.4,2.59,35,6.0,4.0,1.0,0.0,6.0,4.0,3.0,2.0,1.0,2.0,2.0,1.0,1.0,1.0,8.0,3.0,5.0,2.0,1974.0,1.0,3.0,6.0,6.0,9000.0,3.0,1,2,2,2,2,1.0,3.7,3.71,3.0,5.0,3.0,3.0,3.0,3.0,6.0,2.0,4.0,4.0,1.0,2.0,4.0,1.0,4.0,4.0,4.0,1.0,4.0,3.0,3.0,3.0,4.0,1.0,5.0,3.0,4.0,1.0,5.0,5.0,2.0,4.0,3.0,2.0,4.0,5.0,3.0,1.0,1.0,5.0,2.0,4.0,4.0,4.0,6.0,2.0,1.0,5.0,6.0,1.0,4.0,4.0,5.0,4.0,3.0,5,2,2,2,2,5.0,2,3.0,2.0,2.0,3.0,2,23.5,1,24.0,4.0,19.0,2,36.0,0.00087004
39120250,4.0,2,107,84,6,11.4,1.08,14,2.0,0.0,1.0,0.0,0.0,0.0,0.0,1.0,2.0,1.0,1.0,0.0,1.0,1.0,5.5,13.0,4.0,1.0,1934.0,1.0,2.0,9.0,1.0,7000.0,6.0,1,2,2,2,2,1.0,5.7,1.55,2.0,4.0,3.0,5.0,4.0,5.0,6.0,6.0,6.0,4.0,4.0,3.0,4.0,3.0,3.0,4.0,5.0,1.0,3.0,3.0,4.0,5.0,4.0,3.0,2.0,1.0,4.0,2.0,6.0,4.0,1.0,4.0,3.0,3.0,4.0,4.0,5.0,1.0,1.0,5.0,4.0,2.0,4.0,3.0,6.0,4.0,3.0,5.0,6.0,4.0,4.0,3.0,4.0,3.0,3.0,5,2,2,2,2,5.0,3,2.0,2.0,2.0,3.0,2,10.6,1,17.0,5.0,25.0,2,76.0,8.57e-05
39120364,1.0,0,42,37,0,4.0,0.96,13,2.0,0.0,2.0,0.0,1.0,0.0,2.0,1.0,1.0,1.0,2.0,0.0,2.0,1.0,4.5,17.0,4.0,1.0,1968.0,1.0,2.0,1.0,6.0,7000.0,3.0,2,2,1,2,2,1.0,0.0,1.38,3.0,3.0,3.0,3.0,3.0,3.0,3.0,3.0,4.0,1.0,3.0,5.0,5.0,3.0,3.0,6.0,3.0,4.0,5.0,3.0,3.0,3.0,3.0,2.0,5.0,3.0,3.0,2.0,5.0,4.0,3.0,4.0,6.0,2.0,3.0,4.0,3.0,1.0,2.0,4.0,3.0,4.0,4.0,4.0,4.0,3.0,3.0,5.0,1.0,3.0,4.0,3.0,3.0,4.0,1.0,5,2,2,2,2,5.0,1,2.0,2.0,2.0,3.0,2,9.5,1,5.0,4.0,10.0,2,42.0,0.000409116
39120372,1.0,0,51,24,0,8.0,1.29,17,2.0,0.0,1.0,0.0,2.0,0.0,2.0,1.0,1.0,1.0,2.0,1.0,2.0,2.0,4.0,9.0,5.0,2.0,1976.0,1.0,3.0,1.0,6.0,9000.0,3.0,1,2,2,2,2,2.0,4.0,1.85,2.0,3.0,2.0,2.0,4.0,5.0,4.0,3.0,3.0,4.0,3.0,2.0,4.0,2.0,4.0,3.0,4.0,2.0,4.0,4.0,4.0,2.0,4.0,2.0,5.0,4.0,4.0,2.0,5.0,5.0,2.0,5.0,4.0,3.0,5.0,4.0,4.0,2.0,3.0,4.0,4.0,3.0,4.0,4.0,4.0,3.0,3.0,4.0,2.0,2.0,3.0,4.0,3.0,4.0,1.0,5,2,2,2,2,5.0,2,3.0,2.0,3.0,2.0,2,12.0,0,27.0,4.0,29.0,2,34.0,0.00087004
39120424,4.0,0,52,26,0,8.0,1.58,20,5.0,1.0,1.0,2.0,2.0,0.0,2.0,1.0,1.0,1.0,1.0,0.0,1.0,1.0,5.0,16.0,4.0,2.0,1964.0,2.0,3.0,6.0,1.0,7000.0,3.0,1,2,2,2,2,2.0,4.0,2.26,6.0,2.0,4.0,2.0,6.0,6.0,3.0,2.0,3.0,5.0,4.0,1.0,4.0,1.0,3.0,2.0,4.0,1.0,5.0,4.0,3.0,4.0,3.0,3.0,4.0,4.0,3.0,3.0,4.0,4.0,3.0,4.0,2.0,3.0,5.0,2.0,5.0,1.0,1.0,4.0,3.0,3.0,5.0,4.0,3.0,3.0,1.0,5.0,3.0,3.0,2.0,3.0,4.0,3.0,3.0,5,2,2,2,2,5.0,2,3.0,3.0,2.0,3.0,2,16.0,0,26.0,3.0,46.0,2,46.0,0.000367986
39120435,6.0,0,14,12,0,3.0,0.23,3,1.0,0.0,0.0,0.0,0.0,0.0,0.0,1.0,2.0,1.0,0.0,0.0,1.0,1.0,5.0,50.0,2.0,1.0,1922.0,1.0,1.0,9.0,5.0,3250.0,3.0,1,2,2,2,2,3.0,2.2,0.33,4.0,3.0,6.0,3.0,4.0,5.0,6.0,2.0,3.0,3.0,3.0,4.0,3.0,2.0,3.0,6.0,5.0,6.0,6.0,6.0,6.0,3.0,3.0,3.0,3.0,4.0,5.0,4.0,6.0,3.0,6.0,4.0,5.0,2.0,4.0,4.0,3.0,2.0,3.0,3.0,3.0,2.0,4.0,3.0,6.0,3.0,2.0,3.0,3.0,6.0,3.0,3.0,2.0,4.0,3.0,5,2,2,2,2,5.0,1,3.0,2.0,2.0,3.0,2,1.8,0,2.0,4.0,6.0,2,88.0,0.000758481
39120436,7.0,0,67,42,0,8.0,1.71,22,1.0,0.0,0.0,0.0,0.0,0.0,0.0,1.0,2.0,1.0,0.0,0.0,1.0,1.0,5.0,50.0,2.0,1.0,1922.0,1.0,1.0,9.0,5.0,3250.0,3.0,1,2,2,2,2,3.0,4.0,2.45,4.0,3.0,5.0,3.0,4.0,5.0,6.0,3.0,4.0,4.0,4.0,5.0,4.0,3.0,4.0,6.0,5.0,6.0,6.0,6.0,6.0,3.0,3.0,3.0,3.0,4.0,5.0,4.0,6.0,3.0,6.0,4.0,5.0,2.0,4.0,4.0,3.0,2.0,3.0,3.0,3.0,2.0,4.0,3.0,6.0,3.0,2.0,3.0,3.0,6.0,3.0,3.0,2.0,4.0,3.0,5,2,2,2,2,5.0,2,3.0,2.0,2.0,3.0,2,17.0,0,25.0,4.0,56.0,2,88.0,0.000758481
39120457,4.0,2,269,76,1,112.8,40.75,328,4.0,0.0,2.0,0.0,3.0,0.0,1.0,2.0,1.0,1.0,4.0,0.0,1.0,1.0,5.0,15.0,5.0,2.0,1954.0,1.0,3.0,2.0,6.0,9000.0,4.0,1,2,2,2,2,1.0,56.4,58.39,5.0,5.0,1.0,1.0,4.0,5.0,3.0,3.0,1.0,5.0,6.0,5.0,5.0,1.0,5.0,1.0,5.0,1.0,5.0,1.0,5.0,1.0,5.0,3.0,5.0,4.0,6.0,4.0,5.0,6.0,1.0,4.0,4.0,5.0,4.0,6.0,5.0,1.0,1.0,5.0,1.0,5.0,6.0,5.0,3.0,4.0,2.0,5.0,4.0,3.0,5.0,4.0,2.0,4.0,3.0,5,2,2,2,2,5.0,6,2.0,2.0,2.0,4.0,2,438.5,0,192.0,4.0,223.0,2,56.0,9.82e-05
39120458,1.0,3,120,42,33,12.0,2.55,29,2.0,0.0,2.0,0.0,2.0,0.0,1.0,3.0,1.0,1.0,2.0,0.0,1.0,1.0,5.0,16.0,6.0,1.0,1952.0,1.0,3.0,1.0,3.0,15000.0,8.0,1,2,2,2,2,1.0,6.0,3.65,5.0,4.0,3.0,3.0,5.0,5.0,4.0,2.0,3.0,5.0,4.0,4.0,4.0,1.0,4.0,6.0,4.0,3.0,5.0,4.0,5.0,3.0,2.0,1.0,5.0,6.0,2.0,2.0,5.0,4.0,2.0,4.0,2.0,3.0,4.0,2.0,3.0,1.0,3.0,5.0,1.0,3.0,2.0,4.0,4.0,2.0,3.0,5.0,2.0,3.0,2.0,4.0,4.0,3.0,1.0,5,2,2,2,2,5.0,2,3.0,2.0,2.0,4.0,2,24.0,1,45.0,4.0,40.0,2,58.0,0.000160139
39120497,11.0,2,144,26,7,48.0,14.94,132,5.0,0.0,1.0,0.0,4.0,0.0,2.0,1.0,1.0,1.0,3.0,1.0,1.0,1.0,6.0,24.0,4.0,2.0,1947.0,2.0,3.0,4.0,8.0,7000.0,4.0,1,1,2,2,2,1.0,24.0,21.41,5.0,4.0,2.0,3.0,4.0,5.0,4.0,4.0,4.0,5.0,4.0,4.0,4.0,2.0,5.0,2.0,4.0,1.0,4.0,2.0,4.0,2.0,4.0,4.0,4.0,4.0,4.0,4.0,3.0,4.0,4.0,4.0,4.0,2.0,4.0,4.0,3.0,1.0,1.0,4.0,2.0,2.0,5.0,4.0,4.0,4.0,1.0,4.0,2.0,2.0,2.0,4.0,5.0,4.0,3.0,5,2,2,2,2,2.0,3,2.0,2.0,2.0,3.0,2,163.0,0,111.0,4.0,116.0,2,63.0,9.82e-05
39120509,1.0,2,120,53,16,15.4,3.6,36,5.0,0.0,2.0,1.0,2.0,0.0,5.0,1.0,1.0,1.0,5.0,5.0,1.0,1.0,6.0,7.0,6.0,1.0,1958.0,1.0,3.0,1.0,1.0,15000.0,7.0,2,2,1,2,2,1.0,0.0,5.16,5.0,3.0,1.0,2.0,5.0,5.0,3.0,2.0,4.0,2.0,4.0,2.0,4.0,1.0,4.0,1.0,1.0,3.0,4.0,3.0,4.0,4.0,2.0,4.0,5.0,4.0,2.0,1.0,5.0,4.0,1.0,4.0,3.0,2.0,4.0,2.0,4.0,2.0,4.0,4.0,2.0,4.0,3.0,4.0,2.0,4.0,3.0,3.0,3.0,2.0,2.0,3.0,4.0,1.0,1.0,5,2,2,2,2,5.0,2,3.0,2.0,3.0,2.0,2,30.0,1,51.0,2.0,20.0,2,52.0,0.000160139
39120519,1.0,1,66,30,7,8.0,1.29,14,4.0,1.0,1.0,0.0,3.0,2.0,1.0,1.0,1.0,1.0,4.0,1.0,1.0,1.0,5.0,4.0,4.0,1.0,1965.0,3.0,3.0,1.0,6.0,7000.0,3.0,2,1,2,2,2,1.0,0.0,1.85,1.0,1.0,4.0,2.0,2.0,3.0,3.0,3.0,2.0,3.0,3.0,3.0,5.0,5.0,1.0,4.0,4.0,4.0,5.0,5.0,2.0,5.0,3.0,3.0,3.0,3.0,4.0,2.0,3.0,3.0,5.0,4.0,3.0,4.0,3.0,4.0,4.0,2.0,4.0,3.0,1.0,2.0,2.0,2.0,2.0,3.0,3.0,2.0,5.0,3.0,3.0,3.0,3.0,2.0,1.0,5,2,2,2,2,2.0,1,3.0,2.0,1.0,3.0,2,13.0,0,29.0,4.0,25.0,2,45.0,0.000409116
39120519,8.0,0,24,7,0,4.0,0.79,10,4.0,1.0,1.0,0.0,3.0,2.0,1.0,1.0,1.0,1.0,4.0,1.0,1.0,1.0,5.0,4.0,4.0,1.0,1965.0,3.0,3.0,1.0,6.0,7000.0,3.0,2,1,2,2,2,1.0,0.0,1.13,1.0,1.0,4.0,2.0,2.0,3.0,3.0,3.0,2.0,3.0,3.0,3.0,5.0,5.0,1.0,4.0,4.0,4.0,5.0,5.0,2.0,5.0,3.0,3.0,3.0,3.0,4.0,2.0,3.0,3.0,5.0,4.0,3.0,4.0,3.0,4.0,4.0,2.0,4.0,3.0,1.0,2.0,2.0,2.0,2.0,3.0,3.0,2.0,5.0,3.0,3.0,3.0,3.0,2.0,3.0,5,2,2,2,2,2.0,1,3.0,2.0,1.0,3.0,2,8.0,1,17.0,4.0,10.0,2,45.0,0.000409116
39120559,1.0,0,30,19,0,4.0,0.78,10,2.0,0.0,1.0,0.0,1.0,0.0,1.0,1.0,1.0,1.0,1.0,1.0,2.0,1.0,4.0,40.0,4.0,1.0,1969.0,1.0,6.0,1.0,6.0,7000.0,3.0,1,2,2,2,2,1.0,2.2,1.12,3.0,4.0,3.0,2.0,4.0,5.0,4.0,4.0,3.0,4.0,4.0,3.0,5.0,5.0,5.0,4.0,3.0,3.0,4.0,3.0,3.0,3.0,3.0,3.0,4.0,4.0,3.0,3.0,5.0,5.0,4.0,5.0,4.0,3.0,4.0,4.0,4.0,3.0,3.0,3.0,3.0,4.0,4.0,4.0,4.0,3.0,3.0,4.0,3.0,3.0,3.0,3.0,4.0,4.0,1.0,5,2,2,2,2,5.0,1,2.0,2.0,1.0,3.0,2,8.0,0,11.0,3.0,10.0,2,41.0,0.000409116
39120999,1.0,0,86,77,0,7.0,1.85,24,5.0,3.0,1.0,1.0,5.0,1.0,3.0,1.0,1.0,1.0,4.0,1.0,1.0,1.0,7.0,10.0,5.0,2.0,1970.0,1.0,3.0,4.0,4.0,9000.0,3.0,1,2,2,2,2,1.0,3.5,2.65,4.0,5.0,2.0,1.0,5.0,5.0,5.0,4.0,3.0,5.0,5.0,3.0,4.0,2.0,4.0,1.0,3.0,2.0,5.0,2.0,5.0,2.0,2.0,1.0,5.0,3.0,4.0,1.0,5.0,5.0,1.0,5.0,5.0,4.0,5.0,5.0,3.0,1.0,1.0,5.0,2.0,4.0,5.0,5.0,5.0,3.0,1.0,5.0,1.0,5.0,1.0,5.0,5.0,2.0,1.0,5,2,2,2,2,5.0,2,3.0,2.0,2.0,3.0,2,19.0,1,9.0,4.0,20.0,2,40.0,0.000367986
42270003,10.0,4,98,32,19,10.6,3.74,40,2.0,0.0,1.0,0.0,2.0,0.0,2.0,1.0,1.0,1.0,2.0,0.0,1.0,1.0,5.0,11.0,4.0,1.0,1962.0,1.0,3.0,1.0,6.0,7000.0,3.0,2,2,2,2,2,1.0,10.6,5.36,3.0,1.0,3.0,2.0,5.0,5.0,6.0,3.0,3.0,5.0,6.0,5.0,5.0,2.0,5.0,2.0,5.0,1.0,5.0,4.0,5.0,5.0,2.0,5.0,5.0,5.0,5.0,5.0,5.0,3.0,3.0,4.0,5.0,2.0,5.0,5.0,1.0,1.0,1.0,3.0,4.0,3.0,5.0,6.0,6.0,4.0,3.0,5.0,6.0,6.0,2.0,2.0,3.0,5.0,3.0,7,1,2,4,3,5.0,2,3.0,2.0,2.0,3.0,5,26.0,1,47.0,4.0,32.0,5,48.0,0.000409116
42270004,11.0,2,75,38,14,6.4,1.55,22,4.0,2.0,1.0,0.0,4.0,2.0,1.0,1.0,1.0,2.0,2.0,0.0,1.0,1.0,5.0,10.0,4.0,2.0,1971.0,1.0,3.0,6.0,8.0,7384.0,3.0,2,2,2,2,1,2.0,6.4,2.22,3.0,1.0,3.0,2.0,5.0,5.0,6.0,3.0,3.0,5.0,6.0,5.0,5.0,2.0,5.0,2.0,5.0,1.0,5.0,4.0,5.0,5.0,2.0,5.0,5.0,4.0,4.0,4.0,4.0,3.0,3.0,4.0,5.0,2.0,5.0,5.0,1.0,1.0,1.0,3.0,4.0,3.0,5.0,6.0,6.0,4.0,3.0,5.0,6.0,6.0,2.0,2.0,3.0,5.0,3.0,7,1,2,4,3,5.0,2,4.0,2.0,2.0,3.0,5,12.0,0,23.0,3.0,45.0,5,39.0,0.00087004
42270004,4.0,0,36,22,0,4.4,0.75,10,4.0,2.0,1.0,0.0,4.0,2.0,1.0,1.0,1.0,2.0,2.0,0.0,1.0,1.0,5.0,10.0,4.0,2.0,1971.0,1.0,3.0,6.0,8.0,7384.0,3.0,2,2,2,2,1,2.0,4.4,1.07,3.0,1.0,3.0,2.0,5.0,5.0,6.0,3.0,3.0,5.0,6.0,5.0,5.0,2.0,5.0,2.0,5.0,1.0,5.0,4.0,5.0,5.0,2.0,5.0,5.0,4.0,4.0,4.0,4.0,3.0,3.0,4.0,5.0,2.0,5.0,5.0,1.0,1.0,1.0,3.0,4.0,3.0,5.0,6.0,6.0,4.0,3.0,5.0,6.0,6.0,2.0,2.0,3.0,5.0,3.0,7,1,2,4,3,5.0,2,4.0,2.0,2.0,3.0,5,5.8,0,14.0,3.0,22.0,5,39.0,0.00087004
42270007,1.0,2,108,36,5,14.8,6.55,80,1.0,0.0,1.0,0.0,0.0,0.0,1.0,1.0,1.0,1.0,1.0,0.0,2.0,2.0,4.0,24.0,3.0,2.0,1954.0,1.0,1.0,1.0,6.0,5000.0,3.0,1,1,2,2,2,1.0,7.4,9.39,2.0,5.0,3.0,3.0,3.0,3.0,4.0,5.0,4.0,6.0,5.0,3.0,6.0,3.0,4.0,6.0,5.0,3.0,5.0,4.0,5.0,4.0,5.0,1.0,5.0,5.0,6.0,4.0,5.0,3.0,6.0,5.0,5.0,1.0,3.0,5.0,3.0,1.0,1.0,5.0,3.0,4.0,4.0,4.0,1.0,2.0,3.0,2.0,2.0,2.0,4.0,2.0,4.0,4.0,1.0,7,1,2,4,3,3.0,2,3.0,1.0,3.0,3.0,5,63.0,0,67.0,3.0,76.0,5,56.0,0.000367986
42270059,1.0,0,12,12,0,0.0,0.18,2,1.0,0.0,1.0,0.0,1.0,0.0,1.0,1.0,1.0,2.0,1.0,0.0,2.0,2.0,3.0,10.0,4.0,2.0,1975.0,1.0,1.0,1.0,2.0,7000.0,6.0,2,2,2,2,2,1.0,0.0,0.26,2.0,3.0,3.0,3.0,2.0,4.0,4.0,2.0,3.0,4.0,6.0,3.0,3.0,2.0,4.0,6.0,4.0,3.0,5.0,3.0,3.0,3.0,3.0,2.0,2.0,6.0,4.0,3.0,4.0,3.0,3.0,3.0,4.0,3.0,3.0,5.0,3.0,1.0,2.0,4.0,3.0,3.0,4.0,4.0,3.0,3.0,2.0,4.0,3.0,1.0,3.0,4.0,4.0,4.0,2.0,7,1,2,4,3,5.0,2,3.0,2.0,2.0,3.0,5,0.6,2,0.0,8.0,10.0,5,35.0,0.000232084
42270059,1.0,0,12,12,0,0.0,0.99,2,1.0,0.0,1.0,0.0,1.0,0.0,1.0,1.0,1.0,2.0,1.0,0.0,2.0,2.0,3.0,10.0,4.0,2.0,1975.0,1.0,1.0,1.0,2.0,7000.0,6.0,2,2,2,2,2,1.0,0.0,1.42,2.0,3.0,3.0,3.0,2.0,4.0,4.0,2.0,3.0,4.0,6.0,3.0,3.0,2.0,4.0,6.0,4.0,3.0,5.0,3.0,3.0,3.0,3.0,2.0,2.0,6.0,4.0,3.0,4.0,3.0,3.0,3.0,4.0,3.0,3.0,5.0,3.0,1.0,2.0,4.0,3.0,3.0,4.0,4.0,3.0,3.0,2.0,4.0,3.0,1.0,3.0,4.0,4.0,4.0,2.0,7,1,2,4,3,5.0,2,3.0,2.0,2.0,3.0,5,0.6,2,0.0,8.0,10.0,5,35.0,0.000232084
42270059,11.0,3,82,45,3,9.6,1.36,16,1.0,0.0,1.0,0.0,1.0,0.0,1.0,1.0,1.0,2.0,1.0,0.0,2.0,2.0,3.0,10.0,4.0,2.0,1975.0,1.0,1.0,1.0,2.0,7000.0,6.0,2,2,2,2,2,1.0,9.6,1.95,2.0,3.0,3.0,3.0,2.0,4.0,4.0,2.0,3.0,4.0,6.0,3.0,3.0,2.0,4.0,6.0,4.0,3.0,5.0,3.0,3.0,3.0,3.0,2.0,2.0,6.0,4.0,3.0,4.0,3.0,3.0,3.0,4.0,3.0,3.0,5.0,3.0,1.0,2.0,4.0,3.0,3.0,4.0,4.0,3.0,3.0,2.0,4.0,3.0,1.0,3.0,4.0,4.0,4.0,3.0,7,1,2,4,3,5.0,3,3.0,2.0,2.0,3.0,5,10.0,1,34.0,8.0,30.0,5,35.0,0.000232084
42270059,10.0,1,75,50,5,5.4,1.34,18,1.0,0.0,1.0,0.0,1.0,0.0,1.0,1.0,1.0,2.0,1.0,0.0,2.0,2.0,3.0,10.0,4.0,2.0,1975.0,1.0,1.0,1.0,2.0,7000.0,6.0,2,2,2,2,2,1.0,5.4,1.92,2.0,3.0,3.0,3.0,2.0,4.0,4.0,2.0,3.0,4.0,6.0,3.0,3.0,2.0,4.0,6.0,4.0,3.0,5.0,3.0,3.0,3.0,3.0,2.0,2.0,6.0,4.0,3.0,4.0,3.0,3.0,3.0,4.0,3.0,3.0,5.0,3.0,1.0,2.0,4.0,3.0,3.0,4.0,4.0,3.0,3.0,2.0,4.0,3.0,1.0,3.0,4.0,4.0,4.0,3.0,7,1,2,4,3,5.0,2,3.0,2.0,2.0,3.0,5,10.0,1,20.0,8.0,20.0,5,35.0,0.000232084
42270121,4.0,2,64,9,4,7.4,2.87,34,2.0,0.0,1.0,0.0,3.0,0.0,1.0,1.0,1.0,1.0,2.0,0.0,1.0,1.0,5.0,30.0,4.0,1.0,1947.0,1.0,2.0,1.0,6.0,7000.0,3.0,1,2,2,1,2,1.0,3.7,4.11,3.0,2.0,2.0,1.0,4.0,4.0,4.0,2.0,6.0,6.0,2.0,2.0,2.0,2.0,4.0,6.0,2.0,2.0,2.0,2.0,2.0,2.0,2.0,4.0,4.0,2.0,2.0,4.0,4.0,4.0,1.0,2.0,4.0,3.0,4.0,4.0,3.0,1.0,2.0,5.0,2.0,2.0,3.0,4.0,4.0,2.0,2.0,5.0,1.0,1.0,2.0,3.0,4.0,4.0,3.0,7,1,2,4,3,5.0,1,3.0,2.0,2.0,4.0,5,28.0,0,51.0,4.0,78.0,5,63.0,0.000409116
42270136,1.0,5,136,45,15,13.8,4.21,59,1.0,0.0,1.0,0.0,2.0,0.0,2.0,2.0,1.0,1.0,1.0,0.0,1.0,1.0,5.5,22.0,3.0,2.0,1955.0,1.0,1.0,1.0,6.0,5000.0,3.0,1,2,2,2,2,1.0,6.9,6.03,3.0,3.0,4.0,2.0,2.0,4.0,4.0,3.0,3.0,4.0,3.0,2.0,4.0,4.0,3.0,3.0,5.0,1.0,5.0,5.0,5.0,3.0,4.0,3.0,6.0,3.0,4.0,4.0,5.0,2.0,1.0,3.0,3.0,3.0,3.0,3.0,5.0,2.0,2.0,5.0,3.0,4.0,4.0,4.0,3.0,3.0,3.0,5.0,3.0,3.0,3.0,3.0,3.0,5.0,2.0,7,1,2,4,3,5.0,3,3.0,4.0,4.0,1.0,5,37.5,1,76.0,5.0,90.0,5,55.0,0.000367986
42270163,1.0,4,124,53,14,10.6,4.34,62,1.0,0.0,1.0,0.0,0.0,0.0,1.0,1.0,1.0,1.0,1.0,0.0,2.0,1.0,4.0,25.0,4.0,1.0,1972.0,1.0,1.0,1.0,6.0,7000.0,4.0,2,2,2,2,2,1.0,10.6,6.22,2.0,2.0,3.0,1.0,3.0,4.0,4.0,2.0,1.0,5.0,2.0,1.0,4.0,2.0,4.0,6.0,4.0,2.0,4.0,2.0,2.0,2.0,2.0,2.0,3.0,4.0,2.0,2.0,4.0,2.0,1.0,3.0,2.0,3.0,2.0,2.0,3.0,5.0,4.0,2.0,3.0,2.0,3.0,3.0,6.0,5.0,4.0,1.0,3.0,4.0,4.0,2.0,2.0,1.0,1.0,7,1,2,4,3,5.0,2,2.0,2.0,2.0,1.0,5,38.0,1,57.0,5.0,45.0,5,38.0,0.000258025
42270192,4.0,0,18,14,0,3.2,0.27,3,5.0,1.0,2.0,0.0,4.0,0.0,1.0,1.0,1.0,2.0,5.0,0.0,1.0,1.0,5.0,20.0,3.0,1.0,1948.0,3.0,3.0,9.0,7.0,5000.0,3.0,1,2,2,2,2,2.0,2.2,0.39,1.0,3.0,3.0,5.0,3.0,4.0,5.0,3.0,4.0,5.0,4.0,4.0,3.0,2.0,5.0,2.0,4.0,1.0,5.0,5.0,5.0,3.0,3.0,3.0,4.0,5.0,3.0,3.0,4.0,4.0,1.0,3.0,3.0,1.0,3.0,4.0,4.0,1.0,4.0,1.0,1.0,5.0,4.0,5.0,5.0,4.0,5.0,5.0,1.0,1.0,5.0,4.0,4.0,1.0,3.0,7,1,2,4,3,3.0,1,3.0,2.0,2.0,2.0,5,1.8,1,4.0,3.0,5.0,5,62.0,0.000409116
42270209,10.0,6,275,103,46,43.2,12.97,116,1.0,0.0,1.0,0.0,2.0,0.0,1.0,1.0,1.0,2.0,1.0,0.0,1.0,1.0,6.0,54.0,3.0,1.0,1956.0,1.0,1.0,1.0,6.0,5000.0,3.0,2,2,2,2,2,1.0,43.2,18.59,1.0,4.0,1.0,4.0,4.0,5.0,4.0,4.0,6.0,5.0,1.0,4.0,4.0,1.0,3.0,3.0,2.0,3.0,5.0,5.0,2.0,2.0,2.0,2.0,5.0,2.0,5.0,1.0,5.0,1.0,1.0,1.0,2.0,5.0,1.0,6.0,2.0,1.0,1.0,5.0,2.0,5.0,5.0,5.0,3.0,3.0,3.0,5.0,2.0,3.0,3.0,3.0,4.0,3.0,3.0,7,1,2,4,3,5.0,2,2.0,2.0,2.0,1.0,5,137.0,1,126.0,5.0,90.0,5,54.0,0.000409116
42270214,3.0,4,134,41,14,20.4,5.54,70,3.0,0.0,3.0,0.0,3.0,0.0,2.0,2.0,1.0,1.0,3.0,0.0,1.0,2.0,8.0,22.0,4.0,1.0,1988.0,1.0,6.0,8.0,8.0,7000.0,5.0,2,2,2,1,2,1.0,0.0,7.94,3.0,3.0,2.0,1.0,3.0,5.0,4.0,4.0,3.0,6.0,3.0,3.0,4.0,1.0,4.0,6.0,4.0,1.0,4.0,2.0,4.0,4.0,2.0,3.0,4.0,4.0,2.0,2.0,5.0,4.0,4.0,1.0,2.0,3.0,5.0,4.0,5.0,4.0,4.0,4.0,4.0,3.0,2.0,3.0,6.0,6.0,6.0,4.0,2.0,3.0,2.0,3.0,4.0,4.0,1.0,7,1,2,4,3,5.0,2,4.0,1.0,1.0,4.0,5,54.0,0,79.0,3.0,135.0,5,22.0,0.000258025
42270214,10.0,1,47,10,2,7.4,2.83,35,3.0,0.0,3.0,0.0,3.0,0.0,2.0,2.0,1.0,1.0,3.0,0.0,1.0,2.0,8.0,22.0,4.0,1.0,1988.0,1.0,6.0,8.0,8.0,7000.0,5.0,2,2,2,1,2,1.0,0.0,4.06,3.0,3.0,2.0,1.0,3.0,5.0,4.0,4.0,3.0,6.0,3.0,3.0,4.0,1.0,4.0,6.0,4.0,1.0,4.0,2.0,4.0,4.0,2.0,3.0,4.0,4.0,2.0,2.0,5.0,4.0,4.0,1.0,2.0,3.0,5.0,4.0,5.0,4.0,4.0,4.0,4.0,3.0,2.0,3.0,6.0,6.0,6.0,4.0,2.0,3.0,2.0,3.0,4.0,4.0,3.0,7,1,2,4,3,5.0,1,4.0,1.0,1.0,4.0,5,27.0,0,35.0,3.0,50.0,5,22.0,0.000258025
42270228,7.0,1,112,85,1,9.6,1.93,27,4.0,0.0,2.0,0.0,0.0,0.0,3.0,2.0,1.0,1.0,4.0,0.0,1.0,1.0,5.0,25.0,4.0,1.0,1956.0,1.0,3.0,1.0,5.0,7000.0,4.0,2,2,2,2,2,1.0,9.6,2.77,1.0,3.0,3.0,2.0,3.0,4.0,4.0,3.0,3.0,4.0,4.0,4.0,4.0,3.0,3.0,3.0,4.0,1.0,4.0,4.0,4.0,3.0,4.0,3.0,3.0,3.0,4.0,2.0,4.0,4.0,2.0,4.0,3.0,2.0,2.0,4.0,3.0,1.0,1.0,5.0,4.0,2.0,4.0,4.0,4.0,2.0,2.0,4.0,2.0,4.0,4.0,3.0,4.0,4.0,3.0,7,1,2,4,3,5.0,3,2.0,2.0,2.0,4.0,5,16.0,1,26.0,4.0,25.0,5,54.0,0.000109132
42270228,1.0,7,227,52,64,23.2,7.68,84,4.0,0.0,2.0,0.0,0.0,0.0,3.0,2.0,1.0,1.0,4.0,0.0,1.0,1.0,5.0,25.0,4.0,1.0,1956.0,1.0,3.0,1.0,5.0,7000.0,4.0,2,2,2,2,2,1.0,23.2,11.01,1.0,3.0,3.0,2.0,3.0,4.0,4.0,3.0,3.0,4.0,4.0,4.0,4.0,3.0,3.0,3.0,4.0,1.0,4.0,4.0,4.0,3.0,4.0,3.0,3.0,3.0,4.0,2.0,4.0,4.0,2.0,4.0,3.0,2.0,2.0,4.0,3.0,1.0,1.0,5.0,4.0,2.0,4.0,4.0,4.0,2.0,2.0,4.0,2.0,4.0,4.0,3.0,4.0,4.0,1.0,7,1,2,4,3,5.0,3,2.0,2.0,2.0,4.0,5,78.5,1,111.0,4.0,75.0,5,54.0,0.000109132
42270251,4.0,2,90,16,5,14.8,5.55,69,1.0,0.0,1.0,0.0,1.0,0.0,2.0,2.0,1.0,1.0,1.0,0.0,1.0,1.0,4.0,6.0,1.0,2.0,1955.0,1.0,1.0,2.0,6.0,2000.0,2.0,1,2,2,1,2,3.0,7.4,7.95,5.0,5.0,5.0,5.0,5.0,5.0,3.0,3.0,3.0,6.0,5.0,4.0,4.0,6.0,5.0,3.0,3.0,6.0,6.0,6.0,6.0,6.0,6.0,4.0,4.0,4.0,4.0,6.0,6.0,5.0,6.0,5.0,5.0,5.0,5.0,5.0,6.0,6.0,6.0,5.0,5.0,5.0,5.0,5.0,5.0,6.0,6.0,6.0,5.0,4.0,6.0,5.0,5.0,5.0,3.0,7,1,2,4,3,5.0,2,1.0,2.0,3.0,4.0,5,54.0,0,69.0,4.0,125.0,5,55.0,0.001472131
42270264,9.0,6,219,54,26,29.6,10.53,139,2.0,0.0,2.0,0.0,0.0,0.0,1.0,2.0,2.0,2.0,2.0,0.0,1.0,1.0,5.5,31.0,2.0,2.0,1953.0,1.0,1.0,6.0,6.0,3250.0,2.0,2,2,2,2,2,1.0,29.6,15.09,2.0,4.0,3.0,3.0,4.0,4.0,3.0,3.0,3.0,5.0,4.0,4.0,3.0,4.0,4.0,3.0,4.0,3.0,4.0,3.0,4.0,4.0,4.0,4.0,2.0,2.0,2.0,4.0,2.0,2.0,2.0,3.0,3.0,2.0,4.0,4.0,4.0,2.0,2.0,4.0,2.0,4.0,3.0,4.0,3.0,3.0,3.0,4.0,4.0,2.0,4.0,2.0,2.0,4.0,3.0,7,1,2,4,3,5.0,4,3.0,4.0,4.0,1.0,5,101.0,0,139.0,3.0,379.0,5,57.0,0.001472131
42270323,1.0,4,161,104,4,14.2,4.08,55,4.0,1.0,2.0,0.0,4.0,0.0,2.0,1.0,1.0,1.0,4.0,0.0,1.0,1.0,5.0,11.0,5.0,1.0,1966.0,1.0,3.0,1.0,3.0,9000.0,6.0,1,2,2,2,2,1.0,7.1,5.85,4.0,4.0,6.0,1.0,4.0,4.0,3.0,6.0,6.0,4.0,4.0,4.0,4.0,2.0,4.0,2.0,3.0,2.0,3.0,2.0,3.0,2.0,2.0,2.0,3.0,2.0,2.0,2.0,5.0,5.0,1.0,2.0,2.0,3.0,3.0,4.0,3.0,2.0,1.0,4.0,3.0,3.0,3.0,4.0,4.0,3.0,2.0,4.0,2.0,3.0,1.0,3.0,3.0,2.0,1.0,7,1,2,4,3,5.0,5,3.0,2.0,2.0,2.0,5,30.0,1,53.0,5.0,55.0,5,44.0,0.000109132
42270323,1.0,3,160,64,27,20.8,4.83,66,4.0,1.0,2.0,0.0,4.0,0.0,2.0,1.0,1.0,1.0,4.0,0.0,1.0,1.0,5.0,11.0,5.0,1.0,1966.0,1.0,3.0,1.0,3.0,9000.0,6.0,1,2,2,2,2,1.0,10.4,6.92,4.0,4.0,6.0,1.0,4.0,4.0,3.0,6.0,6.0,4.0,4.0,4.0,4.0,2.0,4.0,2.0,3.0,2.0,3.0,2.0,3.0,2.0,2.0,2.0,3.0,2.0,2.0,2.0,5.0,5.0,1.0,2.0,2.0,3.0,3.0,4.0,3.0,2.0,1.0,4.0,3.0,3.0,3.0,4.0,4.0,3.0,2.0,4.0,2.0,3.0,1.0,3.0,3.0,2.0,1.0,7,1,2,4,3,5.0,5,3.0,2.0,2.0,2.0,5,37.5,1,69.0,5.0,60.0,5,44.0,0.000109132
42270350,1.0,1,79,52,11,4.4,1.6,22,2.0,0.0,1.0,1.0,2.0,0.0,1.0,1.0,1.0,1.0,2.0,0.0,1.0,1.0,4.0,15.0,4.0,2.0,1969.0,1.0,2.0,1.0,6.0,7000.0,3.0,1,2,2,2,2,1.0,2.2,2.29,3.0,4.0,5.0,2.0,5.0,5.0,5.0,2.0,3.0,5.0,4.0,3.0,4.0,4.0,2.0,3.0,4.0,2.0,5.0,4.0,4.0,4.0,2.0,2.0,5.0,2.0,1.0,1.0,4.0,4.0,1.0,3.0,2.0,2.0,4.0,5.0,4.0,1.0,1.0,5.0,4.0,2.0,2.0,5.0,4.0,3.0,1.0,5.0,3.0,3.0,4.0,1.0,2.0,4.0,2.0,7,1,2,4,3,5.0,2,1.0,3.0,3.0,3.0,5,12.0,1,16.0,3.0,20.0,5,41.0,0.000367986
42270350,1.0,1,76,54,3,5.4,1.6,22,2.0,0.0,1.0,1.0,2.0,0.0,1.0,1.0,1.0,1.0,2.0,0.0,1.0,1.0,4.0,15.0,4.0,2.0,1969.0,1.0,2.0,1.0,6.0,7000.0,3.0,1,2,2,2,2,1.0,2.7,2.29,3.0,4.0,5.0,2.0,5.0,5.0,5.0,2.0,3.0,5.0,4.0,3.0,4.0,4.0,2.0,3.0,4.0,2.0,5.0,4.0,4.0,4.0,2.0,2.0,5.0,2.0,1.0,1.0,4.0,4.0,1.0,3.0,2.0,2.0,4.0,5.0,4.0,1.0,1.0,5.0,4.0,2.0,2.0,5.0,4.0,3.0,1.0,5.0,3.0,3.0,4.0,1.0,2.0,4.0,1.0,7,1,2,4,3,5.0,2,1.0,3.0,3.0,3.0,5,12.0,1,19.0,3.0,20.0,5,41.0,0.000367986
42270540,1.0,0,24,24,0,0.0,0.34,2,3.0,1.0,1.0,0.0,3.0,1.0,1.0,1.0,1.0,1.0,2.0,0.0,1.0,1.0,6.0,11.0,3.0,1.0,1960.0,1.0,3.0,1.0,5.0,5000.0,3.0,2,2,2,2,2,1.0,0.0,0.49,2.0,3.0,3.0,3.0,3.0,4.0,4.0,2.0,6.0,6.0,2.0,5.0,4.0,2.0,4.0,2.0,4.0,2.0,4.0,4.0,4.0,3.0,3.0,2.0,2.0,6.0,4.0,3.0,4.0,2.0,1.0,6.0,2.0,4.0,3.0,4.0,3.0,1.0,2.0,5.0,2.0,2.0,3.0,4.0,3.0,1.0,1.0,5.0,3.0,3.0,2.0,3.0,3.0,3.0,2.0,7,1,2,4,3,5.0,4,3.0,2.0,2.0,1.0,5,2.0,1,0.0,5.0,14.0,5,50.0,0.000409116
42270610,10.0,0,21,20,0,6.4,0.34,4,1.0,0.0,0.0,1.0,0.0,0.0,1.0,1.0,1.0,1.0,2.0,1.0,2.0,2.0,3.0,8.0,1.0,1.0,1960.0,1.0,1.0,2.0,6.0,2000.0,3.0,2,2,2,2,2,2.0,6.4,0.49,2.0,3.0,4.0,3.0,2.0,4.0,4.0,2.0,3.0,5.0,4.0,5.0,4.0,5.0,4.0,3.0,4.0,2.0,5.0,4.0,4.0,5.0,3.0,2.0,5.0,2.0,4.0,3.0,5.0,4.0,3.0,2.0,3.0,1.0,3.0,3.0,3.0,1.0,2.0,5.0,2.0,4.0,4.0,3.0,3.0,3.0,2.0,4.0,1.0,2.0,1.0,4.0,4.0,2.0,3.0,7,1,2,4,3,5.0,2,4.0,2.0,2.0,4.0,5,2.3,2,1.0,5.0,30.0,5,50.0,0.000409116
42270623,1.0,1,64,40,1,6.4,1.42,20,4.0,2.0,2.0,0.0,4.0,0.0,2.0,1.0,2.0,1.0,1.0,0.0,1.0,2.0,5.0,13.0,4.0,1.0,1964.0,1.0,3.0,1.0,6.0,7384.0,3.0,1,2,2,2,2,1.0,3.2,2.03,1.0,1.0,3.0,3.0,2.0,3.0,3.0,3.0,1.0,5.0,2.0,5.0,5.0,4.0,6.0,2.0,4.0,3.0,4.0,4.0,3.0,5.0,6.0,5.0,4.0,2.0,4.0,2.0,4.0,6.0,2.0,5.0,4.0,2.0,6.0,6.0,6.0,1.0,1.0,5.0,1.0,3.0,3.0,5.0,6.0,3.0,2.0,3.0,2.0,2.0,4.0,4.0,4.0,4.0,2.0,7,1,2,4,3,5.0,2,3.0,2.0,2.0,3.0,5,11.0,1,23.0,4.0,24.0,5,46.0,0.000409116
42270623,1.0,1,74,40,12,6.4,1.42,20,4.0,2.0,2.0,0.0,4.0,0.0,2.0,1.0,2.0,1.0,1.0,0.0,1.0,2.0,5.0,13.0,4.0,1.0,1964.0,1.0,3.0,1.0,6.0,7384.0,3.0,1,2,2,2,2,1.0,3.2,2.03,1.0,1.0,3.0,3.0,2.0,3.0,3.0,3.0,1.0,5.0,2.0,5.0,5.0,4.0,6.0,2.0,4.0,3.0,4.0,4.0,3.0,5.0,6.0,5.0,4.0,2.0,4.0,2.0,4.0,6.0,2.0,5.0,4.0,2.0,6.0,6.0,6.0,1.0,1.0,5.0,1.0,3.0,3.0,5.0,6.0,3.0,2.0,3.0,2.0,2.0,4.0,4.0,4.0,4.0,1.0,7,1,2,4,3,5.0,2,3.0,2.0,2.0,3.0,5,11.0,1,22.0,4.0,26.0,5,46.0,0.000409116
42270631,1.0,0,31,30,0,4.4,0.42,6,3.0,0.0,1.0,3.0,6.0,0.0,5.0,2.0,1.0,1.0,4.0,4.0,1.0,1.0,5.0,15.0,5.0,1.0,1954.0,1.0,3.0,1.0,3.0,9000.0,6.0,1,2,2,2,2,2.0,2.2,0.6,4.0,4.0,3.0,2.0,3.0,4.0,4.0,3.0,6.0,6.0,6.0,3.0,4.0,2.0,6.0,6.0,2.0,1.0,2.0,3.0,5.0,2.0,2.0,2.0,5.0,4.0,3.0,2.0,4.0,4.0,1.0,3.0,3.0,2.0,4.0,4.0,3.0,1.0,2.0,3.0,2.0,5.0,4.0,4.0,4.0,3.0,3.0,3.0,2.0,2.0,3.0,3.0,4.0,4.0,2.0,7,1,2,4,3,3.0,2,1.0,2.0,2.0,4.0,5,2.8,2,1.0,5.0,6.0,5,56.0,0.000109132
42270631,1.0,1,55,38,1,8.6,1.4,18,3.0,0.0,1.0,3.0,6.0,0.0,5.0,2.0,1.0,1.0,4.0,4.0,1.0,1.0,5.0,15.0,5.0,1.0,1954.0,1.0,3.0,1.0,3.0,9000.0,6.0,1,2,2,2,2,2.0,4.3,2.01,4.0,4.0,3.0,2.0,3.0,4.0,4.0,3.0,6.0,6.0,6.0,3.0,4.0,2.0,6.0,6.0,2.0,1.0,2.0,3.0,5.0,2.0,2.0,2.0,5.0,4.0,3.0,2.0,4.0,4.0,1.0,3.0,3.0,2.0,4.0,4.0,3.0,1.0,2.0,3.0,2.0,5.0,4.0,4.0,4.0,3.0,3.0,3.0,2.0,2.0,3.0,3.0,4.0,4.0,2.0,7,1,2,4,3,3.0,3,1.0,2.0,2.0,4.0,5,11.4,1,16.0,5.0,20.0,5,56.0,0.000109132
42270632,1.0,0,31,30,0,6.4,0.42,6,3.0,0.0,1.0,3.0,6.0,0.0,5.0,2.0,1.0,1.0,4.0,4.0,1.0,1.0,5.0,15.0,5.0,1.0,1962.0,1.0,3.0,1.0,6.0,9000.0,3.0,2,2,2,2,2,1.0,6.4,0.6,4.0,4.0,3.0,2.0,3.0,4.0,4.0,3.0,6.0,6.0,6.0,3.0,4.0,2.0,6.0,6.0,2.0,1.0,2.0,3.0,5.0,2.0,2.0,2.0,5.0,4.0,3.0,2.0,4.0,4.0,1.0,3.0,3.0,2.0,4.0,4.0,3.0,1.0,3.0,4.0,2.0,5.0,4.0,4.0,4.0,3.0,3.0,3.0,2.0,2.0,3.0,3.0,4.0,4.0,2.0,7,1,2,4,3,3.0,2,1.0,2.0,2.0,4.0,5,2.8,2,1.0,5.0,6.0,5,48.0,0.000109132
42270632,1.0,0,31,30,0,6.4,0.4,5,3.0,0.0,1.0,3.0,6.0,0.0,5.0,2.0,1.0,1.0,4.0,4.0,1.0,1.0,5.0,15.0,5.0,1.0,1962.0,1.0,3.0,1.0,6.0,9000.0,3.0,2,2,2,2,2,1.0,6.4,0.57,4.0,4.0,3.0,2.0,3.0,4.0,4.0,3.0,6.0,6.0,6.0,3.0,4.0,2.0,6.0,6.0,2.0,1.0,2.0,3.0,5.0,2.0,2.0,2.0,5.0,4.0,3.0,2.0,4.0,4.0,1.0,3.0,3.0,2.0,4.0,4.0,3.0,1.0,3.0,4.0,2.0,5.0,4.0,4.0,4.0,3.0,3.0,3.0,2.0,2.0,3.0,3.0,4.0,4.0,1.0,7,1,2,4,3,3.0,2,1.0,2.0,2.0,4.0,5,3.1,2,1.0,5.0,7.0,5,48.0,7.71e-05
42270747,1.0,5,214,75,12,33.2,7.83,134,1.0,0.0,1.0,0.0,1.0,0.0,1.0,1.0,1.0,1.0,1.0,0.0,1.0,1.0,5.0,10.0,4.0,2.0,1968.0,1.0,1.0,1.0,3.0,7000.0,4.0,1,2,2,2,1,1.0,16.6,11.22,2.0,3.0,3.0,3.0,4.0,5.0,4.0,4.0,5.0,5.0,3.0,4.0,3.0,2.0,6.0,4.0,4.0,1.0,4.0,3.0,3.0,2.0,4.0,3.0,4.0,5.0,2.0,4.0,4.0,1.0,1.0,2.0,3.0,3.0,5.0,3.0,3.0,3.0,3.0,3.0,2.0,2.0,3.0,4.0,3.0,2.0,2.0,3.0,2.0,3.0,3.0,3.0,3.0,3.0,3.0,7,1,2,4,3,5.0,9,4.0,1.0,2.0,4.0,5,67.0,0,127.0,4.0,186.0,5,42.0,9.82e-05
42270851,7.0,1,91,74,1,6.4,1.6,21,2.0,0.0,1.0,2.0,3.0,0.0,2.0,1.0,1.0,1.0,2.0,0.0,1.0,1.0,4.5,2.0,6.0,2.0,1977.0,3.0,7.0,2.0,2.0,15000.0,6.0,1,2,2,2,2,1.0,3.2,2.29,3.0,4.0,6.0,2.0,3.0,4.0,6.0,2.0,4.0,5.0,4.0,2.0,4.0,2.0,4.0,6.0,2.0,2.0,5.0,4.0,5.0,2.0,4.0,3.0,2.0,4.0,3.0,4.0,5.0,5.0,1.0,4.0,4.0,1.0,5.0,1.0,3.0,1.0,1.0,5.0,2.0,4.0,2.0,3.0,4.0,2.0,1.0,5.0,2.0,1.0,2.0,4.0,4.0,4.0,3.0,7,1,2,4,3,6.0,4,3.0,3.0,3.0,1.0,5,12.8,1,16.0,5.0,34.0,5,33.0,0.000232084
42270878,1.0,2,54,17,3,5.1,2.35,30,4.0,2.0,1.0,0.0,1.0,0.0,1.0,1.0,1.0,2.0,1.0,0.0,2.0,1.0,4.0,2.0,1.0,1.0,1972.0,1.0,3.0,1.0,6.0,2000.0,2.0,2,2,2,1,2,1.0,0.0,3.37,1.0,3.0,3.0,3.0,3.0,4.0,4.0,4.0,4.0,4.0,4.0,3.0,3.0,3.0,4.0,5.0,5.0,3.0,5.0,4.0,4.0,4.0,4.0,3.0,3.0,2.0,3.0,3.0,3.0,5.0,3.0,3.0,4.0,4.0,5.0,3.0,5.0,4.0,4.0,4.0,2.0,4.0,4.0,5.0,1.0,3.0,2.0,5.0,3.0,3.0,4.0,4.0,5.0,3.0,1.0,7,1,2,4,3,1.0,1,4.0,1.0,4.0,2.0,5,24.0,1,34.0,3.0,630.0,5,38.0,0.003869639
42270907,7.0,4,211,59,15,36.6,5.42,72,5.0,3.0,2.0,0.0,5.0,2.0,1.0,3.0,1.0,2.0,2.0,2.0,1.0,1.0,7.5,3.0,5.0,1.0,1976.0,1.0,3.0,1.0,3.0,9000.0,4.0,2,2,2,2,2,1.0,36.6,7.77,2.0,2.0,3.0,2.0,3.0,4.0,4.0,2.0,2.0,4.0,1.0,1.0,1.0,2.0,2.0,5.0,4.0,3.0,5.0,3.0,3.0,5.0,3.0,2.0,4.0,6.0,4.0,1.0,5.0,2.0,1.0,6.0,6.0,3.0,4.0,4.0,2.0,1.0,1.0,5.0,3.0,3.0,4.0,5.0,3.0,3.0,4.0,5.0,3.0,3.0,2.0,4.0,5.0,2.0,3.0,7,1,2,4,3,5.0,2,4.0,2.0,1.0,3.0,5,52.0,1,137.0,3.0,90.0,5,34.0,0.000258025
42270907,1.0,0,16,16,0,0.0,0.22,3,5.0,3.0,2.0,0.0,5.0,2.0,1.0,3.0,1.0,2.0,2.0,2.0,1.0,1.0,7.5,3.0,5.0,1.0,1976.0,1.0,3.0,1.0,3.0,9000.0,4.0,2,2,2,2,2,1.0,0.0,0.32,2.0,2.0,3.0,2.0,3.0,4.0,4.0,2.0,2.0,4.0,1.0,1.0,1.0,2.0,2.0,5.0,4.0,3.0,5.0,3.0,3.0,5.0,3.0,2.0,4.0,6.0,4.0,1.0,5.0,2.0,1.0,6.0,6.0,3.0,4.0,4.0,2.0,1.0,1.0,5.0,3.0,3.0,4.0,5.0,3.0,3.0,4.0,5.0,3.0,3.0,2.0,4.0,5.0,2.0,1.0,7,1,2,4,3,5.0,1,4.0,2.0,1.0,3.0,5,1.6,1,0.0,3.0,5.0,5,34.0,0.000258025
42270908,7.0,0,10,10,0,0.0,0.2,2,5.0,3.0,2.0,0.0,5.0,2.0,1.0,2.0,1.0,2.0,2.0,2.0,1.0,1.0,7.5,3.0,5.0,2.0,1978.0,1.0,3.0,6.0,8.0,9000.0,3.0,2,2,2,2,2,1.0,0.0,0.29,1.0,3.0,2.0,2.0,3.0,4.0,6.0,6.0,6.0,3.0,6.0,3.0,4.0,4.0,3.0,3.0,4.0,3.0,5.0,5.0,2.0,5.0,3.0,3.0,3.0,6.0,6.0,6.0,5.0,3.0,1.0,6.0,6.0,1.0,1.0,3.0,3.0,1.0,1.0,5.0,3.0,3.0,5.0,3.0,6.0,1.0,2.0,3.0,6.0,3.0,1.0,5.0,5.0,4.0,3.0,7,1,2,4,3,5.0,2,3.0,2.0,2.0,2.0,5,1.2,1,0.0,5.0,40.0,5,32.0,0.00087004
42270911,1.0,6,262,60,28,84.4,19.19,161,4.0,2.0,3.0,0.0,2.0,2.0,4.0,2.0,1.0,1.0,2.0,1.0,1.0,1.0,7.0,3.0,6.0,1.0,1969.0,1.0,3.0,1.0,6.0,15000.0,6.0,1,2,2,2,2,1.0,42.2,27.5,1.0,2.0,3.0,3.0,2.0,4.0,1.0,5.0,1.0,5.0,4.0,5.0,4.0,3.0,3.0,2.0,4.0,4.0,5.0,4.0,5.0,4.0,4.0,2.0,4.0,3.0,3.0,3.0,5.0,4.0,2.0,1.0,1.0,2.0,4.0,4.0,5.0,1.0,1.0,5.0,4.0,3.0,2.0,5.0,4.0,3.0,2.0,3.0,1.0,3.0,2.0,3.0,4.0,4.0,1.0,7,1,2,4,3,3.0,2,4.0,2.0,2.0,3.0,5,205.0,1,174.0,5.0,150.0,5,41.0,0.000109132
42270912,4.0,0,83,64,0,6.4,1.43,20,4.0,2.0,3.0,0.0,2.0,2.0,4.0,2.0,1.0,1.0,2.0,1.0,1.0,1.0,7.0,3.0,6.0,2.0,1970.0,1.0,3.0,2.0,6.0,15000.0,6.0,1,2,2,1,2,1.0,3.2,2.05,1.0,3.0,2.0,4.0,2.0,4.0,2.0,4.0,4.0,5.0,3.0,2.0,4.0,3.0,3.0,2.0,4.0,2.0,5.0,4.0,5.0,4.0,4.0,2.0,4.0,5.0,4.0,3.0,5.0,4.0,2.0,1.0,2.0,2.0,4.0,4.0,2.0,1.0,2.0,5.0,2.0,2.0,3.0,4.0,2.0,2.0,2.0,4.0,2.0,2.0,3.0,3.0,4.0,3.0,3.0,7,1,2,4,3,3.0,2,3.0,2.0,2.0,3.0,5,12.0,1,19.0,5.0,17.0,5,40.0,9.82e-05
42270974,1.0,6,130,40,11,25.0,5.84,70,4.0,2.0,1.0,0.0,4.0,2.0,1.0,1.0,1.0,1.0,2.0,0.0,1.0,1.0,4.5,5.0,4.0,1.0,1966.0,1.0,3.0,1.0,6.0,7000.0,3.0,2,2,2,1,2,1.0,0.0,8.37,2.0,4.0,3.0,3.0,2.0,4.0,4.0,3.0,4.0,5.0,2.0,2.0,4.0,1.0,4.0,2.0,4.0,2.0,5.0,4.0,3.0,2.0,2.0,4.0,5.0,5.0,5.0,4.0,4.0,2.0,2.0,4.0,2.0,2.0,2.0,5.0,2.0,1.0,2.0,5.0,2.0,1.0,2.0,4.0,4.0,2.0,1.0,4.0,1.0,1.0,3.0,1.0,4.0,4.0,1.0,7,1,2,4,3,5.0,2,3.0,2.0,2.0,3.0,5,54.0,0,79.0,3.0,140.0,5,44.0,0.000409116
42270995,10.0,0,2,0,0,0.0,0.12,0,4.0,2.0,1.0,1.0,3.0,0.0,1.0,1.0,1.0,2.0,2.0,0.0,1.0,1.0,5.0,5.0,3.0,1.0,1974.0,1.0,3.0,2.0,2.0,5000.0,6.0,1,2,2,1,2,1.0,2.2,0.17,4.0,3.0,2.0,2.0,4.0,4.0,4.0,2.0,4.0,5.0,4.0,2.0,4.0,1.0,5.0,1.0,1.0,2.0,5.0,3.0,5.0,3.0,3.0,2.0,4.0,4.0,2.0,2.0,5.0,5.0,2.0,4.0,4.0,3.0,4.0,4.0,4.0,1.0,1.0,5.0,2.0,2.0,4.0,5.0,2.0,4.0,2.0,4.0,3.0,3.0,4.0,5.0,4.0,4.0,3.0,7,1,2,4,3,5.0,2,4.0,2.0,1.0,3.0,5,0.6,2,2.0,2.0,60.0,5,36.0,0.000258025
42270996,1.0,4,113,30,12,14.8,5.57,69,4.0,2.0,1.0,1.0,3.0,1.0,1.0,1.0,1.0,2.0,2.0,0.0,1.0,1.0,5.0,5.0,4.0,2.0,1971.0,1.0,3.0,2.0,6.0,7000.0,3.0,1,2,2,1,2,1.0,7.4,7.98,4.0,4.0,2.0,2.0,4.0,4.0,4.0,2.0,4.0,5.0,2.0,2.0,4.0,3.0,3.0,4.0,4.0,1.0,3.0,2.0,5.0,4.0,3.0,5.0,4.0,4.0,2.0,3.0,3.0,3.0,1.0,4.0,4.0,3.0,4.0,4.0,3.0,1.0,1.0,5.0,3.0,4.0,4.0,4.0,4.0,3.0,2.0,4.0,2.0,3.0,3.0,3.0,3.0,4.0,1.0,7,1,2,4,3,5.0,2,3.0,2.0,3.0,3.0,5,53.0,0,71.0,5.0,132.0,5,39.0,0.00087004
42271015,1.0,4,172,83,26,24.5,4.26,60,1.0,0.0,1.0,0.0,3.0,0.0,1.0,1.0,2.0,1.0,1.0,0.0,1.0,1.0,5.0,11.0,3.0,2.0,1967.0,1.0,1.0,1.0,8.0,5000.0,6.0,2,2,2,2,2,1.0,24.5,6.1,2.0,4.0,4.0,1.0,5.0,5.0,4.0,4.0,4.0,4.0,5.0,3.0,1.0,3.0,5.0,2.0,4.0,6.0,5.0,2.0,3.0,3.0,5.0,5.0,3.0,5.0,3.0,3.0,3.0,5.0,1.0,5.0,5.0,5.0,5.0,1.0,3.0,1.0,5.0,5.0,1.0,5.0,5.0,5.0,5.0,4.0,4.0,5.0,1.0,3.0,2.0,5.0,2.0,5.0,2.0,7,1,2,4,3,5.0,3,1.0,2.0,3.0,3.0,5,40.0,0,63.0,3.0,95.0,5,43.0,9.82e-05
42271065,1.0,2,58,15,2,12.5,3.1,40,1.0,0.0,1.0,0.0,1.0,0.0,1.0,1.0,1.0,2.0,1.0,0.0,2.0,2.0,4.5,6.0,3.0,2.0,1957.0,1.0,1.0,1.0,6.0,5000.0,4.0,1,2,2,2,2,1.0,6.25,4.44,3.0,4.0,3.0,2.0,4.0,4.0,4.0,3.0,2.0,4.0,4.0,3.0,4.0,3.0,4.0,3.0,4.0,3.0,4.0,4.0,3.0,4.0,4.0,3.0,2.0,2.0,3.0,4.0,4.0,2.0,2.0,3.0,4.0,3.0,3.0,4.0,3.0,3.0,3.0,4.0,3.0,2.0,2.0,4.0,4.0,3.0,3.0,4.0,2.0,3.0,2.0,4.0,4.0,4.0,1.0,7,1,2,4,3,5.0,1,2.0,2.0,2.0,3.0,5,28.0,1,41.0,3.0,35.0,5,53.0,9.82e-05
42271065,2.0,0,14,10,0,3.2,0.23,3,1.0,0.0,1.0,0.0,1.0,0.0,1.0,1.0,1.0,2.0,1.0,0.0,2.0,2.0,4.5,6.0,3.0,2.0,1957.0,1.0,1.0,1.0,6.0,5000.0,4.0,1,2,2,2,2,1.0,2.2,0.33,3.0,4.0,3.0,2.0,4.0,4.0,4.0,3.0,2.0,4.0,4.0,3.0,4.0,3.0,4.0,3.0,4.0,3.0,4.0,4.0,3.0,4.0,4.0,3.0,2.0,2.0,3.0,4.0,4.0,2.0,2.0,3.0,4.0,3.0,3.0,4.0,3.0,3.0,3.0,4.0,3.0,2.0,2.0,4.0,4.0,3.0,3.0,4.0,2.0,3.0,2.0,4.0,4.0,4.0,1.0,7,1,2,4,3,5.0,1,2.0,2.0,2.0,3.0,5,1.7,1,4.0,3.0,6.0,5,53.0,9.82e-05
42271066,1.0,2,53,10,2,5.1,3.1,40,1.0,0.0,1.0,0.0,1.0,0.0,1.0,1.0,1.0,2.0,1.0,0.0,2.0,2.0,4.5,6.0,3.0,2.0,1957.0,1.0,1.0,1.0,6.0,5000.0,4.0,1,2,2,2,2,1.0,2.55,4.44,3.0,4.0,3.0,2.0,4.0,4.0,4.0,3.0,2.0,4.0,4.0,3.0,4.0,3.0,4.0,3.0,4.0,3.0,4.0,4.0,3.0,4.0,4.0,3.0,2.0,2.0,3.0,4.0,4.0,2.0,2.0,3.0,4.0,3.0,3.0,4.0,3.0,3.0,3.0,4.0,3.0,2.0,2.0,4.0,4.0,3.0,3.0,4.0,2.0,3.0,2.0,4.0,4.0,4.0,1.0,7,1,2,4,3,5.0,1,2.0,2.0,2.0,3.0,5,28.0,1,41.0,3.0,33.0,5,53.0,9.82e-05
42271067,1.0,0,98,79,0,5.4,1.76,22,2.0,1.0,1.0,0.0,2.0,1.0,3.0,2.0,1.0,1.0,3.0,0.0,2.0,2.0,4.0,7.0,2.0,2.0,1968.0,1.0,4.0,2.0,6.0,3250.0,3.0,2,2,2,2,2,1.0,5.4,2.52,1.0,1.0,4.0,3.0,3.0,5.0,5.0,1.0,5.0,6.0,1.0,3.0,5.0,4.0,6.0,6.0,6.0,3.0,5.0,5.0,6.0,3.0,6.0,1.0,5.0,1.0,5.0,1.0,4.0,1.0,1.0,1.0,3.0,1.0,3.0,3.0,1.0,1.0,1.0,5.0,2.0,4.0,5.0,1.0,3.0,3.0,1.0,5.0,1.0,1.0,2.0,1.0,5.0,5.0,1.0,7,1,2,4,3,2.0,2,4.0,1.0,1.0,3.0,5,14.0,1,19.0,4.0,20.0,5,42.0,0.000367986
42271092,1.0,2,96,26,5,14.8,5.67,72,3.0,0.0,2.0,4.0,2.0,0.0,2.0,5.0,1.0,1.0,3.0,0.0,1.0,1.0,5.0,5.0,5.0,2.0,1967.0,1.0,5.0,2.0,6.0,9000.0,3.0,2,2,2,1,2,1.0,0.0,8.13,1.0,1.0,4.0,4.0,3.0,4.0,3.0,4.0,6.0,5.0,4.0,4.0,4.0,2.0,3.0,6.0,4.0,5.0,5.0,4.0,5.0,5.0,4.0,4.0,3.0,4.0,2.0,2.0,5.0,5.0,1.0,1.0,4.0,3.0,5.0,5.0,4.0,3.0,4.0,3.0,2.0,2.0,3.0,4.0,5.0,5.0,2.0,1.0,5.0,3.0,3.0,5.0,3.0,3.0,1.0,7,1,2,4,3,5.0,2,2.0,3.0,3.0,3.0,5,53.0,0,65.0,5.0,77.0,5,43.0,0.000367986
42271140,10.0,1,111,24,3,28.2,6.6,98,3.0,1.0,1.0,0.0,1.0,1.0,1.0,1.0,1.0,2.0,2.0,0.0,2.0,2.0,3.5,7.0,3.0,2.0,1985.0,1.0,3.0,6.0,6.0,5000.0,3.0,2,2,2,2,1,1.0,28.2,9.46,3.0,3.0,3.0,3.0,4.0,4.0,4.0,5.0,5.0,4.0,4.0,4.0,4.0,6.0,3.0,6.0,4.0,3.0,5.0,2.0,6.0,6.0,4.0,6.0,5.0,5.0,5.0,2.0,6.0,5.0,1.0,5.0,5.0,4.0,5.0,5.0,3.0,1.0,1.0,4.0,1.0,4.0,4.0,3.0,3.0,3.0,6.0,5.0,3.0,6.0,3.0,3.0,5.0,5.0,3.0,7,1,2,4,3,5.0,6,3.0,2.0,2.0,2.0,5,61.9,0,84.0,3.0,35.5,5,25.0,0.00087004
42271144,4.0,2,54,28,3,6.4,1.32,18,1.0,0.0,0.0,0.0,0.0,0.0,1.0,0.0,1.0,2.0,0.0,0.0,1.0,1.0,5.0,55.0,2.0,2.0,1949.0,1.0,1.0,9.0,8.0,3250.0,4.0,1,2,2,1,2,3.0,3.2,1.89,5.0,4.0,2.0,1.0,4.0,5.0,3.0,6.0,4.0,6.0,6.0,3.0,3.0,3.0,3.0,6.0,4.0,1.0,6.0,6.0,6.0,3.0,6.0,1.0,4.0,4.0,3.0,5.0,4.0,5.0,6.0,4.0,4.0,2.0,4.0,4.0,3.0,1.0,1.0,6.0,4.0,1.0,5.0,3.0,6.0,3.0,1.0,6.0,2.0,3.0,3.0,3.0,3.0,4.0,3.0,7,1,2,4,3,5.0,2,1.0,2.0,2.0,1.0,5,11.0,0,23.0,3.0,28.0,5,61.0,9.82e-05
42271145,7.0,8,257,45,44,53.4,10.29,115,2.0,0.0,1.0,0.0,2.0,0.0,2.0,2.0,1.0,1.0,2.0,0.0,1.0,1.0,4.0,9.0,3.0,2.0,1954.0,1.0,4.0,1.0,3.0,5000.0,4.0,1,2,2,1,2,1.0,26.7,14.75,2.0,2.0,3.0,2.0,3.0,3.0,4.0,3.0,4.0,3.0,4.0,4.0,4.0,3.0,4.0,6.0,5.0,3.0,3.0,3.0,3.0,4.0,3.0,3.0,5.0,3.0,2.0,2.0,4.0,4.0,1.0,3.0,3.0,2.0,5.0,4.0,3.0,1.0,2.0,4.0,2.0,2.0,3.0,3.0,4.0,3.0,2.0,4.0,2.0,3.0,2.0,4.0,4.0,3.0,3.0,7,1,2,4,3,5.0,3,1.0,2.0,3.0,3.0,5,101.0,0,168.0,5.0,308.0,5,56.0,9.82e-05
42271162,4.0,4,108,42,8,20.8,3.74,52,1.0,0.0,0.0,0.0,0.0,0.0,0.0,1.0,2.0,1.0,2.0,0.0,2.0,2.0,3.0,10.0,1.0,2.0,1942.0,1.0,3.0,9.0,8.0,2000.0,2.0,1,1,2,2,2,2.0,10.4,5.36,3.0,3.0,3.0,3.0,3.0,5.0,4.0,4.0,5.0,5.0,3.0,5.0,5.0,3.0,4.0,3.0,4.0,5.0,4.0,3.0,4.0,1.0,2.0,2.0,5.0,5.0,5.0,3.0,1.0,5.0,3.0,5.0,5.0,3.0,4.0,5.0,3.0,1.0,1.0,5.0,3.0,3.0,4.0,4.0,4.0,3.0,4.0,4.0,2.0,4.0,3.0,3.0,3.0,5.0,3.0,7,1,2,4,3,6.0,2,1.0,2.0,2.0,3.0,5,35.0,0,58.0,4.0,93.0,5,68.0,0.00115614
42271192,1.0,4,162,64,14,25.0,5.45,66,4.0,2.0,1.0,0.0,6.0,3.0,1.0,1.0,1.0,1.0,3.0,0.0,1.0,1.0,4.0,10.0,4.0,1.0,1969.0,1.0,3.0,1.0,6.0,7000.0,3.0,1,2,2,1,2,1.0,12.5,7.81,5.0,5.0,4.0,3.0,4.0,5.0,3.0,4.0,3.0,5.0,4.0,4.0,5.0,3.0,4.0,2.0,3.0,1.0,5.0,4.0,5.0,2.0,4.0,2.0,5.0,4.0,4.0,2.0,4.0,2.0,1.0,3.0,3.0,3.0,5.0,5.0,3.0,1.0,2.0,5.0,2.0,2.0,5.0,4.0,3.0,3.0,3.0,4.0,2.0,2.0,4.0,3.0,3.0,4.0,1.0,7,1,2,4,3,5.0,2,1.0,2.0,2.0,3.0,5,53.0,0,84.0,5.0,124.0,5,41.0,0.000409116
42271243,1.0,5,194,48,32,20.0,7.14,77,4.0,2.0,2.0,1.0,4.0,2.0,1.0,1.0,1.0,1.0,3.0,1.0,1.0,1.0,6.0,15.0,5.0,1.0,1966.0,1.0,3.0,1.0,3.0,9000.0,6.0,2,1,2,2,2,1.0,0.0,10.23,1.0,4.0,2.0,2.0,2.0,2.0,2.0,2.0,3.0,5.0,4.0,4.0,4.0,3.0,3.0,3.0,4.0,5.0,3.0,3.0,5.0,4.0,4.0,3.0,3.0,4.0,2.0,3.0,5.0,4.0,4.0,3.0,3.0,4.0,4.0,4.0,5.0,3.0,3.0,4.0,3.0,3.0,3.0,5.0,4.0,1.0,3.0,3.0,2.0,3.0,3.0,3.0,3.0,4.0,1.0,7,1,2,4,3,5.0,2,2.0,2.0,2.0,2.0,5,74.0,0,114.0,3.0,159.0,5,44.0,0.000109132
42271271,1.0,0,10,10,0,0.0,0.08,0,2.0,0.0,1.0,1.0,2.0,0.0,1.0,1.0,1.0,1.0,2.0,0.0,1.0,1.0,5.0,35.0,5.0,1.0,1948.0,1.0,3.0,1.0,3.0,9000.0,3.0,2,2,2,2,2,1.0,0.0,0.11,2.0,3.0,4.0,4.0,3.0,4.0,4.0,4.0,3.0,4.0,4.0,4.0,4.0,3.0,4.0,6.0,5.0,3.0,4.0,3.0,4.0,4.0,5.0,5.0,1.0,1.0,4.0,4.0,1.0,3.0,1.0,3.0,3.0,2.0,3.0,4.0,4.0,2.0,2.0,3.0,3.0,2.0,4.0,4.0,3.0,6.0,3.0,4.0,3.0,2.0,3.0,4.0,4.0,4.0,2.0,7,1,2,4,3,5.0,2,2.0,2.0,3.0,3.0,5,0.8,2,0.0,5.0,10.0,5,62.0,0.000409116
42271271,1.0,0,10,10,0,0.0,0.08,0,2.0,0.0,1.0,1.0,2.0,0.0,1.0,1.0,1.0,1.0,2.0,0.0,1.0,1.0,5.0,35.0,5.0,1.0,1948.0,1.0,3.0,1.0,3.0,9000.0,3.0,2,2,2,2,2,1.0,0.0,0.11,2.0,3.0,4.0,4.0,3.0,4.0,4.0,4.0,3.0,4.0,4.0,4.0,4.0,3.0,4.0,6.0,5.0,3.0,4.0,3.0,4.0,4.0,5.0,5.0,1.0,1.0,4.0,4.0,1.0,3.0,1.0,3.0,3.0,2.0,3.0,4.0,4.0,2.0,2.0,3.0,3.0,2.0,4.0,4.0,3.0,6.0,3.0,4.0,3.0,2.0,3.0,4.0,4.0,4.0,1.0,7,1,2,4,3,5.0,2,2.0,2.0,3.0,3.0,5,0.8,2,0.0,5.0,10.0,5,62.0,0.000409116
42271271,9.0,0,16,16,0,0.0,0.0,16,2.0,0.0,1.0,1.0,2.0,0.0,1.0,1.0,1.0,1.0,2.0,0.0,1.0,1.0,5.0,35.0,5.0,1.0,1948.0,1.0,3.0,1.0,3.0,9000.0,3.0,2,2,2,2,2,1.0,0.0,0.0,2.0,3.0,4.0,4.0,3.0,4.0,4.0,4.0,3.0,4.0,4.0,4.0,4.0,3.0,4.0,6.0,5.0,3.0,4.0,3.0,4.0,4.0,5.0,5.0,1.0,1.0,4.0,4.0,1.0,3.0,1.0,3.0,3.0,2.0,3.0,4.0,4.0,2.0,2.0,3.0,3.0,2.0,4.0,4.0,3.0,6.0,3.0,4.0,3.0,2.0,3.0,4.0,4.0,4.0,3.0,7,1,2,4,3,5.0,2,2.0,2.0,3.0,3.0,5,1.6,1,0.0,5.0,16.0,5,62.0,0.000409116
42271272,4.0,0,13,9,0,3.2,0.35,4,2.0,0.0,1.0,1.0,2.0,0.0,1.0,1.0,1.0,1.0,2.0,0.0,1.0,1.0,5.0,35.0,5.0,2.0,1948.0,1.0,3.0,6.0,3.0,9000.0,3.0,1,2,2,2,2,1.0,2.2,0.5,3.0,2.0,2.0,3.0,4.0,4.0,6.0,2.0,3.0,3.0,4.0,4.0,2.0,2.0,4.0,3.0,4.0,3.0,3.0,3.0,2.0,3.0,3.0,3.0,4.0,4.0,3.0,3.0,4.0,4.0,2.0,4.0,3.0,2.0,4.0,4.0,3.0,2.0,2.0,4.0,4.0,2.0,4.0,4.0,6.0,3.0,3.0,4.0,3.0,3.0,3.0,4.0,4.0,4.0,3.0,7,1,2,4,3,5.0,1,4.0,1.0,1.0,4.0,5,2.5,1,4.0,1.0,35.5,5,62.0,0.000367986
42271337,10.0,6,254,40,26,70.0,19.45,167,1.0,0.0,1.0,0.0,1.0,0.0,2.0,1.0,1.0,1.0,1.0,0.0,2.0,1.0,5.0,20.0,2.0,1.0,1942.0,1.0,1.0,9.0,5.0,3250.0,3.0,2,2,1,2,2,1.0,0.0,27.87,3.0,6.0,6.0,4.0,4.0,5.0,6.0,6.0,4.0,4.0,4.0,6.0,4.0,3.0,4.0,6.0,4.0,3.0,4.0,3.0,4.0,3.0,6.0,3.0,5.0,4.0,6.0,3.0,4.0,3.0,2.0,3.0,2.0,3.0,3.0,6.0,6.0,3.0,6.0,3.0,6.0,4.0,6.0,6.0,6.0,6.0,6.0,4.0,6.0,6.0,3.0,4.0,4.0,6.0,3.0,7,1,2,4,3,5.0,2,1.0,2.0,2.0,1.0,5,207.0,0,188.0,5.0,229.0,5,68.0,0.0003213
42271394,1.0,4,144,47,15,25.0,5.52,68,2.0,0.0,2.0,1.0,2.0,0.0,2.0,1.0,1.0,2.0,0.0,0.0,1.0,1.0,5.0,11.0,3.0,1.0,1964.0,1.0,5.0,3.0,7.0,5000.0,3.0,2,2,2,2,2,1.0,25.0,7.91,1.0,1.0,1.0,1.0,4.0,5.0,5.0,5.0,5.0,5.0,1.0,5.0,5.0,1.0,1.0,6.0,3.0,6.0,5.0,5.0,5.0,5.0,5.0,6.0,6.0,6.0,6.0,1.0,6.0,6.0,1.0,6.0,6.0,3.0,3.0,3.0,6.0,1.0,1.0,5.0,1.0,6.0,6.0,6.0,6.0,6.0,3.0,3.0,6.0,6.0,1.0,1.0,5.0,3.0,2.0,7,1,2,4,3,5.0,2,4.0,2.0,2.0,4.0,5,54.0,1,82.0,5.0,60.0,5,46.0,0.000409116
42271395,5.0,0,9,9,0,0.0,0.16,2,5.0,3.0,1.0,0.0,5.0,3.0,1.0,1.0,1.0,1.0,2.0,1.0,1.0,1.0,5.5,10.0,5.0,1.0,1968.0,1.0,3.0,1.0,3.0,9000.0,4.0,2,2,2,2,1,1.0,0.0,0.23,4.0,1.0,1.0,2.0,4.0,5.0,2.0,5.0,2.0,4.0,4.0,4.0,2.0,2.0,4.0,4.0,5.0,1.0,4.0,2.0,5.0,5.0,4.0,2.0,5.0,5.0,3.0,2.0,5.0,4.0,1.0,3.0,4.0,3.0,4.0,2.0,4.0,1.0,2.0,5.0,2.0,4.0,4.0,5.0,5.0,2.0,2.0,5.0,1.0,3.0,2.0,4.0,4.0,4.0,3.0,7,1,2,4,3,5.0,1,3.0,2.0,2.0,3.0,5,0.9,1,0.0,5.0,5.0,5,42.0,0.000109132
42271395,4.0,0,23,19,0,3.2,0.31,4,5.0,3.0,1.0,0.0,5.0,3.0,1.0,1.0,1.0,1.0,2.0,1.0,1.0,1.0,5.5,10.0,5.0,1.0,1968.0,1.0,3.0,1.0,3.0,9000.0,4.0,2,2,2,2,1,1.0,3.2,0.44,4.0,1.0,1.0,2.0,4.0,5.0,2.0,5.0,2.0,4.0,4.0,4.0,2.0,2.0,4.0,4.0,5.0,1.0,4.0,2.0,5.0,5.0,4.0,2.0,5.0,5.0,3.0,2.0,5.0,4.0,1.0,3.0,4.0,3.0,4.0,2.0,4.0,1.0,2.0,5.0,2.0,4.0,4.0,5.0,5.0,2.0,2.0,5.0,1.0,3.0,2.0,4.0,4.0,4.0,3.0,7,1,2,4,3,5.0,1,3.0,2.0,2.0,3.0,5,2.0,1,4.0,5.0,5.0,5,42.0,0.000109132
42271422,1.0,4,113,38,15,23.4,3.63,50,3.0,1.0,2.0,0.0,2.0,0.0,1.0,1.0,1.0,2.0,2.0,0.0,2.0,2.0,4.0,9.0,4.0,1.0,1975.0,1.0,3.0,1.0,5.0,7384.0,3.0,2,2,2,2,2,1.0,23.4,5.2,1.0,3.0,4.0,3.0,3.0,5.0,5.0,3.0,4.0,4.0,1.0,5.0,5.0,5.0,4.0,3.0,5.0,5.0,5.0,4.0,3.0,5.0,5.0,3.0,1.0,1.0,3.0,3.0,3.0,2.0,2.0,3.0,5.0,4.0,3.0,4.0,3.0,1.0,1.0,5.0,3.0,3.0,5.0,3.0,3.0,3.0,3.0,1.0,3.0,5.0,4.0,4.0,4.0,4.0,2.0,7,1,2,4,3,6.0,2,2.0,1.0,1.0,3.0,5,34.0,1,60.0,3.0,60.0,5,35.0,0.000967286
42271423,11.0,4,147,53,11,17.0,6.26,78,2.0,0.0,1.0,0.0,2.0,0.0,1.0,1.0,1.0,1.0,2.0,0.0,2.0,1.0,4.0,8.0,2.0,1.0,1926.0,1.0,2.0,9.0,2.0,3250.0,7.0,1,2,2,2,2,1.0,8.5,8.97,3.0,4.0,2.0,1.0,3.0,4.0,6.0,6.0,6.0,4.0,4.0,3.0,4.0,1.0,4.0,6.0,2.0,1.0,4.0,2.0,4.0,3.0,2.0,4.0,4.0,3.0,4.0,3.0,4.0,4.0,1.0,3.0,1.0,2.0,4.0,4.0,2.0,1.0,2.0,4.0,2.0,3.0,4.0,4.0,6.0,4.0,2.0,4.0,6.0,3.0,4.0,4.0,4.0,4.0,3.0,7,1,2,4,3,1.0,3,4.0,2.0,2.0,3.0,5,56.5,0,83.0,4.0,144.0,5,84.0,0.000296889
42271424,9.0,6,160,12,91,14.8,5.72,76,2.0,0.0,1.0,0.0,2.0,0.0,1.0,1.0,1.0,1.0,2.0,0.0,2.0,1.0,4.0,8.0,2.0,2.0,1934.0,1.0,2.0,9.0,6.0,3250.0,3.0,1,2,2,1,2,1.0,7.4,8.2,3.0,4.0,2.0,1.0,3.0,4.0,6.0,6.0,6.0,4.0,4.0,3.0,4.0,1.0,4.0,6.0,2.0,1.0,4.0,2.0,3.0,3.0,2.0,4.0,4.0,3.0,4.0,3.0,4.0,4.0,1.0,3.0,1.0,2.0,4.0,4.0,2.0,1.0,2.0,4.0,2.0,3.0,4.0,4.0,6.0,4.0,2.0,4.0,6.0,3.0,4.0,4.0,4.0,4.0,3.0,7,1,2,4,3,1.0,2,1.0,2.0,4.0,3.0,5,58.0,0,57.0,4.0,382.0,5,76.0,0.000288998
42280033,11.0,0,3,3,0,0.0,0.05,1,1.0,0.0,1.0,0.0,1.0,0.0,1.0,1.0,1.0,1.0,1.0,0.0,1.0,1.0,6.0,48.0,3.0,1.0,1934.0,1.0,1.0,9.0,2.0,5000.0,4.0,1,2,2,2,2,1.0,2.2,0.07,2.0,4.0,4.0,3.0,4.0,4.0,6.0,6.0,3.0,5.0,4.0,4.0,4.0,2.0,5.0,6.0,4.0,3.0,5.0,4.0,4.0,2.0,2.0,2.0,5.0,4.0,3.0,2.0,4.0,4.0,1.0,4.0,3.0,3.0,4.0,4.0,3.0,1.0,2.0,5.0,2.0,3.0,4.0,4.0,6.0,3.0,4.0,2.0,3.0,2.0,2.0,4.0,4.0,3.0,3.0,7,1,2,4,3,5.0,1,2.0,2.0,2.0,3.0,5,0.4,1,0.0,4.0,2.0,5,76.0,8.57e-05
42280033,6.0,0,19,14,0,3.8,0.45,7,1.0,0.0,1.0,0.0,1.0,0.0,1.0,1.0,1.0,1.0,1.0,0.0,1.0,1.0,6.0,48.0,3.0,1.0,1934.0,1.0,1.0,9.0,2.0,5000.0,4.0,1,2,2,2,2,1.0,2.2,0.64,2.0,4.0,4.0,3.0,4.0,4.0,6.0,6.0,3.0,5.0,4.0,4.0,4.0,2.0,5.0,6.0,4.0,3.0,5.0,4.0,4.0,2.0,2.0,2.0,5.0,4.0,3.0,2.0,4.0,4.0,1.0,4.0,3.0,3.0,4.0,4.0,3.0,1.0,2.0,5.0,2.0,3.0,4.0,4.0,6.0,3.0,4.0,2.0,3.0,2.0,2.0,4.0,4.0,3.0,3.0,7,1,2,4,3,5.0,1,2.0,2.0,2.0,3.0,5,4.0,1,5.0,4.0,5.0,5,76.0,8.57e-05
42280033,4.0,0,19,12,0,3.8,0.47,7,1.0,0.0,1.0,0.0,1.0,0.0,1.0,1.0,1.0,1.0,1.0,0.0,1.0,1.0,6.0,48.0,3.0,1.0,1934.0,1.0,1.0,9.0,2.0,5000.0,4.0,1,2,2,2,2,1.0,2.2,0.67,2.0,4.0,4.0,3.0,4.0,4.0,6.0,6.0,3.0,5.0,4.0,4.0,4.0,2.0,5.0,6.0,4.0,3.0,5.0,4.0,4.0,2.0,2.0,2.0,5.0,4.0,3.0,2.0,4.0,4.0,1.0,4.0,3.0,3.0,4.0,4.0,3.0,1.0,2.0,5.0,2.0,3.0,4.0,4.0,6.0,3.0,4.0,2.0,3.0,2.0,2.0,4.0,4.0,3.0,3.0,7,1,2,4,3,5.0,1,2.0,2.0,2.0,3.0,5,4.5,1,7.0,4.0,5.0,5,76.0,8.57e-05
42280034,4.0,0,24,17,0,3.8,0.47,7,1.0,0.0,1.0,0.0,1.0,0.0,1.0,1.0,1.0,1.0,1.0,0.0,1.0,1.0,6.0,48.0,3.0,1.0,1934.0,1.0,1.0,9.0,2.0,5000.0,4.0,1,2,2,2,2,1.0,2.2,0.67,2.0,4.0,4.0,3.0,4.0,4.0,6.0,6.0,3.0,5.0,4.0,4.0,4.0,2.0,5.0,6.0,4.0,3.0,5.0,4.0,4.0,2.0,2.0,2.0,5.0,4.0,3.0,2.0,4.0,4.0,1.0,4.0,3.0,3.0,4.0,4.0,3.0,1.0,2.0,5.0,2.0,3.0,4.0,4.0,6.0,3.0,4.0,2.0,3.0,2.0,2.0,4.0,4.0,3.0,3.0,7,1,2,4,3,5.0,1,2.0,2.0,2.0,3.0,5,4.5,1,7.0,4.0,5.0,5,76.0,8.57e-05
42280034,9.0,0,4,4,0,0.0,0.05,1,1.0,0.0,1.0,0.0,1.0,0.0,1.0,1.0,1.0,1.0,1.0,0.0,1.0,1.0,6.0,48.0,3.0,1.0,1934.0,1.0,1.0,9.0,2.0,5000.0,4.0,1,2,2,2,2,1.0,2.2,0.07,2.0,4.0,4.0,3.0,4.0,4.0,6.0,6.0,3.0,5.0,4.0,4.0,4.0,2.0,5.0,6.0,4.0,3.0,5.0,4.0,4.0,2.0,2.0,2.0,5.0,4.0,3.0,2.0,4.0,4.0,1.0,4.0,3.0,3.0,4.0,4.0,3.0,1.0,2.0,5.0,2.0,3.0,4.0,4.0,6.0,3.0,4.0,2.0,3.0,2.0,2.0,4.0,4.0,3.0,3.0,7,1,2,4,3,5.0,1,2.0,2.0,2.0,3.0,5,0.35,1,0.0,4.0,5.0,5,76.0,8.57e-05
42280034,10.0,0,4,4,0,0.0,0.07,1,1.0,0.0,1.0,0.0,1.0,0.0,1.0,1.0,1.0,1.0,1.0,0.0,1.0,1.0,6.0,48.0,3.0,1.0,1934.0,1.0,1.0,9.0,2.0,5000.0,4.0,1,2,2,2,2,1.0,2.2,0.1,2.0,4.0,4.0,3.0,4.0,4.0,6.0,6.0,3.0,5.0,4.0,4.0,4.0,2.0,5.0,6.0,4.0,3.0,5.0,4.0,4.0,2.0,2.0,2.0,5.0,4.0,3.0,2.0,4.0,4.0,1.0,4.0,3.0,3.0,4.0,4.0,3.0,1.0,2.0,5.0,2.0,3.0,4.0,4.0,6.0,3.0,4.0,2.0,3.0,2.0,2.0,4.0,4.0,3.0,3.0,7,1,2,4,3,5.0,1,2.0,2.0,2.0,3.0,5,0.5,1,0.0,4.0,2.0,5,76.0,8.57e-05
42280110,1.0,0,33,20,0,7.6,0.94,14,4.0,0.0,1.0,1.0,3.0,2.0,4.0,2.0,1.0,1.0,4.0,1.0,1.0,2.0,6.0,20.0,6.0,1.0,1989.0,1.0,6.0,8.0,2.0,15000.0,5.0,2,2,2,2,1,2.0,7.6,1.35,4.0,3.0,1.0,3.0,5.0,5.0,5.0,1.0,3.0,4.0,1.0,3.0,5.0,1.0,5.0,6.0,2.0,3.0,6.0,2.0,4.0,3.0,1.0,1.0,5.0,3.0,5.0,3.0,4.0,5.0,3.0,1.0,3.0,5.0,5.0,5.0,2.0,2.0,4.0,5.0,4.0,3.0,4.0,4.0,3.0,3.0,2.0,3.0,1.0,3.0,3.0,5.0,5.0,4.0,2.0,7,1,2,4,3,5.0,2,3.0,2.0,2.0,3.0,5,8.0,1,13.0,3.0,20.0,5,21.0,0.000258025
42280200,1.0,1,42,2,2,11.0,3.15,41,3.0,1.0,2.0,0.0,3.0,1.0,1.0,1.0,1.0,2.0,2.0,0.0,1.0,2.0,5.0,10.0,4.0,2.0,1970.0,1.0,3.0,1.0,6.0,7000.0,3.0,2,2,2,2,2,1.0,11.0,4.51,2.0,3.0,2.0,3.0,4.0,4.0,4.0,2.0,2.0,4.0,2.0,4.0,4.0,3.0,2.0,4.0,4.0,2.0,4.0,2.0,4.0,2.0,4.0,4.0,2.0,6.0,2.0,4.0,4.0,4.0,2.0,4.0,4.0,3.0,4.0,4.0,4.0,2.0,2.0,4.0,2.0,2.0,4.0,4.0,6.0,2.0,2.0,4.0,1.0,2.0,2.0,4.0,3.0,2.0,1.0,7,1,2,4,3,5.0,1,3.0,2.0,2.0,3.0,5,30.0,1,38.0,3.0,28.0,5,40.0,0.000367986
42280200,9.0,1,35,0,24,5.0,0.63,9,3.0,1.0,2.0,0.0,3.0,1.0,1.0,1.0,1.0,2.0,2.0,0.0,1.0,2.0,5.0,10.0,4.0,2.0,1970.0,1.0,3.0,1.0,6.0,7000.0,3.0,2,2,2,2,2,1.0,5.0,0.9,2.0,3.0,2.0,3.0,4.0,4.0,4.0,2.0,2.0,4.0,2.0,4.0,4.0,3.0,2.0,4.0,4.0,2.0,4.0,2.0,4.0,2.0,4.0,4.0,2.0,6.0,2.0,4.0,4.0,4.0,2.0,4.0,4.0,3.0,4.0,4.0,4.0,2.0,2.0,4.0,2.0,2.0,4.0,4.0,6.0,2.0,2.0,4.0,1.0,2.0,2.0,4.0,3.0,2.0,3.0,7,1,2,4,3,5.0,1,3.0,2.0,2.0,3.0,5,6.0,1,11.0,3.0,35.5,5,40.0,0.000367986
42280200,4.0,0,8,0,0,3.8,0.45,7,3.0,1.0,2.0,0.0,3.0,1.0,1.0,1.0,1.0,2.0,2.0,0.0,1.0,2.0,5.0,10.0,4.0,2.0,1970.0,1.0,3.0,1.0,6.0,7000.0,3.0,2,2,2,2,2,1.0,3.8,0.64,2.0,3.0,2.0,3.0,4.0,4.0,4.0,2.0,2.0,4.0,2.0,4.0,4.0,3.0,2.0,4.0,4.0,2.0,4.0,2.0,4.0,2.0,4.0,4.0,2.0,6.0,2.0,4.0,4.0,4.0,2.0,4.0,4.0,3.0,4.0,4.0,4.0,2.0,2.0,4.0,2.0,2.0,4.0,4.0,6.0,2.0,2.0,4.0,1.0,2.0,2.0,4.0,3.0,2.0,3.0,7,1,2,4,3,5.0,1,3.0,2.0,2.0,3.0,5,4.0,1,8.0,3.0,15.0,5,40.0,0.000367986
42280217,8.0,2,68,23,2,11.0,3.27,42,2.0,0.0,1.0,0.0,0.0,0.0,1.0,1.0,1.0,1.0,1.0,0.0,1.0,1.0,5.0,41.0,3.0,2.0,1943.0,1.0,2.0,9.0,1.0,5000.0,3.0,1,2,2,2,2,2.0,5.5,4.69,2.0,3.0,4.0,3.0,4.0,4.0,6.0,6.0,6.0,4.0,4.0,3.0,3.0,4.0,4.0,2.0,4.0,6.0,6.0,6.0,4.0,4.0,4.0,2.0,2.0,6.0,3.0,2.0,4.0,3.0,1.0,4.0,3.0,2.0,3.0,3.0,3.0,1.0,1.0,3.0,4.0,3.0,4.0,5.0,3.0,3.0,1.0,5.0,3.0,1.0,3.0,4.0,5.0,4.0,3.0,7,1,2,4,3,5.0,1,3.0,2.0,3.0,3.0,5,30.0,1,43.0,4.0,45.0,5,67.0,0.000288998
42280258,4.0,0,17,10,0,3.8,0.45,7,2.0,0.0,1.0,0.0,0.0,0.0,0.0,1.0,2.0,1.0,0.0,0.0,1.0,1.0,3.0,4.0,1.0,1.0,1932.0,1.0,2.0,9.0,1.0,2000.0,4.0,2,2,2,2,2,1.0,3.8,0.64,3.0,4.0,2.0,1.0,4.0,5.0,4.0,1.0,5.0,5.0,4.0,4.0,4.0,1.0,5.0,3.0,3.0,1.0,4.0,2.0,5.0,4.0,3.0,1.0,5.0,5.0,5.0,4.0,4.0,4.0,1.0,2.0,4.0,4.0,4.0,4.0,3.0,4.0,4.0,3.0,2.0,3.0,3.0,3.0,3.0,1.0,2.0,5.0,4.0,4.0,3.0,4.0,4.0,4.0,3.0,7,1,2,4,3,5.0,1,3.0,2.0,2.0,3.0,5,4.0,0,7.0,3.0,7.0,5,78.0,8.57e-05
42280345,2.0,1,64,35,3,10.0,1.01,15,2.0,0.0,0.0,1.0,1.0,1.0,0.0,2.0,2.0,1.0,2.0,0.0,1.0,1.0,4.0,45.0,4.0,1.0,1929.0,1.0,2.0,9.0,5.0,6101.0,2.0,1,1,2,2,2,3.0,5.0,1.45,2.0,2.0,4.0,2.0,4.0,5.0,4.0,3.0,3.0,5.0,4.0,5.0,4.0,2.0,4.0,6.0,4.0,1.0,5.0,4.0,4.0,4.0,4.0,2.0,4.0,4.0,4.0,2.0,4.0,4.0,1.0,4.0,3.0,2.0,4.0,4.0,3.0,1.0,2.0,5.0,2.0,2.0,4.0,4.0,3.0,3.0,2.0,5.0,2.0,3.0,2.0,4.0,4.0,4.0,2.0,7,1,2,4,3,5.0,2,3.0,2.0,2.0,3.0,5,8.7,0,26.0,4.0,28.0,5,81.0,0.00303431
42280346,1.0,1,45,14,8,8.8,1.33,20,2.0,0.0,0.0,0.0,0.0,1.0,0.0,2.0,2.0,1.0,1.0,0.0,1.0,1.0,4.0,45.0,4.0,2.0,1940.0,1.0,2.0,9.0,6.0,6101.0,2.0,2,1,2,2,2,2.0,0.0,1.91,2.0,2.0,4.0,5.0,5.0,5.0,4.0,3.0,3.0,6.0,4.0,5.0,4.0,1.0,4.0,6.0,2.0,1.0,5.0,4.0,4.0,2.0,4.0,3.0,4.0,3.0,4.0,2.0,6.0,4.0,3.0,6.0,6.0,1.0,6.0,6.0,6.0,1.0,1.0,3.0,6.0,4.0,4.0,4.0,6.0,6.0,6.0,6.0,4.0,6.0,6.0,4.0,6.0,6.0,2.0,7,1,2,4,3,5.0,2,3.0,2.0,2.0,1.0,5,11.5,0,23.0,4.0,17.0,5,70.0,0.00115614
42280369,1.0,4,181,28,25,23.4,7.68,92,4.0,2.0,0.0,0.0,3.0,1.0,1.0,0.0,1.0,2.0,0.0,0.0,1.0,1.0,4.0,5.0,3.0,2.0,1975.0,1.0,7.0,2.0,2.0,5000.0,7.0,1,2,2,1,2,2.0,11.7,11.01,5.0,5.0,1.0,2.0,5.0,5.0,3.0,4.0,4.0,6.0,3.0,3.0,5.0,2.0,5.0,4.0,3.0,1.0,6.0,6.0,6.0,4.0,6.0,2.0,5.0,5.0,1.0,1.0,5.0,4.0,1.0,3.0,4.0,3.0,5.0,3.0,4.0,1.0,2.0,6.0,3.0,3.0,5.0,5.0,4.0,2.0,2.0,5.0,2.0,2.0,3.0,3.0,3.0,4.0,1.0,7,1,2,4,3,4.0,2,3.0,2.0,2.0,3.0,5,71.0,0,128.0,3.0,138.0,5,35.0,0.000340556
42280370,9.0,5,205,68,14,26.9,7.15,90,4.0,2.0,0.0,0.0,3.0,1.0,1.0,0.0,1.0,2.0,0.0,0.0,1.0,1.0,4.0,5.0,3.0,2.0,1975.0,1.0,7.0,2.0,2.0,5000.0,7.0,1,2,2,1,2,2.0,13.45,10.25,5.0,5.0,1.0,2.0,5.0,5.0,3.0,4.0,4.0,6.0,3.0,3.0,5.0,2.0,5.0,4.0,3.0,1.0,6.0,6.0,6.0,4.0,6.0,2.0,5.0,5.0,1.0,1.0,5.0,4.0,1.0,3.0,4.0,3.0,5.0,3.0,4.0,1.0,2.0,6.0,3.0,3.0,5.0,5.0,4.0,2.0,2.0,5.0,2.0,2.0,3.0,3.0,3.0,4.0,3.0,7,1,2,4,3,5.0,4,3.0,2.0,2.0,3.0,5,65.0,0,123.0,3.0,170.0,5,35.0,0.000340556
42280430,1.0,2,82,9,7,12.4,3.83,46,3.0,1.0,2.0,0.0,2.0,1.0,1.0,1.0,1.0,2.0,2.0,0.0,1.0,1.0,4.0,3.0,3.0,2.0,1971.0,1.0,3.0,1.0,6.0,5000.0,6.0,1,2,2,2,2,1.0,6.2,5.49,2.0,5.0,2.0,2.0,5.0,5.0,1.0,5.0,1.0,5.0,5.0,5.0,1.0,1.0,2.0,4.0,4.0,1.0,5.0,4.0,5.0,5.0,4.0,4.0,5.0,5.0,2.0,3.0,1.0,5.0,1.0,4.0,3.0,2.0,5.0,1.0,4.0,1.0,2.0,5.0,3.0,4.0,4.0,5.0,5.0,1.0,1.0,5.0,1.0,1.0,1.0,5.0,5.0,1.0,1.0,7,1,2,4,3,3.0,1,2.0,3.0,1.0,3.0,5,33.0,1,66.0,4.0,43.0,5,39.0,0.000232084
42280523,1.0,4,127,38,19,22.0,4.86,62,4.0,0.0,2.0,0.0,1.0,0.0,3.0,1.0,1.0,2.0,3.0,0.0,1.0,1.0,4.5,20.0,3.0,1.0,1963.0,1.0,3.0,1.0,6.0,5000.0,3.0,2,2,2,2,2,1.0,22.0,6.96,1.0,1.0,4.0,4.0,2.0,4.0,3.0,6.0,6.0,1.0,1.0,5.0,5.0,2.0,6.0,4.0,4.0,1.0,4.0,4.0,2.0,1.0,5.0,2.0,3.0,4.0,1.0,3.0,4.0,2.0,1.0,4.0,5.0,1.0,1.0,1.0,1.0,1.0,1.0,5.0,1.0,4.0,4.0,4.0,2.0,2.0,5.0,4.0,2.0,5.0,4.0,1.0,3.0,4.0,1.0,7,1,2,4,3,5.0,2,2.0,2.0,3.0,3.0,5,47.0,1,70.0,3.0,65.0,5,47.0,0.000409116
42280539,1.0,6,137,36,0,22.0,6.1,76,5.0,2.0,1.0,0.0,5.0,1.0,3.0,0.0,1.0,1.0,5.0,1.0,1.0,1.0,7.0,15.0,4.0,1.0,1962.0,1.0,3.0,1.0,6.0,9035.0,6.0,2,2,2,1,2,1.0,0.0,8.74,4.0,4.0,2.0,3.0,4.0,4.0,3.0,2.0,4.0,4.0,3.0,3.0,4.0,3.0,4.0,2.0,4.0,2.0,5.0,2.0,4.0,2.0,4.0,3.0,4.0,4.0,3.0,3.0,4.0,4.0,1.0,1.0,2.0,2.0,4.0,3.0,3.0,1.0,1.0,5.0,3.0,2.0,2.0,3.0,4.0,3.0,1.0,4.0,2.0,2.0,3.0,2.0,4.0,4.0,1.0,7,1,2,4,3,5.0,2,4.0,1.0,1.0,3.0,5,58.0,0,101.0,5.0,143.0,5,48.0,0.000109132
42280540,3.0,2,71,36,8,10.0,1.84,26,5.0,2.0,1.0,1.0,5.0,1.0,3.0,0.0,1.0,1.0,5.0,1.0,1.0,2.0,7.0,15.0,4.0,2.0,1994.0,1.0,6.0,8.0,2.0,6101.0,2.0,2,2,2,1,2,3.0,0.0,2.64,2.0,2.0,3.0,3.0,4.0,5.0,4.0,3.0,3.0,5.0,2.0,3.0,4.0,2.0,4.0,6.0,4.0,4.0,6.0,3.0,4.0,2.0,4.0,3.0,4.0,5.0,5.0,2.0,5.0,4.0,3.0,6.0,2.0,4.0,4.0,4.0,3.0,3.0,3.0,4.0,2.0,2.0,4.0,4.0,6.0,3.0,4.0,6.0,2.0,3.0,2.0,2.0,4.0,4.0,2.0,7,1,2,4,3,5.0,2,4.0,3.0,3.0,1.0,5,15.0,0,27.0,3.0,66.0,5,16.0,0.002195453
42280540,3.0,1,73,37,0,10.0,1.84,26,5.0,2.0,1.0,1.0,5.0,1.0,3.0,0.0,1.0,1.0,5.0,1.0,1.0,2.0,7.0,15.0,4.0,2.0,1994.0,1.0,6.0,8.0,2.0,6101.0,2.0,2,2,2,1,2,3.0,0.0,2.64,2.0,2.0,3.0,3.0,4.0,5.0,4.0,3.0,3.0,5.0,2.0,3.0,4.0,2.0,4.0,6.0,4.0,4.0,6.0,3.0,4.0,2.0,4.0,3.0,4.0,5.0,5.0,2.0,5.0,4.0,3.0,6.0,2.0,4.0,4.0,4.0,3.0,3.0,3.0,4.0,2.0,2.0,4.0,4.0,6.0,3.0,4.0,6.0,2.0,3.0,2.0,2.0,4.0,4.0,1.0,7,1,2,4,3,5.0,2,4.0,3.0,3.0,1.0,5,15.0,0,36.0,3.0,45.0,5,16.0,0.002195453
42280588,1.0,6,173,42,21,18.0,5.26,77,4.0,0.0,1.0,0.0,7.0,0.0,4.0,0.0,1.0,1.0,13.0,1.0,1.0,1.0,5.0,17.0,6.0,2.0,1958.0,1.0,3.0,1.0,2.0,15000.0,7.0,1,2,2,1,2,2.0,9.0,7.54,5.0,5.0,1.0,5.0,5.0,5.0,3.0,5.0,1.0,5.0,1.0,1.0,1.0,1.0,5.0,1.0,1.0,1.0,5.0,1.0,5.0,1.0,1.0,1.0,5.0,5.0,1.0,1.0,5.0,5.0,1.0,5.0,5.0,3.0,3.0,3.0,3.0,3.0,3.0,3.0,3.0,1.0,3.0,3.0,1.0,1.0,1.0,1.0,3.0,1.0,1.0,5.0,5.0,1.0,1.0,7,1,2,4,3,5.0,2,3.0,2.0,1.0,1.0,5,48.0,0,110.0,5.0,195.0,5,52.0,0.000144039
42280650,1.0,5,126,31,14,20.6,3.17,68,5.0,3.0,1.0,1.0,6.0,3.0,2.0,1.0,1.0,2.0,1.0,2.0,2.0,1.0,1.0,8.0,5.0,1.0,1970.0,1.0,3.0,2.0,5.0,9000.0,3.0,2,2,2,1,2,2.0,0.0,4.54,4.0,4.0,1.0,1.0,4.0,5.0,3.0,2.0,4.0,5.0,5.0,2.0,3.0,2.0,4.0,4.0,4.0,1.0,3.0,1.0,5.0,2.0,3.0,2.0,4.0,4.0,3.0,1.0,5.0,4.0,2.0,2.0,2.0,1.0,5.0,4.0,3.0,1.0,2.0,5.0,3.0,3.0,4.0,3.0,3.0,3.0,3.0,5.0,3.0,1.0,4.0,3.0,4.0,4.0,1.0,7,1,2,4,3,5.0,2,4.0,2.0,2.0,2.0,5,51.0,0,81.0,5.0,105.0,5,40.0,0.000409116
42280695,3.0,2,70,15,3,11.0,3.21,41,2.0,0.0,1.0,0.0,3.0,0.0,2.0,1.0,1.0,1.0,2.0,0.0,1.0,1.0,5.0,5.0,3.0,1.0,1971.0,1.0,2.0,2.0,2.0,5000.0,6.0,1,2,2,1,2,2.0,5.5,4.6,5.0,5.0,1.0,3.0,4.0,4.0,3.0,3.0,4.0,5.0,3.0,3.0,4.0,1.0,5.0,6.0,3.0,1.0,6.0,1.0,5.0,2.0,1.0,3.0,4.0,4.0,4.0,2.0,3.0,5.0,4.0,4.0,4.0,5.0,3.0,2.0,2.0,1.0,3.0,5.0,3.0,1.0,3.0,4.0,6.0,4.0,1.0,3.0,2.0,4.0,3.0,4.0,4.0,4.0,1.0,7,1,2,4,3,4.0,1,3.0,2.0,2.0,4.0,5,30.0,0,52.0,5.0,62.0,5,39.0,0.000258025
42330479,1.0,3,118,44,14,18.0,2.82,40,1.0,0.0,1.0,0.0,1.0,0.0,1.0,1.0,1.0,1.0,1.0,0.0,1.0,1.0,5.0,14.0,3.0,2.0,1967.0,1.0,1.0,2.0,6.0,5000.0,6.0,1,2,2,1,2,1.0,9.0,4.04,3.0,4.0,2.0,2.0,4.0,4.0,3.0,3.0,3.0,4.0,3.0,3.0,4.0,2.0,4.0,6.0,4.0,2.0,4.0,3.0,3.0,3.0,4.0,3.0,4.0,3.0,2.0,3.0,4.0,3.0,4.0,4.0,3.0,3.0,3.0,4.0,3.0,3.0,3.0,4.0,3.0,3.0,4.0,4.0,3.0,3.0,3.0,4.0,3.0,3.0,3.0,2.0,4.0,4.0,1.0,7,1,2,4,4,5.0,2,4.0,1.0,2.0,4.0,5,28.0,1,60.0,3.0,45.0,5,43.0,9.82e-05
42340021,1.0,0,130,86,0,23.2,2.86,39,4.0,2.0,2.0,3.0,5.0,2.0,1.0,1.0,1.0,1.0,2.0,0.0,1.0,2.0,5.5,3.0,3.0,2.0,1972.0,1.0,7.0,2.0,6.0,5000.0,3.0,1,2,2,2,2,1.0,11.6,4.1,2.0,6.0,6.0,3.0,3.0,3.0,5.0,3.0,3.0,2.0,3.0,1.0,5.0,3.0,4.0,1.0,2.0,1.0,5.0,3.0,3.0,4.0,4.0,2.0,6.0,6.0,3.0,6.0,3.0,6.0,1.0,4.0,5.0,3.0,4.0,3.0,6.0,1.0,1.0,5.0,1.0,5.0,5.0,4.0,3.0,6.0,6.0,4.0,3.0,3.0,6.0,3.0,1.0,5.0,3.0,7,1,2,4,4,5.0,6,2.0,1.0,2.0,4.0,5,23.2,2,44.0,5.0,58.0,5,38.0,0.00087004
42340104,4.0,0,28,17,0,4.0,0.67,9,2.0,0.0,2.0,0.0,1.0,0.0,1.0,1.0,1.0,1.0,2.0,0.0,1.0,1.0,5.0,30.0,4.0,2.0,1961.0,1.0,2.0,2.0,6.0,7000.0,3.0,2,2,2,2,2,1.0,4.0,0.96,3.0,3.0,2.0,2.0,3.0,4.0,4.0,2.0,3.0,3.0,5.0,3.0,4.0,2.0,4.0,2.0,4.0,2.0,3.0,3.0,4.0,2.0,2.0,3.0,5.0,3.0,3.0,3.0,5.0,4.0,1.0,3.0,4.0,3.0,4.0,4.0,3.0,1.0,2.0,5.0,4.0,2.0,4.0,3.0,3.0,3.0,2.0,4.0,3.0,2.0,3.0,4.0,4.0,4.0,3.0,7,1,2,4,4,5.0,1,3.0,2.0,4.0,3.0,5,5.5,1,11.0,3.0,15.0,5,49.0,0.000367986
42340125,10.0,4,148,28,17,26.6,5.38,66,2.0,0.0,1.0,0.0,1.0,0.0,2.0,2.0,1.0,1.0,2.0,0.0,1.0,1.0,4.5,33.0,3.0,1.0,1950.0,1.0,2.0,1.0,6.0,5000.0,3.0,1,2,2,2,2,1.0,13.3,7.71,3.0,4.0,3.0,3.0,3.0,4.0,4.0,3.0,3.0,5.0,4.0,4.0,4.0,1.0,4.0,1.0,4.0,1.0,3.0,3.0,3.0,6.0,6.0,3.0,3.0,3.0,3.0,4.0,4.0,6.0,6.0,4.0,3.0,4.0,4.0,4.0,3.0,1.0,2.0,4.0,4.0,1.0,4.0,4.0,2.0,6.0,6.0,4.0,2.0,3.0,3.0,4.0,5.0,4.0,3.0,7,1,2,4,4,6.0,2,3.0,2.0,2.0,3.0,5,54.0,1,103.0,5.0,85.0,5,60.0,0.000409116
42340126,1.0,0,52,34,0,8.0,1.29,18,2.0,0.0,1.0,0.0,1.0,0.0,2.0,2.0,1.0,1.0,2.0,0.0,1.0,1.0,4.5,33.0,3.0,1.0,1950.0,1.0,2.0,1.0,6.0,5000.0,3.0,1,2,2,2,2,1.0,4.0,1.85,3.0,4.0,3.0,3.0,3.0,4.0,4.0,3.0,3.0,5.0,4.0,4.0,4.0,1.0,4.0,1.0,4.0,1.0,3.0,3.0,3.0,6.0,6.0,3.0,3.0,3.0,3.0,4.0,4.0,6.0,6.0,4.0,3.0,4.0,4.0,4.0,3.0,1.0,2.0,4.0,4.0,1.0,4.0,4.0,2.0,6.0,6.0,4.0,2.0,3.0,3.0,4.0,5.0,4.0,2.0,7,1,2,4,4,6.0,2,3.0,2.0,2.0,3.0,5,11.0,1,18.0,5.0,12.0,5,60.0,0.000409116
42340126,1.0,0,52,34,0,8.0,1.29,18,2.0,0.0,1.0,0.0,1.0,0.0,2.0,2.0,1.0,1.0,2.0,0.0,1.0,1.0,4.5,33.0,3.0,1.0,1950.0,1.0,2.0,1.0,6.0,5000.0,3.0,1,2,2,2,2,1.0,4.0,1.85,3.0,4.0,3.0,3.0,3.0,4.0,4.0,3.0,3.0,5.0,4.0,4.0,4.0,1.0,4.0,1.0,4.0,1.0,3.0,3.0,3.0,6.0,6.0,3.0,3.0,3.0,3.0,4.0,4.0,6.0,6.0,4.0,3.0,4.0,4.0,4.0,3.0,1.0,2.0,4.0,4.0,1.0,4.0,4.0,2.0,6.0,6.0,4.0,2.0,3.0,3.0,4.0,5.0,4.0,1.0,7,1,2,4,4,6.0,2,3.0,2.0,2.0,3.0,5,11.0,1,18.0,5.0,12.0,5,60.0,0.000409116
42340126,7.0,5,161,53,20,25.4,4.25,60,2.0,0.0,1.0,0.0,1.0,0.0,2.0,2.0,1.0,1.0,2.0,0.0,1.0,1.0,4.5,33.0,3.0,1.0,1950.0,1.0,2.0,1.0,6.0,5000.0,3.0,1,2,2,2,2,1.0,12.7,6.09,3.0,4.0,3.0,3.0,3.0,4.0,4.0,3.0,3.0,5.0,4.0,4.0,4.0,1.0,4.0,1.0,4.0,1.0,3.0,3.0,3.0,6.0,6.0,3.0,3.0,3.0,3.0,4.0,4.0,6.0,6.0,4.0,3.0,4.0,4.0,4.0,3.0,1.0,2.0,4.0,4.0,1.0,4.0,4.0,2.0,6.0,6.0,4.0,2.0,3.0,3.0,4.0,5.0,4.0,3.0,7,1,2,4,4,6.0,2,3.0,2.0,2.0,3.0,5,40.0,1,88.0,5.0,82.0,5,60.0,0.000409116
42340129,4.0,0,29,18,0,8.8,0.63,9,4.0,1.0,1.0,0.0,3.0,0.0,1.0,2.0,1.0,1.0,4.0,0.0,1.0,1.0,5.0,16.0,3.0,1.0,1956.0,1.0,3.0,1.0,6.0,5000.0,2.0,2,2,2,2,2,1.0,8.8,0.9,3.0,3.0,4.0,4.0,3.0,4.0,4.0,4.0,4.0,4.0,2.0,5.0,4.0,2.0,3.0,2.0,4.0,2.0,4.0,3.0,2.0,4.0,4.0,2.0,4.0,2.0,4.0,2.0,2.0,2.0,2.0,2.0,4.0,3.0,4.0,4.0,2.0,2.0,4.0,4.0,2.0,3.0,4.0,4.0,2.0,2.0,3.0,4.0,3.0,2.0,4.0,3.0,2.0,4.0,3.0,7,1,2,4,4,5.0,1,3.0,2.0,2.0,4.0,5,5.5,1,11.0,5.0,15.0,5,54.0,0.001636675
42340129,10.0,1,54,18,14,8.8,1.05,16,4.0,1.0,1.0,0.0,3.0,0.0,1.0,2.0,1.0,1.0,4.0,0.0,1.0,1.0,5.0,16.0,3.0,1.0,1956.0,1.0,3.0,1.0,6.0,5000.0,2.0,2,2,2,2,2,1.0,8.8,1.5,3.0,3.0,4.0,4.0,3.0,4.0,4.0,4.0,4.0,4.0,2.0,5.0,4.0,2.0,3.0,2.0,4.0,2.0,4.0,3.0,2.0,4.0,4.0,2.0,4.0,2.0,4.0,2.0,2.0,2.0,2.0,2.0,4.0,3.0,4.0,4.0,2.0,2.0,4.0,4.0,2.0,3.0,4.0,4.0,2.0,2.0,3.0,4.0,3.0,2.0,4.0,3.0,2.0,4.0,3.0,7,1,2,4,4,5.0,1,3.0,2.0,2.0,4.0,5,9.5,1,22.0,5.0,15.0,5,54.0,0.001636675
42340130,1.0,0,56,36,0,17.6,1.26,18,4.0,1.0,1.0,0.0,3.0,0.0,1.0,2.0,1.0,1.0,4.0,0.0,1.0,1.0,5.0,16.0,3.0,1.0,1956.0,1.0,3.0,1.0,6.0,5000.0,2.0,2,2,2,2,2,1.0,17.6,1.81,3.0,3.0,4.0,4.0,3.0,4.0,4.0,4.0,4.0,4.0,2.0,5.0,4.0,2.0,3.0,4.0,4.0,2.0,4.0,3.0,2.0,4.0,4.0,2.0,4.0,4.0,4.0,2.0,2.0,2.0,2.0,2.0,4.0,3.0,4.0,4.0,2.0,2.0,4.0,4.0,2.0,3.0,4.0,4.0,2.0,2.0,3.0,4.0,3.0,2.0,4.0,3.0,2.0,4.0,1.0,7,1,2,4,4,5.0,2,3.0,2.0,2.0,4.0,5,11.0,1,20.0,5.0,20.0,5,54.0,0.001636675
42340159,1.0,0,12,11,0,2.2,0.11,1,2.0,0.0,1.0,3.0,2.0,0.0,0.0,2.0,2.0,2.0,2.0,0.0,2.0,1.0,3.0,44.0,4.0,2.0,1966.0,1.0,2.0,6.0,4.0,7000.0,2.0,2,2,2,2,1,1.0,2.2,0.16,2.0,4.0,3.0,2.0,4.0,5.0,4.0,3.0,3.0,5.0,5.0,5.0,4.0,2.0,4.0,6.0,4.0,1.0,5.0,4.0,4.0,4.0,4.0,2.0,4.0,4.0,4.0,2.0,4.0,4.0,1.0,5.0,5.0,2.0,4.0,4.0,3.0,1.0,2.0,5.0,2.0,2.0,4.0,4.0,3.0,3.0,2.0,5.0,2.0,3.0,2.0,4.0,4.0,4.0,1.0,7,1,2,4,4,5.0,1,3.0,2.0,2.0,1.0,5,1.0,1,1.0,3.0,60.0,5,44.0,0.001472131
42340159,1.0,2,72,27,3,8.0,0.48,6,2.0,0.0,1.0,3.0,2.0,0.0,0.0,2.0,2.0,2.0,2.0,0.0,2.0,1.0,3.0,44.0,4.0,2.0,1966.0,1.0,2.0,6.0,4.0,7000.0,2.0,2,2,2,2,1,1.0,8.0,0.69,2.0,4.0,3.0,2.0,4.0,5.0,4.0,3.0,3.0,5.0,5.0,5.0,4.0,2.0,4.0,6.0,4.0,1.0,5.0,4.0,4.0,4.0,4.0,2.0,4.0,4.0,4.0,2.0,4.0,4.0,1.0,5.0,5.0,2.0,4.0,4.0,3.0,1.0,2.0,5.0,2.0,2.0,4.0,4.0,3.0,3.0,2.0,5.0,2.0,3.0,2.0,4.0,4.0,4.0,1.0,7,1,2,4,4,5.0,2,3.0,2.0,2.0,1.0,5,4.5,1,42.0,3.0,125.0,5,44.0,0.001472131
42340221,1.0,1,68,22,4,8.8,2.33,30,4.0,0.0,3.0,1.0,4.0,0.0,4.0,3.0,1.0,1.0,4.0,2.0,1.0,1.0,4.5,10.0,6.0,1.0,1963.0,1.0,3.0,1.0,6.0,15000.0,3.0,2,2,1,2,2,1.0,0.0,3.34,1.0,4.0,2.0,3.0,3.0,4.0,1.0,4.0,3.0,4.0,1.0,5.0,5.0,3.0,4.0,3.0,5.0,3.0,5.0,4.0,3.0,2.0,3.0,3.0,4.0,3.0,3.0,3.0,5.0,3.0,3.0,5.0,4.0,3.0,3.0,2.0,5.0,3.0,3.0,3.0,3.0,3.0,5.0,5.0,3.0,3.0,2.0,5.0,3.0,3.0,4.0,4.0,5.0,5.0,1.0,7,1,2,4,4,3.0,1,1.0,4.0,4.0,3.0,5,23.0,1,42.0,3.0,30.0,5,47.0,0.000409116
42340223,1.0,0,50,42,0,8.4,1.42,6,1.0,0.0,1.0,0.0,2.0,0.0,2.0,1.0,1.0,2.0,1.0,0.0,1.0,1.0,5.0,11.0,2.0,1.0,1969.0,1.0,1.0,1.0,3.0,3250.0,3.0,2,2,2,2,2,1.0,8.4,2.03,1.0,3.0,3.0,3.0,4.0,4.0,3.0,3.0,4.0,5.0,4.0,5.0,5.0,3.0,5.0,6.0,4.0,1.0,5.0,3.0,5.0,4.0,4.0,3.0,2.0,1.0,3.0,2.0,2.0,4.0,1.0,5.0,3.0,3.0,3.0,5.0,3.0,1.0,1.0,5.0,4.0,2.0,5.0,4.0,4.0,4.0,2.0,4.0,2.0,3.0,4.0,2.0,2.0,4.0,2.0,7,1,2,4,4,3.0,3,2.0,2.0,4.0,1.0,5,6.1,1,8.0,5.0,15.0,5,41.0,0.000409116
42340325,1.0,2,177,119,6,20.0,3.7,53,1.0,0.0,1.0,0.0,1.0,0.0,1.0,1.0,1.0,1.0,0.0,0.0,2.0,1.0,2.0,24.0,4.0,1.0,1950.0,1.0,1.0,1.0,6.0,7000.0,3.0,1,2,2,2,2,1.0,10.0,5.3,1.0,4.0,3.0,5.0,1.0,2.0,5.0,2.0,3.0,5.0,3.0,5.0,2.0,5.0,4.0,6.0,5.0,1.0,5.0,5.0,5.0,5.0,3.0,1.0,4.0,2.0,1.0,5.0,5.0,4.0,1.0,4.0,4.0,1.0,4.0,3.0,1.0,1.0,1.0,5.0,4.0,2.0,1.0,3.0,4.0,4.0,4.0,5.0,1.0,2.0,2.0,2.0,4.0,5.0,2.0,7,1,2,4,4,6.0,3,2.0,1.0,3.0,3.0,5,33.5,1,52.0,4.0,56.0,5,60.0,0.000409116
42340373,10.0,0,4,4,0,0.0,0.22,2,1.0,0.0,0.0,0.0,0.0,0.0,0.0,1.0,2.0,1.0,1.0,1.0,1.0,1.0,4.0,48.0,2.0,2.0,1931.0,1.0,1.0,9.0,7.0,3250.0,2.0,2,2,2,2,2,3.0,0.0,0.32,3.0,4.0,2.0,1.0,4.0,4.0,6.0,6.0,6.0,6.0,6.0,4.0,4.0,6.0,6.0,6.0,6.0,6.0,6.0,6.0,6.0,6.0,6.0,6.0,6.0,6.0,5.0,6.0,6.0,6.0,6.0,6.0,6.0,1.0,6.0,2.0,6.0,6.0,6.0,6.0,3.0,3.0,5.0,3.0,6.0,6.0,3.0,6.0,6.0,6.0,6.0,1.0,3.0,4.0,3.0,7,1,2,4,4,5.0,2,1.0,2.0,2.0,4.0,5,1.2,1,0.0,4.0,4.0,5,79.0,0.00115614
42340423,1.0,2,203,110,3,29.2,7.34,87,3.0,0.0,1.0,0.0,1.0,0.0,1.0,2.0,1.0,1.0,3.0,1.0,1.0,1.0,3.5,22.0,5.0,1.0,1957.0,1.0,3.0,1.0,6.0,9000.0,3.0,2,2,2,1,2,1.0,0.0,10.52,2.0,4.0,3.0,2.0,5.0,5.0,3.0,4.0,4.0,5.0,4.0,2.0,4.0,1.0,5.0,6.0,4.0,2.0,4.0,4.0,4.0,3.0,4.0,3.0,4.0,4.0,3.0,2.0,5.0,5.0,1.0,4.0,4.0,3.0,4.0,4.0,4.0,1.0,3.0,4.0,2.0,3.0,2.0,4.0,4.0,3.0,3.0,5.0,2.0,2.0,2.0,3.0,4.0,4.0,1.0,7,1,2,4,4,6.0,4,1.0,2.0,2.0,3.0,5,68.0,0,90.0,4.0,195.0,5,53.0,0.000409116
44630015,1.0,3,232,46,38,74.0,13.58,104,5.0,2.0,1.0,0.0,5.0,2.0,2.0,1.0,1.0,1.0,3.0,0.0,1.0,1.0,5.5,7.0,4.0,1.0,1962.0,1.0,3.0,1.0,6.0,7000.0,3.0,2,2,1,2,2,1.0,0.0,19.46,2.0,4.0,2.0,3.0,2.0,4.0,4.0,3.0,5.0,5.0,2.0,2.0,5.0,2.0,4.0,1.0,4.0,2.0,4.0,3.0,4.0,3.0,4.0,2.0,5.0,4.0,4.0,2.0,5.0,5.0,1.0,4.0,2.0,3.0,5.0,3.0,4.0,1.0,2.0,5.0,2.0,3.0,4.0,5.0,5.0,4.0,2.0,2.0,1.0,2.0,2.0,4.0,4.0,4.0,1.0,8,1,2,4,4,5.0,2,3.0,2.0,2.0,3.0,5,148.0,0,148.0,4.0,213.0,5,48.0,0.000409116
44630037,1.0,5,227,36,27,70.0,14.04,108,4.0,2.0,2.0,0.0,4.0,2.0,3.0,2.0,1.0,1.0,2.0,1.0,1.0,1.0,6.0,11.0,6.0,1.0,1971.0,1.0,3.0,1.0,3.0,15000.0,3.0,1,2,2,2,2,1.0,35.0,20.12,1.0,3.0,3.0,3.0,2.0,3.0,4.0,2.0,3.0,5.0,3.0,4.0,4.0,3.0,2.0,3.0,4.0,3.0,5.0,4.0,4.0,5.0,4.0,2.0,3.0,3.0,3.0,2.0,5.0,4.0,3.0,2.0,1.0,3.0,3.0,3.0,4.0,2.0,3.0,4.0,3.0,4.0,4.0,4.0,4.0,3.0,2.0,4.0,3.0,1.0,3.0,4.0,4.0,3.0,1.0,8,1,2,4,4,4.0,2,3.0,2.0,2.0,4.0,5,156.0,1,164.0,5.0,120.0,5,39.0,0.000967286
44630038,1.0,2,106,50,11,8.0,2.64,40,4.0,2.0,2.0,0.0,4.0,2.0,3.0,2.0,1.0,1.0,2.0,1.0,1.0,1.0,6.0,11.0,6.0,2.0,1971.0,1.0,3.0,2.0,6.0,15000.0,4.0,2,2,2,2,2,1.0,8.0,3.78,1.0,2.0,4.0,3.0,2.0,3.0,5.0,2.0,4.0,5.0,2.0,2.0,4.0,2.0,4.0,2.0,4.0,3.0,5.0,4.0,5.0,5.0,4.0,2.0,3.0,2.0,2.0,2.0,2.0,3.0,1.0,3.0,5.0,2.0,2.0,2.0,4.0,2.0,4.0,4.0,2.0,3.0,4.0,4.0,4.0,2.0,2.0,4.0,2.0,2.0,2.0,3.0,4.0,4.0,1.0,8,1,2,4,4,4.0,2,3.0,3.0,3.0,3.0,5,22.0,1,45.0,4.0,30.0,5,39.0,0.000232084
44630160,11.0,4,147,42,21,20.0,5.0,50,2.0,0.0,1.0,0.0,0.0,0.0,1.0,1.0,1.0,1.0,2.0,0.0,1.0,1.0,7.0,33.0,4.0,1.0,1941.0,1.0,2.0,9.0,8.0,7000.0,7.0,1,2,2,2,2,1.0,10.0,7.17,2.0,4.0,3.0,2.0,3.0,3.0,5.0,2.0,4.0,4.0,4.0,3.0,4.0,1.0,5.0,1.0,5.0,3.0,5.0,4.0,5.0,2.0,4.0,1.0,5.0,4.0,5.0,1.0,4.0,4.0,1.0,3.0,4.0,2.0,4.0,3.0,2.0,1.0,2.0,5.0,2.0,2.0,4.0,4.0,3.0,1.0,1.0,5.0,2.0,2.0,4.0,4.0,5.0,4.0,3.0,8,1,2,4,4,1.0,2,1.0,2.0,4.0,3.0,5,50.0,0,84.0,8.0,114.0,5,69.0,0.000125765
44630160,11.0,0,98,90,0,6.4,1.44,20,2.0,0.0,1.0,0.0,0.0,0.0,1.0,1.0,1.0,1.0,2.0,0.0,1.0,1.0,7.0,33.0,4.0,1.0,1941.0,1.0,2.0,9.0,8.0,7000.0,7.0,1,2,2,2,2,1.0,3.2,2.06,2.0,4.0,3.0,2.0,3.0,3.0,5.0,2.0,4.0,4.0,4.0,3.0,4.0,1.0,5.0,1.0,5.0,3.0,5.0,4.0,5.0,2.0,4.0,1.0,5.0,4.0,5.0,1.0,4.0,4.0,1.0,3.0,4.0,2.0,4.0,3.0,2.0,1.0,2.0,5.0,2.0,2.0,4.0,4.0,3.0,1.0,1.0,5.0,2.0,2.0,4.0,4.0,5.0,4.0,3.0,8,1,2,4,4,1.0,2,1.0,2.0,4.0,3.0,5,11.0,1,8.0,8.0,21.0,5,69.0,0.000125765
44630231,1.0,6,206,51,27,71.0,14.14,119,1.0,0.0,0.0,0.0,0.0,0.0,1.0,1.0,1.0,1.0,1.0,1.0,1.0,1.0,5.0,5.0,6.0,2.0,1970.0,1.0,1.0,1.0,3.0,15000.0,6.0,2,2,1,2,2,3.0,0.0,20.26,5.0,4.0,2.0,2.0,3.0,4.0,3.0,4.0,4.0,4.0,6.0,5.0,4.0,2.0,4.0,6.0,3.0,6.0,6.0,6.0,6.0,4.0,3.0,2.0,5.0,5.0,5.0,3.0,5.0,5.0,1.0,4.0,3.0,2.0,5.0,4.0,3.0,1.0,1.0,5.0,5.0,1.0,4.0,5.0,2.0,6.0,2.0,4.0,2.0,2.0,4.0,4.0,4.0,4.0,1.0,8,1,2,4,4,5.0,2,1.0,2.0,3.0,1.0,5,148.0,0,128.0,3.0,125.0,5,40.0,9.82e-05
44630249,1.0,2,72,28,4,18.4,2.64,35,0.0,0.0,1.0,0.0,1.0,0.0,1.0,1.0,1.0,2.0,1.0,0.0,2.0,2.0,1.0,6.0,3.0,2.0,1976.0,1.0,1.0,2.0,6.0,5000.0,3.0,1,2,2,2,2,1.0,9.2,3.78,4.0,4.0,2.0,4.0,4.0,5.0,2.0,4.0,1.0,5.0,5.0,5.0,4.0,1.0,5.0,6.0,5.0,1.0,4.0,2.0,5.0,5.0,5.0,5.0,4.0,3.0,1.0,5.0,5.0,5.0,1.0,1.0,4.0,3.0,3.0,1.0,5.0,3.0,3.0,5.0,4.0,3.0,3.0,3.0,5.0,1.0,1.0,5.0,1.0,4.0,4.0,5.0,5.0,4.0,1.0,8,1,2,4,4,6.0,1,4.0,2.0,1.0,1.0,5,27.0,1,40.0,5.0,23.0,5,34.0,0.00087004
44630329,2.0,0,10,10,0,0.0,0.36,5,2.0,0.0,2.0,0.0,1.0,0.0,1.0,1.0,1.0,1.0,1.0,0.0,1.0,1.0,5.0,54.0,2.0,1.0,1956.0,1.0,1.0,1.0,5.0,3250.0,3.0,2,2,2,2,2,1.0,0.0,0.52,1.0,2.0,3.0,2.0,3.0,4.0,6.0,6.0,4.0,4.0,3.0,4.0,4.0,5.0,4.0,6.0,4.0,3.0,5.0,4.0,3.0,4.0,3.0,3.0,4.0,6.0,3.0,2.0,4.0,2.0,2.0,1.0,3.0,3.0,3.0,5.0,3.0,2.0,2.0,5.0,3.0,2.0,4.0,4.0,3.0,3.0,1.0,5.0,3.0,4.0,2.0,3.0,3.0,4.0,1.0,8,1,2,4,4,6.0,1,2.0,1.0,2.0,3.0,5,2.5,1,0.0,4.0,5.0,5,54.0,0.000409116
44630329,4.0,0,35,28,0,4.0,0.99,14,2.0,0.0,2.0,0.0,1.0,0.0,1.0,1.0,1.0,1.0,1.0,0.0,1.0,1.0,5.0,54.0,2.0,1.0,1956.0,1.0,1.0,1.0,5.0,3250.0,3.0,2,2,2,2,2,1.0,4.0,1.42,1.0,2.0,3.0,2.0,3.0,4.0,6.0,6.0,4.0,4.0,3.0,4.0,4.0,5.0,4.0,6.0,4.0,3.0,5.0,4.0,3.0,4.0,3.0,3.0,4.0,6.0,3.0,2.0,4.0,2.0,2.0,1.0,3.0,3.0,3.0,5.0,3.0,2.0,2.0,5.0,3.0,2.0,4.0,4.0,3.0,3.0,1.0,5.0,3.0,4.0,2.0,3.0,3.0,4.0,3.0,8,1,2,4,4,6.0,1,2.0,1.0,2.0,3.0,5,7.5,1,7.0,4.0,10.0,5,54.0,0.000409116
44630344,1.0,1,100,54,1,22.8,4.01,50,5.0,2.0,1.0,2.0,5.0,0.0,2.0,1.0,1.0,1.0,4.0,1.0,1.0,1.0,6.0,16.0,5.0,1.0,1961.0,1.0,3.0,1.0,1.0,9000.0,7.0,1,2,2,2,2,1.0,11.4,5.75,2.0,2.0,1.0,1.0,4.0,4.0,4.0,3.0,4.0,5.0,3.0,5.0,2.0,2.0,6.0,2.0,2.0,3.0,5.0,3.0,3.0,3.0,2.0,2.0,4.0,2.0,3.0,1.0,4.0,4.0,2.0,3.0,3.0,2.0,3.0,2.0,2.0,2.0,2.0,4.0,2.0,2.0,4.0,4.0,4.0,6.0,1.0,5.0,2.0,3.0,3.0,4.0,4.0,4.0,2.0,8,1,2,4,4,1.0,3,3.0,3.0,2.0,4.0,5,37.0,1,45.0,4.0,75.0,5,49.0,0.000160139
44630344,1.0,2,82,21,24,15.2,1.54,22,5.0,2.0,1.0,2.0,5.0,0.0,2.0,1.0,1.0,1.0,4.0,1.0,1.0,1.0,6.0,16.0,5.0,1.0,1961.0,1.0,3.0,1.0,1.0,9000.0,7.0,1,2,2,2,2,1.0,7.6,2.21,2.0,2.0,1.0,1.0,4.0,4.0,4.0,3.0,4.0,5.0,3.0,5.0,2.0,2.0,6.0,2.0,2.0,3.0,5.0,3.0,3.0,3.0,2.0,2.0,4.0,2.0,3.0,1.0,4.0,4.0,2.0,3.0,3.0,2.0,3.0,2.0,2.0,2.0,2.0,4.0,2.0,2.0,4.0,4.0,4.0,6.0,1.0,5.0,2.0,3.0,3.0,4.0,4.0,4.0,1.0,8,1,2,4,4,1.0,2,3.0,3.0,2.0,4.0,5,13.0,1,37.0,4.0,30.0,5,49.0,0.000160139
44630344,1.0,1,54,28,6,8.0,1.21,18,5.0,2.0,1.0,2.0,5.0,0.0,2.0,1.0,1.0,1.0,4.0,1.0,1.0,1.0,6.0,16.0,5.0,1.0,1961.0,1.0,3.0,1.0,1.0,9000.0,7.0,1,2,2,2,2,1.0,4.0,1.73,2.0,2.0,1.0,1.0,4.0,4.0,4.0,3.0,4.0,5.0,3.0,5.0,2.0,2.0,6.0,2.0,2.0,3.0,5.0,3.0,3.0,3.0,2.0,2.0,4.0,2.0,3.0,1.0,4.0,4.0,2.0,3.0,3.0,2.0,3.0,2.0,2.0,2.0,2.0,4.0,2.0,2.0,4.0,4.0,4.0,6.0,1.0,5.0,2.0,3.0,3.0,4.0,4.0,4.0,1.0,8,1,2,4,4,1.0,1,3.0,3.0,2.0,4.0,5,9.5,0,20.0,4.0,30.0,5,49.0,0.000160139
44630393,1.0,1,48,13,9,7.4,1.38,17,2.0,0.0,1.0,1.0,2.0,0.0,1.0,1.0,1.0,1.0,2.0,0.0,2.0,1.0,4.0,0.0,3.0,2.0,1962.0,1.0,2.0,2.0,6.0,5000.0,3.0,2,2,2,2,2,1.0,7.4,1.98,2.0,3.0,4.0,3.0,3.0,4.0,4.0,2.0,3.0,4.0,3.0,2.0,4.0,2.0,4.0,4.0,4.0,2.0,5.0,4.0,4.0,4.0,4.0,2.0,2.0,2.0,5.0,3.0,4.0,3.0,2.0,3.0,4.0,2.0,4.0,4.0,2.0,1.0,1.0,5.0,2.0,4.0,4.0,5.0,2.0,2.0,2.0,4.0,2.0,2.0,3.0,4.0,4.0,4.0,1.0,8,1,2,4,4,5.0,1,3.0,2.0,2.0,3.0,5,13.0,1,26.0,3.0,15.0,5,48.0,0.000367986
44630394,1.0,1,48,13,9,7.4,1.38,17,2.0,0.0,1.0,1.0,2.0,0.0,1.0,1.0,1.0,1.0,2.0,0.0,2.0,1.0,4.0,0.0,3.0,2.0,1962.0,1.0,2.0,2.0,6.0,5000.0,3.0,2,2,2,2,2,1.0,7.4,1.98,2.0,3.0,4.0,2.0,3.0,4.0,4.0,2.0,3.0,4.0,3.0,2.0,4.0,2.0,4.0,4.0,4.0,2.0,5.0,4.0,4.0,4.0,4.0,2.0,2.0,2.0,5.0,3.0,4.0,3.0,2.0,3.0,4.0,2.0,4.0,4.0,2.0,1.0,1.0,5.0,2.0,4.0,4.0,5.0,2.0,2.0,2.0,4.0,2.0,2.0,3.0,4.0,4.0,4.0,1.0,8,1,2,4,4,5.0,1,3.0,2.0,2.0,3.0,5,13.0,1,26.0,3.0,20.0,5,48.0,0.000367986
44630465,1.0,6,181,42,77,31.6,10.27,93,4.0,2.0,2.0,0.0,4.0,2.0,4.0,2.0,1.0,2.0,3.0,0.0,1.0,1.0,4.0,3.0,6.0,1.0,1959.0,1.0,3.0,1.0,1.0,15000.0,7.0,1,2,2,2,2,1.0,15.8,14.72,1.0,1.0,5.0,5.0,1.0,4.0,4.0,2.0,1.0,5.0,1.0,5.0,5.0,1.0,2.0,4.0,5.0,1.0,5.0,5.0,5.0,5.0,5.0,1.0,5.0,1.0,1.0,4.0,5.0,5.0,1.0,2.0,1.0,1.0,1.0,5.0,1.0,1.0,1.0,5.0,2.0,2.0,2.0,4.0,1.0,2.0,1.0,5.0,1.0,5.0,1.0,3.0,3.0,5.0,1.0,8,1,2,4,4,5.0,2,1.0,1.0,1.0,1.0,5,109.0,1,62.0,8.0,90.0,5,51.0,0.000160139
44630507,1.0,6,194,45,32,17.4,5.97,63,2.0,0.0,2.0,0.0,1.0,0.0,1.0,1.0,1.0,1.0,2.0,0.0,1.0,1.0,4.0,6.0,3.0,1.0,1958.0,1.0,2.0,1.0,5.0,5000.0,3.0,2,2,2,2,2,1.0,17.4,8.56,2.0,4.0,1.0,1.0,4.0,5.0,4.0,1.0,6.0,4.0,3.0,4.0,4.0,3.0,4.0,6.0,4.0,1.0,4.0,2.0,4.0,4.0,2.0,4.0,1.0,6.0,1.0,5.0,2.0,4.0,1.0,1.0,3.0,2.0,3.0,1.0,4.0,2.0,3.0,5.0,1.0,1.0,3.0,4.0,1.0,1.0,1.0,5.0,1.0,4.0,3.0,2.0,4.0,4.0,1.0,8,1,2,4,4,4.0,2,1.0,4.0,4.0,4.0,5,60.0,1,117.0,4.0,53.0,5,52.0,0.000409116
44630513,8.0,0,94,65,0,16.4,2.26,28,1.0,0.0,1.0,0.0,1.0,0.0,1.0,2.0,1.0,2.0,1.0,0.0,1.0,1.0,5.0,10.0,2.0,2.0,1946.0,1.0,1.0,9.0,6.0,3250.0,2.0,2,2,2,2,2,1.0,16.4,3.24,2.0,3.0,2.0,2.0,4.0,4.0,6.0,4.0,6.0,4.0,4.0,3.0,4.0,3.0,3.0,6.0,4.0,2.0,4.0,4.0,3.0,4.0,4.0,2.0,6.0,3.0,4.0,6.0,4.0,6.0,6.0,6.0,3.0,6.0,4.0,4.0,3.0,6.0,6.0,4.0,2.0,4.0,4.0,4.0,6.0,6.0,2.0,5.0,6.0,6.0,4.0,3.0,3.0,3.0,3.0,8,1,2,4,4,5.0,6,3.0,2.0,2.0,1.0,5,16.2,1,29.0,3.0,75.0,5,64.0,0.001472131
44630670,1.0,4,172,72,14,17.6,4.48,52,4.0,2.0,3.0,1.0,2.0,2.0,5.0,3.0,1.0,1.0,4.0,0.0,1.0,1.0,6.0,10.0,6.0,2.0,1965.0,1.0,3.0,2.0,6.0,15000.0,3.0,1,2,2,2,2,1.0,8.8,6.42,1.0,1.0,5.0,5.0,1.0,1.0,5.0,1.0,3.0,2.0,4.0,4.0,5.0,5.0,1.0,2.0,5.0,3.0,5.0,5.0,5.0,5.0,5.0,1.0,6.0,6.0,6.0,1.0,6.0,6.0,1.0,6.0,6.0,1.0,1.0,5.0,1.0,1.0,1.0,5.0,1.0,5.0,3.0,3.0,1.0,1.0,1.0,5.0,1.0,1.0,5.0,1.0,3.0,5.0,1.0,8,1,2,4,4,5.0,2,1.0,1.0,2.0,3.0,5,43.0,1,86.0,3.0,50.0,5,45.0,0.000367986
44630671,1.0,4,158,59,26,17.6,4.48,52,4.0,2.0,3.0,1.0,2.0,2.0,5.0,3.0,1.0,1.0,4.0,0.0,1.0,1.0,6.0,10.0,6.0,1.0,1960.0,1.0,3.0,1.0,3.0,15000.0,8.0,2,2,2,2,2,1.0,17.6,6.42,1.0,1.0,5.0,5.0,1.0,1.0,5.0,1.0,3.0,2.0,4.0,4.0,5.0,5.0,1.0,2.0,5.0,3.0,5.0,5.0,5.0,5.0,5.0,1.0,6.0,6.0,6.0,1.0,6.0,6.0,1.0,6.0,6.0,1.0,1.0,5.0,1.0,1.0,1.0,5.0,1.0,5.0,3.0,3.0,1.0,1.0,1.0,5.0,1.0,1.0,5.0,1.0,3.0,5.0,1.0,8,1,2,4,4,4.0,2,1.0,2.0,2.0,3.0,5,43.0,1,73.0,3.0,46.0,5,50.0,0.000160139
44640015,1.0,3,113,42,0,19.2,4.65,46,4.0,0.0,2.0,0.0,2.0,0.0,4.0,2.0,1.0,1.0,4.0,2.0,1.0,1.0,4.5,18.0,4.0,2.0,1967.0,1.0,3.0,2.0,6.0,7000.0,3.0,2,2,2,1,2,1.0,0.0,6.66,1.0,2.0,4.0,5.0,1.0,4.0,5.0,2.0,4.0,3.0,4.0,5.0,4.0,3.0,2.0,2.0,4.0,4.0,5.0,4.0,2.0,4.0,4.0,4.0,5.0,5.0,4.0,4.0,5.0,4.0,1.0,3.0,4.0,4.0,4.0,2.0,3.0,1.0,5.0,1.0,2.0,2.0,5.0,4.0,2.0,1.0,4.0,4.0,4.0,4.0,4.0,4.0,4.0,4.0,1.0,7,1,2,4,4,4.0,2,3.0,2.0,3.0,4.0,5,47.0,0,71.0,4.0,117.0,5,43.0,0.000367986
44640016,1.0,0,48,20,0,10.0,2.06,30,4.0,0.0,2.0,0.0,2.0,0.0,4.0,2.0,1.0,1.0,4.0,2.0,1.0,2.0,4.5,18.0,4.0,1.0,1991.0,1.0,6.0,8.0,8.0,7000.0,3.0,2,2,2,1,2,1.0,0.0,2.95,1.0,2.0,4.0,5.0,1.0,4.0,4.0,3.0,3.0,6.0,2.0,5.0,4.0,3.0,2.0,2.0,4.0,5.0,5.0,5.0,3.0,3.0,2.0,2.0,5.0,5.0,2.0,2.0,5.0,3.0,5.0,1.0,5.0,4.0,5.0,4.0,3.0,4.0,4.0,4.0,2.0,2.0,3.0,5.0,2.0,6.0,4.0,4.0,2.0,3.0,4.0,3.0,4.0,5.0,1.0,7,1,2,4,4,5.0,2,3.0,2.0,2.0,1.0,5,16.0,0,28.0,4.0,25.0,5,19.0,0.000610133
44640053,1.0,0,27,17,0,5.0,0.78,11,4.0,2.0,2.0,0.0,4.0,2.0,1.0,2.0,1.0,1.0,2.0,0.0,1.0,2.0,6.0,3.0,4.0,1.0,1969.0,1.0,3.0,1.0,1.0,7000.0,8.0,2,2,2,2,2,1.0,5.0,1.12,1.0,1.0,4.0,4.0,1.0,2.0,5.0,2.0,4.0,2.0,4.0,2.0,5.0,2.0,2.0,2.0,4.0,5.0,5.0,4.0,2.0,4.0,4.0,2.0,4.0,2.0,4.0,1.0,5.0,4.0,1.0,6.0,3.0,2.0,1.0,4.0,1.0,1.0,2.0,5.0,2.0,1.0,5.0,4.0,4.0,3.0,5.0,2.0,3.0,1.0,5.0,4.0,4.0,4.0,1.0,7,1,2,4,4,5.0,1,4.0,1.0,1.0,3.0,5,6.5,1,10.0,5.0,8.0,5,41.0,0.000160139
44640054,1.0,0,31,24,0,5.0,0.74,11,4.0,2.0,2.0,0.0,4.0,2.0,1.0,2.0,1.0,1.0,2.0,0.0,1.0,2.0,6.0,3.0,4.0,2.0,1970.0,1.0,3.0,2.0,2.0,7000.0,8.0,2,2,2,2,2,1.0,5.0,1.06,1.0,1.0,4.0,4.0,1.0,2.0,5.0,2.0,1.0,5.0,1.0,5.0,1.0,1.0,2.0,4.0,5.0,5.0,1.0,4.0,2.0,5.0,2.0,2.0,4.0,1.0,4.0,1.0,5.0,4.0,1.0,6.0,3.0,1.0,1.0,5.0,1.0,1.0,1.0,5.0,1.0,1.0,5.0,5.0,5.0,3.0,5.0,1.0,3.0,5.0,4.0,4.0,4.0,4.0,1.0,7,1,2,4,4,3.0,1,3.0,2.0,2.0,3.0,5,7.0,1,7.0,3.0,8.0,5,40.0,0.000144039
44640073,9.0,2,71,16,24,11.8,4.87,42,2.0,0.0,1.0,0.0,1.0,0.0,2.0,2.0,1.0,1.0,2.0,0.0,2.0,1.0,4.0,14.0,2.0,2.0,1958.0,1.0,4.0,4.0,4.0,3250.0,3.0,1,2,2,1,2,2.0,5.9,6.98,2.0,3.0,1.0,1.0,4.0,5.0,3.0,3.0,3.0,4.0,5.0,1.0,3.0,1.0,3.0,1.0,2.0,1.0,3.0,2.0,5.0,3.0,3.0,1.0,5.0,3.0,4.0,2.0,5.0,3.0,3.0,3.0,3.0,1.0,5.0,4.0,3.0,1.0,2.0,5.0,3.0,3.0,5.0,3.0,3.0,4.0,3.0,5.0,3.0,3.0,3.0,3.0,4.0,5.0,3.0,7,1,2,4,4,5.0,1,3.0,2.0,2.0,4.0,5,52.0,0,31.0,4.0,43.0,5,52.0,0.000367986
44640117,1.0,5,123,34,14,19.2,4.61,44,4.0,0.0,4.0,0.0,4.0,0.0,4.0,2.0,1.0,1.0,4.0,0.0,1.0,1.0,5.0,23.0,6.0,1.0,1950.0,3.0,3.0,1.0,1.0,15000.0,7.0,1,2,2,1,2,1.0,9.6,6.61,1.0,4.0,1.0,5.0,1.0,1.0,3.0,1.0,3.0,5.0,3.0,1.0,5.0,1.0,3.0,1.0,4.0,1.0,5.0,4.0,5.0,3.0,3.0,2.0,5.0,3.0,2.0,1.0,2.0,4.0,1.0,3.0,3.0,4.0,4.0,2.0,3.0,3.0,1.0,4.0,1.0,4.0,5.0,3.0,3.0,1.0,3.0,5.0,3.0,5.0,1.0,4.0,5.0,5.0,1.0,7,1,2,4,4,2.0,2,3.0,2.0,3.0,4.0,5,46.0,0,75.0,3.0,111.0,5,60.0,0.000160139
44640148,1.0,1,63,10,16,14.6,4.77,39,3.0,1.0,1.0,0.0,7.0,1.0,1.0,1.0,1.0,2.0,2.0,0.0,1.0,1.0,3.0,1.0,5.0,1.0,1963.0,1.0,3.0,1.0,6.0,9000.0,4.0,1,1,2,2,2,1.0,7.3,6.84,6.0,3.0,6.0,2.0,5.0,5.0,4.0,4.0,3.0,3.0,4.0,3.0,4.0,3.0,4.0,3.0,3.0,1.0,5.0,3.0,5.0,4.0,2.0,2.0,4.0,4.0,3.0,1.0,5.0,3.0,1.0,4.0,3.0,1.0,5.0,1.0,3.0,1.0,1.0,5.0,2.0,3.0,4.0,4.0,4.0,4.0,1.0,5.0,3.0,2.0,1.0,4.0,3.0,3.0,1.0,7,1,2,4,4,5.0,1,2.0,1.0,2.0,4.0,5,52.0,0,37.0,5.0,35.5,5,47.0,0.000109132
44640148,1.0,2,71,20,15,11.0,2.48,22,3.0,1.0,1.0,0.0,7.0,1.0,1.0,1.0,1.0,2.0,2.0,0.0,1.0,1.0,3.0,1.0,5.0,1.0,1963.0,1.0,3.0,1.0,6.0,9000.0,4.0,1,1,2,2,2,1.0,5.5,3.55,6.0,3.0,6.0,2.0,5.0,5.0,4.0,4.0,3.0,3.0,4.0,3.0,4.0,3.0,4.0,3.0,3.0,1.0,5.0,3.0,5.0,4.0,2.0,2.0,4.0,4.0,3.0,1.0,5.0,3.0,1.0,4.0,3.0,1.0,5.0,1.0,3.0,1.0,1.0,5.0,2.0,3.0,4.0,4.0,4.0,4.0,1.0,5.0,3.0,2.0,1.0,4.0,3.0,3.0,1.0,7,1,2,4,4,5.0,1,2.0,1.0,2.0,4.0,5,27.0,0,36.0,5.0,68.0,5,47.0,0.000109132
44640165,11.0,4,114,26,25,19.2,5.18,46,2.0,0.0,1.0,1.0,3.0,0.0,2.0,1.0,1.0,1.0,2.0,0.0,1.0,1.0,5.0,22.0,4.0,1.0,1947.0,1.0,3.0,1.0,5.0,7000.0,3.0,2,2,1,2,2,1.0,0.0,7.42,3.0,1.0,3.0,3.0,4.0,5.0,4.0,3.0,4.0,5.0,4.0,5.0,5.0,3.0,4.0,6.0,4.0,1.0,5.0,2.0,5.0,4.0,4.0,3.0,4.0,4.0,2.0,2.0,5.0,5.0,1.0,5.0,4.0,4.0,3.0,4.0,3.0,1.0,1.0,5.0,2.0,4.0,5.0,4.0,5.0,3.0,3.0,5.0,1.0,3.0,3.0,4.0,5.0,4.0,3.0,7,1,2,4,4,5.0,2,1.0,2.0,2.0,3.0,5,52.0,0,63.0,4.0,82.0,5,63.0,0.000409116
44640256,1.0,1,81,23,5,16.6,4.24,41,3.0,0.0,1.0,1.0,2.0,0.0,2.0,2.0,1.0,2.0,3.0,1.0,1.0,1.0,5.0,12.0,4.0,1.0,1956.0,1.0,3.0,1.0,3.0,7000.0,3.0,2,2,2,1,2,1.0,0.0,6.08,1.0,5.0,2.0,1.0,5.0,5.0,4.0,2.0,4.0,5.0,4.0,5.0,4.0,1.0,4.0,5.0,5.0,3.0,5.0,3.0,4.0,2.0,5.0,4.0,5.0,5.0,1.0,1.0,4.0,5.0,4.0,1.0,1.0,2.0,5.0,4.0,2.0,1.0,1.0,5.0,1.0,4.0,5.0,4.0,1.0,3.0,2.0,4.0,2.0,3.0,5.0,4.0,1.0,4.0,1.0,7,1,2,4,4,1.0,2,2.0,1.0,3.0,3.0,5,42.0,0,53.0,5.0,62.0,5,54.0,0.000409116
44640299,1.0,4,162,48,17,34.8,8.06,86,2.0,0.0,1.0,0.0,2.0,0.0,1.0,1.0,1.0,1.0,2.0,0.0,1.0,1.0,4.0,11.0,6.0,1.0,1959.0,1.0,2.0,1.0,3.0,15000.0,4.0,2,2,1,2,2,1.0,0.0,11.55,4.0,4.0,3.0,2.0,4.0,5.0,4.0,6.0,3.0,4.0,6.0,3.0,4.0,3.0,4.0,6.0,3.0,1.0,5.0,2.0,4.0,3.0,3.0,1.0,2.0,3.0,2.0,1.0,5.0,2.0,1.0,1.0,4.0,1.0,5.0,2.0,4.0,1.0,2.0,5.0,3.0,1.0,4.0,4.0,3.0,3.0,2.0,5.0,2.0,3.0,2.0,4.0,4.0,4.0,1.0,7,1,2,4,4,1.0,2,4.0,2.0,3.0,1.0,5,84.0,0,97.0,3.0,120.0,5,51.0,0.000109132
44640299,9.0,4,127,42,24,19.2,4.68,46,2.0,0.0,1.0,0.0,2.0,0.0,1.0,1.0,1.0,1.0,2.0,0.0,1.0,1.0,4.0,11.0,6.0,1.0,1959.0,1.0,2.0,1.0,3.0,15000.0,4.0,2,2,1,2,2,1.0,0.0,6.71,4.0,4.0,3.0,2.0,4.0,5.0,4.0,6.0,3.0,4.0,6.0,3.0,4.0,3.0,4.0,6.0,3.0,1.0,5.0,2.0,4.0,3.0,3.0,1.0,2.0,3.0,2.0,1.0,5.0,2.0,1.0,1.0,4.0,1.0,5.0,2.0,4.0,1.0,2.0,5.0,3.0,1.0,4.0,4.0,3.0,3.0,2.0,5.0,2.0,3.0,2.0,4.0,4.0,4.0,3.0,7,1,2,4,4,1.0,2,4.0,2.0,3.0,1.0,5,46.0,1,61.0,3.0,60.0,5,51.0,0.000109132
44640310,1.0,0,29,26,0,5.2,0.34,2,2.0,0.0,1.0,0.0,3.0,0.0,1.0,2.0,1.0,1.0,2.0,0.0,1.0,1.0,5.0,20.0,6.0,1.0,1950.0,1.0,2.0,1.0,1.0,15000.0,3.0,1,2,2,2,2,1.0,2.6,0.49,5.0,4.0,2.0,2.0,3.0,4.0,4.0,2.0,3.0,6.0,1.0,5.0,5.0,1.0,5.0,4.0,4.0,3.0,5.0,2.0,5.0,2.0,2.0,2.0,5.0,2.0,2.0,1.0,5.0,5.0,1.0,5.0,1.0,3.0,5.0,4.0,2.0,5.0,3.0,3.0,2.0,2.0,5.0,3.0,3.0,1.0,5.0,5.0,2.0,1.0,2.0,2.0,5.0,5.0,2.0,7,1,2,4,4,3.0,2,1.0,3.0,2.0,1.0,5,1.0,2,3.0,4.0,17.0,5,60.0,0.000409116
44640310,1.0,0,29,26,0,5.2,0.34,2,2.0,0.0,1.0,0.0,3.0,0.0,1.0,2.0,1.0,1.0,2.0,0.0,1.0,1.0,5.0,20.0,6.0,1.0,1950.0,1.0,2.0,1.0,1.0,15000.0,3.0,1,2,2,2,2,1.0,2.6,0.49,5.0,4.0,2.0,2.0,3.0,4.0,4.0,2.0,3.0,6.0,1.0,5.0,5.0,1.0,5.0,4.0,4.0,3.0,5.0,2.0,5.0,2.0,2.0,2.0,5.0,2.0,2.0,1.0,5.0,5.0,1.0,5.0,1.0,3.0,5.0,4.0,2.0,5.0,3.0,3.0,2.0,2.0,5.0,3.0,3.0,1.0,5.0,5.0,2.0,1.0,2.0,2.0,5.0,5.0,1.0,7,1,2,4,4,3.0,2,1.0,3.0,2.0,1.0,5,1.0,2,3.0,4.0,17.0,5,60.0,0.000409116
44640315,8.0,3,76,30,8,13.4,2.65,26,4.0,1.0,2.0,1.0,4.0,0.0,4.0,2.0,1.0,1.0,4.0,1.0,1.0,1.0,5.0,13.0,6.0,2.0,1958.0,1.0,3.0,2.0,2.0,15000.0,7.0,2,2,2,2,2,1.0,13.4,3.8,3.0,5.0,2.0,3.0,4.0,5.0,4.0,6.0,2.0,4.0,3.0,2.0,5.0,4.0,4.0,1.0,5.0,1.0,5.0,2.0,5.0,5.0,4.0,1.0,2.0,6.0,4.0,1.0,5.0,4.0,1.0,3.0,2.0,2.0,4.0,3.0,3.0,1.0,3.0,5.0,3.0,3.0,4.0,3.0,3.0,4.0,1.0,5.0,2.0,3.0,2.0,4.0,5.0,2.0,3.0,7,1,2,4,4,1.0,2,3.0,1.0,2.0,3.0,5,25.5,1,38.0,5.0,25.0,5,52.0,0.000144039
44640315,2.0,12,271,62,42,62.0,38.46,308,4.0,1.0,2.0,1.0,4.0,0.0,4.0,2.0,1.0,1.0,4.0,1.0,1.0,1.0,5.0,13.0,6.0,2.0,1958.0,1.0,3.0,2.0,2.0,15000.0,7.0,2,2,2,2,2,1.0,62.0,55.11,3.0,5.0,2.0,3.0,4.0,5.0,4.0,6.0,2.0,4.0,3.0,2.0,5.0,4.0,4.0,1.0,5.0,1.0,5.0,2.0,5.0,5.0,4.0,1.0,2.0,6.0,4.0,1.0,5.0,4.0,1.0,3.0,2.0,2.0,4.0,3.0,3.0,1.0,3.0,5.0,3.0,3.0,4.0,3.0,3.0,4.0,1.0,5.0,2.0,3.0,2.0,4.0,5.0,2.0,2.0,7,1,2,4,4,1.0,6,3.0,1.0,2.0,3.0,5,419.0,1,167.0,5.0,87.0,5,52.0,0.000144039
44640316,3.0,2,87,19,3,19.2,4.96,45,4.0,1.0,3.0,1.0,4.0,1.0,4.0,2.0,1.0,1.0,4.0,1.0,1.0,1.0,5.0,13.0,6.0,2.0,1993.0,1.0,6.0,8.0,8.0,15000.0,2.0,2,2,2,1,2,3.0,0.0,7.11,4.0,4.0,2.0,2.0,3.0,5.0,2.0,5.0,2.0,4.0,4.0,4.0,3.0,4.0,3.0,6.0,4.0,2.0,6.0,4.0,4.0,4.0,4.0,2.0,4.0,4.0,4.0,5.0,5.0,2.0,4.0,4.0,4.0,1.0,4.0,4.0,5.0,2.0,2.0,4.0,2.0,2.0,4.0,4.0,4.0,2.0,2.0,4.0,3.0,2.0,2.0,2.0,2.0,3.0,1.0,7,1,2,4,4,5.0,2,4.0,1.0,1.0,4.0,5,51.0,0,65.0,8.0,137.0,5,17.0,0.002195453
44640349,1.0,0,55,32,0,10.0,1.77,26,3.0,0.0,2.0,0.0,3.0,0.0,3.0,1.0,1.0,1.0,3.0,1.0,1.0,2.0,7.0,12.0,4.0,2.0,1980.0,1.0,6.0,8.0,4.0,9321.0,5.0,1,2,2,1,2,3.0,5.0,2.54,5.0,1.0,1.0,1.0,2.0,5.0,1.0,4.0,4.0,6.0,3.0,4.0,5.0,1.0,3.0,6.0,5.0,1.0,6.0,1.0,6.0,5.0,5.0,1.0,5.0,5.0,2.0,2.0,4.0,5.0,1.0,4.0,4.0,6.0,5.0,2.0,5.0,5.0,1.0,4.0,1.0,4.0,4.0,4.0,4.0,2.0,2.0,3.0,1.0,1.0,1.0,3.0,5.0,1.0,1.0,7,1,2,4,4,5.0,2,3.0,3.0,3.0,4.0,5,14.5,0,23.0,5.0,31.0,5,30.0,0.000232084
44640349,3.0,2,73,15,10,9.6,2.38,23,3.0,0.0,2.0,0.0,3.0,0.0,3.0,1.0,1.0,1.0,3.0,1.0,1.0,2.0,7.0,12.0,4.0,2.0,1980.0,1.0,6.0,8.0,4.0,9321.0,5.0,1,2,2,1,2,3.0,4.8,3.41,5.0,1.0,1.0,1.0,2.0,5.0,1.0,4.0,4.0,6.0,3.0,4.0,5.0,1.0,3.0,6.0,5.0,1.0,6.0,1.0,6.0,5.0,5.0,1.0,5.0,5.0,2.0,2.0,4.0,5.0,1.0,4.0,4.0,6.0,5.0,2.0,5.0,5.0,1.0,4.0,1.0,4.0,4.0,4.0,4.0,2.0,2.0,3.0,1.0,1.0,1.0,3.0,5.0,1.0,1.0,7,1,2,4,4,5.0,1,3.0,3.0,3.0,4.0,5,24.0,0,48.0,5.0,64.0,5,30.0,0.000232084
44640350,3.0,4,114,34,21,19.2,4.29,40,3.0,0.0,2.0,0.0,3.0,0.0,3.0,1.0,1.0,1.0,3.0,1.0,1.0,1.0,7.0,12.0,4.0,2.0,1991.0,1.0,7.0,8.0,8.0,8418.0,4.0,1,2,2,2,1,3.0,9.6,6.15,4.0,4.0,3.0,2.0,5.0,5.0,2.0,3.0,3.0,4.0,2.0,4.0,4.0,2.0,4.0,6.0,3.0,1.0,4.0,2.0,6.0,3.0,3.0,1.0,5.0,4.0,3.0,3.0,5.0,5.0,6.0,4.0,4.0,4.0,5.0,3.0,4.0,3.0,4.0,3.0,2.0,2.0,3.0,4.0,6.0,3.0,3.0,4.0,2.0,2.0,2.0,4.0,4.0,4.0,1.0,7,1,2,4,4,5.0,2,3.0,3.0,3.0,1.0,5,42.0,0,59.0,3.0,121.0,5,19.0,0.000146391
44640437,1.0,0,35,26,0,7.6,1.02,12,1.0,0.0,0.0,0.0,2.0,0.0,1.0,0.0,1.0,1.0,1.0,0.0,1.0,1.0,4.0,13.0,4.0,2.0,1958.0,1.0,1.0,2.0,2.0,7000.0,6.0,1,2,2,1,2,2.0,3.8,1.46,5.0,5.0,1.0,1.0,4.0,5.0,4.0,2.0,4.0,6.0,5.0,2.0,5.0,1.0,5.0,1.0,2.0,1.0,6.0,1.0,5.0,2.0,4.0,2.0,5.0,5.0,2.0,1.0,5.0,5.0,1.0,5.0,3.0,2.0,5.0,5.0,3.0,1.0,2.0,4.0,4.0,2.0,4.0,4.0,5.0,2.0,4.0,4.0,1.0,4.0,2.0,5.0,5.0,2.0,1.0,7,1,2,4,4,3.0,2,3.0,3.0,2.0,3.0,5,6.5,0,9.0,5.0,11.0,5,52.0,9.82e-05
44640437,10.0,3,137,16,15,42.2,17.27,134,1.0,0.0,0.0,0.0,2.0,0.0,1.0,0.0,1.0,1.0,1.0,0.0,1.0,1.0,4.0,13.0,4.0,2.0,1958.0,1.0,1.0,2.0,2.0,7000.0,6.0,1,2,2,1,2,2.0,21.1,24.75,5.0,5.0,1.0,1.0,4.0,5.0,4.0,2.0,4.0,6.0,5.0,2.0,5.0,1.0,5.0,1.0,2.0,1.0,6.0,1.0,5.0,2.0,4.0,2.0,5.0,5.0,2.0,1.0,5.0,5.0,1.0,5.0,3.0,2.0,5.0,5.0,3.0,1.0,2.0,4.0,4.0,2.0,4.0,4.0,5.0,2.0,4.0,4.0,1.0,4.0,2.0,5.0,5.0,2.0,3.0,7,1,2,4,4,3.0,2,3.0,3.0,2.0,3.0,5,185.0,0,106.0,5.0,128.0,5,52.0,9.82e-05
44640446,1.0,0,47,24,0,10.0,1.75,26,2.0,0.0,1.0,0.0,3.0,0.0,4.0,0.0,1.0,1.0,3.0,0.0,1.0,1.0,4.5,18.0,6.0,1.0,1957.0,1.0,4.0,1.0,6.0,15000.0,6.0,1,2,2,2,2,1.0,5.0,2.51,4.0,5.0,1.0,1.0,5.0,5.0,4.0,1.0,4.0,4.0,3.0,1.0,4.0,2.0,5.0,6.0,4.0,1.0,5.0,2.0,3.0,3.0,3.0,1.0,5.0,1.0,6.0,2.0,5.0,5.0,1.0,3.0,4.0,2.0,3.0,2.0,2.0,1.0,1.0,5.0,3.0,2.0,4.0,4.0,4.0,2.0,2.0,5.0,1.0,1.0,4.0,3.0,4.0,4.0,1.0,7,1,2,4,4,5.0,2,2.0,2.0,3.0,2.0,5,15.0,1,23.0,5.0,55.0,5,53.0,0.000109132
44640456,4.0,2,79,38,2,14.0,4.24,40,2.0,0.0,1.0,0.0,2.0,0.0,2.0,1.0,1.0,1.0,0.0,0.0,1.0,1.0,4.0,23.0,4.0,2.0,1953.0,1.0,2.0,2.0,2.0,7000.0,6.0,1,2,2,1,2,1.0,7.0,6.08,5.0,5.0,3.0,1.0,1.0,5.0,5.0,1.0,5.0,6.0,6.0,6.0,5.0,2.0,5.0,6.0,4.0,1.0,1.0,1.0,6.0,4.0,4.0,2.0,5.0,5.0,2.0,2.0,5.0,4.0,2.0,2.0,4.0,3.0,5.0,2.0,4.0,1.0,2.0,5.0,5.0,1.0,5.0,4.0,4.0,4.0,1.0,5.0,2.0,4.0,5.0,2.0,4.0,4.0,3.0,7,1,2,4,4,4.0,2,3.0,2.0,3.0,4.0,5,44.0,0,39.0,3.0,47.0,5,57.0,9.82e-05
44640456,6.0,3,123,12,26,43.6,11.7,84,2.0,0.0,1.0,0.0,2.0,0.0,2.0,1.0,1.0,1.0,0.0,0.0,1.0,1.0,4.0,23.0,4.0,2.0,1953.0,1.0,2.0,2.0,2.0,7000.0,6.0,1,2,2,1,2,1.0,21.8,16.77,5.0,5.0,3.0,1.0,1.0,5.0,5.0,1.0,5.0,6.0,6.0,6.0,5.0,2.0,5.0,6.0,4.0,1.0,1.0,1.0,6.0,4.0,4.0,2.0,5.0,5.0,2.0,2.0,5.0,4.0,2.0,2.0,4.0,3.0,5.0,2.0,4.0,1.0,2.0,5.0,5.0,1.0,5.0,4.0,4.0,4.0,1.0,5.0,2.0,4.0,5.0,2.0,4.0,4.0,3.0,7,1,2,4,4,4.0,1,3.0,2.0,3.0,4.0,5,128.0,0,85.0,3.0,117.0,5,57.0,9.82e-05
44640461,1.0,3,150,59,24,22.0,4.82,46,2.0,0.0,1.0,0.0,2.0,0.0,2.0,1.0,1.0,1.0,3.0,1.0,2.0,1.0,2.5,0.0,2.0,1.0,1990.0,1.0,7.0,8.0,5.0,3250.0,3.0,2,2,2,2,2,1.0,22.0,6.91,1.0,3.0,4.0,4.0,1.0,3.0,5.0,1.0,2.0,5.0,4.0,2.0,5.0,1.0,4.0,6.0,2.0,5.0,5.0,4.0,3.0,5.0,2.0,1.0,4.0,6.0,4.0,1.0,5.0,3.0,2.0,6.0,6.0,3.0,2.0,4.0,3.0,1.0,4.0,6.0,1.0,3.0,5.0,4.0,1.0,2.0,3.0,1.0,3.0,3.0,1.0,4.0,5.0,4.0,1.0,7,1,2,4,4,2.0,2,1.0,1.0,3.0,4.0,5,50.0,1,67.0,5.0,50.0,5,20.0,0.000967286
44640462,3.0,5,240,51,56,80.0,17.12,121,9.0,1.0,2.0,0.0,4.0,1.0,5.0,1.0,1.0,2.0,9.0,0.0,1.0,2.0,15.0,2.0,3.0,2.0,1991.0,1.0,5.0,8.0,6.0,5000.0,2.0,2,2,1,2,2,3.0,0.0,24.53,3.0,5.0,3.0,2.0,3.0,4.0,4.0,3.0,4.0,3.0,3.0,5.0,5.0,2.0,3.0,6.0,5.0,1.0,3.0,3.0,3.0,4.0,2.0,1.0,5.0,4.0,4.0,3.0,5.0,5.0,2.0,3.0,3.0,3.0,3.0,4.0,4.0,3.0,4.0,4.0,3.0,3.0,4.0,5.0,5.0,3.0,3.0,4.0,3.0,3.0,3.0,4.0,4.0,3.0,2.0,7,1,2,4,4,2.0,2,3.0,3.0,3.0,4.0,5,187.0,0,133.0,4.0,176.0,5,19.0,0.002195453
44640462,5.0,2,66,24,8,9.6,2.55,26,9.0,1.0,2.0,0.0,4.0,1.0,5.0,1.0,1.0,2.0,9.0,0.0,1.0,2.0,15.0,2.0,3.0,2.0,1991.0,1.0,5.0,8.0,6.0,5000.0,2.0,2,2,1,2,2,3.0,0.0,3.65,3.0,5.0,3.0,2.0,3.0,4.0,4.0,3.0,4.0,3.0,3.0,5.0,5.0,2.0,3.0,6.0,5.0,1.0,3.0,3.0,3.0,4.0,2.0,1.0,5.0,4.0,4.0,3.0,5.0,5.0,2.0,3.0,3.0,3.0,3.0,4.0,4.0,3.0,4.0,4.0,3.0,3.0,4.0,5.0,5.0,3.0,3.0,4.0,3.0,3.0,3.0,4.0,4.0,3.0,3.0,7,1,2,4,4,2.0,1,3.0,3.0,3.0,4.0,5,24.0,0,34.0,4.0,55.0,5,19.0,0.002195453
44640508,3.0,4,253,51,16,28.2,7.37,80,3.0,1.0,1.0,0.0,5.0,3.0,1.0,0.0,1.0,1.0,2.0,0.0,1.0,1.0,5.0,3.0,3.0,2.0,1978.0,1.0,3.0,2.0,8.0,5000.0,6.0,2,2,2,2,2,1.0,28.2,10.56,2.0,2.0,3.0,1.0,4.0,4.0,1.0,4.0,3.0,5.0,3.0,4.0,4.0,2.0,3.0,2.0,2.0,3.0,5.0,4.0,5.0,3.0,5.0,4.0,4.0,2.0,2.0,4.0,5.0,3.0,2.0,1.0,3.0,3.0,3.0,2.0,4.0,1.0,1.0,5.0,1.0,5.0,4.0,3.0,5.0,3.0,3.0,5.0,3.0,4.0,1.0,2.0,4.0,4.0,2.0,7,1,2,4,4,5.0,4,3.0,2.0,2.0,2.0,5,74.5,1,186.0,5.0,35.5,5,32.0,0.000232084
44640515,7.0,1,63,33,9,10.0,1.73,25,3.0,0.0,2.0,0.0,4.0,0.0,3.0,1.0,1.0,1.0,3.0,1.0,1.0,1.0,5.0,25.0,6.0,1.0,1956.0,1.0,3.0,2.0,8.0,15000.0,6.0,1,2,2,1,2,1.0,5.0,2.48,5.0,5.0,2.0,1.0,4.0,5.0,3.0,6.0,6.0,5.0,4.0,2.0,3.0,2.0,4.0,3.0,5.0,1.0,4.0,2.0,4.0,3.0,3.0,4.0,3.0,3.0,2.0,3.0,4.0,4.0,1.0,3.0,4.0,2.0,4.0,2.0,4.0,2.0,3.0,6.0,2.0,2.0,4.0,4.0,4.0,3.0,4.0,2.0,2.0,3.0,4.0,4.0,4.0,4.0,3.0,7,1,2,4,4,2.0,2,2.0,2.0,2.0,3.0,5,15.0,1,21.0,4.0,28.0,5,54.0,0.000109132
44640516,1.0,4,137,44,12,20.6,4.56,42,3.0,0.0,2.0,0.0,4.0,0.0,2.0,1.0,1.0,1.0,3.0,1.0,1.0,1.0,5.0,22.0,6.0,2.0,1950.0,1.0,3.0,1.0,6.0,15000.0,3.0,1,2,2,1,2,1.0,10.3,6.53,5.0,5.0,1.0,1.0,5.0,5.0,1.0,5.0,2.0,5.0,5.0,2.0,5.0,3.0,1.0,3.0,5.0,1.0,5.0,4.0,3.0,5.0,3.0,1.0,5.0,4.0,2.0,4.0,5.0,4.0,2.0,4.0,3.0,4.0,4.0,4.0,2.0,3.0,4.0,3.0,4.0,1.0,3.0,4.0,1.0,2.0,1.0,5.0,3.0,4.0,4.0,4.0,4.0,4.0,1.0,7,1,2,4,4,1.0,2,3.0,2.0,2.0,3.0,5,46.0,0,81.0,5.0,35.5,5,60.0,0.000367986
44640542,1.0,6,358,133,62,57.0,10.8,120,3.0,0.0,1.0,0.0,0.0,0.0,2.0,1.0,1.0,2.0,3.0,0.0,2.0,2.0,3.0,3.0,3.0,1.0,1956.0,1.0,4.0,1.0,3.0,5000.0,5.0,2,2,2,2,2,1.0,57.0,15.48,2.0,3.0,3.0,2.0,3.0,4.0,3.0,2.0,4.0,2.0,4.0,5.0,4.0,3.0,3.0,3.0,4.0,1.0,1.0,1.0,3.0,2.0,3.0,3.0,2.0,3.0,4.0,2.0,4.0,4.0,1.0,3.0,3.0,3.0,3.0,2.0,3.0,1.0,3.0,4.0,2.0,4.0,5.0,4.0,4.0,3.0,3.0,4.0,2.0,3.0,4.0,4.0,4.0,4.0,3.0,7,1,2,4,4,3.0,6,2.0,2.0,3.0,3.0,5,114.0,1,163.0,3.0,150.0,5,54.0,0.000109132
44640637,1.0,3,91,18,25,19.4,5.79,46,1.0,0.0,1.0,0.0,0.0,0.0,1.0,1.0,1.0,1.0,1.0,0.0,2.0,2.0,2.5,10.0,4.0,2.0,1966.0,1.0,1.0,1.0,3.0,7000.0,6.0,2,2,2,2,2,1.0,19.4,8.3,1.0,3.0,2.0,2.0,4.0,5.0,2.0,4.0,1.0,3.0,6.0,5.0,5.0,4.0,5.0,6.0,5.0,3.0,5.0,5.0,3.0,5.0,6.0,4.0,4.0,6.0,6.0,5.0,5.0,2.0,2.0,1.0,5.0,6.0,4.0,4.0,6.0,1.0,1.0,5.0,5.0,1.0,3.0,5.0,5.0,6.0,1.0,5.0,1.0,1.0,2.0,4.0,3.0,5.0,1.0,7,1,2,4,4,5.0,1,3.0,2.0,2.0,1.0,5,63.0,1,48.0,5.0,53.0,5,44.0,9.82e-05
44640655,1.0,9,358,69,51,86.2,21.45,178,3.0,0.0,1.0,1.0,1.0,0.0,2.0,3.0,1.0,2.0,3.0,0.0,2.0,2.0,5.5,10.0,6.0,1.0,1956.0,1.0,3.0,1.0,1.0,15000.0,6.0,1,2,2,2,2,1.0,43.1,30.74,3.0,4.0,2.0,3.0,2.0,3.0,5.0,3.0,4.0,3.0,3.0,2.0,5.0,3.0,4.0,1.0,5.0,1.0,4.0,3.0,4.0,2.0,5.0,1.0,4.0,5.0,3.0,1.0,5.0,3.0,1.0,1.0,3.0,1.0,3.0,1.0,1.0,1.0,1.0,5.0,4.0,3.0,3.0,4.0,4.0,3.0,1.0,4.0,1.0,1.0,4.0,2.0,4.0,4.0,2.0,7,1,2,4,4,3.0,4,3.0,2.0,1.0,4.0,5,223.0,1,238.0,5.0,275.0,5,54.0,0.000109132
44670012,1.0,8,265,58,72,67.6,7.02,78,4.0,1.0,2.0,0.0,4.0,1.0,4.0,1.0,1.0,1.0,4.0,2.0,1.0,1.0,5.0,18.0,4.0,1.0,1963.0,1.0,2.0,1.0,3.0,7000.0,3.0,1,2,2,2,2,1.0,33.8,10.06,2.0,4.0,6.0,4.0,6.0,4.0,2.0,4.0,4.0,5.0,4.0,3.0,4.0,2.0,2.0,6.0,4.0,2.0,5.0,4.0,5.0,4.0,4.0,2.0,6.0,6.0,2.0,2.0,4.0,2.0,2.0,6.0,2.0,2.0,2.0,3.0,4.0,1.0,1.0,4.0,1.0,4.0,4.0,3.0,2.0,6.0,2.0,4.0,2.0,2.0,2.0,2.0,4.0,4.0,2.0,7,1,2,4,3,3.0,3,3.0,2.0,2.0,3.0,5,73.0,1,135.0,4.0,110.0,5,47.0,0.000409116
44670067,4.0,0,27,14,0,3.8,0.98,12,2.0,0.0,1.0,0.0,2.0,0.0,2.0,1.0,1.0,1.0,2.0,0.0,1.0,1.0,6.0,33.0,5.0,2.0,1949.0,1.0,2.0,4.0,4.0,9000.0,3.0,1,2,2,1,2,2.0,2.2,1.4,5.0,5.0,2.0,2.0,5.0,5.0,4.0,2.0,4.0,4.0,5.0,6.0,4.0,2.0,5.0,2.0,4.0,1.0,4.0,2.0,4.0,2.0,5.0,2.0,5.0,4.0,3.0,4.0,4.0,5.0,1.0,3.0,5.0,3.0,5.0,4.0,4.0,2.0,1.0,4.0,4.0,2.0,4.0,4.0,6.0,6.0,1.0,5.0,1.0,1.0,2.0,4.0,4.0,4.0,3.0,7,1,2,4,3,5.0,1,1.0,2.0,2.0,3.0,5,7.5,1,13.0,3.0,13.0,5,61.0,0.000367986
44670080,1.0,2,91,30,10,16.8,3.53,46,2.0,0.0,1.0,0.0,2.0,0.0,1.0,1.0,1.0,1.0,1.0,0.0,1.0,1.0,5.5,61.0,5.0,1.0,1948.0,1.0,2.0,1.0,6.0,9000.0,3.0,2,2,2,1,2,2.0,0.0,5.06,5.0,5.0,1.0,1.0,5.0,5.0,5.0,1.0,5.0,4.0,4.0,1.0,4.0,1.0,5.0,1.0,2.0,1.0,2.0,2.0,5.0,5.0,2.0,2.0,5.0,5.0,6.0,1.0,4.0,5.0,1.0,5.0,5.0,2.0,5.0,5.0,2.0,2.0,1.0,5.0,4.0,3.0,5.0,4.0,1.0,2.0,1.0,5.0,4.0,1.0,2.0,2.0,4.0,4.0,3.0,7,1,2,4,3,5.0,2,1.0,2.0,2.0,3.0,5,32.0,0,51.0,4.0,62.0,5,62.0,0.000409116
44670195,4.0,0,22,16,0,3.8,0.63,8,2.0,0.0,1.0,0.0,0.0,0.0,0.0,1.0,2.0,1.0,1.0,0.0,2.0,2.0,4.0,35.0,2.0,1.0,1931.0,1.0,2.0,9.0,6.0,3250.0,3.0,1,2,2,1,2,1.0,2.2,0.9,2.0,4.0,4.0,4.0,4.0,4.0,4.0,5.0,4.0,5.0,4.0,4.0,4.0,4.0,5.0,4.0,4.0,3.0,4.0,4.0,5.0,4.0,4.0,4.0,4.0,2.0,2.0,4.0,3.0,3.0,5.0,4.0,5.0,4.0,5.0,4.0,3.0,1.0,1.0,5.0,4.0,2.0,4.0,3.0,3.0,1.0,4.0,4.0,3.0,4.0,3.0,3.0,4.0,3.0,3.0,7,1,2,4,3,5.0,1,3.0,2.0,1.0,2.0,5,5.5,0,6.0,5.0,30.0,5,79.0,0.0003213
44670196,6.0,2,46,14,4,9.6,2.01,26,2.0,0.0,1.0,0.0,0.0,0.0,0.0,1.0,2.0,1.0,1.0,0.0,2.0,2.0,4.0,35.0,2.0,1.0,1931.0,1.0,2.0,9.0,6.0,3250.0,3.0,1,2,2,1,2,1.0,4.8,2.88,2.0,4.0,4.0,4.0,4.0,4.0,4.0,5.0,4.0,5.0,4.0,4.0,4.0,4.0,5.0,3.0,4.0,3.0,4.0,4.0,5.0,5.0,4.0,4.0,4.0,2.0,2.0,4.0,3.0,3.0,5.0,4.0,5.0,4.0,5.0,4.0,3.0,1.0,1.0,5.0,4.0,2.0,4.0,3.0,3.0,1.0,4.0,4.0,3.0,4.0,3.0,3.0,4.0,3.0,3.0,7,1,2,4,3,5.0,1,3.0,2.0,1.0,2.0,5,19.0,0,28.0,5.0,60.0,5,79.0,0.0003213
44670197,1.0,5,144,60,29,19.2,4.54,43,2.0,0.0,1.0,0.0,2.0,0.0,2.0,1.0,1.0,1.0,2.0,0.0,1.0,1.0,5.0,11.0,4.0,1.0,1962.0,1.0,3.0,1.0,6.0,7000.0,3.0,2,2,2,2,2,1.0,19.2,6.51,2.0,3.0,3.0,1.0,5.0,5.0,5.0,5.0,1.0,5.0,1.0,4.0,2.0,2.0,5.0,6.0,4.0,2.0,5.0,4.0,4.0,4.0,4.0,2.0,4.0,4.0,1.0,1.0,5.0,5.0,1.0,1.0,4.0,4.0,4.0,1.0,3.0,2.0,4.0,6.0,1.0,1.0,1.0,2.0,5.0,1.0,2.0,1.0,1.0,4.0,1.0,5.0,5.0,2.0,1.0,7,1,2,4,3,5.0,2,3.0,2.0,2.0,4.0,5,47.0,1,55.0,4.0,55.0,5,48.0,0.000367986
44670208,1.0,0,122,102,0,13.6,2.2,31,5.0,1.0,1.0,0.0,5.0,0.0,2.0,0.0,1.0,2.0,3.0,0.0,1.0,2.0,4.0,12.0,4.0,1.0,1960.0,3.0,3.0,1.0,6.0,7000.0,6.0,1,2,2,1,2,1.0,6.8,3.15,5.0,5.0,2.0,2.0,3.0,5.0,3.0,4.0,4.0,3.0,3.0,2.0,4.0,2.0,4.0,3.0,3.0,1.0,3.0,3.0,3.0,3.0,4.0,2.0,5.0,4.0,3.0,1.0,4.0,5.0,1.0,5.0,5.0,3.0,5.0,3.0,3.0,1.0,1.0,6.0,3.0,1.0,4.0,5.0,5.0,6.0,1.0,4.0,4.0,4.0,1.0,5.0,5.0,2.0,1.0,7,1,2,4,3,5.0,4,3.0,1.0,1.0,4.0,5,18.5,0,20.0,3.0,160.0,5,50.0,0.000109132
44670291,1.0,4,209,70,14,24.4,4.94,54,3.0,1.0,2.0,0.0,3.0,1.0,1.0,1.0,1.0,1.0,2.0,1.0,1.0,1.0,5.0,2.0,4.0,2.0,1967.0,1.0,3.0,2.0,6.0,7000.0,3.0,2,2,2,2,2,1.0,24.4,7.08,1.0,4.0,2.0,2.0,3.0,4.0,4.0,4.0,2.0,4.0,1.0,2.0,5.0,2.0,4.0,3.0,4.0,2.0,5.0,4.0,3.0,3.0,3.0,2.0,4.0,6.0,3.0,2.0,4.0,4.0,1.0,6.0,4.0,2.0,2.0,2.0,3.0,2.0,2.0,4.0,4.0,2.0,4.0,4.0,4.0,6.0,1.0,4.0,2.0,3.0,3.0,3.0,4.0,4.0,2.0,7,1,2,4,3,4.0,3,4.0,2.0,3.0,2.0,5,50.5,1,125.0,4.0,55.0,5,43.0,0.000367986
44670292,1.0,6,181,22,27,24.8,3.22,46,3.0,1.0,2.0,0.0,4.0,1.0,2.0,2.0,1.0,1.0,2.0,1.0,1.0,1.0,5.0,2.0,5.0,1.0,1968.0,1.0,7.0,1.0,7.0,9000.0,3.0,1,2,2,2,2,1.0,12.4,4.61,2.0,2.0,3.0,3.0,3.0,4.0,5.0,3.0,2.0,5.0,2.0,4.0,3.0,2.0,4.0,1.0,5.0,2.0,4.0,3.0,4.0,4.0,4.0,4.0,4.0,2.0,4.0,3.0,4.0,3.0,2.0,2.0,2.0,2.0,2.0,3.0,4.0,2.0,2.0,4.0,2.0,1.0,2.0,3.0,2.0,2.0,2.0,4.0,2.0,5.0,2.0,3.0,2.0,2.0,1.0,7,1,2,4,3,5.0,2,3.0,2.0,2.0,3.0,5,32.0,1,132.0,3.0,60.0,5,42.0,0.000409116
44670347,1.0,4,181,36,33,23.9,6.8,66,2.0,0.0,1.0,0.0,1.0,0.0,2.0,2.0,1.0,1.0,1.0,1.0,1.0,1.0,5.0,47.0,3.0,1.0,1962.0,1.0,7.0,1.0,5.0,5000.0,3.0,2,2,2,2,2,1.0,23.9,9.74,1.0,3.0,2.0,2.0,3.0,4.0,2.0,4.0,2.0,5.0,2.0,5.0,4.0,4.0,2.0,6.0,3.0,1.0,4.0,4.0,4.0,4.0,6.0,3.0,2.0,4.0,4.0,2.0,4.0,4.0,1.0,4.0,3.0,2.0,4.0,4.0,3.0,1.0,2.0,5.0,2.0,2.0,4.0,4.0,3.0,3.0,2.0,5.0,2.0,3.0,2.0,4.0,4.0,4.0,2.0,7,1,2,4,3,5.0,2,1.0,2.0,3.0,3.0,5,70.0,1,112.0,5.0,89.0,5,48.0,0.000409116
44670377,1.0,2,80,34,2,16.8,3.33,46,2.0,0.0,1.0,0.0,3.0,0.0,1.0,0.0,1.0,1.0,1.0,0.0,2.0,2.0,3.0,2.0,4.0,2.0,1975.0,1.0,2.0,2.0,6.0,7000.0,3.0,1,2,2,1,2,1.0,8.4,4.77,4.0,3.0,1.0,3.0,4.0,5.0,5.0,2.0,5.0,5.0,5.0,1.0,5.0,2.0,2.0,4.0,4.0,1.0,5.0,2.0,5.0,1.0,5.0,3.0,4.0,5.0,3.0,5.0,5.0,5.0,1.0,5.0,3.0,1.0,5.0,2.0,3.0,1.0,2.0,5.0,4.0,3.0,5.0,4.0,4.0,2.0,2.0,5.0,2.0,3.0,3.0,4.0,2.0,4.0,1.0,7,1,2,4,3,5.0,2,4.0,2.0,3.0,4.0,5,32.0,0,44.0,5.0,60.0,5,35.0,0.00087004
44670378,1.0,2,130,44,9,22.0,6.63,70,2.0,0.0,1.0,0.0,3.0,0.0,1.0,0.0,1.0,2.0,1.0,0.0,2.0,2.0,3.0,2.0,4.0,1.0,1973.0,1.0,2.0,2.0,3.0,7000.0,3.0,2,2,1,2,2,1.0,0.0,9.5,5.0,4.0,4.0,1.0,4.0,5.0,4.0,4.0,4.0,5.0,4.0,2.0,4.0,5.0,4.0,6.0,5.0,3.0,5.0,2.0,3.0,4.0,4.0,3.0,4.0,5.0,2.0,2.0,4.0,4.0,1.0,4.0,4.0,1.0,4.0,2.0,2.0,1.0,1.0,5.0,4.0,3.0,4.0,4.0,4.0,2.0,1.0,2.0,2.0,3.0,2.0,3.0,2.0,4.0,1.0,7,1,2,4,3,4.0,2,4.0,2.0,2.0,3.0,5,65.0,0,77.0,4.0,102.0,5,37.0,0.000967286
44670387,1.0,1,38,12,0,8.4,1.67,22,3.0,0.0,2.0,0.0,3.0,0.0,1.0,1.0,1.0,1.0,2.0,0.0,2.0,1.0,2.0,3.0,4.0,2.0,1967.0,1.0,2.0,1.0,6.0,7000.0,3.0,1,2,2,2,2,1.0,4.2,2.39,3.0,3.0,4.0,3.0,3.0,4.0,4.0,4.0,3.0,3.0,4.0,3.0,3.0,2.0,3.0,6.0,5.0,3.0,5.0,4.0,4.0,3.0,5.0,5.0,4.0,3.0,3.0,2.0,3.0,6.0,1.0,2.0,5.0,3.0,3.0,4.0,4.0,1.0,2.0,5.0,3.0,4.0,5.0,4.0,4.0,3.0,3.0,5.0,3.0,3.0,3.0,4.0,4.0,3.0,1.0,7,1,2,4,3,5.0,1,1.0,2.0,3.0,4.0,5,16.0,1,26.0,4.0,25.0,5,43.0,0.000367986
44670437,1.0,2,42,15,1,9.2,1.72,22,2.0,0.0,1.0,0.0,2.0,0.0,1.0,1.0,1.0,1.0,2.0,0.0,2.0,2.0,4.0,2.0,4.0,2.0,1954.0,1.0,7.0,2.0,6.0,7000.0,4.0,1,2,2,2,2,2.0,4.6,2.46,3.0,4.0,3.0,2.0,3.0,4.0,4.0,4.0,2.0,4.0,4.0,4.0,4.0,3.0,4.0,3.0,5.0,3.0,4.0,3.0,4.0,4.0,4.0,2.0,4.0,3.0,3.0,3.0,4.0,4.0,2.0,3.0,4.0,3.0,5.0,4.0,4.0,2.0,2.0,5.0,4.0,3.0,4.0,4.0,4.0,3.0,3.0,4.0,2.0,3.0,2.0,4.0,4.0,3.0,1.0,7,1,2,4,3,3.0,1,4.0,2.0,2.0,3.0,5,16.0,0,26.0,4.0,35.5,5,56.0,9.82e-05
44670441,1.0,2,64,20,1,12.9,3.54,36,3.0,0.0,1.0,0.0,3.0,0.0,2.0,1.0,1.0,1.0,3.0,0.0,1.0,1.0,5.0,18.0,2.0,2.0,1958.0,1.0,3.0,2.0,6.0,3250.0,5.0,1,2,2,1,2,2.0,6.45,5.07,5.0,4.0,1.0,2.0,5.0,5.0,2.0,4.0,2.0,5.0,4.0,4.0,4.0,2.0,5.0,2.0,2.0,1.0,5.0,2.0,4.0,2.0,4.0,2.0,5.0,5.0,2.0,4.0,5.0,5.0,1.0,4.0,2.0,2.0,4.0,2.0,4.0,1.0,1.0,5.0,4.0,1.0,2.0,4.0,2.0,2.0,1.0,4.0,1.0,2.0,4.0,3.0,5.0,2.0,1.0,7,1,2,4,3,5.0,1,4.0,1.0,2.0,4.0,5,36.0,0,43.0,5.0,40.0,5,52.0,9.82e-05
44670441,10.0,0,15,9,0,3.8,0.59,8,3.0,0.0,1.0,0.0,3.0,0.0,2.0,1.0,1.0,1.0,3.0,0.0,1.0,1.0,5.0,18.0,2.0,2.0,1958.0,1.0,3.0,2.0,6.0,3250.0,5.0,1,2,2,1,2,2.0,2.2,0.85,5.0,4.0,1.0,2.0,5.0,5.0,2.0,4.0,2.0,5.0,4.0,4.0,4.0,2.0,5.0,2.0,2.0,1.0,5.0,2.0,4.0,2.0,4.0,2.0,5.0,5.0,2.0,4.0,5.0,5.0,1.0,4.0,2.0,2.0,4.0,2.0,4.0,1.0,1.0,5.0,4.0,1.0,2.0,4.0,2.0,2.0,1.0,4.0,1.0,2.0,4.0,3.0,5.0,2.0,3.0,7,1,2,4,3,5.0,1,4.0,1.0,2.0,4.0,5,5.5,0,6.0,5.0,12.0,5,52.0,9.82e-05
44670522,1.0,0,25,22,0,3.0,0.41,6,2.0,0.0,2.0,0.0,1.0,0.0,1.0,1.0,1.0,1.0,2.0,0.0,1.0,1.0,4.0,9.0,6.0,1.0,1948.0,1.0,2.0,1.0,3.0,15000.0,3.0,1,2,2,2,2,1.0,2.2,0.59,2.0,2.0,3.0,2.0,4.0,4.0,3.0,2.0,2.0,4.0,6.0,3.0,4.0,3.0,3.0,4.0,4.0,2.0,4.0,3.0,3.0,3.0,2.0,3.0,3.0,2.0,3.0,4.0,4.0,2.0,3.0,4.0,3.0,2.0,2.0,4.0,3.0,1.0,2.0,4.0,3.0,2.0,4.0,4.0,4.0,2.0,4.0,4.0,3.0,2.0,2.0,4.0,4.0,4.0,1.0,7,1,2,4,3,5.0,1,4.0,2.0,2.0,3.0,5,4.0,1,3.0,5.0,15.0,5,62.0,0.000409116
44690019,8.0,0,134,88,0,10.6,2.3,34,2.0,0.0,1.0,0.0,2.0,0.0,2.0,1.0,1.0,1.0,2.0,0.0,1.0,1.0,5.0,11.0,4.0,1.0,1962.0,1.0,3.0,1.0,6.0,7000.0,3.0,2,2,2,2,2,1.0,10.6,3.3,2.0,4.0,3.0,4.0,4.0,4.0,6.0,6.0,6.0,4.0,4.0,5.0,5.0,2.0,5.0,1.0,5.0,2.0,4.0,4.0,4.0,2.0,2.0,2.0,5.0,4.0,6.0,1.0,5.0,4.0,1.0,4.0,3.0,4.0,6.0,4.0,5.0,6.0,6.0,4.0,3.0,3.0,4.0,3.0,6.0,2.0,2.0,5.0,3.0,1.0,2.0,3.0,4.0,4.0,3.0,7,1,2,4,3,5.0,2,3.0,2.0,2.0,3.0,5,22.0,1,46.0,4.0,14.0,5,48.0,0.000109132
44690020,4.0,2,107,30,17,16.6,1.18,16,2.0,0.0,1.0,0.0,2.0,0.0,2.0,1.0,1.0,1.0,2.0,0.0,1.0,1.0,5.0,11.0,4.0,1.0,1962.0,1.0,3.0,1.0,6.0,7000.0,3.0,2,2,2,2,2,1.0,16.6,1.69,2.0,4.0,3.0,2.0,4.0,5.0,4.0,3.0,3.0,5.0,4.0,5.0,4.0,2.0,4.0,6.0,4.0,1.0,5.0,4.0,4.0,4.0,4.0,2.0,4.0,4.0,4.0,2.0,4.0,4.0,1.0,4.0,3.0,2.0,4.0,4.0,3.0,1.0,2.0,5.0,2.0,2.0,4.0,4.0,3.0,3.0,2.0,5.0,2.0,3.0,2.0,4.0,4.0,4.0,3.0,7,1,2,4,3,5.0,1,3.0,2.0,2.0,3.0,5,12.0,1,60.0,4.0,15.0,5,48.0,0.001636675
44690020,8.0,0,38,24,0,5.3,0.91,13,2.0,0.0,1.0,0.0,2.0,0.0,2.0,1.0,1.0,1.0,2.0,0.0,1.0,1.0,5.0,11.0,4.0,1.0,1962.0,1.0,3.0,1.0,6.0,7000.0,3.0,2,2,2,2,2,1.0,5.3,1.3,2.0,4.0,3.0,2.0,4.0,5.0,4.0,3.0,3.0,5.0,4.0,5.0,4.0,2.0,4.0,6.0,4.0,1.0,5.0,4.0,4.0,4.0,4.0,2.0,4.0,4.0,4.0,2.0,4.0,4.0,1.0,4.0,3.0,2.0,4.0,4.0,3.0,1.0,2.0,5.0,2.0,2.0,4.0,4.0,3.0,3.0,2.0,5.0,2.0,3.0,2.0,4.0,4.0,4.0,3.0,7,1,2,4,3,5.0,1,3.0,2.0,2.0,3.0,5,8.5,1,14.0,4.0,15.0,5,48.0,0.000113121
44690020,8.0,0,14,6,0,4.0,0.76,10,2.0,0.0,1.0,0.0,2.0,0.0,2.0,1.0,1.0,1.0,2.0,0.0,1.0,1.0,5.0,11.0,4.0,1.0,1962.0,1.0,3.0,1.0,6.0,7000.0,3.0,2,2,2,2,2,1.0,4.0,1.09,2.0,4.0,3.0,2.0,4.0,5.0,4.0,3.0,3.0,5.0,4.0,5.0,4.0,2.0,4.0,6.0,4.0,1.0,5.0,4.0,4.0,4.0,4.0,2.0,4.0,4.0,4.0,2.0,4.0,4.0,1.0,4.0,3.0,2.0,4.0,4.0,3.0,1.0,2.0,5.0,2.0,2.0,4.0,4.0,3.0,3.0,2.0,5.0,2.0,3.0,2.0,4.0,4.0,4.0,3.0,7,1,2,4,3,5.0,1,3.0,2.0,2.0,3.0,5,7.0,1,8.0,4.0,5.0,5,48.0,0.000144039
44690034,3.0,2,85,24,2,14.8,4.39,58,3.0,1.0,1.0,0.0,3.0,0.0,1.0,2.0,1.0,1.0,3.0,0.0,1.0,2.0,6.0,20.0,4.0,2.0,1962.0,1.0,6.0,8.0,6.0,9321.0,5.0,1,2,2,1,2,1.0,7.4,6.29,4.0,4.0,2.0,2.0,5.0,5.0,4.0,3.0,5.0,4.0,6.0,5.0,5.0,4.0,6.0,2.0,3.0,1.0,6.0,6.0,6.0,6.0,6.0,2.0,5.0,5.0,5.0,2.0,5.0,5.0,4.0,5.0,4.0,2.0,5.0,4.0,4.0,2.0,4.0,4.0,2.0,4.0,5.0,4.0,6.0,6.0,1.0,4.0,2.0,2.0,4.0,2.0,2.0,4.0,1.0,7,1,2,4,3,5.0,2,3.0,4.0,4.0,1.0,5,40.0,0,59.0,3.0,74.0,5,48.0,9.82e-05
44690034,10.0,1,62,6,15,8.0,1.28,18,3.0,1.0,1.0,0.0,3.0,0.0,1.0,2.0,1.0,1.0,3.0,0.0,1.0,2.0,6.0,20.0,4.0,2.0,1962.0,1.0,6.0,8.0,6.0,9321.0,5.0,1,2,2,1,2,1.0,4.0,1.83,4.0,4.0,2.0,2.0,5.0,5.0,4.0,3.0,5.0,4.0,6.0,5.0,5.0,4.0,6.0,2.0,3.0,1.0,6.0,6.0,6.0,6.0,6.0,2.0,5.0,5.0,5.0,2.0,5.0,5.0,4.0,5.0,4.0,2.0,5.0,4.0,4.0,2.0,4.0,4.0,2.0,4.0,5.0,4.0,6.0,6.0,1.0,4.0,2.0,2.0,4.0,2.0,2.0,4.0,3.0,7,1,2,4,3,5.0,2,3.0,4.0,4.0,1.0,5,13.0,0,41.0,3.0,30.0,5,48.0,0.000232084
44690050,2.0,0,44,20,0,10.6,1.66,24,3.0,1.0,3.0,0.0,3.0,2.0,2.0,1.0,1.0,1.0,3.0,0.0,1.0,1.0,6.0,15.0,1.0,1.0,1960.0,1.0,3.0,1.0,1.0,2000.0,3.0,2,2,2,2,2,1.0,10.6,2.38,1.0,2.0,3.0,3.0,3.0,4.0,3.0,4.0,3.0,3.0,3.0,4.0,4.0,5.0,4.0,3.0,3.0,5.0,5.0,5.0,3.0,4.0,4.0,4.0,2.0,1.0,6.0,1.0,6.0,1.0,6.0,4.0,3.0,3.0,1.0,4.0,2.0,1.0,1.0,5.0,2.0,2.0,2.0,5.0,5.0,5.0,5.0,3.0,3.0,3.0,6.0,6.0,2.0,5.0,1.0,7,1,2,4,3,4.0,2,4.0,2.0,2.0,1.0,5,16.0,1,24.0,4.0,30.0,5,50.0,0.000409116
44690050,6.0,0,29,16,0,8.0,0.82,10,3.0,1.0,3.0,0.0,3.0,2.0,2.0,1.0,1.0,1.0,3.0,0.0,1.0,1.0,6.0,15.0,1.0,1.0,1960.0,1.0,3.0,1.0,1.0,2000.0,3.0,2,2,2,2,2,1.0,8.0,1.18,1.0,2.0,3.0,3.0,3.0,4.0,3.0,4.0,3.0,3.0,3.0,4.0,4.0,5.0,4.0,3.0,3.0,5.0,5.0,5.0,3.0,4.0,4.0,4.0,2.0,1.0,6.0,1.0,6.0,1.0,6.0,4.0,3.0,3.0,1.0,4.0,2.0,1.0,1.0,5.0,2.0,2.0,2.0,5.0,5.0,5.0,5.0,3.0,3.0,3.0,6.0,6.0,2.0,5.0,3.0,7,1,2,4,3,4.0,2,4.0,2.0,2.0,1.0,5,8.0,1,13.0,4.0,20.0,5,50.0,0.000409116
44690111,1.0,0,111,18,0,36.0,8.82,94,2.0,0.0,1.0,0.0,2.0,0.0,0.0,1.0,2.0,1.0,1.0,0.0,1.0,1.0,5.0,45.0,2.0,1.0,1929.0,1.0,2.0,9.0,5.0,3250.0,2.0,1,2,2,1,2,1.0,18.0,12.64,4.0,2.0,2.0,2.0,4.0,4.0,4.0,3.0,3.0,5.0,4.0,3.0,3.0,2.0,2.0,6.0,2.0,1.0,3.0,4.0,3.0,4.0,4.0,3.0,4.0,2.0,4.0,4.0,2.0,3.0,5.0,2.0,2.0,2.0,4.0,4.0,3.0,1.0,2.0,5.0,2.0,3.0,4.0,4.0,3.0,3.0,2.0,4.0,2.0,3.0,2.0,3.0,4.0,4.0,3.0,7,1,2,4,3,5.0,6,1.0,2.0,2.0,3.0,5,65.5,0,93.0,4.0,99.0,5,81.0,0.00303431
44690159,9.0,4,143,18,30,42.0,9.32,75,6.0,0.0,3.0,2.0,6.0,0.0,4.0,3.0,1.0,2.0,6.0,0.0,1.0,1.0,7.0,28.0,4.0,1.0,1961.0,1.0,3.0,1.0,6.0,7000.0,3.0,1,2,2,2,2,1.0,21.0,13.36,3.0,3.0,4.0,2.0,3.0,4.0,5.0,3.0,5.0,5.0,4.0,4.0,4.0,2.0,5.0,2.0,2.0,2.0,5.0,4.0,4.0,4.0,3.0,2.0,4.0,3.0,4.0,2.0,5.0,3.0,2.0,3.0,2.0,4.0,2.0,4.0,3.0,2.0,2.0,5.0,4.0,2.0,5.0,5.0,5.0,3.0,3.0,4.0,3.0,2.0,4.0,2.0,3.0,4.0,3.0,7,1,2,4,3,5.0,1,3.0,2.0,3.0,1.0,5,100.0,1,95.0,3.0,90.0,5,49.0,0.000409116
44690160,11.0,0,18,16,0,2.0,0.16,1,6.0,0.0,3.0,2.0,6.0,0.0,4.0,3.0,1.0,2.0,6.0,0.0,1.0,1.0,7.0,47.0,4.0,2.0,1961.0,1.0,3.0,2.0,6.0,7000.0,3.0,1,2,2,1,2,2.0,2.2,0.23,4.0,3.0,3.0,2.0,3.0,5.0,4.0,3.0,4.0,5.0,5.0,4.0,4.0,2.0,4.0,2.0,2.0,2.0,5.0,3.0,4.0,2.0,4.0,2.0,4.0,4.0,4.0,4.0,4.0,4.0,2.0,3.0,2.0,4.0,3.0,4.0,3.0,2.0,2.0,4.0,2.0,2.0,5.0,4.0,5.0,4.0,3.0,4.0,3.0,3.0,2.0,4.0,4.0,3.0,3.0,7,1,2,4,3,5.0,1,1.0,2.0,3.0,1.0,5,0.7,2,2.0,3.0,3.0,5,49.0,0.000367986
44690187,9.0,9,322,48,84,31.6,7.17,98,2.0,0.0,2.0,0.0,2.0,0.0,1.0,2.0,1.0,1.0,2.0,2.0,1.0,1.0,5.0,4.0,5.0,1.0,1968.0,1.0,2.0,1.0,6.0,9000.0,4.0,2,2,2,2,2,1.0,31.6,10.27,4.0,2.0,1.0,2.0,4.0,4.0,4.0,3.0,2.0,3.0,2.0,3.0,5.0,4.0,3.0,6.0,4.0,2.0,5.0,4.0,2.0,4.0,4.0,4.0,2.0,1.0,4.0,1.0,4.0,1.0,5.0,3.0,4.0,1.0,3.0,2.0,3.0,1.0,1.0,5.0,4.0,1.0,4.0,5.0,5.0,4.0,2.0,3.0,1.0,3.0,2.0,4.0,3.0,4.0,3.0,7,1,2,4,3,6.0,3,4.0,1.0,2.0,1.0,5,75.0,1,190.0,6.0,53.0,5,42.0,0.000109132
44690188,9.0,9,316,49,93,31.6,6.28,85,2.0,0.0,2.0,0.0,2.0,0.0,1.0,1.0,1.0,1.0,2.0,2.0,1.0,1.0,5.0,4.0,5.0,2.0,1977.0,1.0,2.0,2.0,1.0,9000.0,3.0,2,2,2,2,2,1.0,31.6,9.0,2.0,2.0,3.0,2.0,3.0,4.0,4.0,3.0,1.0,4.0,1.0,2.0,5.0,1.0,3.0,6.0,4.0,1.0,5.0,2.0,4.0,3.0,4.0,4.0,2.0,3.0,2.0,4.0,4.0,2.0,4.0,1.0,2.0,1.0,1.0,2.0,4.0,1.0,1.0,5.0,4.0,2.0,4.0,5.0,5.0,3.0,1.0,5.0,1.0,1.0,1.0,5.0,5.0,2.0,3.0,7,1,2,4,3,5.0,3,3.0,2.0,2.0,2.0,5,65.0,1,174.0,5.0,53.0,5,33.0,0.00087004
44690303,4.0,0,61,36,0,10.6,1.48,20,2.0,0.0,2.0,0.0,0.0,0.0,1.0,1.0,1.0,1.0,2.0,0.0,1.0,1.0,6.0,70.0,3.0,1.0,1933.0,1.0,2.0,9.0,8.0,5000.0,3.0,1,2,2,2,2,1.0,5.3,2.12,1.0,2.0,6.0,4.0,1.0,4.0,6.0,6.0,5.0,3.0,5.0,6.0,5.0,2.0,4.0,6.0,4.0,3.0,4.0,3.0,4.0,5.0,5.0,2.0,4.0,4.0,4.0,2.0,4.0,4.0,6.0,4.0,4.0,4.0,4.0,4.0,3.0,1.0,2.0,4.0,1.0,3.0,4.0,4.0,6.0,2.0,2.0,3.0,6.0,3.0,1.0,4.0,2.0,4.0,3.0,7,1,2,4,3,5.0,2,3.0,2.0,4.0,3.0,5,14.5,0,25.0,5.0,25.0,5,77.0,0.0003213
44690327,11.0,2,115,60,3,27.3,4.32,57,2.0,0.0,2.0,0.0,2.0,0.0,1.0,2.0,1.0,1.0,2.0,0.0,1.0,1.0,5.0,38.0,6.0,1.0,1942.0,1.0,2.0,9.0,3.0,15000.0,4.0,1,2,2,2,2,1.0,13.65,6.19,2.0,2.0,2.0,3.0,1.0,3.0,5.0,1.0,3.0,5.0,3.0,2.0,5.0,3.0,4.0,2.0,3.0,4.0,5.0,4.0,4.0,3.0,2.0,3.0,4.0,3.0,1.0,2.0,5.0,5.0,1.0,1.0,2.0,1.0,3.0,5.0,3.0,1.0,1.0,5.0,3.0,1.0,5.0,4.0,2.0,2.0,4.0,3.0,2.0,4.0,4.0,3.0,4.0,4.0,3.0,7,1,2,4,3,5.0,3,1.0,2.0,2.0,3.0,5,39.5,1,52.0,5.0,55.0,5,68.0,8.57e-05
44690328,4.0,6,233,35,39,45.0,3.6,50,2.0,0.0,2.0,0.0,2.0,0.0,1.0,2.0,1.0,1.0,2.0,0.0,1.0,1.0,4.0,38.0,5.0,2.0,1945.0,1.0,2.0,9.0,8.0,9000.0,2.0,1,2,2,2,2,1.0,22.5,5.16,4.0,3.0,5.0,3.0,3.0,4.0,6.0,3.0,3.0,5.0,4.0,6.0,5.0,4.0,4.0,6.0,4.0,4.0,4.0,4.0,4.0,4.0,5.0,4.0,3.0,3.0,6.0,4.0,4.0,4.0,6.0,4.0,4.0,6.0,4.0,6.0,6.0,6.0,6.0,4.0,6.0,6.0,4.0,5.0,6.0,6.0,3.0,4.0,6.0,4.0,4.0,6.0,3.0,4.0,3.0,7,1,2,4,3,5.0,5,1.0,2.0,2.0,1.0,5,32.7,1,159.0,4.0,75.0,5,65.0,0.00115614
44692020,1.0,4,142,40,32,28.8,2.44,34,3.0,1.0,1.0,0.0,2.0,0.0,1.0,2.0,1.0,2.0,1.0,0.0,2.0,2.0,4.0,3.0,3.0,2.0,1984.0,1.0,3.0,2.0,6.0,5000.0,3.0,2,2,2,2,2,1.0,28.8,3.5,2.0,6.0,6.0,3.0,3.0,3.0,3.0,3.0,1.0,5.0,1.0,3.0,5.0,6.0,3.0,4.0,4.0,1.0,5.0,3.0,4.0,4.0,4.0,3.0,6.0,6.0,6.0,6.0,4.0,6.0,1.0,6.0,6.0,3.0,6.0,4.0,4.0,1.0,1.0,5.0,1.0,5.0,4.0,4.0,1.0,6.0,6.0,5.0,3.0,6.0,6.0,4.0,4.0,4.0,1.0,7,1,2,4,3,5.0,2,4.0,2.0,3.0,3.0,5,24.0,1,70.0,4.0,40.0,5,26.0,0.00087004
47120013,6.0,0,93,93,0,0.0,0.14,1,2.0,0.0,2.0,0.0,5.0,0.0,2.0,4.0,1.0,1.0,2.0,0.0,1.0,1.0,7.0,29.0,3.0,1.0,1958.0,1.0,7.0,1.0,7.0,5000.0,3.0,1,2,2,2,2,1.0,2.2,0.2,4.0,5.0,2.0,1.0,4.0,5.0,5.0,1.0,6.0,6.0,6.0,5.0,3.0,1.0,5.0,6.0,1.0,1.0,5.0,3.0,5.0,5.0,1.0,1.0,3.0,6.0,6.0,1.0,1.0,4.0,1.0,4.0,1.0,1.0,2.0,2.0,5.0,1.0,1.0,5.0,4.0,2.0,2.0,5.0,5.0,1.0,6.0,5.0,1.0,5.0,2.0,5.0,4.0,5.0,3.0,7,1,2,3,3,5.0,1,1.0,2.0,3.0,3.0,5,0.7,2,0.0,5.0,180.0,5,52.0,0.000409116
47120030,1.0,1,85,30,6,23.0,2.7,25,3.0,0.0,3.0,0.0,0.0,0.0,1.0,2.0,1.0,1.0,3.0,0.0,1.0,1.0,5.0,8.0,5.0,2.0,1955.0,1.0,2.0,1.0,6.0,9000.0,4.0,2,2,2,2,2,1.0,23.0,3.87,1.0,2.0,4.0,4.0,1.0,1.0,5.0,3.0,4.0,3.0,1.0,5.0,5.0,6.0,3.0,6.0,5.0,3.0,5.0,5.0,3.0,6.0,5.0,6.0,5.0,6.0,4.0,1.0,6.0,2.0,1.0,6.0,6.0,3.0,3.0,3.0,3.0,1.0,2.0,5.0,5.0,3.0,4.0,4.0,3.0,2.0,2.0,5.0,3.0,3.0,2.0,4.0,5.0,4.0,1.0,7,1,2,3,3,4.0,1,4.0,2.0,2.0,4.0,5,28.0,1,49.0,4.0,30.0,5,55.0,9.82e-05
47120030,4.0,3,108,62,16,21.8,4.45,44,3.0,0.0,3.0,0.0,0.0,0.0,1.0,2.0,1.0,1.0,3.0,0.0,1.0,1.0,5.0,8.0,5.0,2.0,1955.0,1.0,2.0,1.0,6.0,9000.0,4.0,2,2,2,2,2,1.0,21.8,6.38,1.0,2.0,4.0,4.0,1.0,1.0,5.0,3.0,4.0,3.0,1.0,5.0,5.0,6.0,3.0,6.0,5.0,3.0,5.0,5.0,3.0,6.0,5.0,6.0,5.0,6.0,4.0,1.0,6.0,2.0,1.0,6.0,6.0,3.0,3.0,3.0,3.0,1.0,2.0,5.0,5.0,3.0,4.0,4.0,3.0,2.0,2.0,5.0,3.0,3.0,2.0,4.0,5.0,4.0,3.0,7,1,2,3,3,4.0,2,4.0,2.0,2.0,4.0,5,46.0,1,30.0,4.0,90.0,5,55.0,9.82e-05
47120261,1.0,5,254,86,41,43.4,10.23,84,2.0,0.0,0.0,0.0,3.0,0.0,2.0,0.0,1.0,2.0,2.0,0.0,1.0,2.0,4.0,1.0,5.0,2.0,1977.0,1.0,5.0,2.0,6.0,9000.0,7.0,2,2,1,2,2,3.0,0.0,14.66,5.0,4.0,1.0,2.0,4.0,5.0,3.0,4.0,3.0,6.0,1.0,2.0,4.0,1.0,6.0,6.0,2.0,6.0,6.0,6.0,6.0,4.0,6.0,3.0,4.0,5.0,6.0,2.0,5.0,5.0,1.0,4.0,3.0,2.0,4.0,2.0,3.0,1.0,2.0,5.0,4.0,1.0,5.0,4.0,3.0,6.0,1.0,6.0,1.0,2.0,2.0,3.0,4.0,4.0,1.0,7,1,2,3,3,5.0,2,3.0,2.0,2.0,1.0,5,109.0,0,127.0,5.0,175.0,5,33.0,0.000340556
47120308,1.0,4,199,92,17,28.8,6.08,66,2.0,0.0,1.0,1.0,2.0,0.0,1.0,1.0,1.0,1.0,2.0,0.0,1.0,1.0,6.0,8.0,4.0,2.0,1957.0,1.0,5.0,2.0,6.0,7000.0,3.0,2,2,2,2,2,2.0,28.8,8.71,2.0,4.0,2.0,1.0,4.0,5.0,1.0,2.0,1.0,5.0,4.0,5.0,1.0,2.0,4.0,2.0,4.0,1.0,5.0,1.0,5.0,4.0,5.0,5.0,3.0,3.0,3.0,4.0,5.0,4.0,1.0,3.0,5.0,1.0,3.0,3.0,3.0,1.0,2.0,5.0,2.0,2.0,5.0,5.0,4.0,3.0,1.0,5.0,1.0,1.0,2.0,4.0,3.0,4.0,3.0,7,1,2,3,3,5.0,5,1.0,2.0,2.0,4.0,5,58.5,1,90.0,5.0,95.0,5,53.0,0.000367986
47120321,7.0,2,94,32,8,20.4,5.1,55,2.0,0.0,2.0,0.0,3.0,0.0,2.0,2.0,1.0,2.0,2.0,0.0,1.0,1.0,7.0,3.0,6.0,1.0,1974.0,1.0,2.0,2.0,6.0,15000.0,3.0,2,2,1,2,2,1.0,0.0,7.31,5.0,4.0,2.0,1.0,4.0,4.0,4.0,2.0,4.0,3.0,5.0,1.0,4.0,1.0,5.0,2.0,2.0,1.0,4.0,2.0,4.0,1.0,3.0,1.0,5.0,5.0,5.0,1.0,5.0,5.0,2.0,4.0,3.0,1.0,4.0,5.0,3.0,1.0,1.0,5.0,2.0,4.0,5.0,5.0,4.0,1.0,1.0,5.0,1.0,4.0,2.0,4.0,4.0,2.0,3.0,7,1,2,3,3,5.0,3,3.0,1.0,2.0,3.0,5,54.2,1,54.0,5.0,55.0,5,36.0,0.000967286
47120322,1.0,1,53,22,6,10.2,2.65,27,2.0,0.0,2.0,0.0,3.0,0.0,2.0,2.0,1.0,2.0,2.0,0.0,1.0,1.0,7.0,3.0,6.0,2.0,1983.0,1.0,2.0,2.0,6.0,15000.0,3.0,1,2,2,2,2,1.0,5.1,3.8,1.0,4.0,2.0,3.0,2.0,4.0,5.0,1.0,4.0,4.0,2.0,5.0,4.0,1.0,4.0,6.0,2.0,1.0,5.0,2.0,4.0,4.0,4.0,2.0,4.0,1.0,4.0,2.0,5.0,4.0,1.0,1.0,2.0,2.0,1.0,4.0,4.0,1.0,1.0,5.0,1.0,4.0,5.0,5.0,5.0,1.0,1.0,4.0,1.0,1.0,2.0,5.0,5.0,2.0,1.0,7,1,2,3,3,5.0,1,2.0,1.0,2.0,1.0,5,27.0,1,25.0,4.0,25.0,5,27.0,0.00087004
47120322,9.0,0,7,7,0,0.0,0.0,7,2.0,0.0,2.0,0.0,3.0,0.0,2.0,2.0,1.0,2.0,2.0,0.0,1.0,1.0,7.0,3.0,6.0,2.0,1983.0,1.0,2.0,2.0,6.0,15000.0,3.0,1,2,2,2,2,1.0,2.2,0.0,1.0,4.0,2.0,3.0,2.0,4.0,5.0,1.0,4.0,4.0,2.0,5.0,4.0,1.0,4.0,6.0,2.0,1.0,5.0,2.0,4.0,4.0,4.0,2.0,4.0,1.0,4.0,2.0,5.0,4.0,1.0,1.0,2.0,2.0,1.0,4.0,4.0,1.0,1.0,5.0,1.0,4.0,5.0,5.0,5.0,1.0,1.0,4.0,1.0,1.0,2.0,5.0,5.0,2.0,3.0,7,1,2,3,3,5.0,1,2.0,1.0,2.0,1.0,5,0.7,2,0.0,4.0,7.0,5,27.0,0.00087004
47120343,1.0,12,525,159,55,64.6,22.49,219,6.0,0.0,2.0,1.0,6.0,0.0,8.0,1.0,1.0,1.0,6.0,2.0,1.0,1.0,7.0,21.0,5.0,1.0,1961.0,1.0,3.0,1.0,3.0,9000.0,3.0,2,2,2,2,2,1.0,64.6,32.23,1.0,1.0,3.0,3.0,4.0,5.0,6.0,3.0,5.0,5.0,4.0,5.0,5.0,4.0,4.0,6.0,4.0,1.0,5.0,2.0,2.0,3.0,3.0,3.0,3.0,3.0,2.0,4.0,5.0,2.0,2.0,3.0,4.0,3.0,2.0,3.0,2.0,1.0,4.0,5.0,2.0,1.0,4.0,2.0,2.0,3.0,1.0,5.0,3.0,3.0,4.0,3.0,4.0,4.0,1.0,7,1,2,3,3,4.0,6,3.0,3.0,3.0,4.0,5,234.5,1,311.0,4.0,260.0,5,49.0,0.000409116
47120376,10.0,11,449,111,150,42.4,10.67,98,5.0,0.0,3.0,0.0,4.0,0.0,2.0,2.0,1.0,1.0,5.0,1.0,1.0,1.0,6.0,7.0,6.0,2.0,1989.0,1.0,6.0,2.0,6.0,15000.0,5.0,1,1,2,2,2,1.0,21.2,15.29,3.0,4.0,3.0,2.0,2.0,4.0,3.0,4.0,5.0,5.0,3.0,2.0,4.0,2.0,3.0,4.0,5.0,1.0,4.0,4.0,4.0,2.0,2.0,4.0,4.0,5.0,4.0,2.0,5.0,4.0,2.0,2.0,4.0,3.0,4.0,4.0,4.0,2.0,3.0,4.0,3.0,1.0,3.0,4.0,4.0,3.0,2.0,5.0,2.0,2.0,4.0,2.0,2.0,5.0,3.0,7,1,2,3,3,5.0,4,2.0,2.0,2.0,4.0,5,112.5,1,188.0,5.0,100.0,5,21.0,0.000232084
47120432,3.0,1,81,31,7,3.8,2.83,27,4.0,1.0,2.0,0.0,5.0,2.0,4.0,1.0,1.0,1.0,4.0,0.0,1.0,2.0,6.5,12.0,4.0,1.0,1962.0,1.0,6.0,8.0,6.0,7000.0,3.0,2,2,2,1,2,3.0,0.0,4.06,5.0,5.0,2.0,1.0,4.0,5.0,2.0,2.0,2.0,6.0,4.0,3.0,4.0,2.0,1.0,6.0,2.0,2.0,6.0,2.0,6.0,1.0,1.0,1.0,5.0,5.0,6.0,3.0,5.0,5.0,6.0,4.0,4.0,1.0,4.0,5.0,1.0,1.0,1.0,5.0,3.0,4.0,4.0,4.0,6.0,4.0,4.0,6.0,1.0,3.0,2.0,1.0,4.0,2.0,1.0,7,1,2,3,3,5.0,1,4.0,2.0,1.0,1.0,5,29.0,0,43.0,3.0,55.0,5,48.0,8.57e-05
47120437,1.0,3,105,28,20,16.6,3.75,33,1.0,0.0,0.0,0.0,3.0,0.0,2.0,0.0,1.0,2.0,1.0,0.0,2.0,2.0,3.0,11.0,2.0,2.0,1965.0,1.0,1.0,2.0,1.0,3250.0,2.0,2,2,1,2,2,1.0,0.0,5.37,4.0,2.0,2.0,1.0,4.0,5.0,5.0,4.0,3.0,3.0,4.0,5.0,4.0,3.0,3.0,3.0,5.0,1.0,1.0,3.0,3.0,3.0,4.0,3.0,5.0,4.0,3.0,4.0,4.0,5.0,1.0,4.0,5.0,2.0,5.0,3.0,5.0,1.0,1.0,5.0,3.0,3.0,3.0,3.0,5.0,3.0,3.0,4.0,1.0,3.0,3.0,3.0,3.0,4.0,1.0,7,1,2,3,3,4.0,2,2.0,4.0,4.0,3.0,5,40.5,0,57.0,4.0,81.0,5,45.0,0.001472131
47120489,4.0,2,107,57,17,8.4,1.65,22,2.0,0.0,2.0,1.0,5.0,0.0,2.0,2.0,1.0,2.0,2.0,1.0,1.0,1.0,6.0,13.0,5.0,2.0,1959.0,1.0,2.0,2.0,7.0,9000.0,2.0,2,2,2,2,2,1.0,8.4,2.36,2.0,3.0,3.0,3.0,3.0,4.0,4.0,3.0,2.0,4.0,3.0,2.0,4.0,2.0,3.0,6.0,5.0,4.0,5.0,4.0,4.0,4.0,3.0,3.0,2.0,2.0,4.0,2.0,3.0,2.0,2.0,3.0,4.0,3.0,3.0,4.0,2.0,2.0,2.0,4.0,2.0,4.0,4.0,4.0,3.0,3.0,4.0,4.0,3.0,4.0,2.0,3.0,2.0,4.0,3.0,7,1,2,3,3,5.0,3,2.0,2.0,2.0,4.0,5,15.5,1,33.0,4.0,27.0,5,51.0,0.001472131
47120489,4.0,0,27,20,0,5.6,0.56,6,2.0,0.0,2.0,1.0,5.0,0.0,2.0,2.0,1.0,2.0,2.0,1.0,1.0,1.0,6.0,13.0,5.0,2.0,1959.0,1.0,2.0,2.0,7.0,9000.0,2.0,2,2,2,2,2,1.0,5.6,0.8,2.0,3.0,3.0,3.0,3.0,4.0,4.0,3.0,2.0,4.0,3.0,2.0,4.0,2.0,3.0,6.0,5.0,4.0,5.0,4.0,4.0,4.0,3.0,3.0,2.0,2.0,4.0,2.0,3.0,2.0,2.0,3.0,4.0,3.0,3.0,4.0,2.0,2.0,2.0,4.0,2.0,4.0,4.0,4.0,3.0,3.0,4.0,4.0,3.0,4.0,2.0,3.0,2.0,4.0,3.0,7,1,2,3,3,5.0,2,2.0,2.0,2.0,4.0,5,6.0,1,7.0,4.0,12.0,5,51.0,0.001472131
47120490,1.0,3,181,97,13,15.8,4.8,52,2.0,0.0,2.0,1.0,5.0,0.0,2.0,2.0,1.0,2.0,2.0,1.0,1.0,1.0,6.0,12.0,5.0,1.0,1961.0,1.0,2.0,1.0,3.0,9000.0,4.0,2,2,2,2,2,2.0,15.8,6.88,3.0,3.0,3.0,3.0,4.0,4.0,4.0,2.0,1.0,5.0,3.0,2.0,4.0,4.0,4.0,6.0,4.0,1.0,2.0,3.0,5.0,4.0,3.0,4.0,2.0,1.0,3.0,2.0,4.0,3.0,1.0,1.0,1.0,2.0,2.0,4.0,1.0,1.0,1.0,4.0,2.0,3.0,4.0,5.0,5.0,3.0,1.0,5.0,2.0,3.0,3.0,4.0,4.0,4.0,2.0,7,1,2,3,3,5.0,4,3.0,2.0,2.0,4.0,5,51.5,1,71.0,4.0,116.0,5,49.0,0.000109132
47120549,1.0,3,201,129,28,15.0,3.43,40,2.0,0.0,2.0,0.0,4.0,0.0,1.0,2.0,1.0,2.0,3.0,0.0,1.0,1.0,6.0,1.0,5.0,2.0,1956.0,1.0,5.0,2.0,6.0,9000.0,4.0,1,2,2,2,2,1.0,7.5,4.92,3.0,4.0,2.0,2.0,4.0,4.0,3.0,2.0,2.0,4.0,4.0,4.0,3.0,1.0,4.0,6.0,5.0,1.0,4.0,2.0,4.0,3.0,4.0,2.0,4.0,4.0,2.0,4.0,4.0,5.0,1.0,3.0,4.0,2.0,3.0,4.0,2.0,1.0,2.0,5.0,3.0,3.0,4.0,4.0,4.0,1.0,1.0,5.0,1.0,3.0,2.0,3.0,4.0,3.0,2.0,7,1,2,3,3,5.0,4,1.0,2.0,2.0,3.0,5,33.5,1,44.0,5.0,44.0,5,54.0,9.82e-05
47120587,4.0,2,147,40,14,23.2,5.28,52,3.0,1.0,0.0,0.0,2.0,1.0,1.0,1.0,1.0,1.0,1.0,0.0,2.0,2.0,5.5,14.0,4.0,1.0,1957.0,1.0,3.0,1.0,3.0,7000.0,6.0,1,2,2,2,2,2.0,11.6,7.57,4.0,4.0,2.0,2.0,4.0,4.0,4.0,2.0,4.0,5.0,4.0,4.0,4.0,2.0,4.0,2.0,4.0,2.0,4.0,2.0,4.0,2.0,4.0,2.0,4.0,4.0,3.0,3.0,3.0,3.0,3.0,4.0,4.0,2.0,4.0,2.0,4.0,1.0,1.0,5.0,2.0,2.0,2.0,4.0,4.0,4.0,4.0,4.0,2.0,2.0,2.0,2.0,4.0,4.0,3.0,7,1,2,3,3,5.0,2,3.0,1.0,2.0,3.0,5,55.0,0,93.0,4.0,102.0,5,53.0,0.000109132
47120603,4.0,0,4,4,0,0.0,0.82,2,2.0,0.0,1.0,1.0,1.0,0.0,1.0,1.0,1.0,1.0,2.0,0.0,1.0,1.0,6.0,40.0,3.0,1.0,1946.0,1.0,2.0,9.0,6.0,5000.0,3.0,2,2,2,2,2,1.0,0.0,1.18,2.0,3.0,3.0,4.0,2.0,4.0,3.0,3.0,3.0,4.0,3.0,5.0,5.0,4.0,4.0,4.0,3.0,3.0,5.0,3.0,4.0,3.0,4.0,3.0,3.0,1.0,2.0,2.0,3.0,3.0,2.0,2.0,2.0,4.0,3.0,4.0,3.0,2.0,3.0,4.0,4.0,3.0,2.0,3.0,3.0,3.0,4.0,4.0,3.0,3.0,3.0,4.0,3.0,3.0,3.0,7,1,2,3,3,6.0,1,2.0,2.0,2.0,3.0,5,1.1,1,0.0,5.0,4.0,5,64.0,0.000409116
47120604,8.0,0,2,0,0,0.0,0.21,3,2.0,0.0,1.0,1.0,1.0,0.0,1.0,1.0,1.0,1.0,2.0,0.0,1.0,1.0,6.0,40.0,3.0,1.0,1946.0,1.0,2.0,9.0,6.0,5000.0,3.0,2,2,2,2,2,1.0,0.0,0.3,2.0,3.0,3.0,4.0,2.0,4.0,3.0,3.0,3.0,4.0,3.0,5.0,5.0,4.0,4.0,3.0,3.0,3.0,5.0,3.0,4.0,3.0,4.0,3.0,3.0,1.0,2.0,2.0,3.0,3.0,2.0,2.0,2.0,4.0,3.0,4.0,3.0,2.0,3.0,4.0,4.0,3.0,2.0,3.0,3.0,3.0,4.0,4.0,3.0,3.0,3.0,4.0,3.0,3.0,3.0,7,1,2,3,3,6.0,1,2.0,2.0,2.0,3.0,5,1.3,1,2.0,5.0,5.0,5,64.0,0.000409116
47120623,1.0,0,30,30,0,0.0,0.0,30,4.0,0.0,2.0,0.0,4.0,0.0,3.0,1.0,1.0,1.0,4.0,0.0,2.0,1.0,4.0,17.0,6.0,1.0,1960.0,1.0,3.0,1.0,6.0,15000.0,3.0,2,2,2,2,2,2.0,0.0,0.0,5.0,4.0,2.0,2.0,3.0,5.0,5.0,2.0,4.0,5.0,4.0,6.0,4.0,2.0,5.0,2.0,4.0,2.0,4.0,4.0,5.0,3.0,4.0,2.0,4.0,4.0,4.0,3.0,4.0,4.0,2.0,3.0,4.0,2.0,4.0,4.0,3.0,1.0,2.0,5.0,2.0,3.0,4.0,4.0,4.0,3.0,2.0,4.0,2.0,3.0,2.0,3.0,4.0,4.0,3.0,7,1,2,3,3,5.0,6,1.0,2.0,2.0,4.0,5,3.0,2,0.0,3.0,30.0,5,50.0,0.000409116
47120643,1.0,0,69,44,0,7.6,1.17,16,2.0,0.0,2.0,1.0,3.0,0.0,1.0,1.0,1.0,1.0,2.0,0.0,1.0,1.0,5.0,33.0,3.0,1.0,1950.0,1.0,2.0,1.0,6.0,5000.0,3.0,2,2,2,2,2,1.0,7.6,1.68,1.0,4.0,1.0,3.0,3.0,5.0,3.0,3.0,3.0,3.0,3.0,4.0,4.0,2.0,5.0,3.0,4.0,2.0,4.0,3.0,4.0,3.0,2.0,2.0,4.0,2.0,4.0,4.0,4.0,2.0,2.0,4.0,3.0,2.0,2.0,4.0,3.0,1.0,1.0,5.0,2.0,2.0,4.0,3.0,2.0,2.0,2.0,5.0,2.0,4.0,2.0,4.0,4.0,4.0,2.0,7,1,2,3,3,5.0,2,1.0,2.0,3.0,1.0,5,12.0,1,25.0,4.0,20.0,5,60.0,0.000409116
47120643,1.0,0,69,44,0,7.6,1.18,16,2.0,0.0,2.0,1.0,3.0,0.0,1.0,1.0,1.0,1.0,2.0,0.0,1.0,1.0,5.0,33.0,3.0,1.0,1950.0,1.0,2.0,1.0,6.0,5000.0,3.0,2,2,2,2,2,1.0,7.6,1.69,1.0,4.0,1.0,3.0,3.0,5.0,3.0,3.0,3.0,3.0,3.0,4.0,4.0,2.0,5.0,3.0,4.0,2.0,4.0,3.0,4.0,3.0,2.0,2.0,4.0,2.0,4.0,4.0,4.0,2.0,2.0,4.0,3.0,2.0,2.0,4.0,3.0,1.0,1.0,5.0,2.0,2.0,4.0,3.0,2.0,2.0,2.0,5.0,2.0,4.0,2.0,4.0,4.0,4.0,1.0,7,1,2,3,3,5.0,2,1.0,2.0,3.0,1.0,5,12.0,1,25.0,4.0,20.0,5,60.0,0.000409116
47120644,7.0,0,65,53,0,7.6,1.04,14,2.0,0.0,2.0,1.0,3.0,0.0,1.0,1.0,1.0,1.0,2.0,0.0,1.0,1.0,6.0,33.0,3.0,2.0,1954.0,1.0,2.0,2.0,6.0,5000.0,3.0,2,2,2,2,2,1.0,7.6,1.49,1.0,4.0,2.0,3.0,3.0,4.0,3.0,3.0,3.0,5.0,3.0,3.0,4.0,3.0,5.0,6.0,5.0,3.0,4.0,3.0,4.0,2.0,3.0,3.0,3.0,2.0,6.0,4.0,4.0,3.0,3.0,4.0,4.0,2.0,3.0,4.0,3.0,1.0,1.0,3.0,2.0,2.0,4.0,4.0,4.0,3.0,3.0,5.0,2.0,3.0,2.0,4.0,4.0,4.0,3.0,7,1,2,3,3,5.0,2,2.0,2.0,2.0,3.0,5,9.0,1,12.0,5.0,20.0,5,56.0,0.000367986
47120644,6.0,0,65,40,0,7.6,41.11,271,2.0,0.0,2.0,1.0,3.0,0.0,1.0,1.0,1.0,1.0,2.0,0.0,1.0,1.0,6.0,33.0,3.0,2.0,1954.0,1.0,2.0,2.0,6.0,5000.0,3.0,2,2,2,2,2,1.0,7.6,58.91,1.0,4.0,2.0,3.0,3.0,4.0,3.0,3.0,3.0,5.0,3.0,3.0,4.0,3.0,5.0,6.0,5.0,3.0,4.0,3.0,4.0,2.0,3.0,3.0,3.0,2.0,6.0,4.0,4.0,3.0,3.0,4.0,4.0,2.0,3.0,4.0,3.0,1.0,1.0,3.0,2.0,2.0,4.0,4.0,4.0,3.0,3.0,5.0,2.0,3.0,2.0,4.0,4.0,4.0,3.0,7,1,2,3,3,5.0,2,2.0,2.0,2.0,3.0,5,443.0,1,25.0,5.0,40.0,5,56.0,0.000367986
47120644,11.0,0,2,2,0,0.0,0.24,2,2.0,0.0,2.0,1.0,3.0,0.0,1.0,1.0,1.0,1.0,2.0,0.0,1.0,1.0,6.0,33.0,3.0,2.0,1954.0,1.0,2.0,2.0,6.0,5000.0,3.0,2,2,2,2,2,1.0,0.0,0.34,1.0,4.0,2.0,3.0,3.0,4.0,3.0,3.0,3.0,5.0,3.0,3.0,4.0,3.0,5.0,6.0,5.0,3.0,4.0,3.0,4.0,2.0,3.0,3.0,3.0,2.0,6.0,4.0,4.0,3.0,3.0,4.0,4.0,2.0,3.0,4.0,3.0,1.0,1.0,3.0,2.0,2.0,4.0,4.0,4.0,3.0,3.0,5.0,2.0,3.0,2.0,4.0,4.0,4.0,3.0,7,1,2,3,3,5.0,2,2.0,2.0,2.0,3.0,5,1.4,1,0.0,5.0,10.0,5,56.0,0.000367986
47120665,8.0,2,141,44,14,7.6,3.64,47,2.0,0.0,1.0,0.0,2.0,0.0,0.0,1.0,2.0,1.0,1.0,0.0,1.0,1.0,4.0,40.0,3.0,1.0,1945.0,1.0,3.0,9.0,3.0,5000.0,3.0,2,2,2,2,2,1.0,7.6,5.22,1.0,2.0,4.0,3.0,3.0,5.0,6.0,3.0,6.0,3.0,3.0,4.0,4.0,3.0,3.0,4.0,4.0,3.0,4.0,3.0,3.0,3.0,3.0,3.0,3.0,3.0,3.0,4.0,3.0,3.0,3.0,3.0,3.0,4.0,3.0,3.0,3.0,2.0,2.0,4.0,3.0,3.0,4.0,4.0,3.0,3.0,3.0,4.0,3.0,3.0,3.0,2.0,2.0,3.0,3.0,7,1,2,3,3,5.0,2,3.0,2.0,2.0,3.0,5,38.0,1,83.0,5.0,40.0,5,65.0,0.0003213
47120762,7.0,5,95,16,20,2.8,4.33,35,2.0,0.0,1.0,1.0,2.0,0.0,2.0,2.0,2.0,2.0,2.0,0.0,2.0,2.0,3.5,2.0,4.0,2.0,1942.0,1.0,2.0,9.0,8.0,7000.0,2.0,2,2,2,2,2,1.0,2.8,6.2,2.0,2.0,3.0,3.0,4.0,5.0,6.0,1.0,6.0,4.0,6.0,5.0,4.0,2.0,6.0,6.0,4.0,2.0,6.0,3.0,6.0,4.0,2.0,3.0,1.0,1.0,4.0,5.0,1.0,2.0,1.0,1.0,3.0,2.0,2.0,5.0,3.0,1.0,2.0,5.0,2.0,2.0,3.0,1.0,1.0,2.0,1.0,4.0,6.0,2.0,3.0,2.0,3.0,4.0,3.0,7,1,2,3,3,5.0,1,1.0,2.0,2.0,3.0,5,48.0,1,59.0,4.0,50.0,5,68.0,0.00115614
47120763,8.0,4,98,25,14,25.0,5.39,44,2.0,0.0,1.0,1.0,2.0,0.0,2.0,2.0,1.0,1.0,2.0,0.0,2.0,2.0,3.5,2.0,4.0,1.0,1948.0,1.0,2.0,9.0,6.0,7000.0,3.0,2,2,2,2,2,1.0,25.0,7.72,2.0,2.0,3.0,3.0,4.0,5.0,6.0,1.0,6.0,1.0,1.0,3.0,4.0,2.0,4.0,6.0,3.0,1.0,5.0,3.0,5.0,4.0,2.0,3.0,4.0,1.0,4.0,1.0,5.0,4.0,1.0,1.0,3.0,2.0,2.0,5.0,3.0,1.0,1.0,5.0,3.0,2.0,5.0,3.0,6.0,1.0,1.0,4.0,6.0,1.0,2.0,2.0,3.0,2.0,3.0,7,1,2,3,3,5.0,1,1.0,1.0,2.0,3.0,5,59.0,1,59.0,4.0,50.0,5,62.0,0.000409116
47120768,7.0,0,2,0,0,0.0,0.27,2,2.0,0.0,2.0,0.0,2.0,0.0,1.0,1.0,1.0,1.0,2.0,0.0,1.0,1.0,5.0,2.0,4.0,1.0,1941.0,1.0,2.0,9.0,6.0,7000.0,3.0,2,2,2,2,2,1.0,0.0,0.39,1.0,3.0,3.0,3.0,3.0,4.0,6.0,6.0,6.0,5.0,4.0,3.0,3.0,3.0,4.0,6.0,5.0,3.0,5.0,4.0,4.0,5.0,4.0,3.0,6.0,6.0,5.0,1.0,6.0,1.0,1.0,1.0,6.0,1.0,3.0,6.0,3.0,1.0,1.0,5.0,4.0,4.0,4.0,4.0,6.0,3.0,4.0,4.0,6.0,3.0,3.0,3.0,4.0,4.0,3.0,7,1,2,3,3,6.0,1,3.0,2.0,2.0,3.0,5,1.7,1,2.0,5.0,7.0,5,69.0,0.0003213
47120775,1.0,4,153,83,16,13.0,5.41,62,1.0,0.0,1.0,1.0,1.0,0.0,1.0,1.0,1.0,2.0,1.0,0.0,2.0,2.0,2.5,2.0,3.0,2.0,1983.0,1.0,1.0,1.0,6.0,5000.0,3.0,2,2,2,2,2,1.0,13.0,7.75,4.0,3.0,2.0,2.0,4.0,5.0,3.0,2.0,2.0,5.0,3.0,4.0,4.0,1.0,4.0,6.0,4.0,2.0,5.0,4.0,4.0,3.0,5.0,3.0,3.0,1.0,4.0,2.0,4.0,3.0,2.0,1.0,5.0,2.0,2.0,4.0,4.0,3.0,3.0,4.0,4.0,3.0,4.0,4.0,5.0,5.0,2.0,5.0,1.0,3.0,1.0,5.0,5.0,1.0,2.0,7,1,2,3,3,5.0,3,3.0,2.0,2.0,1.0,5,53.5,1,54.0,3.0,75.0,5,27.0,0.00087004
47120849,1.0,0,2,0,0,0.0,0.11,1,2.0,1.0,1.0,0.0,2.0,1.0,1.0,2.0,1.0,1.0,2.0,0.0,1.0,1.0,4.5,4.0,3.0,2.0,1967.0,1.0,4.0,2.0,1.0,5000.0,3.0,2,2,2,2,2,1.0,0.0,0.16,1.0,1.0,3.0,3.0,4.0,4.0,5.0,1.0,5.0,3.0,3.0,5.0,4.0,2.0,4.0,3.0,3.0,2.0,3.0,2.0,4.0,4.0,3.0,2.0,4.0,3.0,4.0,2.0,5.0,3.0,2.0,1.0,3.0,1.0,3.0,5.0,3.0,1.0,5.0,5.0,2.0,2.0,4.0,4.0,4.0,3.0,1.0,5.0,3.0,1.0,5.0,3.0,3.0,5.0,1.0,7,1,2,3,3,2.0,1,1.0,3.0,3.0,2.0,5,0.5,2,2.0,5.0,3.0,5,43.0,0.000367986
47120849,8.0,1,80,33,6,7.6,2.71,25,2.0,1.0,1.0,0.0,2.0,1.0,1.0,2.0,1.0,1.0,2.0,0.0,1.0,1.0,4.5,4.0,3.0,2.0,1967.0,1.0,4.0,2.0,1.0,5000.0,3.0,2,2,2,2,2,1.0,7.6,3.88,1.0,1.0,3.0,3.0,4.0,4.0,5.0,1.0,5.0,3.0,3.0,5.0,4.0,2.0,4.0,3.0,3.0,2.0,3.0,2.0,4.0,4.0,3.0,2.0,4.0,3.0,4.0,2.0,5.0,3.0,2.0,1.0,3.0,1.0,3.0,5.0,3.0,1.0,5.0,5.0,2.0,2.0,4.0,4.0,4.0,3.0,1.0,5.0,3.0,1.0,5.0,3.0,3.0,5.0,3.0,7,1,2,3,3,2.0,1,1.0,3.0,3.0,2.0,5,28.0,1,41.0,5.0,25.0,5,43.0,0.000367986
47120849,9.0,0,27,22,0,2.8,0.39,5,2.0,1.0,1.0,0.0,2.0,1.0,1.0,2.0,1.0,1.0,2.0,0.0,1.0,1.0,4.5,4.0,3.0,2.0,1967.0,1.0,4.0,2.0,1.0,5000.0,3.0,2,2,2,2,2,1.0,2.8,0.56,1.0,1.0,3.0,3.0,4.0,4.0,5.0,1.0,5.0,3.0,3.0,5.0,4.0,2.0,4.0,3.0,3.0,2.0,3.0,2.0,4.0,4.0,3.0,2.0,4.0,3.0,4.0,2.0,5.0,3.0,2.0,1.0,3.0,1.0,3.0,5.0,3.0,1.0,5.0,5.0,2.0,2.0,4.0,4.0,4.0,3.0,1.0,5.0,3.0,1.0,5.0,3.0,3.0,5.0,3.0,7,1,2,3,3,2.0,1,1.0,3.0,3.0,2.0,5,3.0,1,5.0,5.0,5.0,5,43.0,0.000367986
47120871,2.0,4,185,32,24,9.6,4.01,51,4.0,2.0,2.0,0.0,8.0,4.0,2.0,1.0,1.0,2.0,2.0,0.0,1.0,1.0,5.5,5.0,3.0,1.0,1971.0,1.0,3.0,1.0,6.0,5000.0,3.0,2,2,1,2,2,1.0,0.0,5.75,1.0,4.0,3.0,2.0,3.0,4.0,5.0,2.0,4.0,5.0,5.0,2.0,3.0,1.0,5.0,4.0,2.0,3.0,5.0,2.0,4.0,4.0,4.0,4.0,4.0,5.0,2.0,1.0,4.0,4.0,3.0,4.0,4.0,2.0,4.0,4.0,4.0,1.0,1.0,5.0,1.0,5.0,5.0,4.0,3.0,4.0,1.0,5.0,4.0,2.0,3.0,4.0,4.0,5.0,1.0,7,1,2,3,3,5.0,2,4.0,2.0,2.0,4.0,5,42.0,0,129.0,3.0,223.0,5,39.0,0.000967286
47120872,2.0,2,106,48,12,14.8,4.98,51,4.0,2.0,2.0,0.0,8.0,4.0,2.0,1.0,1.0,2.0,2.0,0.0,1.0,1.0,5.5,5.0,3.0,1.0,1971.0,1.0,3.0,1.0,6.0,5000.0,3.0,2,2,1,2,2,1.0,0.0,7.14,1.0,4.0,3.0,2.0,3.0,4.0,5.0,2.0,4.0,5.0,5.0,2.0,3.0,1.0,5.0,4.0,2.0,3.0,5.0,2.0,4.0,4.0,4.0,4.0,4.0,5.0,2.0,1.0,4.0,4.0,3.0,4.0,4.0,2.0,4.0,4.0,4.0,1.0,1.0,5.0,1.0,5.0,5.0,4.0,3.0,4.0,1.0,5.0,4.0,2.0,3.0,4.0,4.0,5.0,1.0,7,1,2,3,3,5.0,2,4.0,2.0,2.0,4.0,5,51.0,0,46.0,3.0,58.0,5,39.0,0.000967286
47120923,1.0,2,115,30,52,5.6,1.73,24,1.0,0.0,1.0,0.0,1.0,0.0,1.0,0.0,1.0,1.0,0.0,0.0,2.0,2.0,3.0,7.0,4.0,2.0,1948.0,1.0,1.0,1.0,2.0,7000.0,6.0,1,2,2,2,2,1.0,2.8,2.48,5.0,5.0,1.0,1.0,5.0,5.0,4.0,3.0,4.0,5.0,4.0,4.0,5.0,3.0,4.0,6.0,2.0,1.0,2.0,2.0,4.0,5.0,3.0,2.0,5.0,2.0,2.0,1.0,5.0,5.0,1.0,2.0,2.0,1.0,6.0,2.0,4.0,1.0,1.0,5.0,3.0,2.0,2.0,3.0,1.0,4.0,1.0,5.0,1.0,3.0,2.0,4.0,5.0,4.0,2.0,7,1,2,3,3,5.0,2,1.0,2.0,1.0,1.0,5,17.0,1,33.0,4.0,40.0,5,62.0,9.82e-05
47120924,1.0,2,115,30,50,5.6,1.73,24,1.0,0.0,1.0,0.0,1.0,0.0,1.0,0.0,1.0,1.0,0.0,0.0,2.0,2.0,3.0,7.0,4.0,2.0,1948.0,1.0,1.0,1.0,2.0,7000.0,6.0,1,2,2,2,2,1.0,2.8,2.48,5.0,5.0,1.0,1.0,5.0,5.0,4.0,3.0,4.0,5.0,4.0,4.0,5.0,3.0,4.0,6.0,2.0,1.0,2.0,2.0,4.0,5.0,3.0,2.0,5.0,2.0,2.0,1.0,5.0,5.0,1.0,2.0,2.0,1.0,6.0,2.0,4.0,1.0,1.0,5.0,3.0,2.0,2.0,3.0,1.0,4.0,1.0,5.0,1.0,3.0,2.0,4.0,5.0,4.0,2.0,7,1,2,3,3,5.0,2,1.0,2.0,1.0,1.0,5,17.0,2,35.0,4.0,50.0,5,62.0,9.82e-05
47120924,1.0,2,92,30,29,5.6,1.73,24,1.0,0.0,1.0,0.0,1.0,0.0,1.0,0.0,1.0,1.0,0.0,0.0,2.0,2.0,3.0,7.0,4.0,2.0,1948.0,1.0,1.0,1.0,2.0,7000.0,6.0,1,2,2,2,2,1.0,2.8,2.48,5.0,5.0,1.0,1.0,5.0,5.0,4.0,3.0,4.0,5.0,4.0,4.0,5.0,3.0,4.0,6.0,2.0,1.0,2.0,2.0,4.0,5.0,3.0,2.0,5.0,2.0,2.0,1.0,5.0,5.0,1.0,2.0,2.0,1.0,6.0,2.0,4.0,1.0,1.0,5.0,3.0,2.0,2.0,3.0,1.0,4.0,1.0,5.0,1.0,3.0,2.0,4.0,5.0,4.0,1.0,7,1,2,3,3,5.0,2,1.0,2.0,1.0,1.0,5,17.0,1,33.0,4.0,40.0,5,62.0,9.82e-05
47120924,11.0,6,489,78,392,19.2,5.22,49,1.0,0.0,1.0,0.0,1.0,0.0,1.0,0.0,1.0,1.0,0.0,0.0,2.0,2.0,3.0,7.0,4.0,2.0,1948.0,1.0,1.0,1.0,2.0,7000.0,6.0,1,2,2,2,2,1.0,9.6,7.48,5.0,5.0,1.0,1.0,5.0,5.0,4.0,3.0,4.0,5.0,4.0,4.0,5.0,3.0,4.0,6.0,2.0,1.0,2.0,2.0,4.0,5.0,3.0,2.0,5.0,2.0,2.0,1.0,5.0,5.0,1.0,2.0,2.0,1.0,6.0,2.0,4.0,1.0,1.0,5.0,3.0,2.0,2.0,3.0,1.0,4.0,1.0,5.0,1.0,3.0,2.0,4.0,5.0,4.0,3.0,7,1,2,3,3,5.0,2,1.0,2.0,1.0,1.0,5,55.0,1,19.0,4.0,60.0,5,62.0,9.82e-05
47120931,1.0,4,144,48,36,5.6,3.25,34,4.0,2.0,2.0,0.0,4.0,2.0,1.0,1.0,1.0,1.0,2.0,1.0,1.0,1.0,6.0,7.0,4.0,1.0,1972.0,1.0,3.0,1.0,6.0,7000.0,3.0,1,2,2,2,2,1.0,2.8,4.66,2.0,2.0,2.0,3.0,4.0,4.0,4.0,3.0,2.0,4.0,3.0,4.0,4.0,2.0,4.0,2.0,4.0,2.0,4.0,2.0,3.0,2.0,2.0,3.0,4.0,2.0,2.0,2.0,5.0,3.0,2.0,4.0,2.0,3.0,2.0,4.0,3.0,2.0,2.0,4.0,2.0,3.0,4.0,4.0,3.0,3.0,3.0,4.0,3.0,2.0,2.0,4.0,4.0,4.0,1.0,7,1,2,3,3,5.0,2,3.0,2.0,2.0,3.0,5,34.0,1,60.0,4.0,42.0,5,38.0,0.000967286
47120931,3.0,3,130,35,17,10.2,5.18,53,4.0,2.0,2.0,0.0,4.0,2.0,1.0,1.0,1.0,1.0,2.0,1.0,1.0,1.0,6.0,7.0,4.0,1.0,1972.0,1.0,3.0,1.0,6.0,7000.0,3.0,1,2,2,2,2,1.0,5.1,7.42,2.0,2.0,2.0,3.0,4.0,4.0,4.0,3.0,2.0,4.0,3.0,4.0,4.0,2.0,4.0,2.0,4.0,2.0,4.0,2.0,3.0,2.0,2.0,3.0,4.0,2.0,2.0,2.0,5.0,3.0,2.0,4.0,2.0,3.0,2.0,4.0,3.0,2.0,2.0,4.0,2.0,3.0,4.0,4.0,3.0,3.0,3.0,4.0,3.0,2.0,2.0,4.0,4.0,4.0,1.0,7,1,2,3,3,5.0,2,3.0,2.0,2.0,3.0,5,53.0,1,78.0,4.0,65.0,5,38.0,0.000967286
47120932,1.0,4,160,54,30,5.6,3.25,34,4.0,2.0,2.0,0.0,4.0,2.0,1.0,1.0,1.0,1.0,2.0,1.0,1.0,1.0,6.0,7.0,4.0,1.0,1972.0,1.0,3.0,1.0,6.0,7000.0,3.0,1,2,2,2,2,1.0,2.8,4.66,3.0,2.0,2.0,3.0,4.0,4.0,4.0,3.0,2.0,4.0,3.0,4.0,4.0,2.0,4.0,2.0,4.0,2.0,4.0,2.0,3.0,2.0,2.0,3.0,4.0,2.0,2.0,2.0,5.0,3.0,2.0,4.0,2.0,3.0,2.0,4.0,3.0,2.0,2.0,4.0,2.0,3.0,4.0,4.0,3.0,3.0,3.0,4.0,3.0,2.0,2.0,4.0,4.0,4.0,1.0,7,1,2,3,3,5.0,2,3.0,2.0,2.0,3.0,5,34.0,1,76.0,4.0,55.0,5,38.0,0.000967286
47120939,4.0,0,59,50,0,5.6,0.7,10,3.0,1.0,1.0,0.0,4.0,0.0,3.0,1.0,1.0,2.0,0.0,0.0,1.0,1.0,7.0,6.0,5.0,1.0,1974.0,1.0,3.0,1.0,3.0,9000.0,4.0,1,1,2,2,2,1.0,2.8,1.0,3.0,4.0,1.0,1.0,5.0,5.0,3.0,4.0,3.0,5.0,1.0,1.0,5.0,3.0,2.0,1.0,2.0,1.0,5.0,3.0,5.0,3.0,4.0,1.0,5.0,5.0,3.0,1.0,5.0,2.0,1.0,4.0,4.0,1.0,1.0,3.0,2.0,1.0,1.0,5.0,4.0,2.0,3.0,5.0,4.0,3.0,1.0,5.0,1.0,3.0,1.0,5.0,5.0,2.0,3.0,7,1,2,3,3,5.0,2,3.0,2.0,2.0,3.0,5,7.0,1,9.0,5.0,20.0,5,36.0,0.000258025
47121036,1.0,0,2,0,0,0.0,0.25,3,3.0,0.0,2.0,1.0,4.0,0.0,2.0,1.0,1.0,2.0,3.0,0.0,1.0,1.0,6.0,24.0,4.0,2.0,1954.0,1.0,3.0,2.0,6.0,7000.0,3.0,2,2,2,2,2,1.0,0.0,0.36,2.0,2.0,4.0,1.0,4.0,4.0,5.0,1.0,6.0,6.0,6.0,6.0,5.0,2.0,5.0,6.0,2.0,2.0,4.0,2.0,4.0,2.0,4.0,2.0,4.0,2.0,2.0,4.0,4.0,2.0,1.0,4.0,4.0,2.0,4.0,4.0,4.0,1.0,2.0,4.0,2.0,2.0,4.0,2.0,2.0,2.0,2.0,5.0,2.0,2.0,2.0,4.0,4.0,4.0,1.0,7,1,2,3,3,5.0,1,1.0,2.0,2.0,4.0,5,1.4,2,2.0,5.0,5.0,5,56.0,0.000367986
47121039,7.0,9,260,53,47,56.3,12.28,113,2.0,0.0,0.0,1.0,3.0,0.0,1.0,0.0,1.0,2.0,2.0,0.0,1.0,1.0,5.0,29.0,3.0,2.0,1951.0,1.0,3.0,2.0,6.0,5000.0,3.0,1,2,2,2,2,1.0,28.15,17.6,4.0,4.0,1.0,1.0,4.0,5.0,4.0,3.0,3.0,1.0,5.0,4.0,4.0,2.0,4.0,2.0,2.0,1.0,6.0,6.0,6.0,3.0,4.0,5.0,4.0,2.0,3.0,4.0,4.0,5.0,1.0,5.0,5.0,3.0,4.0,4.0,4.0,2.0,2.0,3.0,2.0,3.0,4.0,3.0,2.0,4.0,6.0,4.0,2.0,3.0,2.0,2.0,4.0,3.0,3.0,7,1,2,3,3,5.0,6,1.0,3.0,3.0,3.0,5,123.5,0,160.0,5.0,295.0,5,59.0,0.000367986
47121116,1.0,0,43,32,0,2.8,0.75,10,3.0,0.0,2.0,1.0,2.0,0.0,1.0,1.0,1.0,2.0,1.0,0.0,1.0,1.0,5.0,55.0,3.0,1.0,1952.0,1.0,3.0,1.0,5.0,5000.0,3.0,2,2,2,2,2,1.0,2.8,1.07,1.0,2.0,4.0,3.0,1.0,3.0,3.0,3.0,3.0,5.0,4.0,4.0,4.0,3.0,3.0,2.0,2.0,3.0,3.0,3.0,3.0,2.0,2.0,3.0,3.0,3.0,3.0,2.0,1.0,4.0,2.0,4.0,4.0,2.0,4.0,4.0,3.0,1.0,1.0,5.0,3.0,3.0,5.0,3.0,3.0,3.0,2.0,4.0,2.0,4.0,3.0,3.0,4.0,3.0,1.0,7,1,2,3,3,6.0,1,2.0,2.0,2.0,4.0,5,6.0,1,11.0,5.0,15.0,5,58.0,0.000409116
47122013,4.0,0,2,2,0,0.0,0.16,1,6.0,3.0,1.0,0.0,6.0,3.0,1.0,1.0,1.0,1.0,2.0,0.0,1.0,1.0,6.0,8.0,4.0,2.0,1968.0,1.0,3.0,6.0,8.0,7000.0,3.0,1,2,2,2,2,2.0,2.2,0.23,2.0,3.0,2.0,1.0,4.0,5.0,6.0,6.0,6.0,4.0,3.0,6.0,5.0,3.0,6.0,2.0,4.0,1.0,5.0,3.0,4.0,2.0,1.0,6.0,4.0,6.0,3.0,5.0,1.0,3.0,4.0,4.0,3.0,3.0,3.0,4.0,3.0,2.0,2.0,4.0,2.0,2.0,3.0,4.0,6.0,2.0,6.0,5.0,6.0,3.0,3.0,2.0,3.0,3.0,3.0,7,1,2,3,3,1.0,1,1.0,2.0,2.0,3.0,5,0.6,2,0.0,5.0,2.0,5,42.0,0.000367986
47122013,11.0,0,10,10,0,0.0,0.08,1,6.0,3.0,1.0,0.0,6.0,3.0,1.0,1.0,1.0,1.0,2.0,0.0,1.0,1.0,6.0,8.0,4.0,2.0,1968.0,1.0,3.0,6.0,8.0,7000.0,3.0,1,2,2,2,2,2.0,2.2,0.11,2.0,3.0,2.0,1.0,4.0,5.0,6.0,6.0,6.0,4.0,3.0,6.0,5.0,3.0,6.0,2.0,4.0,1.0,5.0,3.0,4.0,2.0,1.0,6.0,4.0,6.0,3.0,5.0,1.0,3.0,4.0,4.0,3.0,3.0,3.0,4.0,3.0,2.0,2.0,4.0,2.0,2.0,3.0,4.0,6.0,2.0,6.0,5.0,6.0,3.0,3.0,2.0,3.0,3.0,3.0,7,1,2,3,3,1.0,1,1.0,2.0,2.0,3.0,5,0.5,2,0.0,5.0,5.0,5,42.0,0.000367986
47130034,3.0,6,222,57,26,56.1,10.88,105,4.0,0.0,1.0,0.0,7.0,0.0,3.0,1.0,1.0,1.0,4.0,0.0,1.0,2.0,9.0,20.0,5.0,1.0,1990.0,1.0,6.0,8.0,2.0,9000.0,5.0,2,2,1,2,2,3.0,0.0,15.59,5.0,4.0,1.0,2.0,5.0,5.0,4.0,2.0,2.0,6.0,1.0,2.0,4.0,2.0,6.0,6.0,1.0,1.0,6.0,1.0,6.0,4.0,1.0,1.0,5.0,5.0,3.0,2.0,5.0,5.0,1.0,4.0,4.0,2.0,4.0,4.0,3.0,2.0,4.0,4.0,2.0,4.0,4.0,3.0,6.0,4.0,2.0,5.0,2.0,2.0,2.0,2.0,5.0,3.0,1.0,7,1,2,3,3,5.0,3,3.0,3.0,3.0,1.0,5,114.7,0,139.0,4.0,215.0,5,20.0,0.000258025
47130065,1.0,3,117,41,39,7.6,2.1,29,4.0,2.0,1.0,0.0,6.0,2.0,1.0,1.0,1.0,1.0,1.0,1.0,1.0,1.0,6.0,6.0,5.0,2.0,1973.0,1.0,3.0,2.0,6.0,9000.0,4.0,1,2,2,2,2,2.0,3.8,3.01,5.0,5.0,2.0,2.0,4.0,5.0,4.0,6.0,4.0,5.0,5.0,2.0,4.0,2.0,4.0,2.0,2.0,1.0,4.0,2.0,4.0,2.0,4.0,2.0,4.0,3.0,2.0,3.0,4.0,3.0,1.0,4.0,4.0,1.0,3.0,5.0,3.0,1.0,1.0,5.0,3.0,1.0,4.0,4.0,6.0,2.0,2.0,4.0,2.0,1.0,3.0,2.0,2.0,4.0,1.0,7,1,2,3,3,5.0,2,3.0,2.0,2.0,4.0,5,22.0,1,37.0,4.0,30.0,5,37.0,0.000232084
47130066,1.0,0,54,25,0,2.2,1.7,22,4.0,2.0,1.0,0.0,6.0,2.0,1.0,1.0,1.0,1.0,1.0,1.0,1.0,1.0,6.0,6.0,5.0,1.0,1970.0,1.0,3.0,1.0,1.0,9000.0,6.0,1,2,2,2,1,1.0,2.2,2.44,5.0,4.0,5.0,2.0,4.0,5.0,4.0,2.0,2.0,2.0,3.0,4.0,5.0,3.0,4.0,1.0,2.0,1.0,5.0,3.0,4.0,4.0,3.0,2.0,5.0,5.0,4.0,2.0,5.0,5.0,1.0,5.0,5.0,2.0,4.0,5.0,4.0,1.0,1.0,5.0,4.0,2.0,3.0,4.0,4.0,2.0,3.0,4.0,3.0,2.0,4.0,4.0,3.0,5.0,1.0,7,1,2,3,3,5.0,2,2.0,1.0,1.0,1.0,5,18.5,1,29.0,4.0,24.0,5,40.0,0.000109132
47130066,10.0,3,82,22,22,7.6,2.45,28,4.0,2.0,1.0,0.0,6.0,2.0,1.0,1.0,1.0,1.0,1.0,1.0,1.0,1.0,6.0,6.0,5.0,1.0,1970.0,1.0,3.0,1.0,1.0,9000.0,6.0,1,2,2,2,1,1.0,3.8,3.51,5.0,4.0,5.0,2.0,4.0,5.0,4.0,2.0,2.0,2.0,3.0,4.0,5.0,3.0,4.0,1.0,2.0,1.0,5.0,3.0,4.0,4.0,3.0,2.0,5.0,5.0,4.0,2.0,5.0,5.0,1.0,5.0,5.0,2.0,4.0,5.0,4.0,1.0,1.0,5.0,4.0,2.0,3.0,4.0,4.0,2.0,3.0,4.0,3.0,2.0,4.0,4.0,3.0,5.0,3.0,7,1,2,3,3,5.0,2,2.0,1.0,1.0,1.0,5,26.4,1,38.0,4.0,29.0,5,40.0,0.000109132
47130281,2.0,0,30,20,0,2.8,0.62,8,3.0,0.0,3.0,0.0,2.0,0.0,3.0,3.0,1.0,2.0,3.0,0.0,1.0,1.0,5.5,22.0,5.0,2.0,1955.0,1.0,3.0,6.0,6.0,9000.0,3.0,1,2,2,2,2,1.0,2.2,0.89,3.0,2.0,3.0,2.0,4.0,4.0,6.0,3.0,3.0,5.0,3.0,4.0,5.0,3.0,4.0,6.0,4.0,3.0,4.0,3.0,3.0,4.0,3.0,3.0,4.0,6.0,3.0,3.0,4.0,3.0,5.0,6.0,3.0,3.0,5.0,2.0,3.0,3.0,3.0,4.0,3.0,3.0,4.0,4.0,4.0,3.0,3.0,4.0,6.0,3.0,6.0,4.0,4.0,3.0,1.0,7,1,2,3,3,5.0,1,3.0,4.0,2.0,3.0,5,5.5,1,10.0,4.0,15.0,5,55.0,0.000367986
47130281,7.0,3,70,26,9,10.2,2.31,27,3.0,0.0,3.0,0.0,2.0,0.0,3.0,3.0,1.0,2.0,3.0,0.0,1.0,1.0,5.5,22.0,5.0,2.0,1955.0,1.0,3.0,6.0,6.0,9000.0,3.0,1,2,2,2,2,1.0,5.1,3.31,3.0,2.0,3.0,2.0,4.0,4.0,6.0,3.0,3.0,5.0,3.0,4.0,5.0,3.0,4.0,6.0,4.0,3.0,4.0,3.0,3.0,4.0,3.0,3.0,4.0,6.0,3.0,3.0,4.0,3.0,5.0,6.0,3.0,3.0,5.0,2.0,3.0,3.0,3.0,4.0,3.0,3.0,4.0,4.0,4.0,3.0,3.0,4.0,6.0,3.0,6.0,4.0,4.0,3.0,3.0,7,1,2,3,3,5.0,1,3.0,4.0,2.0,3.0,5,25.0,1,35.0,4.0,30.0,5,55.0,0.000367986
47130286,4.0,0,15,14,0,2.2,0.11,1,2.0,0.0,1.0,0.0,1.0,0.0,1.0,1.0,1.0,1.0,2.0,0.0,1.0,1.0,5.0,36.0,3.0,1.0,1950.0,1.0,2.0,1.0,6.0,5000.0,3.0,2,2,2,2,2,1.0,2.2,0.16,1.0,1.0,5.0,3.0,1.0,3.0,5.0,3.0,6.0,3.0,2.0,4.0,4.0,6.0,6.0,6.0,5.0,1.0,4.0,3.0,2.0,4.0,6.0,2.0,4.0,6.0,6.0,6.0,5.0,3.0,1.0,3.0,3.0,3.0,4.0,2.0,3.0,2.0,2.0,4.0,2.0,2.0,5.0,4.0,1.0,3.0,2.0,5.0,3.0,1.0,2.0,2.0,3.0,4.0,3.0,7,1,2,3,3,5.0,1,3.0,2.0,2.0,3.0,5,0.4,1,1.0,4.0,5.0,5,60.0,0.000409116
47130332,7.0,8,208,33,45,53.1,10.99,92,4.0,0.0,3.0,0.0,4.0,0.0,2.0,2.0,1.0,1.0,4.0,0.0,1.0,1.0,9.0,70.0,4.0,1.0,1938.0,1.0,3.0,9.0,8.0,7000.0,6.0,2,2,1,2,2,1.0,0.0,15.75,6.0,6.0,3.0,6.0,6.0,3.0,3.0,4.0,4.0,5.0,4.0,6.0,6.0,3.0,6.0,3.0,5.0,3.0,5.0,5.0,6.0,6.0,5.0,3.0,4.0,3.0,4.0,3.0,5.0,4.0,3.0,5.0,5.0,3.0,3.0,4.0,3.0,2.0,2.0,5.0,3.0,2.0,5.0,4.0,3.0,3.0,3.0,4.0,3.0,3.0,2.0,4.0,4.0,4.0,3.0,7,1,2,3,3,6.0,2,3.0,2.0,2.0,3.0,5,119.0,0,130.0,5.0,211.0,5,72.0,8.57e-05
47130345,1.0,1,89,29,7,10.2,3.79,42,3.0,1.0,2.0,0.0,2.0,1.0,1.0,1.0,1.0,2.0,3.0,0.0,2.0,2.0,4.0,0.0,4.0,2.0,1991.0,1.0,6.0,1.0,6.0,7000.0,3.0,1,2,2,2,2,1.0,5.1,5.43,1.0,1.0,3.0,3.0,3.0,3.0,4.0,1.0,1.0,5.0,2.0,4.0,4.0,2.0,4.0,6.0,4.0,3.0,4.0,2.0,5.0,5.0,4.0,1.0,4.0,4.0,4.0,5.0,5.0,3.0,2.0,3.0,3.0,3.0,3.0,5.0,4.0,3.0,4.0,5.0,2.0,2.0,4.0,2.0,4.0,3.0,3.0,4.0,2.0,3.0,3.0,4.0,2.0,4.0,1.0,7,1,2,3,3,5.0,2,4.0,1.0,1.0,4.0,5,40.0,1,53.0,4.0,60.0,5,19.0,0.000548793
47130345,8.0,0,85,66,0,5.6,1.48,20,3.0,1.0,2.0,0.0,2.0,1.0,1.0,1.0,1.0,2.0,3.0,0.0,2.0,2.0,4.0,0.0,4.0,2.0,1991.0,1.0,6.0,1.0,6.0,7000.0,3.0,1,2,2,2,2,1.0,2.8,2.12,1.0,1.0,3.0,3.0,3.0,3.0,4.0,1.0,1.0,5.0,2.0,4.0,4.0,2.0,4.0,6.0,4.0,3.0,4.0,2.0,5.0,5.0,4.0,1.0,4.0,4.0,4.0,5.0,5.0,3.0,2.0,3.0,3.0,3.0,3.0,5.0,4.0,3.0,4.0,5.0,2.0,2.0,4.0,2.0,4.0,3.0,3.0,4.0,2.0,3.0,3.0,4.0,2.0,4.0,3.0,7,1,2,3,3,5.0,2,4.0,1.0,1.0,4.0,5,14.0,1,19.0,4.0,20.0,5,19.0,0.000548793
47130387,7.0,7,381,36,91,105.2,28.96,202,2.0,0.0,1.0,0.0,0.0,0.0,1.0,0.0,1.0,2.0,2.0,0.0,1.0,1.0,2.5,2.0,2.0,1.0,1942.0,1.0,2.0,9.0,5.0,3250.0,3.0,2,2,2,2,2,1.0,105.2,41.5,2.0,2.0,4.0,2.0,2.0,4.0,2.0,5.0,5.0,5.0,1.0,5.0,5.0,2.0,5.0,6.0,4.0,2.0,5.0,4.0,4.0,4.0,1.0,4.0,5.0,2.0,2.0,2.0,5.0,2.0,2.0,2.0,5.0,2.0,3.0,2.0,3.0,1.0,2.0,5.0,2.0,4.0,4.0,2.0,3.0,3.0,2.0,5.0,3.0,5.0,2.0,4.0,5.0,2.0,3.0,7,1,2,3,3,5.0,2,3.0,2.0,2.0,4.0,5,320.0,0,254.0,4.0,179.0,5,68.0,0.0003213
47130387,3.0,2,65,11,23,7.6,2.99,29,2.0,0.0,1.0,0.0,0.0,0.0,1.0,0.0,1.0,2.0,2.0,0.0,1.0,1.0,2.5,2.0,2.0,1.0,1942.0,1.0,2.0,9.0,5.0,3250.0,3.0,2,2,2,2,2,1.0,7.6,4.28,2.0,2.0,4.0,2.0,2.0,4.0,2.0,5.0,5.0,5.0,1.0,5.0,5.0,2.0,5.0,6.0,4.0,2.0,5.0,4.0,4.0,4.0,1.0,4.0,5.0,2.0,2.0,2.0,5.0,2.0,2.0,2.0,5.0,2.0,3.0,2.0,3.0,1.0,2.0,5.0,2.0,4.0,4.0,2.0,3.0,3.0,2.0,5.0,3.0,5.0,2.0,4.0,5.0,2.0,1.0,7,1,2,3,3,5.0,1,3.0,2.0,2.0,4.0,5,32.0,0,31.0,4.0,45.0,5,68.0,0.0003213
47130407,1.0,0,23,13,0,7.6,0.69,9,2.0,0.0,1.0,1.0,2.0,0.0,0.0,1.0,2.0,1.0,2.0,0.0,1.0,1.0,6.0,26.0,4.0,2.0,1959.0,1.0,2.0,2.0,6.0,7000.0,3.0,1,2,2,2,2,3.0,3.8,0.99,6.0,6.0,3.0,4.0,4.0,4.0,4.0,3.0,3.0,4.0,4.0,4.0,4.0,2.0,3.0,3.0,4.0,1.0,4.0,4.0,3.0,4.0,3.0,2.0,4.0,4.0,4.0,3.0,2.0,4.0,2.0,4.0,4.0,4.0,4.0,4.0,3.0,2.0,2.0,4.0,2.0,2.0,4.0,4.0,2.0,2.0,2.0,4.0,3.0,2.0,2.0,4.0,4.0,2.0,1.0,7,1,2,3,3,5.0,1,3.0,4.0,4.0,1.0,5,6.5,0,10.0,4.0,10.0,5,51.0,0.000367986
47130442,1.0,0,18,25,0,4.4,0.25,2,1.0,0.0,1.0,0.0,1.0,0.0,1.0,1.0,1.0,1.0,1.0,0.0,2.0,2.0,4.0,8.0,4.0,2.0,1973.0,1.0,1.0,1.0,2.0,7000.0,6.0,1,2,2,2,2,1.0,2.2,0.36,4.0,3.0,2.0,3.0,4.0,4.0,3.0,6.0,3.0,1.0,1.0,2.0,5.0,3.0,4.0,6.0,4.0,1.0,5.0,4.0,1.0,1.0,4.0,2.0,5.0,6.0,3.0,3.0,5.0,5.0,2.0,6.0,2.0,1.0,2.0,2.0,2.0,1.0,1.0,5.0,4.0,1.0,2.0,3.0,4.0,3.0,1.0,5.0,1.0,2.0,2.0,2.0,4.0,5.0,2.0,7,1,2,3,3,5.0,3,4.0,2.0,2.0,3.0,5,1.2,2,40.0,5.0,20.0,5,37.0,0.000232084
47130471,1.0,0,53,25,0,4.4,1.73,21,2.0,0.0,2.0,0.0,2.0,0.0,1.0,1.0,1.0,1.0,2.0,0.0,1.0,2.0,5.0,3.0,5.0,2.0,1980.0,1.0,7.0,1.0,3.0,9000.0,5.0,1,2,2,2,2,1.0,2.2,2.48,3.0,4.0,4.0,1.0,4.0,5.0,5.0,1.0,1.0,5.0,2.0,2.0,5.0,5.0,2.0,5.0,2.0,2.0,5.0,1.0,2.0,5.0,6.0,4.0,2.0,6.0,5.0,2.0,5.0,5.0,1.0,1.0,5.0,2.0,3.0,1.0,3.0,1.0,2.0,6.0,4.0,1.0,4.0,4.0,3.0,3.0,4.0,1.0,1.0,1.0,4.0,2.0,2.0,5.0,2.0,7,1,2,3,3,3.0,2,3.0,3.0,2.0,3.0,5,18.5,1,28.0,3.0,30.0,5,30.0,0.000232084
47130471,1.0,0,27,13,0,2.2,0.88,11,2.0,0.0,2.0,0.0,2.0,0.0,1.0,1.0,1.0,1.0,2.0,0.0,1.0,2.0,5.0,3.0,5.0,2.0,1980.0,1.0,7.0,1.0,3.0,9000.0,5.0,1,2,2,2,2,1.0,2.2,1.26,3.0,4.0,4.0,1.0,4.0,5.0,5.0,1.0,1.0,5.0,2.0,2.0,5.0,5.0,2.0,5.0,2.0,2.0,5.0,1.0,2.0,5.0,6.0,4.0,2.0,6.0,5.0,2.0,5.0,5.0,1.0,1.0,5.0,2.0,3.0,1.0,3.0,1.0,2.0,6.0,4.0,1.0,4.0,4.0,3.0,3.0,4.0,1.0,1.0,1.0,4.0,2.0,2.0,5.0,1.0,7,1,2,3,3,3.0,1,3.0,3.0,2.0,3.0,5,9.5,1,14.0,3.0,15.0,5,30.0,0.000232084
47130533,1.0,6,204,56,60,15.0,3.76,54,2.0,0.0,3.0,1.0,5.0,0.0,2.0,1.0,1.0,2.0,2.0,0.0,1.0,1.0,4.0,5.0,3.0,1.0,1978.0,1.0,7.0,1.0,3.0,5000.0,6.0,2,2,2,2,2,1.0,15.0,5.39,4.0,3.0,4.0,2.0,3.0,4.0,4.0,3.0,3.0,5.0,6.0,4.0,4.0,3.0,3.0,4.0,5.0,2.0,5.0,4.0,3.0,5.0,4.0,4.0,6.0,6.0,4.0,2.0,4.0,3.0,2.0,6.0,3.0,3.0,2.0,3.0,4.0,3.0,3.0,3.0,2.0,3.0,4.0,5.0,3.0,3.0,2.0,4.0,2.0,3.0,2.0,4.0,4.0,3.0,1.0,7,1,2,3,3,4.0,2,4.0,2.0,2.0,3.0,5,36.0,1,88.0,4.0,61.0,5,32.0,0.000258025
47130611,11.0,0,5,5,0,0.0,0.42,2,4.0,2.0,2.0,0.0,7.0,2.0,1.0,1.0,1.0,1.0,2.0,0.0,1.0,1.0,7.0,9.0,3.0,1.0,1966.0,1.0,3.0,1.0,6.0,5000.0,3.0,1,2,2,2,2,1.0,2.2,0.6,2.0,4.0,1.0,1.0,5.0,5.0,4.0,3.0,6.0,3.0,4.0,4.0,4.0,1.0,5.0,1.0,4.0,1.0,4.0,4.0,3.0,1.0,4.0,2.0,4.0,2.0,4.0,2.0,4.0,2.0,1.0,4.0,4.0,2.0,5.0,5.0,4.0,1.0,1.0,5.0,2.0,4.0,5.0,5.0,4.0,3.0,2.0,4.0,2.0,3.0,2.0,4.0,4.0,4.0,3.0,7,1,2,3,3,5.0,1,1.0,2.0,2.0,3.0,5,0.5,1,0.0,4.0,5.0,5,44.0,0.000409116
47130611,4.0,0,54,34,0,5.6,1.48,18,4.0,2.0,2.0,0.0,7.0,2.0,1.0,1.0,1.0,1.0,2.0,0.0,1.0,1.0,7.0,9.0,3.0,1.0,1966.0,1.0,3.0,1.0,6.0,5000.0,3.0,1,2,2,2,2,1.0,2.8,2.12,2.0,4.0,1.0,1.0,5.0,5.0,4.0,3.0,6.0,3.0,4.0,4.0,4.0,1.0,5.0,1.0,4.0,1.0,4.0,4.0,3.0,1.0,4.0,2.0,4.0,2.0,4.0,2.0,4.0,2.0,1.0,4.0,4.0,2.0,5.0,5.0,4.0,1.0,1.0,5.0,2.0,4.0,5.0,5.0,4.0,3.0,2.0,4.0,2.0,3.0,2.0,4.0,4.0,4.0,3.0,7,1,2,3,3,5.0,2,1.0,2.0,2.0,3.0,5,13.0,1,20.0,4.0,30.0,5,44.0,0.000409116
47130685,11.0,6,233,27,46,53.4,10.88,89,2.0,0.0,1.0,0.0,2.0,0.0,1.0,1.0,2.0,1.0,2.0,0.0,1.0,1.0,6.0,22.0,3.0,1.0,1938.0,1.0,2.0,9.0,1.0,5000.0,4.0,2,2,2,2,2,1.0,53.4,15.59,1.0,3.0,4.0,4.0,3.0,3.0,6.0,6.0,3.0,3.0,3.0,3.0,3.0,4.0,4.0,6.0,5.0,3.0,4.0,4.0,3.0,5.0,5.0,4.0,3.0,6.0,3.0,3.0,6.0,6.0,3.0,3.0,3.0,3.0,3.0,3.0,3.0,1.0,1.0,5.0,4.0,4.0,4.0,3.0,3.0,3.0,3.0,5.0,4.0,4.0,4.0,3.0,3.0,3.0,3.0,7,1,2,3,3,5.0,2,1.0,4.0,4.0,2.0,5,118.0,1,160.0,4.0,135.0,5,72.0,8.57e-05
47130729,1.0,4,117,31,15,35.6,7.89,73,2.0,0.0,1.0,0.0,2.0,0.0,1.0,1.0,1.0,1.0,1.0,1.0,1.0,1.0,3.0,9.0,2.0,1.0,1951.0,1.0,2.0,2.0,5.0,3250.0,3.0,2,2,1,2,2,2.0,0.0,11.31,5.0,5.0,1.0,1.0,5.0,5.0,3.0,3.0,4.0,6.0,6.0,2.0,5.0,3.0,5.0,6.0,2.0,1.0,4.0,6.0,6.0,3.0,3.0,3.0,4.0,4.0,3.0,3.0,4.0,4.0,2.0,5.0,3.0,2.0,4.0,2.0,4.0,2.0,2.0,4.0,3.0,2.0,4.0,3.0,3.0,6.0,1.0,4.0,2.0,3.0,2.0,4.0,2.0,3.0,1.0,7,1,2,3,3,2.0,2,3.0,2.0,2.0,3.0,5,81.0,0,71.0,4.0,95.0,5,59.0,0.000409116
47130823,9.0,9,433,70,100,106.6,27.94,220,1.0,0.0,1.0,0.0,1.0,0.0,1.0,1.0,1.0,1.0,1.0,0.0,1.0,1.0,5.0,44.0,3.0,2.0,1937.0,1.0,1.0,9.0,3.0,5000.0,6.0,1,2,2,2,2,1.0,53.3,40.04,2.0,2.0,3.0,2.0,2.0,4.0,6.0,6.0,6.0,3.0,4.0,6.0,4.0,2.0,4.0,6.0,5.0,1.0,5.0,4.0,4.0,4.0,4.0,6.0,4.0,6.0,1.0,1.0,4.0,2.0,1.0,6.0,4.0,2.0,4.0,1.0,6.0,1.0,1.0,4.0,1.0,1.0,2.0,4.0,6.0,2.0,1.0,5.0,6.0,6.0,3.0,3.0,3.0,6.0,3.0,7,1,2,3,3,5.0,3,3.0,2.0,2.0,3.0,5,307.0,1,263.0,2.0,225.0,5,73.0,7.71e-05
50260039,4.0,0,29,15,0,6.2,1.15,16,2.0,0.0,1.0,0.0,0.0,0.0,2.0,1.0,1.0,1.0,2.0,0.0,1.0,1.0,5.0,5.0,2.0,2.0,1963.0,1.0,2.0,4.0,8.0,3250.0,2.0,1,2,2,2,2,3.0,3.1,1.65,6.0,2.0,3.0,3.0,3.0,3.0,4.0,2.0,4.0,3.0,3.0,4.0,4.0,1.0,4.0,6.0,3.0,1.0,6.0,3.0,6.0,2.0,2.0,4.0,4.0,5.0,4.0,1.0,6.0,4.0,1.0,5.0,3.0,3.0,3.0,4.0,3.0,1.0,1.0,5.0,3.0,3.0,5.0,3.0,3.0,6.0,6.0,6.0,3.0,3.0,3.0,4.0,4.0,3.0,3.0,8,1,2,2,4,5.0,1,1.0,2.0,2.0,1.0,5,10.0,0,14.0,4.0,9.0,5,47.0,0.001472131
50260039,5.0,0,29,15,0,6.2,1.15,16,2.0,0.0,1.0,0.0,0.0,0.0,2.0,1.0,1.0,1.0,2.0,0.0,1.0,1.0,5.0,5.0,2.0,2.0,1963.0,1.0,2.0,4.0,8.0,3250.0,2.0,1,2,2,2,2,3.0,3.1,1.65,6.0,2.0,3.0,3.0,3.0,3.0,4.0,2.0,4.0,3.0,3.0,4.0,4.0,1.0,4.0,6.0,3.0,1.0,6.0,3.0,6.0,2.0,2.0,4.0,4.0,5.0,4.0,1.0,6.0,4.0,1.0,5.0,3.0,3.0,3.0,4.0,3.0,1.0,1.0,5.0,3.0,3.0,5.0,3.0,3.0,6.0,6.0,6.0,3.0,3.0,3.0,4.0,4.0,3.0,3.0,8,1,2,2,4,5.0,1,1.0,2.0,2.0,1.0,5,10.0,0,14.0,4.0,17.0,5,47.0,0.001472131
50260077,9.0,1,85,38,15,10.6,2.77,25,2.0,0.0,1.0,0.0,3.0,0.0,1.0,2.0,2.0,1.0,1.0,0.0,1.0,1.0,10.0,45.0,4.0,1.0,1938.0,1.0,2.0,9.0,6.0,7000.0,3.0,1,2,2,2,2,1.0,5.3,3.97,2.0,4.0,5.0,3.0,3.0,5.0,3.0,3.0,3.0,2.0,4.0,4.0,4.0,3.0,3.0,3.0,3.0,2.0,3.0,3.0,4.0,3.0,2.0,4.0,4.0,3.0,4.0,3.0,4.0,2.0,2.0,4.0,3.0,3.0,4.0,4.0,3.0,2.0,2.0,3.0,2.0,3.0,4.0,3.0,3.0,2.0,3.0,4.0,2.0,3.0,3.0,2.0,2.0,3.0,3.0,8,1,2,2,4,5.0,1,1.0,2.0,2.0,4.0,5,29.0,1,32.0,4.0,30.0,5,72.0,0.0003213
50260087,1.0,0,73,38,0,12.4,2.39,32,2.0,0.0,1.0,1.0,2.0,0.0,1.0,1.0,1.0,1.0,2.0,0.0,1.0,1.0,5.0,28.0,3.0,2.0,1956.0,1.0,2.0,6.0,6.0,5000.0,3.0,1,2,2,2,2,1.0,6.2,3.42,3.0,2.0,1.0,1.0,5.0,5.0,6.0,2.0,5.0,5.0,5.0,6.0,5.0,1.0,5.0,6.0,4.0,1.0,4.0,1.0,5.0,1.0,1.0,1.0,5.0,5.0,2.0,2.0,5.0,5.0,1.0,4.0,2.0,1.0,4.0,4.0,2.0,1.0,1.0,6.0,4.0,2.0,4.0,5.0,6.0,4.0,1.0,5.0,2.0,1.0,1.0,4.0,5.0,4.0,3.0,8,1,2,2,4,5.0,2,1.0,2.0,4.0,4.0,5,21.0,0,35.0,5.0,44.0,5,54.0,0.000367986
50260131,1.0,0,32,21,0,2.2,0.69,9,3.0,0.0,2.0,1.0,1.0,0.0,1.0,2.0,1.0,1.0,2.0,0.0,3.0,2.0,1.0,27.0,2.0,1.0,1982.0,1.0,6.0,5.0,7.0,3250.0,1.0,2,2,2,1,2,3.0,0.0,0.99,1.0,4.0,5.0,5.0,2.0,2.0,5.0,5.0,5.0,5.0,5.0,4.0,5.0,3.0,3.0,6.0,3.0,6.0,6.0,6.0,6.0,6.0,6.0,3.0,5.0,5.0,5.0,1.0,6.0,1.0,5.0,5.0,5.0,5.0,4.0,3.0,3.0,1.0,1.0,5.0,5.0,5.0,5.0,4.0,5.0,4.0,3.0,6.0,3.0,3.0,1.0,1.0,1.0,3.0,1.0,8,1,2,2,4,5.0,1,4.0,2.0,2.0,1.0,5,7.5,0,11.0,3.0,22.0,5,28.0,0.00757236
50260144,1.0,2,127,41,8,4.4,2.83,33,2.0,0.0,2.0,0.0,1.0,0.0,3.0,1.0,1.0,1.0,2.0,0.0,2.0,2.0,3.0,9.0,4.0,1.0,1975.0,1.0,7.0,1.0,6.0,7000.0,3.0,2,2,2,2,2,1.0,4.4,4.06,1.0,2.0,4.0,1.0,1.0,5.0,4.0,1.0,2.0,5.0,1.0,2.0,5.0,1.0,2.0,6.0,4.0,3.0,5.0,3.0,4.0,5.0,5.0,1.0,4.0,6.0,4.0,1.0,5.0,2.0,1.0,6.0,2.0,2.0,2.0,5.0,3.0,1.0,1.0,5.0,3.0,3.0,5.0,4.0,3.0,2.0,1.0,2.0,1.0,3.0,2.0,4.0,5.0,5.0,2.0,8,1,2,2,4,4.0,2,3.0,1.0,2.0,2.0,5,29.0,1,78.0,6.0,55.0,5,35.0,0.000967286
50260165,1.0,3,70,24,14,7.2,1.92,26,4.0,1.0,2.0,1.0,3.0,1.0,4.0,4.0,1.0,1.0,4.0,2.0,1.0,1.0,7.0,16.0,4.0,2.0,1991.0,1.0,6.0,8.0,6.0,7000.0,2.0,2,2,1,2,2,3.0,0.0,2.75,1.0,2.0,2.0,3.0,3.0,3.0,2.0,4.0,2.0,3.0,5.0,5.0,3.0,2.0,3.0,3.0,3.0,3.0,3.0,3.0,4.0,5.0,3.0,2.0,5.0,5.0,4.0,2.0,5.0,4.0,4.0,4.0,1.0,3.0,4.0,4.0,3.0,4.0,2.0,2.0,2.0,4.0,4.0,4.0,5.0,3.0,4.0,4.0,1.0,3.0,2.0,4.0,5.0,1.0,2.0,8,1,2,2,4,5.0,2,4.0,1.0,2.0,1.0,5,21.0,0,32.0,3.0,48.0,5,19.0,0.002195453
50260165,1.0,3,75,24,18,10.0,1.92,26,4.0,1.0,2.0,1.0,3.0,1.0,4.0,4.0,1.0,1.0,4.0,2.0,1.0,1.0,7.0,16.0,4.0,2.0,1991.0,1.0,6.0,8.0,6.0,7000.0,2.0,2,2,1,2,2,3.0,0.0,2.75,1.0,2.0,2.0,3.0,3.0,3.0,2.0,4.0,2.0,3.0,5.0,5.0,3.0,2.0,3.0,3.0,3.0,3.0,3.0,3.0,4.0,5.0,3.0,2.0,5.0,5.0,4.0,2.0,5.0,4.0,4.0,4.0,1.0,3.0,4.0,4.0,3.0,4.0,2.0,2.0,2.0,4.0,4.0,4.0,5.0,3.0,4.0,4.0,1.0,3.0,2.0,4.0,5.0,1.0,2.0,8,1,2,2,4,5.0,2,4.0,1.0,2.0,1.0,5,21.0,0,33.0,3.0,62.0,5,19.0,0.002195453
50260166,2.0,4,192,56,36,49.8,10.01,87,4.0,1.0,2.0,1.0,3.0,1.0,4.0,4.0,1.0,1.0,4.0,2.0,1.0,1.0,7.0,23.0,4.0,1.0,1957.0,1.0,3.0,1.0,5.0,7000.0,3.0,2,2,2,2,2,1.0,49.8,14.34,2.0,4.0,2.0,1.0,3.0,4.0,3.0,3.0,4.0,3.0,3.0,5.0,5.0,1.0,3.0,1.0,4.0,3.0,3.0,3.0,3.0,3.0,1.0,3.0,4.0,2.0,3.0,1.0,4.0,4.0,1.0,1.0,4.0,2.0,5.0,3.0,3.0,1.0,1.0,5.0,1.0,5.0,5.0,3.0,3.0,3.0,3.0,5.0,3.0,3.0,3.0,3.0,3.0,1.0,2.0,8,1,2,2,4,5.0,2,4.0,2.0,1.0,4.0,5,106.0,1,100.0,4.0,150.0,5,53.0,0.000409116
50260181,1.0,3,177,61,22,38.2,7.32,64,3.0,0.0,1.0,0.0,3.0,0.0,3.0,2.0,1.0,2.0,3.0,1.0,1.0,1.0,6.0,8.0,6.0,1.0,1957.0,1.0,5.0,1.0,2.0,15000.0,6.0,2,2,1,2,2,2.0,0.0,10.49,5.0,4.0,1.0,2.0,5.0,5.0,5.0,2.0,4.0,6.0,6.0,1.0,5.0,2.0,5.0,6.0,1.0,1.0,6.0,6.0,6.0,3.0,1.0,1.0,5.0,5.0,6.0,2.0,4.0,5.0,1.0,5.0,4.0,1.0,5.0,3.0,3.0,1.0,2.0,5.0,5.0,1.0,5.0,4.0,4.0,6.0,6.0,6.0,2.0,1.0,4.0,4.0,1.0,5.0,3.0,8,1,2,2,4,4.0,4,3.0,2.0,2.0,1.0,5,75.5,0,94.0,5.0,168.0,5,53.0,0.000109132
50260183,1.0,4,202,48,30,74.6,18.14,142,3.0,0.0,1.0,0.0,3.0,0.0,3.0,2.0,1.0,2.0,3.0,1.0,1.0,1.0,6.0,11.0,6.0,2.0,1960.0,1.0,7.0,2.0,6.0,15000.0,3.0,2,2,1,2,2,1.0,0.0,25.99,5.0,4.0,2.0,6.0,5.0,5.0,2.0,5.0,3.0,6.0,3.0,1.0,5.0,1.0,5.0,6.0,1.0,1.0,4.0,1.0,3.0,1.0,1.0,1.0,5.0,5.0,5.0,2.0,5.0,2.0,1.0,4.0,5.0,2.0,5.0,2.0,5.0,1.0,1.0,5.0,2.0,2.0,3.0,5.0,3.0,3.0,1.0,5.0,1.0,1.0,2.0,4.0,5.0,5.0,1.0,8,1,2,2,4,4.0,2,4.0,1.0,2.0,4.0,5,193.0,0,124.0,4.0,207.0,5,50.0,0.000367986
50260275,1.0,3,96,30,18,8.8,2.08,27,2.0,0.0,3.0,0.0,2.0,0.0,3.0,1.0,1.0,1.0,1.0,1.0,1.0,1.0,5.0,15.0,5.0,2.0,1957.0,1.0,3.0,2.0,8.0,9000.0,5.0,1,2,2,2,2,1.0,4.4,2.98,4.0,3.0,3.0,2.0,2.0,4.0,4.0,3.0,6.0,4.0,3.0,4.0,4.0,2.0,3.0,2.0,4.0,1.0,2.0,2.0,4.0,4.0,4.0,2.0,4.0,2.0,2.0,4.0,4.0,3.0,2.0,4.0,3.0,2.0,4.0,3.0,3.0,1.0,1.0,4.0,2.0,2.0,4.0,4.0,4.0,2.0,1.0,4.0,2.0,2.0,4.0,3.0,3.0,3.0,1.0,8,1,2,2,4,5.0,2,3.0,2.0,3.0,4.0,5,19.0,1,48.0,4.0,27.0,5,53.0,9.82e-05
50260276,1.0,2,84,36,0,14.6,2.31,30,3.0,0.0,2.0,0.0,3.0,0.0,1.0,1.0,1.0,1.0,3.0,0.0,1.0,1.0,5.0,15.0,6.0,1.0,1945.0,1.0,3.0,2.0,6.0,15000.0,8.0,1,2,2,2,2,1.0,7.3,3.31,3.0,2.0,1.0,3.0,4.0,5.0,4.0,1.0,6.0,4.0,4.0,3.0,5.0,4.0,4.0,6.0,5.0,1.0,5.0,3.0,5.0,4.0,2.0,1.0,2.0,1.0,4.0,2.0,5.0,4.0,1.0,1.0,3.0,2.0,2.0,1.0,2.0,1.0,2.0,5.0,3.0,2.0,2.0,4.0,3.0,2.0,2.0,3.0,2.0,2.0,4.0,3.0,3.0,4.0,2.0,8,1,2,2,4,3.0,3,3.0,2.0,2.0,4.0,5,20.0,1,48.0,8.0,34.0,5,65.0,0.000125765
50270016,6.0,4,172,23,20,41.0,11.74,93,2.0,0.0,1.0,0.0,0.0,0.0,0.0,1.0,2.0,1.0,0.0,0.0,1.0,1.0,3.0,16.0,4.0,1.0,1934.0,1.0,2.0,9.0,6.0,7000.0,3.0,1,2,2,2,2,1.0,20.5,16.82,1.0,2.0,5.0,5.0,6.0,6.0,6.0,6.0,6.0,6.0,4.0,3.0,4.0,4.0,4.0,6.0,6.0,1.0,4.0,2.0,2.0,4.0,6.0,3.0,4.0,6.0,3.0,6.0,6.0,3.0,3.0,4.0,6.0,2.0,6.0,3.0,6.0,6.0,6.0,4.0,3.0,6.0,1.0,6.0,6.0,2.0,1.0,5.0,6.0,6.0,5.0,3.0,6.0,6.0,3.0,7,1,2,2,4,5.0,1,3.0,2.0,2.0,1.0,5,119.0,1,129.0,5.0,75.0,5,76.0,0.0003213
50270029,1.0,2,109,20,51,10.6,1.62,20,2.0,0.0,1.0,0.0,3.0,0.0,1.0,1.0,1.0,1.0,2.0,0.0,1.0,1.0,5.5,20.0,4.0,1.0,1961.0,1.0,2.0,1.0,6.0,7000.0,2.0,1,2,2,2,2,1.0,5.3,2.32,5.0,5.0,3.0,2.0,3.0,3.0,3.0,3.0,3.0,3.0,3.0,5.0,5.0,5.0,5.0,2.0,2.0,1.0,3.0,3.0,3.0,3.0,2.0,3.0,5.0,2.0,3.0,3.0,2.0,3.0,1.0,3.0,3.0,1.0,2.0,3.0,3.0,1.0,2.0,4.0,3.0,4.0,4.0,3.0,1.0,2.0,1.0,5.0,2.0,3.0,3.0,1.0,1.0,4.0,1.0,7,1,2,2,4,5.0,2,2.0,2.0,2.0,4.0,5,12.0,1,38.0,5.0,21.0,5,49.0,0.001636675
50270030,1.0,0,45,33,0,8.0,1.74,16,2.0,0.0,1.0,0.0,3.0,0.0,1.0,1.0,1.0,1.0,2.0,0.0,1.0,1.0,5.5,20.0,4.0,2.0,1961.0,1.0,2.0,2.0,6.0,7000.0,3.0,2,2,2,1,2,2.0,0.0,2.49,4.0,5.0,3.0,3.0,3.0,3.0,3.0,3.0,2.0,3.0,3.0,5.0,5.0,2.0,5.0,3.0,4.0,1.0,5.0,3.0,3.0,3.0,5.0,2.0,5.0,5.0,5.0,2.0,3.0,5.0,2.0,5.0,5.0,3.0,3.0,3.0,3.0,2.0,2.0,5.0,3.0,3.0,5.0,5.0,5.0,3.0,3.0,3.0,3.0,3.0,3.0,3.0,5.0,5.0,1.0,7,1,2,2,4,5.0,2,4.0,3.0,3.0,1.0,5,19.0,0,12.0,5.0,25.0,5,49.0,0.000367986
50270088,1.0,0,72,42,0,14.0,1.87,24,1.0,0.0,1.0,0.0,1.0,0.0,1.0,1.0,1.0,1.0,1.0,0.0,1.0,1.0,6.0,20.0,3.0,2.0,1953.0,1.0,1.0,1.0,2.0,5000.0,6.0,2,2,1,2,2,2.0,0.0,2.68,4.0,5.0,1.0,1.0,4.0,5.0,5.0,2.0,5.0,4.0,4.0,4.0,4.0,6.0,4.0,6.0,3.0,6.0,6.0,2.0,4.0,6.0,4.0,4.0,5.0,4.0,6.0,6.0,5.0,3.0,6.0,4.0,4.0,6.0,5.0,6.0,6.0,1.0,6.0,5.0,3.0,4.0,5.0,6.0,4.0,6.0,6.0,4.0,6.0,6.0,4.0,4.0,4.0,4.0,1.0,7,1,2,2,4,5.0,3,3.0,2.0,2.0,4.0,5,19.1,0,30.0,4.0,38.0,5,57.0,9.82e-05
50270151,1.0,0,51,35,0,8.0,1.21,15,3.0,1.0,1.0,0.0,3.0,1.0,1.0,3.0,1.0,1.0,2.0,2.0,1.0,1.0,6.0,5.0,5.0,1.0,1956.0,1.0,3.0,1.0,1.0,9000.0,3.0,1,2,2,1,2,2.0,4.0,1.73,4.0,4.0,2.0,2.0,4.0,4.0,4.0,2.0,4.0,5.0,4.0,1.0,5.0,1.0,5.0,2.0,2.0,2.0,3.0,1.0,5.0,3.0,2.0,2.0,5.0,3.0,4.0,3.0,5.0,3.0,1.0,5.0,3.0,4.0,4.0,3.0,3.0,2.0,2.0,4.0,3.0,3.0,4.0,4.0,3.0,2.0,4.0,3.0,3.0,2.0,3.0,4.0,5.0,4.0,1.0,7,1,2,2,4,5.0,2,3.0,2.0,2.0,3.0,5,11.5,0,16.0,5.0,20.0,5,54.0,0.000409116
50270163,1.0,3,84,20,8,13.0,4.02,31,3.0,0.0,1.0,0.0,0.0,0.0,1.0,1.0,1.0,1.0,2.0,0.0,1.0,1.0,7.0,2.0,6.0,1.0,1945.0,1.0,3.0,2.0,8.0,15000.0,3.0,2,2,2,1,2,1.0,0.0,5.76,4.0,2.0,6.0,4.0,2.0,2.0,1.0,4.0,2.0,6.0,6.0,6.0,4.0,5.0,2.0,6.0,5.0,3.0,4.0,4.0,3.0,2.0,3.0,2.0,4.0,4.0,6.0,2.0,4.0,4.0,2.0,1.0,1.0,1.0,2.0,2.0,1.0,1.0,1.0,4.0,3.0,3.0,3.0,5.0,2.0,6.0,6.0,3.0,3.0,2.0,2.0,3.0,4.0,5.0,1.0,7,1,2,2,4,6.0,1,1.0,2.0,2.0,3.0,5,44.0,0,56.0,5.0,12.0,5,65.0,0.0003213
50270164,2.0,0,30,28,0,6.4,0.28,2,2.0,0.0,1.0,0.0,0.0,0.0,1.0,1.0,1.0,1.0,2.0,0.0,1.0,1.0,7.0,2.0,6.0,2.0,1946.0,1.0,3.0,9.0,6.0,15000.0,3.0,2,2,2,2,2,1.0,6.4,0.4,2.0,4.0,3.0,2.0,4.0,5.0,4.0,1.0,5.0,4.0,4.0,4.0,4.0,3.0,5.0,6.0,4.0,3.0,5.0,2.0,3.0,3.0,4.0,2.0,4.0,4.0,4.0,3.0,5.0,4.0,1.0,4.0,4.0,4.0,5.0,4.0,3.0,1.0,3.0,4.0,4.0,2.0,3.0,3.0,3.0,1.0,1.0,2.0,3.0,3.0,4.0,3.0,4.0,4.0,1.0,7,1,2,2,4,5.0,2,1.0,2.0,2.0,3.0,5,1.2,2,2.0,4.0,20.0,5,64.0,0.000367986
50270166,4.0,0,33,24,0,4.0,0.48,6,2.0,0.0,1.0,0.0,2.0,0.0,2.0,1.0,1.0,1.0,2.0,0.0,1.0,1.0,5.0,11.0,4.0,1.0,1962.0,1.0,3.0,1.0,6.0,7000.0,3.0,2,2,2,2,2,1.0,4.0,0.69,1.0,3.0,4.0,1.0,3.0,5.0,3.0,3.0,2.0,5.0,3.0,5.0,5.0,2.0,3.0,4.0,5.0,2.0,1.0,2.0,4.0,4.0,6.0,3.0,3.0,6.0,6.0,2.0,4.0,1.0,2.0,6.0,6.0,2.0,5.0,1.0,3.0,1.0,2.0,4.0,3.0,2.0,4.0,4.0,4.0,6.0,4.0,5.0,4.0,1.0,4.0,1.0,3.0,4.0,3.0,7,1,2,2,4,5.0,1,3.0,2.0,2.0,4.0,5,5.0,1,9.0,4.0,10.0,5,48.0,0.000258025
50270194,1.0,5,186,54,25,26.0,11.29,99,1.0,0.0,1.0,0.0,4.0,0.0,1.0,0.0,1.0,1.0,1.0,0.0,2.0,2.0,2.5,2.0,4.0,1.0,1970.0,1.0,1.0,1.0,2.0,7000.0,8.0,1,2,2,1,2,1.0,13.0,16.18,1.0,1.0,3.0,3.0,1.0,1.0,3.0,5.0,4.0,5.0,5.0,1.0,4.0,3.0,2.0,6.0,2.0,1.0,5.0,5.0,5.0,4.0,5.0,1.0,5.0,5.0,1.0,2.0,5.0,2.0,1.0,1.0,5.0,1.0,4.0,2.0,1.0,2.0,3.0,4.0,4.0,1.0,3.0,3.0,4.0,3.0,4.0,4.0,3.0,3.0,2.0,3.0,2.0,3.0,1.0,7,1,2,2,4,3.0,3,3.0,2.0,2.0,3.0,5,125.0,0,107.0,4.0,210.0,5,40.0,0.000160139
50270271,6.0,2,104,36,21,16.9,2.1,28,1.0,0.0,1.0,0.0,1.0,0.0,0.0,0.0,2.0,1.0,0.0,0.0,1.0,1.0,4.5,12.0,2.0,1.0,1956.0,1.0,1.0,7.0,5.0,3250.0,3.0,2,2,2,2,2,1.0,16.9,3.01,3.0,3.0,2.0,3.0,3.0,4.0,3.0,3.0,6.0,5.0,4.0,3.0,4.0,2.0,3.0,6.0,2.0,2.0,4.0,3.0,4.0,4.0,2.0,2.0,3.0,1.0,4.0,3.0,6.0,3.0,1.0,3.0,2.0,3.0,3.0,3.0,3.0,1.0,1.0,4.0,3.0,3.0,3.0,3.0,3.0,2.0,3.0,3.0,3.0,3.0,3.0,3.0,4.0,4.0,3.0,7,1,2,2,4,5.0,3,1.0,2.0,3.0,3.0,5,19.0,1,47.0,3.0,40.0,5,54.0,0.000409116
50270287,1.0,3,104,34,9,27.6,5.44,43,3.0,0.0,1.0,0.0,3.0,0.0,3.0,1.0,1.0,1.0,3.0,1.0,1.0,1.0,5.0,13.0,5.0,2.0,1957.0,1.0,4.0,2.0,2.0,9000.0,8.0,1,2,2,2,2,1.0,13.8,7.8,3.0,6.0,3.0,2.0,3.0,4.0,5.0,3.0,3.0,4.0,4.0,2.0,2.0,1.0,5.0,2.0,2.0,1.0,4.0,3.0,4.0,3.0,4.0,1.0,5.0,4.0,6.0,1.0,5.0,4.0,1.0,5.0,3.0,3.0,3.0,1.0,3.0,2.0,3.0,6.0,3.0,2.0,5.0,4.0,4.0,5.0,1.0,5.0,2.0,2.0,2.0,4.0,5.0,3.0,1.0,7,1,2,2,4,5.0,2,3.0,3.0,3.0,3.0,5,59.5,1,61.0,3.0,55.0,5,53.0,0.000144039
50270288,9.0,2,105,44,3,24.2,2.64,36,4.0,0.0,0.0,0.0,3.0,0.0,4.0,1.0,1.0,2.0,4.0,0.0,2.0,2.0,5.0,2.0,6.0,2.0,1986.0,1.0,5.0,8.0,6.0,15000.0,5.0,1,2,2,1,1,2.0,12.1,3.78,3.0,4.0,1.0,2.0,3.0,4.0,4.0,1.0,4.0,5.0,3.0,5.0,5.0,1.0,3.0,6.0,4.0,1.0,5.0,3.0,4.0,5.0,4.0,1.0,5.0,4.0,4.0,2.0,5.0,5.0,1.0,5.0,1.0,5.0,5.0,3.0,3.0,5.0,3.0,3.0,2.0,4.0,5.0,3.0,6.0,3.0,1.0,4.0,6.0,3.0,3.0,4.0,5.0,2.0,3.0,7,1,2,2,4,5.0,2,2.0,3.0,3.0,3.0,5,25.0,0,58.0,3.0,35.5,5,24.0,0.000232084
50270317,7.0,0,19,13,0,2.2,0.62,8,2.0,0.0,2.0,0.0,2.0,0.0,1.0,1.0,1.0,1.0,2.0,2.0,1.0,1.0,7.0,0.0,6.0,1.0,1964.0,1.0,2.0,1.0,1.0,15000.0,7.0,1,2,2,2,2,1.0,2.2,0.89,2.0,1.0,2.0,2.0,3.0,5.0,3.0,2.0,3.0,4.0,2.0,2.0,4.0,3.0,2.0,3.0,5.0,3.0,5.0,5.0,4.0,5.0,4.0,2.0,3.0,6.0,6.0,2.0,4.0,3.0,3.0,6.0,6.0,2.0,3.0,2.0,3.0,2.0,3.0,4.0,4.0,2.0,4.0,4.0,3.0,6.0,2.0,4.0,2.0,3.0,2.0,3.0,4.0,4.0,3.0,7,1,2,2,4,2.0,1,3.0,2.0,2.0,4.0,5,6.0,1,6.0,4.0,8.0,5,46.0,0.000160139
50270318,9.0,0,38,20,0,7.6,1.2,16,2.0,0.0,2.0,0.0,2.0,0.0,1.0,1.0,1.0,1.0,2.0,2.0,1.0,1.0,7.0,0.0,6.0,1.0,1964.0,1.0,2.0,1.0,1.0,15000.0,7.0,1,2,2,2,2,1.0,3.8,1.72,2.0,1.0,2.0,2.0,3.0,5.0,3.0,2.0,3.0,4.0,2.0,2.0,4.0,3.0,2.0,3.0,5.0,3.0,5.0,5.0,4.0,5.0,4.0,2.0,3.0,6.0,6.0,2.0,4.0,3.0,3.0,6.0,6.0,2.0,3.0,2.0,3.0,2.0,3.0,4.0,4.0,2.0,4.0,4.0,3.0,6.0,2.0,4.0,2.0,3.0,2.0,3.0,4.0,4.0,3.0,7,1,2,2,4,2.0,1,3.0,2.0,2.0,4.0,5,12.0,1,18.0,4.0,12.0,5,46.0,0.000160139
50270408,3.0,2,66,16,1,22.8,1.2,17,2.0,0.0,2.0,1.0,1.0,0.0,0.0,2.0,2.0,1.0,1.0,0.0,1.0,1.0,7.0,5.0,4.0,1.0,1940.0,1.0,3.0,9.0,3.0,7000.0,3.0,1,2,2,2,2,1.0,11.4,1.72,2.0,3.0,4.0,4.0,4.0,3.0,3.0,6.0,3.0,4.0,6.0,6.0,3.0,3.0,3.0,3.0,4.0,1.0,4.0,4.0,3.0,4.0,3.0,2.0,3.0,3.0,3.0,3.0,6.0,6.0,6.0,4.0,4.0,3.0,3.0,3.0,3.0,1.0,1.0,3.0,3.0,1.0,4.0,3.0,6.0,6.0,6.0,4.0,6.0,6.0,3.0,4.0,4.0,5.0,1.0,7,1,2,2,4,6.0,1,3.0,2.0,2.0,4.0,5,13.0,0,49.0,6.0,32.0,5,70.0,0.0003213
50270415,9.0,0,32,16,0,7.6,1.14,15,1.0,0.0,1.0,1.0,3.0,0.0,1.0,6.0,1.0,1.0,1.0,0.0,1.0,1.0,4.0,4.0,3.0,1.0,1943.0,1.0,1.0,9.0,6.0,5000.0,7.0,1,2,2,2,2,1.0,3.8,1.63,2.0,2.0,4.0,2.0,4.0,4.0,6.0,6.0,4.0,5.0,4.0,2.0,3.0,2.0,2.0,6.0,4.0,1.0,4.0,3.0,4.0,4.0,4.0,2.0,4.0,6.0,4.0,2.0,5.0,5.0,1.0,4.0,4.0,2.0,2.0,4.0,3.0,1.0,2.0,5.0,2.0,3.0,4.0,4.0,6.0,4.0,2.0,5.0,2.0,3.0,3.0,4.0,4.0,4.0,3.0,7,1,2,2,4,5.0,1,1.0,2.0,3.0,1.0,5,11.0,1,16.0,5.0,20.0,5,67.0,0.000125765
50270426,1.0,1,96,38,15,9.6,1.76,16,2.0,0.0,2.0,1.0,2.0,0.0,1.0,2.0,1.0,1.0,2.0,1.0,1.0,1.0,5.0,5.0,6.0,1.0,1972.0,1.0,7.0,1.0,1.0,15000.0,3.0,2,2,2,2,2,1.0,9.6,2.52,1.0,3.0,2.0,1.0,2.0,3.0,3.0,2.0,5.0,5.0,4.0,4.0,4.0,2.0,1.0,6.0,1.0,3.0,5.0,3.0,3.0,4.0,6.0,2.0,3.0,6.0,5.0,1.0,5.0,2.0,3.0,3.0,3.0,2.0,2.0,2.0,4.0,1.0,1.0,5.0,3.0,2.0,5.0,4.0,3.0,2.0,1.0,3.0,1.0,3.0,1.0,5.0,4.0,4.0,3.0,7,1,2,2,4,5.0,2,4.0,2.0,2.0,3.0,5,19.5,1,43.0,5.0,14.0,5,38.0,0.000967286
50270426,10.0,2,124,34,33,14.8,1.83,24,2.0,0.0,2.0,1.0,2.0,0.0,1.0,2.0,1.0,1.0,2.0,1.0,1.0,1.0,5.0,5.0,6.0,1.0,1972.0,1.0,7.0,1.0,1.0,15000.0,3.0,2,2,2,2,2,1.0,14.8,2.62,1.0,3.0,2.0,1.0,2.0,3.0,3.0,2.0,5.0,5.0,4.0,4.0,4.0,2.0,1.0,6.0,1.0,3.0,5.0,3.0,3.0,4.0,6.0,2.0,3.0,6.0,5.0,1.0,5.0,2.0,3.0,3.0,3.0,2.0,2.0,2.0,4.0,1.0,1.0,5.0,3.0,2.0,5.0,4.0,3.0,2.0,1.0,3.0,1.0,3.0,1.0,5.0,4.0,4.0,3.0,7,1,2,2,4,5.0,2,4.0,2.0,2.0,3.0,5,14.0,1,57.0,5.0,19.0,5,38.0,0.000967286
50270435,1.0,5,215,80,13,80.8,21.21,148,4.0,2.0,2.0,0.0,5.0,2.0,3.0,1.0,1.0,1.0,3.0,1.0,1.0,1.0,5.0,5.0,6.0,1.0,1968.0,1.0,3.0,1.0,3.0,15000.0,4.0,2,2,1,2,2,1.0,0.0,30.39,3.0,4.0,2.0,2.0,3.0,4.0,3.0,2.0,4.0,5.0,2.0,1.0,4.0,1.0,4.0,3.0,4.0,2.0,4.0,2.0,3.0,3.0,4.0,2.0,5.0,5.0,3.0,1.0,5.0,4.0,1.0,3.0,3.0,2.0,4.0,3.0,3.0,1.0,2.0,5.0,3.0,1.0,4.0,4.0,3.0,4.0,4.0,5.0,2.0,2.0,3.0,3.0,4.0,4.0,3.0,7,1,2,2,4,5.0,4,4.0,1.0,2.0,3.0,5,232.8,0,122.0,5.0,196.0,5,42.0,0.000109132
50270436,4.0,1,52,36,3,8.0,1.19,15,4.0,2.0,2.0,0.0,5.0,2.0,3.0,1.0,1.0,1.0,3.0,1.0,1.0,1.0,5.0,5.0,6.0,1.0,1968.0,1.0,3.0,1.0,3.0,15000.0,4.0,2,2,1,2,2,1.0,0.0,1.71,3.0,4.0,2.0,2.0,3.0,4.0,3.0,2.0,4.0,5.0,2.0,1.0,4.0,1.0,4.0,3.0,4.0,2.0,4.0,2.0,3.0,3.0,4.0,2.0,4.0,5.0,3.0,1.0,5.0,4.0,1.0,3.0,3.0,2.0,4.0,3.0,3.0,1.0,2.0,5.0,3.0,1.0,4.0,4.0,3.0,4.0,4.0,5.0,2.0,2.0,3.0,3.0,4.0,4.0,3.0,7,1,2,2,4,5.0,2,4.0,1.0,2.0,3.0,5,11.5,1,13.0,5.0,17.0,5,42.0,0.000109132
50270436,4.0,0,48,37,0,8.0,1.14,12,4.0,2.0,2.0,0.0,5.0,2.0,3.0,1.0,1.0,1.0,3.0,1.0,1.0,1.0,5.0,5.0,6.0,1.0,1968.0,1.0,3.0,1.0,3.0,15000.0,4.0,2,2,1,2,2,1.0,0.0,1.63,3.0,4.0,2.0,2.0,3.0,4.0,3.0,2.0,4.0,5.0,2.0,1.0,4.0,1.0,4.0,3.0,4.0,2.0,4.0,2.0,3.0,3.0,4.0,2.0,4.0,5.0,3.0,1.0,5.0,4.0,1.0,3.0,3.0,2.0,4.0,3.0,3.0,1.0,2.0,5.0,3.0,1.0,4.0,4.0,3.0,4.0,4.0,5.0,2.0,2.0,3.0,3.0,4.0,4.0,3.0,7,1,2,2,4,5.0,2,4.0,1.0,2.0,3.0,5,10.0,1,11.0,5.0,13.0,5,42.0,0.000109132
50270436,5.0,0,50,36,0,8.0,1.13,11,4.0,2.0,2.0,0.0,5.0,2.0,3.0,1.0,1.0,1.0,3.0,1.0,1.0,1.0,5.0,5.0,6.0,1.0,1968.0,1.0,3.0,1.0,3.0,15000.0,4.0,2,2,1,2,2,1.0,0.0,1.62,3.0,4.0,2.0,2.0,3.0,4.0,3.0,2.0,4.0,5.0,2.0,1.0,4.0,1.0,4.0,3.0,4.0,2.0,4.0,2.0,3.0,3.0,4.0,2.0,4.0,5.0,3.0,1.0,5.0,4.0,1.0,3.0,3.0,2.0,4.0,3.0,3.0,1.0,2.0,5.0,3.0,1.0,4.0,4.0,3.0,4.0,4.0,5.0,2.0,2.0,3.0,3.0,4.0,4.0,3.0,7,1,2,2,4,5.0,2,4.0,1.0,2.0,3.0,5,10.0,1,14.0,5.0,17.0,5,42.0,0.000109132
50270439,7.0,4,183,58,47,25.4,5.92,47,3.0,1.0,2.0,0.0,5.0,1.0,2.0,1.0,1.0,2.0,2.0,0.0,2.0,2.0,5.0,5.0,4.0,2.0,1977.0,1.0,3.0,2.0,6.0,7000.0,3.0,2,2,2,2,2,1.0,25.4,8.48,1.0,2.0,3.0,4.0,3.0,3.0,4.0,3.0,3.0,4.0,2.0,2.0,4.0,3.0,3.0,4.0,4.0,1.0,5.0,4.0,3.0,3.0,3.0,2.0,4.0,1.0,1.0,3.0,5.0,4.0,1.0,1.0,3.0,3.0,2.0,3.0,2.0,1.0,1.0,5.0,2.0,4.0,4.0,4.0,3.0,3.0,2.0,5.0,3.0,3.0,2.0,4.0,4.0,3.0,3.0,7,1,2,2,4,4.0,3,3.0,2.0,3.0,3.0,5,64.5,1,78.0,5.0,55.0,5,33.0,0.00087004
50270475,1.0,4,174,57,56,17.6,5.48,48,2.0,0.0,1.0,0.0,2.0,0.0,2.0,1.0,1.0,1.0,1.0,0.0,1.0,1.0,5.0,6.0,5.0,1.0,1951.0,1.0,2.0,1.0,3.0,9000.0,7.0,2,2,2,2,2,1.0,17.6,7.85,4.0,2.0,2.0,2.0,4.0,5.0,4.0,2.0,1.0,1.0,5.0,2.0,2.0,1.0,5.0,2.0,2.0,1.0,3.0,1.0,5.0,4.0,1.0,3.0,3.0,2.0,5.0,4.0,4.0,4.0,1.0,2.0,4.0,2.0,4.0,2.0,2.0,1.0,4.0,4.0,4.0,4.0,1.0,3.0,2.0,2.0,1.0,5.0,2.0,2.0,2.0,5.0,5.0,4.0,1.0,7,1,2,2,4,2.0,2,3.0,2.0,2.0,4.0,5,58.0,1,61.0,4.0,60.0,5,59.0,0.000160139
50270477,10.0,5,264,64,64,82.2,21.21,151,3.0,1.0,0.0,0.0,10.0,0.0,8.0,1.0,1.0,1.0,2.0,1.0,2.0,2.0,3.0,2.0,5.0,2.0,1975.0,1.0,7.0,2.0,6.0,9000.0,7.0,2,2,1,2,2,2.0,0.0,30.39,5.0,5.0,1.0,1.0,4.0,5.0,4.0,4.0,4.0,6.0,2.0,2.0,5.0,1.0,5.0,1.0,2.0,1.0,6.0,6.0,6.0,2.0,2.0,2.0,5.0,5.0,2.0,4.0,4.0,5.0,1.0,1.0,5.0,2.0,4.0,4.0,4.0,1.0,2.0,5.0,4.0,2.0,4.0,4.0,2.0,2.0,1.0,4.0,2.0,2.0,2.0,4.0,5.0,4.0,3.0,7,1,2,2,4,5.0,3,3.0,2.0,2.0,3.0,5,231.0,0,136.0,5.0,310.0,5,35.0,0.000340556
50270478,10.0,5,268,73,57,82.2,21.21,151,3.0,1.0,0.0,0.0,10.0,0.0,8.0,1.0,1.0,1.0,2.0,1.0,2.0,1.0,3.0,5.0,5.0,1.0,1971.0,1.0,7.0,2.0,6.0,9000.0,8.0,2,2,1,2,2,2.0,0.0,30.39,5.0,4.0,2.0,3.0,4.0,5.0,4.0,2.0,4.0,4.0,3.0,2.0,4.0,2.0,6.0,3.0,2.0,5.0,6.0,2.0,4.0,3.0,3.0,3.0,4.0,4.0,6.0,2.0,4.0,4.0,3.0,4.0,3.0,3.0,3.0,2.0,2.0,2.0,3.0,4.0,4.0,2.0,4.0,3.0,4.0,6.0,3.0,4.0,2.0,3.0,3.0,3.0,2.0,4.0,3.0,7,1,2,2,4,4.0,3,3.0,1.0,2.0,4.0,5,231.0,0,138.0,4.0,310.0,5,39.0,0.000378621
50270501,1.0,5,119,40,2,27.8,6.25,53,2.0,0.0,3.0,1.0,2.0,0.0,0.0,2.0,1.0,1.0,2.0,0.0,1.0,1.0,5.0,6.0,6.0,1.0,1945.0,1.0,7.0,1.0,3.0,15000.0,7.0,1,2,2,2,2,1.0,13.9,8.96,4.0,2.0,4.0,2.0,4.0,5.0,3.0,6.0,1.0,3.0,2.0,2.0,4.0,2.0,4.0,2.0,3.0,1.0,5.0,4.0,4.0,4.0,4.0,2.0,2.0,1.0,1.0,1.0,4.0,2.0,1.0,1.0,6.0,3.0,4.0,4.0,3.0,2.0,4.0,4.0,1.0,1.0,3.0,4.0,6.0,2.0,1.0,5.0,3.0,3.0,2.0,4.0,4.0,4.0,1.0,7,1,2,2,4,1.0,2,1.0,2.0,2.0,3.0,5,68.0,1,77.0,3.0,80.0,5,65.0,0.000125765
50270502,1.0,4,127,25,2,46.4,9.68,84,2.0,0.0,3.0,1.0,2.0,0.0,2.0,2.0,1.0,1.0,2.0,0.0,1.0,1.0,5.0,5.0,3.0,2.0,1947.0,1.0,2.0,1.0,6.0,5000.0,5.0,2,2,1,2,2,1.0,0.0,13.87,5.0,3.0,2.0,2.0,4.0,4.0,3.0,4.0,4.0,6.0,6.0,5.0,5.0,2.0,4.0,4.0,4.0,1.0,4.0,3.0,5.0,2.0,4.0,2.0,5.0,4.0,4.0,2.0,3.0,4.0,1.0,4.0,3.0,4.0,3.0,3.0,5.0,4.0,4.0,3.0,1.0,4.0,4.0,4.0,3.0,4.0,3.0,5.0,3.0,2.0,2.0,3.0,4.0,2.0,1.0,7,1,2,2,4,3.0,2,3.0,2.0,2.0,3.0,5,103.0,0,100.0,4.0,155.0,5,63.0,9.82e-05
50270516,1.0,5,204,44,22,79.6,20.32,136,1.0,0.0,1.0,0.0,1.0,0.0,4.0,0.0,1.0,2.0,2.0,0.0,1.0,1.0,4.0,2.0,4.0,1.0,1969.0,1.0,1.0,1.0,6.0,7000.0,6.0,2,2,1,2,2,1.0,0.0,29.12,1.0,5.0,3.0,3.0,2.0,2.0,2.0,4.0,3.0,3.0,4.0,5.0,3.0,2.0,4.0,6.0,5.0,3.0,5.0,4.0,4.0,4.0,5.0,4.0,5.0,5.0,3.0,4.0,5.0,5.0,1.0,3.0,5.0,1.0,3.0,1.0,4.0,1.0,3.0,5.0,3.0,1.0,3.0,5.0,5.0,3.0,1.0,5.0,1.0,3.0,5.0,3.0,4.0,4.0,2.0,7,1,2,2,4,3.0,2,2.0,2.0,3.0,3.0,5,228.0,1,138.0,4.0,150.0,5,41.0,0.000109132
50270533,4.0,0,101,75,0,16.5,1.76,22,4.0,2.0,2.0,0.0,4.0,2.0,1.0,1.0,1.0,2.0,2.0,0.0,1.0,1.0,5.5,8.0,5.0,1.0,1970.0,1.0,3.0,1.0,3.0,9000.0,6.0,1,2,2,2,1,1.0,8.25,2.52,4.0,2.0,2.0,3.0,4.0,5.0,1.0,2.0,1.0,5.0,2.0,5.0,4.0,3.0,4.0,3.0,4.0,1.0,5.0,2.0,4.0,4.0,4.0,2.0,2.0,1.0,4.0,1.0,4.0,3.0,2.0,4.0,4.0,1.0,4.0,4.0,2.0,1.0,1.0,5.0,2.0,5.0,4.0,4.0,4.0,3.0,1.0,4.0,2.0,3.0,4.0,3.0,3.0,4.0,3.0,7,1,2,2,4,5.0,4,3.0,2.0,3.0,3.0,5,17.6,1,26.0,4.0,22.0,5,40.0,0.000109132
50270533,1.0,5,235,69,67,35.0,8.76,85,4.0,2.0,2.0,0.0,4.0,2.0,1.0,1.0,1.0,2.0,2.0,0.0,1.0,1.0,5.5,8.0,5.0,1.0,1970.0,1.0,3.0,1.0,3.0,9000.0,6.0,1,2,2,2,1,1.0,17.5,12.55,4.0,2.0,2.0,3.0,4.0,5.0,1.0,2.0,1.0,5.0,2.0,5.0,4.0,3.0,4.0,3.0,4.0,1.0,5.0,2.0,4.0,4.0,4.0,2.0,2.0,1.0,4.0,1.0,4.0,3.0,2.0,4.0,4.0,1.0,4.0,4.0,2.0,1.0,1.0,5.0,2.0,5.0,4.0,4.0,4.0,3.0,1.0,4.0,2.0,3.0,4.0,3.0,3.0,4.0,1.0,7,1,2,2,4,5.0,2,3.0,2.0,3.0,3.0,5,93.0,1,99.0,4.0,81.0,5,40.0,0.000109132
50270601,1.0,8,277,88,38,47.7,10.0,98,1.0,0.0,1.0,0.0,1.0,0.0,1.0,2.0,1.0,1.0,1.0,0.0,2.0,2.0,2.0,6.0,3.0,2.0,1978.0,1.0,1.0,1.0,6.0,5000.0,3.0,2,2,2,2,2,1.0,47.7,14.33,1.0,4.0,3.0,2.0,3.0,3.0,4.0,6.0,6.0,5.0,2.0,3.0,5.0,1.0,4.0,6.0,5.0,5.0,5.0,4.0,4.0,5.0,5.0,3.0,4.0,3.0,1.0,1.0,5.0,6.0,1.0,1.0,3.0,4.0,2.0,5.0,4.0,2.0,3.0,4.0,1.0,3.0,1.0,4.0,6.0,3.0,3.0,2.0,1.0,2.0,4.0,2.0,4.0,2.0,2.0,7,1,2,2,4,5.0,5,4.0,1.0,1.0,4.0,5,101.5,1,151.0,5.0,90.0,5,32.0,0.00087004
50270601,9.0,5,132,47,46,14.8,0.06,0,1.0,0.0,1.0,0.0,1.0,0.0,1.0,2.0,1.0,1.0,1.0,0.0,2.0,2.0,2.0,6.0,3.0,2.0,1978.0,1.0,1.0,1.0,6.0,5000.0,3.0,2,2,2,2,2,1.0,14.8,0.09,1.0,4.0,3.0,2.0,3.0,3.0,4.0,6.0,6.0,5.0,2.0,3.0,5.0,1.0,4.0,6.0,5.0,5.0,5.0,4.0,4.0,5.0,5.0,3.0,4.0,3.0,1.0,1.0,5.0,6.0,1.0,1.0,3.0,4.0,2.0,5.0,4.0,2.0,3.0,4.0,1.0,3.0,1.0,4.0,6.0,3.0,3.0,2.0,1.0,2.0,4.0,2.0,4.0,2.0,3.0,7,1,2,2,4,5.0,2,4.0,1.0,1.0,4.0,5,0.2,1,39.0,5.0,30.0,5,32.0,0.00087004
50270611,1.0,4,265,61,55,44.8,8.36,74,2.0,0.0,2.0,2.0,2.0,0.0,2.0,2.0,1.0,2.0,2.0,0.0,1.0,2.0,4.0,6.0,3.0,2.0,1972.0,1.0,5.0,2.0,6.0,5000.0,3.0,2,2,2,2,2,1.0,44.8,11.98,2.0,3.0,3.0,2.0,3.0,4.0,5.0,1.0,4.0,3.0,2.0,3.0,5.0,4.0,3.0,6.0,4.0,3.0,5.0,3.0,3.0,3.0,5.0,1.0,6.0,6.0,2.0,1.0,5.0,6.0,1.0,1.0,3.0,1.0,1.0,1.0,3.0,1.0,1.0,5.0,1.0,2.0,1.0,3.0,5.0,3.0,2.0,5.0,1.0,3.0,4.0,4.0,2.0,4.0,1.0,7,1,2,2,4,5.0,4,4.0,1.0,2.0,4.0,5,90.0,1,149.0,4.0,82.0,5,38.0,0.00087004
50270631,2.0,0,81,68,0,8.0,1.4,19,2.0,0.0,1.0,0.0,1.0,0.0,2.0,0.0,1.0,1.0,0.0,0.0,1.0,1.0,6.0,36.0,6.0,1.0,1945.0,1.0,2.0,2.0,2.0,15000.0,7.0,1,2,2,2,2,1.0,4.0,2.01,5.0,4.0,2.0,2.0,4.0,5.0,5.0,1.0,6.0,6.0,5.0,6.0,5.0,2.0,5.0,1.0,2.0,1.0,4.0,2.0,4.0,4.0,2.0,2.0,4.0,4.0,6.0,2.0,5.0,5.0,1.0,5.0,4.0,2.0,4.0,2.0,2.0,2.0,2.0,5.0,4.0,2.0,5.0,2.0,2.0,3.0,2.0,5.0,2.0,2.0,3.0,4.0,4.0,4.0,1.0,7,1,2,2,4,4.0,2,3.0,2.0,2.0,1.0,5,14.5,1,13.0,5.0,40.0,5,65.0,0.000125765
50270638,1.0,1,67,39,2,9.3,1.49,16,2.0,0.0,1.0,0.0,2.0,0.0,1.0,1.0,1.0,1.0,2.0,0.0,1.0,1.0,4.0,60.0,3.0,1.0,1949.0,1.0,2.0,1.0,6.0,5000.0,3.0,2,2,2,2,2,1.0,9.3,2.14,1.0,2.0,2.0,2.0,3.0,5.0,4.0,2.0,5.0,5.0,6.0,5.0,3.0,3.0,6.0,6.0,5.0,1.0,5.0,3.0,3.0,4.0,5.0,2.0,5.0,4.0,3.0,4.0,4.0,2.0,2.0,4.0,4.0,3.0,3.0,3.0,3.0,3.0,3.0,3.0,1.0,1.0,4.0,3.0,3.0,4.0,1.0,5.0,2.0,3.0,2.0,4.0,5.0,5.0,1.0,7,1,2,2,4,5.0,2,1.0,2.0,2.0,4.0,5,15.5,1,26.0,4.0,19.0,5,61.0,0.000409116
50270639,1.0,1,94,18,11,15.2,3.28,46,3.0,0.0,1.0,0.0,3.0,0.0,3.0,3.0,1.0,1.0,2.0,0.0,1.0,1.0,6.0,19.0,4.0,1.0,1960.0,1.0,3.0,1.0,6.0,8418.0,4.0,2,2,2,1,2,1.0,0.0,4.7,1.0,6.0,3.0,2.0,2.0,3.0,5.0,2.0,4.0,5.0,3.0,1.0,5.0,3.0,6.0,3.0,4.0,3.0,5.0,4.0,4.0,4.0,2.0,2.0,5.0,5.0,6.0,1.0,5.0,3.0,1.0,5.0,3.0,3.0,3.0,3.0,3.0,1.0,1.0,5.0,2.0,4.0,4.0,4.0,2.0,6.0,3.0,5.0,3.0,3.0,3.0,3.0,3.0,3.0,1.0,7,1,2,2,4,5.0,2,2.0,4.0,2.0,4.0,5,31.0,0,65.0,4.0,35.5,5,50.0,0.000109132
50270667,7.0,6,270,45,68,26.0,5.7,54,2.0,0.0,1.0,1.0,2.0,0.0,1.0,1.0,1.0,1.0,2.0,0.0,1.0,1.0,4.0,25.0,2.0,2.0,1947.0,1.0,2.0,9.0,6.0,3250.0,3.0,2,2,2,2,2,1.0,26.0,8.17,1.0,2.0,4.0,3.0,2.0,3.0,3.0,3.0,4.0,5.0,4.0,5.0,5.0,2.0,4.0,6.0,5.0,3.0,5.0,4.0,4.0,4.0,3.0,2.0,4.0,4.0,5.0,2.0,4.0,4.0,2.0,1.0,1.0,2.0,5.0,2.0,2.0,1.0,3.0,4.0,2.0,2.0,4.0,3.0,6.0,1.0,4.0,4.0,6.0,4.0,2.0,3.0,4.0,3.0,3.0,7,1,2,2,4,5.0,2,1.0,3.0,2.0,3.0,5,61.0,1,157.0,5.0,135.0,5,63.0,0.000367986
50270668,4.0,2,127,62,7,16.4,2.82,37,2.0,0.0,1.0,1.0,2.0,0.0,1.0,1.0,1.0,1.0,2.0,0.0,1.0,1.0,4.0,25.0,2.0,2.0,1947.0,1.0,2.0,9.0,6.0,3250.0,3.0,2,2,2,2,2,1.0,16.4,4.04,1.0,2.0,4.0,3.0,2.0,3.0,3.0,3.0,4.0,5.0,4.0,5.0,5.0,2.0,4.0,6.0,5.0,3.0,5.0,4.0,4.0,4.0,3.0,2.0,4.0,4.0,5.0,2.0,4.0,4.0,2.0,1.0,1.0,2.0,5.0,2.0,2.0,1.0,3.0,4.0,2.0,2.0,4.0,3.0,6.0,1.0,4.0,4.0,6.0,4.0,2.0,3.0,4.0,3.0,3.0,7,1,2,2,4,5.0,3,1.0,3.0,2.0,3.0,5,29.5,1,58.0,5.0,95.0,5,63.0,0.000367986
50270775,1.0,4,81,16,21,19.6,2.69,38,2.0,0.0,2.0,0.0,1.0,0.0,1.0,1.0,1.0,1.0,2.0,0.0,1.0,1.0,4.5,27.0,4.0,1.0,1944.0,1.0,2.0,2.0,1.0,7000.0,6.0,2,2,2,2,2,1.0,19.6,3.85,1.0,6.0,3.0,3.0,6.0,3.0,6.0,6.0,6.0,6.0,6.0,5.0,5.0,6.0,6.0,6.0,5.0,3.0,5.0,5.0,4.0,6.0,6.0,6.0,6.0,6.0,6.0,1.0,6.0,6.0,6.0,6.0,6.0,3.0,6.0,6.0,6.0,2.0,2.0,1.0,3.0,3.0,4.0,6.0,3.0,3.0,6.0,5.0,3.0,4.0,3.0,5.0,5.0,4.0,1.0,7,1,2,2,4,3.0,1,3.0,2.0,3.0,4.0,5,28.0,1,44.0,5.0,27.0,5,66.0,8.57e-05
50270804,4.0,2,180,73,14,23.2,2.65,33,2.0,0.0,2.0,0.0,1.0,0.0,1.0,1.0,1.0,1.0,2.0,0.0,1.0,1.0,7.5,40.0,4.0,2.0,1962.0,1.0,5.0,9.0,2.0,7000.0,6.0,2,2,2,2,2,1.0,23.2,3.8,5.0,3.0,2.0,1.0,5.0,5.0,4.0,1.0,3.0,3.0,5.0,5.0,4.0,1.0,5.0,4.0,4.0,1.0,2.0,5.0,3.0,4.0,4.0,6.0,5.0,6.0,4.0,1.0,6.0,6.0,1.0,4.0,2.0,3.0,3.0,1.0,4.0,1.0,3.0,5.0,4.0,1.0,5.0,4.0,1.0,3.0,3.0,5.0,1.0,3.0,2.0,4.0,4.0,2.0,3.0,7,1,2,2,4,5.0,4,2.0,2.0,2.0,3.0,5,23.0,1,93.0,3.0,63.0,5,48.0,9.82e-05
50270844,4.0,4,229,81,62,27.5,6.44,63,2.0,0.0,2.0,0.0,0.0,0.0,3.0,1.0,1.0,1.0,2.0,0.0,1.0,1.0,6.0,25.0,6.0,1.0,1926.0,1.0,2.0,9.0,1.0,15000.0,8.0,2,2,2,2,2,1.0,27.5,9.23,1.0,2.0,3.0,3.0,1.0,4.0,6.0,6.0,6.0,5.0,4.0,3.0,4.0,3.0,6.0,6.0,4.0,1.0,4.0,2.0,4.0,3.0,4.0,3.0,6.0,6.0,3.0,6.0,4.0,6.0,1.0,6.0,2.0,3.0,4.0,6.0,3.0,1.0,2.0,5.0,4.0,2.0,4.0,6.0,6.0,4.0,2.0,5.0,2.0,3.0,4.0,4.0,4.0,5.0,3.0,7,1,2,2,4,4.0,4,2.0,3.0,3.0,4.0,5,64.5,1,86.0,5.0,120.0,5,84.0,0.000296889
50760031,1.0,2,139,58,0,41.6,8.21,69,2.0,0.0,1.0,0.0,2.0,0.0,1.0,2.0,1.0,1.0,4.0,1.0,1.0,1.0,4.5,15.0,6.0,2.0,1959.0,1.0,2.0,1.0,3.0,15000.0,6.0,2,2,1,2,2,1.0,0.0,11.76,1.0,5.0,4.0,3.0,3.0,3.0,1.0,5.0,1.0,5.0,4.0,4.0,4.0,5.0,4.0,6.0,5.0,2.0,4.0,3.0,5.0,5.0,4.0,2.0,4.0,4.0,1.0,4.0,5.0,2.0,1.0,4.0,4.0,1.0,3.0,1.0,2.0,1.0,2.0,5.0,2.0,2.0,2.0,5.0,2.0,4.0,2.0,4.0,2.0,1.0,4.0,4.0,2.0,4.0,1.0,7,1,2,4,4,4.0,2,3.0,1.0,2.0,3.0,5,86.0,0,81.0,5.0,91.0,5,51.0,9.82e-05
50760043,1.0,4,127,43,6,33.0,3.11,41,2.0,0.0,1.0,1.0,2.0,0.0,1.0,1.0,1.0,2.0,1.0,0.0,1.0,1.0,6.0,33.0,3.0,1.0,1949.0,1.0,3.0,1.0,5.0,5000.0,3.0,2,1,2,2,2,1.0,0.0,4.46,2.0,1.0,3.0,4.0,4.0,4.0,4.0,2.0,3.0,4.0,4.0,2.0,4.0,3.0,3.0,5.0,4.0,3.0,5.0,2.0,4.0,2.0,4.0,4.0,4.0,4.0,3.0,5.0,1.0,3.0,1.0,4.0,2.0,2.0,2.0,4.0,3.0,1.0,1.0,4.0,1.0,3.0,4.0,3.0,2.0,6.0,6.0,4.0,2.0,3.0,2.0,2.0,4.0,5.0,2.0,7,1,2,4,4,5.0,2,3.0,2.0,2.0,3.0,5,30.0,0,78.0,4.0,88.0,5,61.0,0.000409116
50760054,2.0,0,18,16,0,3.2,0.41,3,2.0,0.0,1.0,0.0,3.0,2.0,1.0,1.0,1.0,1.0,2.0,0.0,2.0,1.0,7.0,36.0,3.0,1.0,1940.0,1.0,2.0,9.0,3.0,5000.0,4.0,1,2,2,2,2,2.0,2.2,0.59,4.0,4.0,5.0,2.0,1.0,4.0,4.0,3.0,4.0,4.0,3.0,4.0,4.0,2.0,4.0,5.0,4.0,2.0,1.0,2.0,2.0,4.0,4.0,2.0,2.0,1.0,4.0,4.0,5.0,3.0,5.0,4.0,4.0,3.0,4.0,4.0,2.0,2.0,2.0,4.0,2.0,4.0,4.0,6.0,3.0,2.0,2.0,4.0,2.0,4.0,4.0,2.0,4.0,4.0,1.0,7,1,2,4,4,5.0,1,3.0,2.0,2.0,3.0,5,2.5,2,2.0,8.0,5.0,5,70.0,8.57e-05
50760085,1.0,0,49,44,0,3.2,0.33,4,4.0,0.0,2.0,0.0,3.0,0.0,4.0,1.0,1.0,1.0,4.0,0.0,1.0,1.0,9.0,21.0,6.0,2.0,1961.0,1.0,3.0,2.0,3.0,15000.0,3.0,1,2,2,1,2,1.0,2.2,0.47,1.0,1.0,3.0,3.0,4.0,4.0,5.0,1.0,2.0,6.0,1.0,2.0,5.0,3.0,4.0,2.0,3.0,2.0,5.0,4.0,5.0,4.0,2.0,2.0,4.0,4.0,2.0,4.0,5.0,2.0,1.0,4.0,2.0,5.0,1.0,5.0,1.0,1.0,1.0,5.0,4.0,1.0,4.0,4.0,2.0,1.0,1.0,5.0,1.0,1.0,4.0,2.0,4.0,5.0,1.0,7,1,2,4,4,5.0,1,4.0,2.0,1.0,4.0,5,3.0,1,5.0,6.0,6.0,5,49.0,0.000367986
50760086,1.0,1,54,24,7,10.4,1.91,19,4.0,0.0,2.0,0.0,3.0,0.0,4.0,1.0,1.0,1.0,4.0,0.0,1.0,1.0,9.0,21.0,6.0,1.0,1959.0,1.0,3.0,1.0,5.0,15000.0,3.0,2,2,2,2,2,1.0,10.4,2.74,1.0,1.0,2.0,3.0,4.0,4.0,4.0,1.0,1.0,5.0,1.0,4.0,4.0,5.0,2.0,4.0,4.0,2.0,5.0,4.0,4.0,5.0,4.0,2.0,3.0,6.0,4.0,4.0,5.0,2.0,2.0,1.0,1.0,4.0,1.0,5.0,1.0,1.0,1.0,5.0,2.0,4.0,4.0,4.0,5.0,1.0,1.0,4.0,1.0,1.0,3.0,2.0,2.0,4.0,1.0,7,1,2,4,4,5.0,1,4.0,2.0,2.0,4.0,5,20.0,1,23.0,4.0,20.0,5,51.0,0.000409116
50760116,1.0,5,174,44,21,40.6,6.22,50,2.0,0.0,2.0,0.0,0.0,0.0,2.0,2.0,1.0,2.0,2.0,0.0,2.0,2.0,3.5,5.0,4.0,2.0,1971.0,1.0,5.0,1.0,6.0,7000.0,3.0,2,2,2,2,2,1.0,40.6,8.91,1.0,4.0,3.0,3.0,2.0,4.0,4.0,2.0,2.0,4.0,4.0,5.0,5.0,4.0,5.0,6.0,4.0,1.0,5.0,5.0,5.0,4.0,5.0,5.0,3.0,1.0,1.0,1.0,1.0,3.0,1.0,4.0,4.0,1.0,4.0,1.0,3.0,1.0,1.0,5.0,2.0,2.0,5.0,4.0,2.0,1.0,1.0,5.0,1.0,1.0,4.0,1.0,3.0,4.0,1.0,7,1,2,4,4,5.0,2,1.0,2.0,2.0,4.0,5,69.0,1,109.0,3.0,63.0,5,39.0,0.00087004
50760131,4.0,0,45,30,0,10.6,1.21,16,2.0,0.0,2.0,1.0,0.0,0.0,5.0,1.0,1.0,2.0,2.0,2.0,1.0,1.0,5.0,9.0,4.0,1.0,1960.0,1.0,2.0,1.0,3.0,7000.0,4.0,2,2,2,2,1,1.0,10.6,1.73,2.0,5.0,4.0,1.0,4.0,5.0,2.0,4.0,2.0,1.0,3.0,5.0,5.0,1.0,3.0,6.0,4.0,1.0,5.0,3.0,4.0,2.0,4.0,4.0,2.0,4.0,1.0,3.0,5.0,4.0,3.0,6.0,3.0,2.0,4.0,2.0,4.0,1.0,4.0,5.0,2.0,1.0,4.0,5.0,3.0,3.0,3.0,4.0,1.0,3.0,4.0,4.0,4.0,4.0,3.0,7,1,2,4,4,3.0,2,3.0,2.0,2.0,3.0,5,12.0,1,15.0,5.0,40.0,5,50.0,0.000109132
50760131,10.0,4,146,44,19,29.2,6.05,49,2.0,0.0,2.0,1.0,0.0,0.0,5.0,1.0,1.0,2.0,2.0,2.0,1.0,1.0,5.0,9.0,4.0,1.0,1960.0,1.0,2.0,1.0,3.0,7000.0,4.0,2,2,2,2,1,1.0,29.2,8.67,2.0,5.0,4.0,1.0,4.0,5.0,2.0,4.0,2.0,1.0,3.0,5.0,5.0,1.0,3.0,6.0,4.0,1.0,5.0,3.0,4.0,2.0,4.0,4.0,2.0,4.0,1.0,3.0,5.0,4.0,3.0,6.0,3.0,2.0,4.0,2.0,4.0,1.0,4.0,5.0,2.0,1.0,4.0,5.0,3.0,3.0,3.0,4.0,1.0,3.0,4.0,4.0,4.0,4.0,3.0,7,1,2,4,4,3.0,2,3.0,2.0,2.0,3.0,5,64.0,1,83.0,5.0,120.0,5,50.0,0.000109132
50760132,10.0,12,425,103,56,112.4,16.3,160,2.0,0.0,2.0,1.0,1.0,0.0,5.0,1.0,1.0,2.0,2.0,2.0,1.0,1.0,5.0,10.0,4.0,2.0,1960.0,1.0,3.0,1.0,6.0,7000.0,4.0,1,2,2,2,2,1.0,56.2,23.36,1.0,4.0,4.0,1.0,4.0,5.0,1.0,5.0,3.0,1.0,3.0,4.0,5.0,3.0,2.0,6.0,4.0,2.0,3.0,2.0,4.0,3.0,5.0,3.0,3.0,2.0,2.0,3.0,5.0,4.0,4.0,1.0,1.0,2.0,4.0,2.0,4.0,1.0,4.0,4.0,2.0,1.0,4.0,5.0,3.0,2.0,3.0,2.0,1.0,3.0,4.0,3.0,3.0,4.0,3.0,7,1,2,4,4,4.0,4,2.0,2.0,3.0,3.0,5,175.0,1,266.0,4.0,240.0,5,50.0,9.82e-05
50760137,2.0,5,334,182,20,47.6,8.27,75,5.0,3.0,2.0,0.0,5.0,3.0,1.0,1.0,1.0,1.0,2.0,0.0,1.0,1.0,6.0,8.0,3.0,2.0,1972.0,1.0,3.0,1.0,3.0,5000.0,3.0,2,2,2,2,2,1.0,47.6,11.85,3.0,3.0,3.0,1.0,4.0,5.0,6.0,3.0,6.0,5.0,3.0,5.0,5.0,3.0,4.0,5.0,5.0,2.0,5.0,2.0,4.0,3.0,6.0,3.0,6.0,6.0,6.0,4.0,4.0,3.0,2.0,6.0,6.0,2.0,6.0,3.0,3.0,1.0,1.0,5.0,3.0,2.0,4.0,5.0,5.0,6.0,2.0,5.0,3.0,6.0,3.0,1.0,3.0,4.0,3.0,7,1,2,4,4,4.0,5,3.0,2.0,2.0,2.0,5,86.0,1,132.0,4.0,95.0,5,38.0,0.00087004
50760209,1.0,6,143,58,42,17.6,3.33,37,2.0,0.0,1.0,0.0,2.0,0.0,2.0,1.0,1.0,2.0,2.0,0.0,2.0,2.0,3.5,3.0,4.0,2.0,1978.0,1.0,2.0,1.0,1.0,7000.0,5.0,1,2,2,2,2,1.0,8.8,4.77,3.0,3.0,2.0,2.0,4.0,4.0,4.0,1.0,3.0,5.0,3.0,3.0,5.0,1.0,3.0,6.0,4.0,1.0,5.0,4.0,4.0,4.0,3.0,1.0,4.0,3.0,4.0,2.0,4.0,4.0,1.0,4.0,3.0,2.0,2.0,4.0,2.0,1.0,1.0,4.0,2.0,2.0,4.0,3.0,3.0,2.0,2.0,4.0,2.0,2.0,4.0,3.0,4.0,4.0,2.0,7,1,2,4,4,5.0,2,3.0,2.0,2.0,4.0,5,35.0,1,43.0,8.0,50.0,5,32.0,0.000232084
50760209,9.0,2,129,27,36,19.2,2.83,38,2.0,0.0,1.0,0.0,2.0,0.0,2.0,1.0,1.0,2.0,2.0,0.0,2.0,2.0,3.5,3.0,4.0,2.0,1978.0,1.0,2.0,1.0,1.0,7000.0,5.0,1,2,2,2,2,1.0,9.6,4.06,3.0,3.0,2.0,2.0,4.0,4.0,4.0,1.0,3.0,5.0,3.0,3.0,5.0,1.0,3.0,6.0,4.0,1.0,5.0,4.0,4.0,4.0,3.0,1.0,4.0,3.0,4.0,2.0,4.0,4.0,1.0,4.0,3.0,2.0,2.0,4.0,2.0,1.0,1.0,4.0,2.0,2.0,4.0,3.0,3.0,2.0,2.0,4.0,2.0,2.0,4.0,3.0,4.0,4.0,3.0,7,1,2,4,4,5.0,2,3.0,2.0,2.0,4.0,5,32.0,1,66.0,8.0,60.0,5,32.0,0.000232084
50760210,1.0,6,119,34,42,17.6,3.21,36,2.0,0.0,1.0,0.0,2.0,0.0,2.0,1.0,1.0,2.0,2.0,0.0,2.0,2.0,3.5,3.0,4.0,2.0,1978.0,1.0,2.0,1.0,1.0,7000.0,5.0,1,2,2,2,2,1.0,8.8,4.6,3.0,3.0,2.0,2.0,4.0,4.0,4.0,1.0,3.0,5.0,3.0,3.0,5.0,1.0,3.0,6.0,4.0,1.0,5.0,4.0,4.0,4.0,3.0,1.0,4.0,3.0,4.0,2.0,4.0,4.0,1.0,4.0,3.0,2.0,2.0,4.0,2.0,1.0,1.0,4.0,2.0,2.0,4.0,3.0,3.0,2.0,2.0,4.0,2.0,2.0,4.0,3.0,4.0,4.0,1.0,7,1,2,4,4,5.0,2,3.0,2.0,2.0,4.0,5,35.0,1,43.0,8.0,50.0,5,32.0,0.000232084
50760210,10.0,11,605,46,89,176.4,37.53,301,2.0,0.0,1.0,0.0,2.0,0.0,2.0,1.0,1.0,2.0,2.0,0.0,2.0,2.0,3.5,3.0,4.0,2.0,1978.0,1.0,2.0,1.0,1.0,7000.0,5.0,1,2,2,2,2,1.0,88.2,53.78,3.0,3.0,2.0,2.0,4.0,4.0,4.0,1.0,3.0,5.0,3.0,3.0,5.0,1.0,3.0,6.0,4.0,1.0,5.0,4.0,4.0,4.0,3.0,1.0,4.0,3.0,4.0,2.0,4.0,4.0,1.0,4.0,3.0,2.0,2.0,4.0,2.0,1.0,1.0,4.0,2.0,2.0,4.0,3.0,3.0,2.0,2.0,4.0,2.0,2.0,4.0,3.0,4.0,4.0,3.0,7,1,2,4,4,5.0,4,3.0,2.0,2.0,4.0,5,395.0,1,470.0,8.0,269.0,5,32.0,0.000232084
50760217,7.0,2,233,166,3,32.0,5.93,57,1.0,0.0,1.0,1.0,1.0,0.0,1.0,0.0,2.0,2.0,1.0,0.0,2.0,2.0,3.0,2.0,3.0,2.0,1966.0,1.0,1.0,1.0,6.0,5000.0,8.0,1,2,2,2,2,1.0,16.0,8.5,2.0,3.0,2.0,2.0,3.0,4.0,2.0,4.0,2.0,4.0,1.0,5.0,4.0,3.0,4.0,6.0,4.0,1.0,5.0,3.0,4.0,5.0,5.0,3.0,4.0,4.0,2.0,4.0,5.0,4.0,1.0,3.0,3.0,2.0,4.0,5.0,3.0,2.0,3.0,3.0,2.0,2.0,2.0,4.0,4.0,1.0,1.0,5.0,2.0,3.0,2.0,3.0,4.0,2.0,3.0,7,1,2,4,4,4.0,6,3.0,2.0,2.0,3.0,5,62.7,1,64.0,8.0,241.0,5,44.0,0.000144039
50760247,1.0,2,166,104,5,25.4,5.23,66,2.0,0.0,1.0,0.0,2.0,0.0,2.0,1.0,1.0,1.0,2.0,0.0,1.0,1.0,5.0,11.0,4.0,2.0,1952.0,1.0,3.0,2.0,6.0,7384.0,3.0,2,2,2,2,2,1.0,25.4,7.49,3.0,3.0,3.0,2.0,3.0,3.0,4.0,2.0,3.0,3.0,3.0,4.0,4.0,3.0,3.0,4.0,4.0,2.0,4.0,3.0,4.0,4.0,6.0,4.0,3.0,6.0,3.0,2.0,4.0,2.0,2.0,6.0,3.0,1.0,4.0,2.0,3.0,1.0,1.0,5.0,3.0,3.0,3.0,3.0,4.0,2.0,1.0,4.0,3.0,3.0,3.0,2.0,4.0,3.0,3.0,7,1,2,4,4,3.0,6,3.0,2.0,2.0,3.0,5,48.8,1,57.0,3.0,63.0,5,58.0,0.000367986
50760299,11.0,5,320,44,47,74.4,16.03,129,3.0,1.0,1.0,0.0,1.0,1.0,1.0,1.0,1.0,1.0,3.0,0.0,2.0,2.0,3.0,2.0,3.0,1.0,1978.0,1.0,3.0,1.0,6.0,5000.0,3.0,2,2,2,2,2,1.0,74.4,22.97,2.0,4.0,3.0,3.0,3.0,4.0,3.0,2.0,5.0,5.0,5.0,5.0,4.0,1.0,4.0,4.0,1.0,3.0,5.0,2.0,3.0,1.0,1.0,5.0,5.0,1.0,5.0,3.0,5.0,5.0,1.0,1.0,1.0,2.0,5.0,3.0,3.0,1.0,1.0,5.0,1.0,1.0,5.0,5.0,1.0,1.0,3.0,1.0,1.0,1.0,1.0,5.0,5.0,3.0,3.0,7,1,2,4,4,5.0,2,3.0,3.0,3.0,4.0,5,179.0,0,229.0,5.0,274.0,5,32.0,0.000967286
50760334,1.0,1,57,34,9,8.0,0.58,7,2.0,0.0,2.0,0.0,2.0,0.0,1.0,2.0,1.0,2.0,2.0,0.0,1.0,1.0,4.0,3.0,5.0,2.0,1968.0,1.0,7.0,1.0,3.0,9000.0,3.0,2,2,2,2,2,1.0,8.0,0.83,1.0,2.0,3.0,1.0,4.0,4.0,5.0,3.0,6.0,6.0,6.0,6.0,5.0,3.0,5.0,6.0,5.0,1.0,5.0,3.0,3.0,5.0,6.0,2.0,3.0,1.0,3.0,1.0,5.0,1.0,6.0,6.0,5.0,1.0,3.0,1.0,6.0,1.0,1.0,5.0,2.0,3.0,5.0,6.0,2.0,6.0,2.0,5.0,1.0,5.0,5.0,3.0,6.0,5.0,2.0,7,1,2,4,4,6.0,2,4.0,1.0,1.0,4.0,5,5.5,1,14.0,6.0,13.0,5,42.0,0.000367986
50760337,1.0,5,240,72,42,44.2,9.8,72,1.0,0.0,1.0,0.0,1.0,0.0,1.0,1.0,1.0,1.0,1.0,0.0,2.0,2.0,3.5,3.0,4.0,2.0,1976.0,1.0,1.0,1.0,6.0,7000.0,4.0,2,2,2,2,2,1.0,44.2,14.04,1.0,4.0,3.0,2.0,3.0,4.0,2.0,5.0,2.0,5.0,3.0,5.0,5.0,2.0,4.0,6.0,4.0,2.0,5.0,2.0,4.0,4.0,6.0,3.0,6.0,6.0,6.0,2.0,5.0,3.0,2.0,6.0,2.0,3.0,2.0,4.0,3.0,1.0,1.0,5.0,3.0,3.0,4.0,5.0,3.0,6.0,1.0,5.0,1.0,2.0,2.0,4.0,4.0,2.0,1.0,7,1,2,4,4,5.0,2,3.0,2.0,2.0,3.0,5,107.0,1,126.0,3.0,70.0,5,34.0,0.000232084
50760337,10.0,4,141,16,47,18.8,1.66,24,1.0,0.0,1.0,0.0,1.0,0.0,1.0,1.0,1.0,1.0,1.0,0.0,2.0,2.0,3.5,3.0,4.0,2.0,1976.0,1.0,1.0,1.0,6.0,7000.0,4.0,2,2,2,2,2,1.0,18.8,2.38,1.0,4.0,3.0,2.0,3.0,4.0,2.0,5.0,2.0,5.0,3.0,5.0,5.0,2.0,4.0,6.0,4.0,2.0,5.0,2.0,4.0,4.0,6.0,3.0,6.0,6.0,6.0,2.0,5.0,3.0,2.0,6.0,2.0,3.0,2.0,4.0,3.0,1.0,1.0,5.0,3.0,3.0,4.0,5.0,3.0,6.0,1.0,5.0,1.0,2.0,2.0,4.0,4.0,2.0,3.0,7,1,2,4,4,5.0,2,3.0,2.0,2.0,3.0,5,15.0,1,78.0,3.0,14.0,5,34.0,0.000232084
50760338,1.0,4,245,72,52,45.2,9.8,72,2.0,0.0,1.0,0.0,2.0,0.0,2.0,1.0,1.0,1.0,2.0,0.0,1.0,1.0,5.0,11.0,4.0,1.0,1962.0,1.0,3.0,1.0,6.0,7000.0,3.0,2,2,2,2,2,1.0,45.2,14.04,2.0,4.0,3.0,2.0,4.0,5.0,4.0,3.0,3.0,5.0,4.0,5.0,4.0,2.0,4.0,6.0,4.0,1.0,5.0,4.0,4.0,4.0,4.0,2.0,4.0,4.0,4.0,2.0,4.0,4.0,1.0,4.0,3.0,2.0,4.0,4.0,3.0,1.0,2.0,5.0,2.0,2.0,4.0,4.0,3.0,3.0,2.0,5.0,2.0,3.0,2.0,4.0,4.0,4.0,1.0,7,1,2,4,4,5.0,2,3.0,2.0,2.0,3.0,5,107.0,1,121.0,4.0,77.0,5,48.0,7.71e-05
50760338,7.0,4,124,30,32,17.6,1.4,20,2.0,0.0,1.0,0.0,2.0,0.0,2.0,1.0,1.0,1.0,2.0,0.0,1.0,1.0,5.0,11.0,4.0,1.0,1962.0,1.0,3.0,1.0,6.0,7000.0,3.0,2,2,2,2,2,1.0,17.6,2.01,2.0,4.0,3.0,2.0,4.0,5.0,4.0,3.0,3.0,5.0,4.0,5.0,4.0,2.0,4.0,6.0,4.0,1.0,5.0,4.0,4.0,4.0,4.0,2.0,4.0,4.0,4.0,2.0,4.0,4.0,1.0,4.0,3.0,2.0,4.0,4.0,3.0,1.0,2.0,5.0,2.0,2.0,4.0,4.0,3.0,3.0,2.0,5.0,2.0,3.0,2.0,4.0,4.0,4.0,3.0,7,1,2,4,4,5.0,2,3.0,2.0,2.0,3.0,5,14.0,1,62.0,4.0,554.0,5,48.0,0.000109132
50760357,1.0,6,356,112,60,73.4,12.99,116,3.0,0.0,2.0,1.0,4.0,2.0,3.0,2.0,1.0,1.0,3.0,1.0,1.0,1.0,10.0,5.0,6.0,1.0,1961.0,1.0,4.0,1.0,1.0,15000.0,8.0,2,2,2,2,2,1.0,73.4,18.61,2.0,2.0,1.0,1.0,4.0,5.0,5.0,1.0,3.0,5.0,3.0,4.0,4.0,1.0,3.0,1.0,5.0,1.0,4.0,4.0,5.0,3.0,4.0,1.0,3.0,2.0,2.0,1.0,5.0,4.0,1.0,2.0,4.0,1.0,2.0,1.0,2.0,1.0,1.0,5.0,4.0,2.0,5.0,4.0,3.0,1.0,2.0,5.0,3.0,3.0,1.0,5.0,5.0,4.0,2.0,7,1,2,4,4,5.0,4,3.0,2.0,2.0,3.0,5,147.0,1,184.0,2.0,108.0,5,49.0,0.000160139
50760357,8.0,0,69,26,0,14.0,1.97,26,3.0,0.0,2.0,1.0,4.0,2.0,3.0,2.0,1.0,1.0,3.0,1.0,1.0,1.0,10.0,5.0,6.0,1.0,1961.0,1.0,4.0,1.0,1.0,15000.0,8.0,2,2,2,2,2,1.0,14.0,2.82,2.0,2.0,1.0,1.0,4.0,5.0,5.0,1.0,3.0,5.0,3.0,4.0,4.0,1.0,3.0,1.0,5.0,1.0,4.0,4.0,5.0,3.0,4.0,1.0,3.0,2.0,2.0,1.0,5.0,4.0,1.0,2.0,4.0,1.0,2.0,1.0,2.0,1.0,1.0,5.0,4.0,2.0,5.0,4.0,3.0,1.0,2.0,5.0,3.0,3.0,1.0,5.0,5.0,4.0,3.0,7,1,2,4,4,5.0,2,3.0,2.0,2.0,3.0,5,20.0,1,43.0,2.0,30.0,5,49.0,0.000160139
50760358,3.0,1,85,46,1,10.4,2.06,26,4.0,0.0,2.0,2.0,4.0,0.0,3.0,2.0,1.0,1.0,4.0,0.0,1.0,2.0,8.0,1.0,6.0,2.0,1962.0,1.0,6.0,8.0,8.0,15000.0,2.0,1,2,2,2,1,3.0,5.2,2.95,2.0,6.0,2.0,2.0,3.0,4.0,4.0,2.0,3.0,4.0,3.0,4.0,3.0,1.0,3.0,6.0,4.0,4.0,6.0,3.0,6.0,4.0,1.0,3.0,2.0,5.0,2.0,2.0,5.0,4.0,4.0,1.0,4.0,4.0,5.0,2.0,4.0,2.0,4.0,3.0,2.0,4.0,2.0,5.0,6.0,1.0,3.0,4.0,1.0,2.0,2.0,5.0,4.0,4.0,2.0,7,1,2,4,4,5.0,3,4.0,2.0,1.0,1.0,5,17.5,0,38.0,3.0,49.0,5,48.0,0.003480603
50760358,10.0,2,131,34,34,25.6,5.18,51,4.0,0.0,2.0,2.0,4.0,0.0,3.0,2.0,1.0,1.0,4.0,0.0,1.0,2.0,8.0,1.0,6.0,2.0,1962.0,1.0,6.0,8.0,8.0,15000.0,2.0,1,2,2,2,1,3.0,12.8,7.42,2.0,6.0,2.0,2.0,3.0,4.0,4.0,2.0,3.0,4.0,3.0,4.0,3.0,1.0,3.0,6.0,4.0,4.0,6.0,3.0,6.0,4.0,1.0,3.0,2.0,5.0,2.0,2.0,5.0,4.0,4.0,1.0,4.0,4.0,5.0,2.0,4.0,2.0,4.0,3.0,2.0,4.0,2.0,5.0,6.0,1.0,3.0,4.0,1.0,2.0,2.0,5.0,4.0,4.0,3.0,7,1,2,4,4,5.0,3,4.0,2.0,1.0,1.0,5,54.5,1,63.0,3.0,44.0,5,48.0,0.001472131
50760394,7.0,3,213,24,46,82.4,21.44,203,2.0,0.0,1.0,2.0,3.0,0.0,2.0,2.0,1.0,2.0,5.0,2.0,1.0,2.0,4.0,8.0,5.0,1.0,1962.0,1.0,5.0,1.0,3.0,9000.0,3.0,2,2,1,2,2,3.0,0.0,30.72,3.0,4.0,2.0,4.0,3.0,3.0,4.0,4.0,4.0,3.0,3.0,3.0,4.0,3.0,4.0,3.0,4.0,3.0,4.0,4.0,4.0,3.0,3.0,3.0,3.0,4.0,4.0,2.0,4.0,4.0,1.0,4.0,4.0,4.0,4.0,4.0,3.0,3.0,4.0,4.0,3.0,3.0,4.0,5.0,4.0,3.0,3.0,5.0,3.0,4.0,4.0,4.0,4.0,3.0,3.0,7,1,2,4,4,3.0,1,1.0,4.0,4.0,4.0,5,227.0,0,143.0,4.0,630.0,5,48.0,0.000409116
50760421,1.0,0,28,11,0,7.0,0.99,13,1.0,0.0,0.0,0.0,1.0,0.0,0.0,1.0,2.0,1.0,0.0,0.0,1.0,1.0,5.5,12.0,3.0,2.0,1957.0,1.0,1.0,1.0,6.0,5000.0,3.0,1,1,2,2,2,3.0,3.5,1.42,4.0,4.0,2.0,2.0,3.0,5.0,4.0,6.0,3.0,3.0,3.0,4.0,4.0,3.0,6.0,6.0,4.0,1.0,6.0,6.0,6.0,6.0,6.0,6.0,4.0,5.0,6.0,3.0,3.0,5.0,6.0,4.0,3.0,6.0,6.0,4.0,4.0,3.0,3.0,3.0,2.0,2.0,3.0,3.0,3.0,6.0,6.0,6.0,6.0,6.0,3.0,6.0,3.0,4.0,1.0,7,1,2,4,4,5.0,1,3.0,2.0,1.0,4.0,5,10.0,0,17.0,4.0,21.0,5,53.0,0.000367986
50760429,1.0,2,107,30,26,22.0,5.86,45,4.0,0.0,1.0,0.0,5.0,0.0,3.0,2.0,1.0,1.0,4.0,0.0,1.0,1.0,5.5,12.0,5.0,1.0,1961.0,1.0,3.0,1.0,1.0,9000.0,4.0,1,2,2,2,2,1.0,11.0,8.4,2.0,2.0,4.0,2.0,2.0,4.0,4.0,4.0,2.0,5.0,4.0,4.0,4.0,1.0,3.0,2.0,5.0,1.0,5.0,4.0,4.0,2.0,1.0,1.0,5.0,3.0,2.0,1.0,5.0,4.0,1.0,3.0,2.0,2.0,2.0,4.0,2.0,1.0,1.0,5.0,2.0,3.0,1.0,4.0,5.0,3.0,1.0,5.0,1.0,2.0,3.0,3.0,1.0,4.0,1.0,7,1,2,4,4,5.0,2,2.0,3.0,3.0,4.0,5,65.0,1,51.0,4.0,40.0,5,49.0,0.000109132
50760447,7.0,6,184,49,26,48.0,8.31,67,1.0,0.0,0.0,0.0,1.0,0.0,1.0,1.0,1.0,1.0,1.0,0.0,2.0,2.0,2.5,10.0,4.0,1.0,1954.0,1.0,1.0,1.0,6.0,7000.0,7.0,2,2,1,2,2,3.0,0.0,11.91,5.0,5.0,2.0,2.0,5.0,5.0,4.0,2.0,4.0,6.0,5.0,2.0,4.0,2.0,4.0,6.0,4.0,1.0,6.0,1.0,6.0,4.0,4.0,3.0,4.0,4.0,6.0,2.0,6.0,6.0,1.0,1.0,3.0,2.0,5.0,2.0,4.0,2.0,4.0,3.0,4.0,3.0,2.0,4.0,4.0,4.0,2.0,6.0,2.0,3.0,4.0,4.0,4.0,4.0,3.0,7,1,2,4,4,5.0,2,3.0,2.0,2.0,3.0,5,87.0,0,109.0,5.0,188.0,5,56.0,0.000160139
50760453,8.0,5,200,86,9,38.0,5.75,70,3.0,1.0,2.0,0.0,3.0,1.0,2.0,1.0,1.0,1.0,2.0,1.0,2.0,2.0,5.0,12.0,4.0,2.0,1971.0,1.0,3.0,2.0,6.0,9321.0,5.0,1,2,2,2,2,1.0,19.0,8.24,4.0,4.0,1.0,1.0,4.0,5.0,4.0,3.0,3.0,4.0,5.0,5.0,3.0,2.0,5.0,1.0,2.0,1.0,4.0,1.0,4.0,2.0,4.0,2.0,4.0,4.0,1.0,2.0,5.0,5.0,1.0,4.0,4.0,3.0,5.0,2.0,3.0,1.0,3.0,4.0,2.0,2.0,4.0,3.0,1.0,6.0,6.0,5.0,2.0,2.0,3.0,3.0,3.0,4.0,3.0,7,1,2,4,4,5.0,5,2.0,2.0,3.0,3.0,5,54.2,1,105.0,3.0,82.0,5,39.0,0.000232084
50760456,1.0,2,125,54,25,28.6,3.03,25,3.0,0.0,4.0,3.0,5.0,0.0,4.0,2.0,1.0,1.0,3.0,0.0,1.0,1.0,5.0,7.0,5.0,2.0,1959.0,1.0,5.0,2.0,6.0,9000.0,3.0,1,2,2,2,2,1.0,14.3,4.34,3.0,3.0,3.0,3.0,3.0,4.0,5.0,2.0,3.0,2.0,3.0,3.0,4.0,2.0,6.0,6.0,5.0,1.0,4.0,3.0,3.0,3.0,5.0,2.0,3.0,3.0,3.0,1.0,5.0,4.0,1.0,3.0,6.0,2.0,4.0,2.0,3.0,1.0,2.0,4.0,4.0,2.0,3.0,3.0,3.0,3.0,2.0,4.0,2.0,2.0,2.0,4.0,3.0,3.0,2.0,7,1,2,4,4,4.0,2,3.0,3.0,3.0,4.0,5,32.0,1,46.0,4.0,28.0,5,51.0,0.000367986
50760483,1.0,0,2,2,0,0.0,0.0,1,5.0,0.0,2.0,0.0,5.0,0.0,3.0,2.0,1.0,1.0,5.0,1.0,1.0,1.0,4.0,20.0,3.0,2.0,1963.0,1.0,3.0,2.0,8.0,5000.0,3.0,2,2,2,2,2,1.0,0.0,0.0,2.0,2.0,2.0,2.0,3.0,4.0,5.0,3.0,3.0,5.0,4.0,4.0,4.0,3.0,4.0,3.0,4.0,3.0,4.0,5.0,5.0,1.0,3.0,2.0,4.0,1.0,3.0,4.0,1.0,5.0,1.0,5.0,3.0,2.0,4.0,5.0,3.0,3.0,3.0,3.0,1.0,4.0,4.0,5.0,5.0,4.0,4.0,4.0,3.0,2.0,4.0,4.0,2.0,5.0,1.0,7,1,2,4,4,5.0,1,3.0,2.0,2.0,4.0,5,0.1,1,0.0,5.0,2.0,5,47.0,0.000367986
50760485,2.0,12,525,140,54,141.4,36.63,277,1.0,0.0,1.0,0.0,1.0,0.0,1.0,1.0,1.0,1.0,1.0,0.0,1.0,1.0,5.5,18.0,5.0,1.0,1966.0,1.0,1.0,1.0,3.0,9000.0,3.0,2,2,1,2,2,1.0,0.0,52.49,2.0,5.0,4.0,2.0,3.0,4.0,4.0,2.0,4.0,4.0,4.0,2.0,4.0,2.0,4.0,2.0,2.0,4.0,4.0,3.0,4.0,4.0,2.0,2.0,4.0,4.0,4.0,4.0,4.0,2.0,2.0,5.0,3.0,2.0,4.0,2.0,3.0,2.0,2.0,4.0,2.0,2.0,4.0,4.0,4.0,2.0,2.0,4.0,2.0,2.0,3.0,2.0,4.0,4.0,3.0,7,1,2,4,4,4.0,6,4.0,2.0,1.0,3.0,5,391.0,0,331.0,4.0,353.0,5,44.0,0.000409116
50780009,10.0,5,114,48,1,14.8,3.94,29,4.0,0.0,2.0,1.0,4.0,0.0,1.0,1.0,1.0,2.0,4.0,0.0,1.0,1.0,5.0,21.0,6.0,2.0,1958.0,1.0,3.0,2.0,6.0,15000.0,3.0,1,2,2,2,2,1.0,7.4,5.65,2.0,4.0,2.0,1.0,2.0,4.0,6.0,6.0,3.0,4.0,6.0,2.0,2.0,2.0,4.0,6.0,5.0,1.0,4.0,2.0,4.0,4.0,4.0,2.0,4.0,4.0,6.0,4.0,5.0,5.0,1.0,4.0,2.0,6.0,4.0,4.0,3.0,3.0,4.0,4.0,2.0,4.0,5.0,5.0,5.0,3.0,3.0,2.0,2.0,4.0,2.0,4.0,4.0,4.0,3.0,7,1,2,4,4,4.0,2,2.0,3.0,3.0,3.0,5,43.0,0,65.0,4.0,81.0,5,52.0,0.000367986
50780010,1.0,5,140,51,4,38.8,8.01,67,4.0,0.0,2.0,1.0,2.0,0.0,1.0,1.0,1.0,2.0,4.0,0.0,1.0,1.0,5.0,21.0,6.0,1.0,1940.0,1.0,3.0,1.0,3.0,15000.0,3.0,2,2,1,2,2,1.0,0.0,11.48,1.0,2.0,2.0,2.0,3.0,5.0,3.0,4.0,3.0,4.0,3.0,4.0,4.0,3.0,3.0,3.0,4.0,4.0,4.0,5.0,4.0,3.0,3.0,3.0,4.0,4.0,4.0,3.0,5.0,4.0,1.0,5.0,1.0,3.0,5.0,3.0,3.0,3.0,3.0,4.0,2.0,3.0,4.0,5.0,5.0,3.0,3.0,3.0,1.0,3.0,3.0,3.0,3.0,3.0,1.0,7,1,2,4,4,4.0,2,1.0,4.0,4.0,4.0,5,84.0,0,85.0,4.0,117.0,5,70.0,0.0003213
50780013,4.0,3,142,23,11,24.8,8.71,72,2.0,0.0,2.0,1.0,1.0,0.0,2.0,1.0,1.0,2.0,2.0,0.0,1.0,1.0,5.5,4.0,6.0,1.0,1957.0,1.0,2.0,1.0,5.0,15000.0,3.0,2,2,1,2,2,1.0,0.0,12.48,1.0,3.0,4.0,5.0,3.0,3.0,3.0,3.0,3.0,4.0,3.0,4.0,3.0,3.0,3.0,6.0,5.0,4.0,4.0,4.0,3.0,5.0,5.0,3.0,4.0,5.0,3.0,3.0,4.0,3.0,6.0,5.0,4.0,3.0,4.0,3.0,3.0,1.0,1.0,4.0,3.0,3.0,4.0,5.0,5.0,3.0,4.0,4.0,3.0,3.0,3.0,3.0,4.0,4.0,3.0,7,1,2,4,4,6.0,2,4.0,1.0,2.0,3.0,5,93.0,0,108.0,4.0,32.0,5,53.0,0.000409116
50780055,1.0,2,40,7,10,9.0,1.21,10,2.0,0.0,2.0,1.0,3.0,1.0,2.0,2.0,1.0,1.0,2.0,0.0,1.0,1.0,5.0,21.0,4.0,1.0,1946.0,1.0,2.0,1.0,3.0,7000.0,3.0,2,2,2,2,2,1.0,9.0,1.73,1.0,3.0,3.0,3.0,3.0,4.0,4.0,3.0,6.0,3.0,6.0,5.0,4.0,3.0,3.0,6.0,6.0,4.0,5.0,4.0,4.0,3.0,3.0,3.0,3.0,6.0,6.0,6.0,6.0,3.0,6.0,6.0,6.0,3.0,3.0,3.0,3.0,2.0,3.0,3.0,2.0,3.0,3.0,3.0,2.0,3.0,3.0,4.0,2.0,3.0,3.0,4.0,3.0,4.0,1.0,7,1,2,4,4,5.0,1,3.0,2.0,2.0,4.0,5,13.0,1,23.0,5.0,12.0,5,64.0,0.000409116
50780056,11.0,1,45,29,4,5.0,1.52,14,2.0,0.0,2.0,1.0,3.0,1.0,2.0,2.0,1.0,1.0,2.0,0.0,1.0,1.0,5.0,21.0,4.0,2.0,1946.0,1.0,2.0,6.0,8.0,7000.0,3.0,2,2,2,2,2,1.0,5.0,2.18,2.0,3.0,3.0,3.0,4.0,3.0,6.0,6.0,6.0,3.0,2.0,3.0,4.0,4.0,3.0,6.0,4.0,4.0,4.0,3.0,3.0,4.0,4.0,3.0,3.0,3.0,6.0,6.0,4.0,3.0,6.0,6.0,6.0,3.0,3.0,3.0,3.0,3.0,4.0,3.0,2.0,2.0,4.0,4.0,6.0,6.0,3.0,4.0,6.0,3.0,3.0,3.0,2.0,2.0,3.0,7,1,2,4,4,5.0,1,3.0,2.0,2.0,4.0,5,17.0,1,12.0,5.0,13.0,5,64.0,0.000367986
50780056,4.0,1,32,23,1,3.8,0.94,12,2.0,0.0,2.0,1.0,3.0,1.0,2.0,2.0,1.0,1.0,2.0,0.0,1.0,1.0,5.0,21.0,4.0,2.0,1946.0,1.0,2.0,6.0,8.0,7000.0,3.0,2,2,2,2,2,1.0,3.8,1.35,2.0,3.0,3.0,3.0,4.0,3.0,6.0,6.0,6.0,3.0,2.0,3.0,4.0,4.0,3.0,6.0,4.0,4.0,4.0,3.0,3.0,4.0,4.0,3.0,3.0,3.0,6.0,6.0,4.0,3.0,6.0,6.0,6.0,3.0,3.0,3.0,3.0,3.0,4.0,3.0,2.0,2.0,4.0,4.0,6.0,6.0,3.0,4.0,6.0,3.0,3.0,3.0,2.0,2.0,3.0,7,1,2,4,4,5.0,1,3.0,2.0,2.0,4.0,5,9.0,1,8.0,5.0,15.0,5,64.0,0.000367986
50780087,1.0,4,154,44,15,35.2,7.2,57,2.0,0.0,1.0,0.0,3.0,0.0,2.0,1.0,1.0,1.0,2.0,0.0,1.0,1.0,4.0,2.0,3.0,2.0,1950.0,1.0,2.0,2.0,6.0,5000.0,5.0,2,2,1,2,2,1.0,0.0,10.32,5.0,5.0,2.0,3.0,5.0,5.0,3.0,4.0,4.0,6.0,6.0,3.0,4.0,3.0,4.0,6.0,3.0,1.0,3.0,2.0,5.0,3.0,4.0,3.0,4.0,4.0,4.0,2.0,4.0,4.0,1.0,4.0,3.0,2.0,4.0,3.0,4.0,1.0,1.0,5.0,3.0,2.0,4.0,4.0,3.0,6.0,6.0,5.0,2.0,2.0,3.0,6.0,4.0,3.0,1.0,7,1,2,4,4,5.0,2,1.0,3.0,2.0,4.0,5,76.0,0,95.0,4.0,129.0,5,60.0,9.82e-05
50780088,11.0,4,146,45,11,38.8,7.64,82,2.0,0.0,1.0,0.0,3.0,0.0,2.0,1.0,1.0,1.0,2.0,0.0,1.0,1.0,4.0,1.0,3.0,1.0,1952.0,1.0,2.0,1.0,8.0,5000.0,3.0,1,2,2,2,2,1.0,19.4,10.95,4.0,4.0,1.0,1.0,3.0,5.0,6.0,6.0,3.0,5.0,4.0,2.0,3.0,3.0,5.0,2.0,2.0,1.0,4.0,2.0,4.0,3.0,2.0,2.0,5.0,4.0,3.0,1.0,5.0,5.0,1.0,4.0,4.0,2.0,4.0,3.0,2.0,1.0,1.0,4.0,4.0,2.0,5.0,6.0,6.0,6.0,6.0,5.0,6.0,1.0,2.0,4.0,5.0,2.0,3.0,7,1,2,4,4,1.0,2,1.0,4.0,4.0,3.0,5,80.0,0,90.0,5.0,78.0,5,58.0,0.000409116
50780314,1.0,1,60,21,11,7.0,1.46,17,5.0,0.0,3.0,1.0,3.0,0.0,5.0,1.0,1.0,1.0,5.0,1.0,1.0,1.0,6.0,29.0,6.0,1.0,1949.0,1.0,4.0,1.0,1.0,15000.0,6.0,1,2,2,2,2,1.0,3.5,2.09,2.0,4.0,3.0,2.0,3.0,5.0,2.0,1.0,6.0,4.0,3.0,5.0,4.0,3.0,3.0,2.0,4.0,3.0,5.0,2.0,3.0,4.0,6.0,4.0,3.0,6.0,6.0,1.0,4.0,6.0,2.0,6.0,3.0,3.0,3.0,2.0,3.0,1.0,2.0,5.0,4.0,2.0,4.0,4.0,4.0,6.0,6.0,4.0,3.0,6.0,3.0,4.0,4.0,2.0,1.0,7,1,2,4,4,5.0,1,1.0,2.0,2.0,4.0,5,15.0,1,28.0,3.0,15.0,5,61.0,0.000109132
50780403,11.0,7,228,36,24,64.0,21.7,149,2.0,0.0,2.0,0.0,2.0,0.0,2.0,1.0,1.0,1.0,1.0,0.0,1.0,1.0,6.0,17.0,6.0,2.0,1962.0,1.0,2.0,1.0,3.0,15000.0,7.0,1,2,2,2,2,2.0,32.0,31.1,2.0,3.0,1.0,1.0,5.0,5.0,4.0,4.0,4.0,5.0,3.0,2.0,4.0,1.0,4.0,6.0,4.0,4.0,3.0,2.0,4.0,5.0,5.0,2.0,4.0,4.0,4.0,5.0,5.0,4.0,1.0,4.0,3.0,1.0,5.0,2.0,3.0,1.0,3.0,5.0,4.0,1.0,5.0,5.0,5.0,1.0,1.0,3.0,1.0,3.0,4.0,4.0,4.0,5.0,3.0,7,1,2,4,4,4.0,2,3.0,1.0,2.0,2.0,5,242.0,1,168.0,5.0,180.0,5,48.0,0.000144039
50780404,1.0,6,154,40,9,38.8,7.23,56,2.0,0.0,2.0,0.0,2.0,0.0,3.0,1.0,1.0,1.0,1.0,1.0,1.0,1.0,6.0,16.0,6.0,1.0,1954.0,1.0,2.0,1.0,2.0,15000.0,7.0,1,2,2,2,2,1.0,19.4,10.36,3.0,2.0,1.0,2.0,4.0,5.0,3.0,3.0,2.0,4.0,3.0,2.0,4.0,3.0,4.0,6.0,4.0,3.0,5.0,4.0,3.0,5.0,6.0,4.0,3.0,2.0,1.0,1.0,5.0,3.0,2.0,4.0,3.0,1.0,2.0,2.0,3.0,2.0,1.0,5.0,4.0,1.0,5.0,5.0,4.0,2.0,1.0,2.0,1.0,4.0,4.0,3.0,4.0,5.0,1.0,7,1,2,4,4,5.0,2,1.0,2.0,2.0,4.0,5,78.0,1,105.0,3.0,105.0,5,56.0,0.000160139
50780404,6.0,1,47,37,5,6.0,0.52,6,2.0,0.0,2.0,0.0,2.0,0.0,3.0,1.0,1.0,1.0,1.0,1.0,1.0,1.0,6.0,16.0,6.0,1.0,1954.0,1.0,2.0,1.0,2.0,15000.0,7.0,1,2,2,2,2,1.0,3.0,0.75,3.0,2.0,1.0,2.0,4.0,5.0,3.0,3.0,2.0,4.0,3.0,2.0,4.0,3.0,4.0,6.0,4.0,3.0,5.0,4.0,3.0,5.0,6.0,4.0,3.0,2.0,1.0,1.0,5.0,3.0,2.0,4.0,3.0,1.0,2.0,2.0,3.0,2.0,1.0,5.0,4.0,1.0,5.0,5.0,4.0,2.0,1.0,2.0,1.0,4.0,4.0,3.0,4.0,5.0,3.0,7,1,2,4,4,5.0,2,1.0,2.0,2.0,4.0,5,5.0,1,5.0,3.0,10.0,5,56.0,0.000160139
50780405,1.0,6,202,34,19,86.2,18.94,130,4.0,1.0,1.0,1.0,3.0,0.0,6.0,3.0,1.0,1.0,5.0,1.0,1.0,1.0,6.0,20.0,6.0,1.0,1950.0,1.0,3.0,1.0,3.0,15000.0,6.0,2,2,1,2,2,1.0,0.0,27.14,1.0,5.0,2.0,1.0,5.0,5.0,3.0,4.0,5.0,5.0,4.0,2.0,4.0,1.0,4.0,1.0,2.0,4.0,3.0,3.0,3.0,2.0,3.0,4.0,3.0,4.0,2.0,1.0,5.0,5.0,2.0,4.0,4.0,2.0,5.0,3.0,2.0,1.0,2.0,4.0,1.0,4.0,4.0,4.0,2.0,3.0,3.0,5.0,1.0,3.0,3.0,4.0,5.0,4.0,2.0,7,1,2,4,4,5.0,2,3.0,2.0,2.0,3.0,5,211.0,0,149.0,4.0,175.0,5,60.0,0.000109132
52720041,1.0,1,64,16,11,9.6,0.9,13,4.0,2.0,2.0,1.0,4.0,2.0,1.0,1.0,1.0,2.0,2.0,0.0,1.0,1.0,5.5,5.0,5.0,1.0,1975.0,1.0,3.0,1.0,1.0,9000.0,6.0,2,2,2,2,2,1.0,9.6,1.29,1.0,4.0,3.0,2.0,3.0,4.0,4.0,2.0,3.0,4.0,3.0,3.0,4.0,2.0,4.0,3.0,4.0,4.0,5.0,4.0,2.0,4.0,3.0,2.0,3.0,2.0,4.0,2.0,4.0,3.0,4.0,4.0,4.0,3.0,2.0,4.0,3.0,2.0,2.0,3.0,2.0,2.0,4.0,4.0,4.0,3.0,2.0,3.0,2.0,3.0,3.0,3.0,4.0,4.0,1.0,7,1,2,3,3,5.0,1,4.0,1.0,2.0,3.0,5,9.5,1,37.0,4.0,15.0,5,35.0,0.000258025
52720109,8.0,1,69,22,11,9.0,0.9,13,2.0,0.0,2.0,0.0,3.0,0.0,1.0,1.0,1.0,1.0,1.0,0.0,1.0,1.0,4.0,20.0,3.0,1.0,1943.0,1.0,7.0,9.0,6.0,5000.0,3.0,1,2,2,2,2,1.0,4.5,1.29,2.0,4.0,4.0,3.0,3.0,4.0,3.0,2.0,3.0,4.0,4.0,4.0,3.0,2.0,4.0,3.0,4.0,3.0,4.0,3.0,5.0,4.0,5.0,4.0,5.0,2.0,2.0,3.0,4.0,4.0,2.0,4.0,2.0,2.0,3.0,4.0,3.0,2.0,2.0,3.0,2.0,4.0,4.0,3.0,3.0,2.0,2.0,4.0,3.0,2.0,3.0,2.0,4.0,4.0,3.0,7,1,2,3,3,5.0,1,2.0,2.0,2.0,3.0,5,9.5,1,36.0,4.0,15.0,5,67.0,0.0003213
52720109,8.0,1,69,22,11,9.0,0.9,13,2.0,0.0,2.0,0.0,3.0,0.0,1.0,1.0,1.0,1.0,1.0,0.0,1.0,1.0,4.0,20.0,3.0,1.0,1943.0,1.0,7.0,9.0,6.0,5000.0,3.0,1,2,2,2,2,1.0,4.5,1.29,2.0,4.0,4.0,3.0,3.0,4.0,3.0,2.0,3.0,4.0,4.0,4.0,3.0,2.0,4.0,3.0,4.0,3.0,4.0,3.0,5.0,4.0,5.0,4.0,5.0,2.0,2.0,3.0,4.0,4.0,2.0,4.0,2.0,2.0,3.0,4.0,3.0,2.0,2.0,3.0,2.0,4.0,4.0,3.0,3.0,2.0,2.0,4.0,3.0,2.0,3.0,2.0,4.0,4.0,3.0,7,1,2,3,3,5.0,1,2.0,2.0,2.0,3.0,5,9.5,1,36.0,4.0,15.0,5,67.0,0.0003213
52720109,9.0,1,42,14,1,5.0,0.81,11,2.0,0.0,2.0,0.0,3.0,0.0,1.0,1.0,1.0,1.0,1.0,0.0,1.0,1.0,4.0,20.0,3.0,1.0,1943.0,1.0,7.0,9.0,6.0,5000.0,3.0,1,2,2,2,2,1.0,2.5,1.16,2.0,4.0,4.0,3.0,3.0,4.0,3.0,2.0,3.0,4.0,4.0,4.0,3.0,2.0,4.0,3.0,4.0,3.0,4.0,3.0,5.0,4.0,5.0,4.0,5.0,2.0,2.0,3.0,4.0,4.0,2.0,4.0,2.0,2.0,3.0,4.0,3.0,2.0,2.0,3.0,2.0,4.0,4.0,3.0,3.0,2.0,2.0,4.0,3.0,2.0,3.0,2.0,4.0,4.0,3.0,7,1,2,3,3,5.0,1,2.0,2.0,2.0,3.0,5,9.5,1,27.0,4.0,15.0,5,67.0,0.0003213
52720141,4.0,0,62,20,0,14.6,4.98,59,2.0,0.0,1.0,0.0,3.0,0.0,1.0,1.0,1.0,1.0,2.0,0.0,1.0,1.0,4.0,22.0,4.0,2.0,1960.0,1.0,7.0,1.0,4.0,7000.0,3.0,1,2,2,2,1,2.0,7.3,7.14,3.0,4.0,4.0,2.0,3.0,5.0,2.0,5.0,2.0,5.0,4.0,4.0,3.0,4.0,4.0,6.0,5.0,1.0,5.0,4.0,5.0,5.0,4.0,4.0,5.0,5.0,5.0,4.0,4.0,3.0,2.0,5.0,4.0,2.0,3.0,4.0,4.0,1.0,4.0,5.0,4.0,2.0,5.0,3.0,4.0,3.0,4.0,5.0,1.0,4.0,5.0,3.0,4.0,4.0,3.0,7,1,2,3,3,5.0,2,1.0,2.0,2.0,3.0,5,52.0,1,42.0,5.0,30.0,5,50.0,0.000367986
52720183,4.0,0,16,9,0,2.2,0.34,5,4.0,2.0,2.0,1.0,4.0,2.0,1.0,0.0,1.0,1.0,2.0,0.0,1.0,1.0,5.0,5.0,3.0,2.0,1979.0,1.0,3.0,6.0,1.0,5000.0,3.0,2,2,2,2,2,1.0,2.2,0.49,3.0,2.0,3.0,3.0,3.0,4.0,4.0,2.0,3.0,4.0,1.0,3.0,4.0,3.0,4.0,5.0,3.0,1.0,5.0,3.0,3.0,3.0,3.0,3.0,3.0,1.0,1.0,4.0,4.0,3.0,2.0,2.0,3.0,3.0,2.0,3.0,2.0,1.0,1.0,5.0,1.0,3.0,4.0,4.0,4.0,2.0,1.0,5.0,2.0,3.0,2.0,2.0,3.0,3.0,3.0,7,1,2,3,3,6.0,1,3.0,2.0,2.0,2.0,5,3.5,1,7.0,5.0,5.0,5,31.0,0.00087004
52720229,1.0,6,214,34,36,10.0,11.33,108,1.0,0.0,1.0,0.0,1.0,0.0,2.0,2.0,1.0,2.0,2.0,0.0,1.0,2.0,6.0,21.0,6.0,1.0,1946.0,1.0,1.0,1.0,1.0,15000.0,4.0,1,2,2,2,2,1.0,5.0,16.24,4.0,4.0,2.0,2.0,2.0,4.0,1.0,4.0,2.0,1.0,3.0,4.0,5.0,2.0,4.0,4.0,4.0,4.0,5.0,2.0,5.0,3.0,4.0,2.0,3.0,2.0,1.0,2.0,4.0,2.0,1.0,1.0,1.0,2.0,4.0,2.0,4.0,1.0,2.0,4.0,3.0,2.0,3.0,4.0,2.0,2.0,2.0,5.0,3.0,2.0,2.0,4.0,4.0,4.0,1.0,7,1,2,3,3,4.0,2,1.0,3.0,2.0,3.0,5,124.0,1,144.0,4.0,138.0,5,64.0,0.000109132
52720287,1.0,4,97,24,10,8.8,3.14,42,2.0,0.0,1.0,0.0,2.0,0.0,2.0,1.0,1.0,1.0,2.0,0.0,1.0,1.0,5.0,30.0,5.0,1.0,1951.0,1.0,3.0,1.0,3.0,9000.0,3.0,1,2,2,1,2,1.0,4.4,4.5,4.0,4.0,2.0,2.0,3.0,5.0,5.0,3.0,4.0,5.0,4.0,3.0,4.0,3.0,4.0,2.0,1.0,1.0,3.0,2.0,4.0,3.0,2.0,2.0,4.0,4.0,4.0,2.0,4.0,4.0,2.0,4.0,5.0,3.0,4.0,2.0,3.0,1.0,2.0,4.0,2.0,2.0,2.0,4.0,3.0,4.0,2.0,3.0,2.0,3.0,6.0,5.0,4.0,4.0,1.0,7,1,2,3,3,5.0,2,1.0,2.0,2.0,3.0,5,38.0,0,63.0,4.0,77.0,5,59.0,0.000409116
52720334,4.0,0,3,3,0,0.0,0.03,0,2.0,0.0,1.0,1.0,1.0,0.0,1.0,1.0,1.0,1.0,1.0,0.0,1.0,1.0,4.0,48.0,5.0,2.0,1934.0,1.0,4.0,6.0,6.0,9000.0,3.0,2,2,2,1,2,3.0,0.0,0.04,6.0,3.0,4.0,4.0,3.0,4.0,3.0,3.0,3.0,4.0,4.0,5.0,5.0,3.0,5.0,3.0,4.0,6.0,6.0,6.0,6.0,2.0,4.0,5.0,3.0,3.0,3.0,4.0,6.0,5.0,3.0,3.0,2.0,3.0,3.0,3.0,2.0,6.0,6.0,4.0,3.0,2.0,3.0,3.0,3.0,3.0,2.0,5.0,2.0,3.0,2.0,4.0,3.0,3.0,3.0,7,1,2,3,3,5.0,1,3.0,2.0,2.0,4.0,5,0.3,0,0.0,4.0,35.5,5,76.0,0.000288998
52720371,1.0,6,345,98,64,43.6,8.42,99,1.0,0.0,1.0,0.0,2.0,0.0,1.0,1.0,1.0,1.0,2.0,0.0,1.0,1.0,5.0,20.0,4.0,1.0,1966.0,1.0,1.0,1.0,5.0,7000.0,4.0,2,2,2,2,2,1.0,43.6,12.07,6.0,4.0,4.0,2.0,4.0,5.0,4.0,2.0,2.0,5.0,3.0,5.0,3.0,4.0,4.0,6.0,2.0,6.0,5.0,3.0,5.0,5.0,2.0,4.0,3.0,6.0,3.0,4.0,4.0,3.0,1.0,4.0,3.0,2.0,2.0,4.0,4.0,1.0,1.0,5.0,2.0,3.0,5.0,4.0,2.0,3.0,1.0,5.0,5.0,3.0,3.0,3.0,4.0,4.0,1.0,7,1,2,3,3,6.0,3,2.0,2.0,2.0,4.0,5,91.0,1,183.0,4.0,85.0,5,44.0,0.000109132
52720431,10.0,5,217,60,28,24.8,7.91,79,3.0,0.0,2.0,0.0,3.0,0.0,4.0,2.0,1.0,1.0,3.0,2.0,1.0,1.0,7.0,15.0,6.0,1.0,1957.0,1.0,3.0,1.0,1.0,15000.0,7.0,1,2,2,2,2,1.0,12.4,11.34,3.0,4.0,2.0,3.0,4.0,4.0,4.0,4.0,4.0,5.0,4.0,2.0,4.0,3.0,2.0,1.0,4.0,3.0,5.0,3.0,3.0,5.0,4.0,2.0,4.0,2.0,4.0,2.0,5.0,4.0,2.0,2.0,2.0,1.0,3.0,4.0,2.0,2.0,4.0,5.0,4.0,2.0,4.0,5.0,4.0,2.0,3.0,3.0,2.0,2.0,4.0,3.0,4.0,4.0,3.0,7,1,2,3,3,5.0,2,3.0,2.0,2.0,3.0,5,87.0,1,129.0,5.0,80.0,5,53.0,0.000160139
52720432,7.0,4,127,37,12,26.2,4.02,57,3.0,0.0,2.0,0.0,3.0,0.0,4.0,2.0,1.0,1.0,3.0,2.0,1.0,1.0,6.5,15.0,6.0,2.0,1961.0,1.0,3.0,2.0,6.0,15000.0,3.0,1,2,2,2,2,1.0,13.1,5.76,2.0,5.0,1.0,3.0,4.0,5.0,4.0,3.0,4.0,4.0,3.0,4.0,5.0,1.0,5.0,4.0,3.0,1.0,5.0,3.0,5.0,5.0,4.0,2.0,4.0,3.0,1.0,1.0,5.0,4.0,1.0,4.0,4.0,1.0,2.0,3.0,4.0,1.0,3.0,4.0,3.0,2.0,4.0,5.0,5.0,6.0,2.0,4.0,4.0,3.0,2.0,5.0,5.0,4.0,3.0,7,1,2,3,3,1.0,2,3.0,2.0,3.0,3.0,5,40.0,1,78.0,4.0,65.0,5,49.0,0.000367986
52720511,1.0,6,168,34,26,26.4,7.83,76,2.0,0.0,2.0,1.0,3.0,0.0,2.0,1.0,1.0,2.0,2.0,0.0,1.0,2.0,5.0,2.0,4.0,1.0,1973.0,1.0,2.0,1.0,3.0,7000.0,3.0,2,2,2,2,2,1.0,26.4,11.22,1.0,2.0,5.0,3.0,3.0,3.0,5.0,3.0,3.0,4.0,3.0,5.0,5.0,3.0,4.0,6.0,4.0,3.0,4.0,4.0,3.0,4.0,4.0,3.0,6.0,6.0,5.0,2.0,5.0,4.0,2.0,3.0,4.0,3.0,3.0,3.0,4.0,1.0,3.0,5.0,3.0,3.0,5.0,4.0,3.0,4.0,3.0,2.0,2.0,3.0,1.0,3.0,4.0,4.0,2.0,7,1,2,3,3,2.0,2,1.0,3.0,3.0,1.0,5,87.0,1,108.0,4.0,55.0,5,37.0,0.000967286
52720539,1.0,3,118,18,41,19.8,1.8,26,2.0,0.0,2.0,3.0,2.0,0.0,1.0,2.0,1.0,1.0,2.0,0.0,1.0,1.0,5.0,29.0,4.0,1.0,1950.0,1.0,2.0,2.0,7.0,7000.0,3.0,2,2,2,2,2,1.0,19.8,2.58,2.0,2.0,4.0,3.0,3.0,5.0,5.0,3.0,3.0,5.0,5.0,4.0,4.0,2.0,5.0,1.0,5.0,4.0,5.0,4.0,3.0,5.0,4.0,5.0,3.0,3.0,2.0,2.0,5.0,4.0,1.0,3.0,2.0,3.0,4.0,2.0,2.0,1.0,5.0,5.0,5.0,1.0,2.0,3.0,1.0,4.0,2.0,4.0,2.0,5.0,3.0,4.0,4.0,4.0,2.0,7,1,2,3,3,4.0,2,3.0,1.0,1.0,4.0,5,19.0,1,59.0,5.0,22.0,5,60.0,0.000409116
52720539,1.0,3,118,18,34,21.4,1.8,26,2.0,0.0,2.0,3.0,2.0,0.0,1.0,2.0,1.0,1.0,2.0,0.0,1.0,1.0,5.0,29.0,4.0,1.0,1950.0,1.0,2.0,2.0,7.0,7000.0,3.0,2,2,2,2,2,1.0,21.4,2.58,2.0,2.0,4.0,3.0,3.0,5.0,5.0,3.0,3.0,5.0,5.0,4.0,4.0,2.0,5.0,1.0,5.0,4.0,5.0,4.0,3.0,5.0,4.0,5.0,3.0,3.0,2.0,2.0,5.0,4.0,1.0,3.0,2.0,3.0,4.0,2.0,2.0,1.0,5.0,5.0,5.0,1.0,2.0,3.0,1.0,4.0,2.0,4.0,2.0,5.0,3.0,4.0,4.0,4.0,1.0,7,1,2,3,3,4.0,2,3.0,1.0,1.0,4.0,5,19.0,1,66.0,5.0,22.0,5,60.0,0.000409116
52720540,2.0,4,156,65,5,30.0,4.19,59,2.0,0.0,2.0,3.0,2.0,0.0,1.0,2.0,1.0,1.0,2.0,0.0,1.0,1.0,5.0,29.0,1.0,2.0,1950.0,1.0,2.0,6.0,6.0,2000.0,3.0,1,2,2,2,2,1.0,15.0,6.0,2.0,4.0,3.0,2.0,3.0,5.0,3.0,3.0,5.0,4.0,3.0,4.0,3.0,4.0,4.0,3.0,3.0,3.0,4.0,3.0,4.0,3.0,4.0,4.0,2.0,3.0,3.0,4.0,3.0,6.0,2.0,3.0,4.0,3.0,3.0,2.0,4.0,2.0,4.0,4.0,2.0,4.0,4.0,3.0,3.0,3.0,3.0,4.0,3.0,4.0,5.0,2.0,3.0,4.0,2.0,7,1,2,3,3,4.0,2,2.0,1.0,3.0,1.0,5,44.0,1,86.0,4.0,80.0,5,60.0,0.000367986
52720549,1.0,4,140,37,18,27.6,5.73,69,2.0,0.0,2.0,1.0,1.0,0.0,2.0,2.0,1.0,1.0,2.0,0.0,1.0,1.0,6.0,34.0,4.0,1.0,1948.0,1.0,3.0,1.0,6.0,7000.0,3.0,2,2,2,2,2,1.0,27.6,8.21,2.0,3.0,4.0,2.0,4.0,4.0,3.0,6.0,3.0,4.0,6.0,4.0,4.0,6.0,6.0,6.0,4.0,6.0,4.0,3.0,4.0,4.0,6.0,2.0,4.0,3.0,6.0,6.0,6.0,6.0,6.0,4.0,3.0,6.0,6.0,4.0,6.0,6.0,6.0,4.0,6.0,3.0,6.0,4.0,6.0,6.0,6.0,4.0,6.0,6.0,6.0,3.0,4.0,6.0,1.0,7,1,2,3,3,6.0,2,2.0,2.0,2.0,4.0,5,61.0,1,85.0,4.0,82.0,5,62.0,0.000409116
52720563,10.0,7,404,90,127,58.0,10.17,121,4.0,1.0,2.0,1.0,7.0,1.0,3.0,2.0,1.0,1.0,4.0,2.0,1.0,1.0,5.0,13.0,5.0,1.0,1966.0,1.0,3.0,1.0,3.0,9000.0,6.0,1,2,2,2,2,1.0,29.0,14.57,2.0,4.0,2.0,4.0,4.0,4.0,3.0,2.0,2.0,5.0,3.0,2.0,2.0,3.0,4.0,2.0,4.0,3.0,5.0,4.0,4.0,2.0,4.0,4.0,2.0,2.0,4.0,2.0,5.0,3.0,2.0,4.0,4.0,4.0,4.0,4.0,4.0,2.0,4.0,4.0,3.0,2.0,4.0,4.0,4.0,3.0,6.0,2.0,2.0,2.0,2.0,4.0,4.0,2.0,3.0,7,1,2,3,3,5.0,4,3.0,2.0,2.0,3.0,5,106.0,1,187.0,4.0,135.0,5,44.0,0.000109132
52720571,1.0,8,274,84,38,47.0,12.41,125,6.0,4.0,2.0,0.0,6.0,4.0,5.0,1.0,1.0,1.0,4.0,0.0,1.0,1.0,7.5,1.0,5.0,1.0,1967.0,1.0,7.0,1.0,3.0,9000.0,7.0,1,1,1,2,2,1.0,23.5,17.78,2.0,2.0,3.0,2.0,4.0,4.0,3.0,3.0,3.0,4.0,3.0,2.0,4.0,2.0,4.0,2.0,3.0,2.0,4.0,3.0,2.0,3.0,3.0,4.0,4.0,1.0,4.0,2.0,4.0,4.0,2.0,2.0,4.0,2.0,4.0,3.0,3.0,1.0,1.0,4.0,1.0,3.0,4.0,4.0,4.0,3.0,2.0,3.0,2.0,3.0,3.0,3.0,4.0,4.0,2.0,7,1,2,3,3,5.0,5,4.0,1.0,2.0,3.0,5,130.1,1,152.0,5.0,120.0,5,43.0,0.000160139
52720571,11.0,0,24,17,0,109.2,0.42,4,6.0,4.0,2.0,0.0,6.0,4.0,5.0,1.0,1.0,1.0,4.0,0.0,1.0,1.0,7.5,1.0,5.0,1.0,1967.0,1.0,7.0,1.0,3.0,9000.0,7.0,1,1,1,2,2,1.0,54.6,0.6,2.0,2.0,3.0,2.0,4.0,4.0,3.0,3.0,3.0,4.0,3.0,2.0,4.0,2.0,4.0,2.0,3.0,2.0,4.0,3.0,2.0,3.0,3.0,4.0,4.0,1.0,4.0,2.0,4.0,4.0,2.0,2.0,4.0,2.0,4.0,3.0,3.0,1.0,1.0,4.0,1.0,3.0,4.0,4.0,4.0,3.0,2.0,3.0,2.0,3.0,3.0,3.0,4.0,4.0,3.0,7,1,2,3,3,5.0,2,4.0,1.0,2.0,3.0,5,3.2,1,7.0,5.0,10.0,5,43.0,0.000160139
52720593,8.0,1,70,32,9,10.6,1.37,19,1.0,0.0,1.0,0.0,0.0,0.0,1.0,1.0,1.0,1.0,2.0,0.0,1.0,1.0,5.0,35.0,2.0,1.0,1962.0,1.0,1.0,1.0,6.0,3250.0,3.0,2,2,2,2,2,1.0,10.6,1.96,1.0,3.0,5.0,4.0,1.0,3.0,6.0,5.0,1.0,5.0,5.0,5.0,4.0,3.0,2.0,3.0,5.0,1.0,5.0,3.0,3.0,4.0,5.0,5.0,1.0,6.0,4.0,3.0,5.0,3.0,1.0,6.0,3.0,2.0,4.0,3.0,3.0,3.0,3.0,4.0,1.0,2.0,4.0,4.0,6.0,1.0,3.0,5.0,4.0,3.0,1.0,4.0,5.0,2.0,3.0,7,1,2,3,3,4.0,1,2.0,3.0,3.0,4.0,5,14.0,1,29.0,4.0,15.0,5,48.0,0.001472131
52720593,7.0,1,75,13,26,8.4,1.26,17,1.0,0.0,1.0,0.0,0.0,0.0,1.0,1.0,1.0,1.0,2.0,0.0,1.0,1.0,5.0,35.0,2.0,1.0,1962.0,1.0,1.0,1.0,6.0,3250.0,3.0,2,2,2,2,2,1.0,8.4,1.81,1.0,3.0,5.0,4.0,1.0,3.0,6.0,5.0,1.0,5.0,5.0,5.0,4.0,3.0,2.0,3.0,5.0,1.0,5.0,3.0,3.0,4.0,5.0,5.0,1.0,6.0,4.0,3.0,5.0,3.0,1.0,6.0,3.0,2.0,4.0,3.0,3.0,3.0,3.0,4.0,1.0,2.0,4.0,4.0,6.0,1.0,3.0,5.0,4.0,3.0,1.0,4.0,5.0,2.0,3.0,7,1,2,3,3,4.0,1,2.0,3.0,3.0,4.0,5,15.0,1,36.0,4.0,20.0,5,48.0,0.000144039
52720593,9.0,1,62,19,10,9.6,1.37,19,1.0,0.0,1.0,0.0,0.0,0.0,1.0,1.0,1.0,1.0,2.0,0.0,1.0,1.0,5.0,35.0,2.0,1.0,1962.0,1.0,1.0,1.0,6.0,3250.0,3.0,2,2,2,2,2,1.0,9.6,1.96,1.0,3.0,5.0,4.0,1.0,3.0,6.0,5.0,1.0,5.0,5.0,5.0,4.0,3.0,2.0,3.0,5.0,1.0,5.0,3.0,3.0,4.0,5.0,5.0,1.0,6.0,4.0,3.0,5.0,3.0,1.0,6.0,3.0,2.0,4.0,3.0,3.0,3.0,3.0,4.0,1.0,2.0,4.0,4.0,6.0,1.0,3.0,5.0,4.0,3.0,1.0,4.0,5.0,2.0,3.0,7,1,2,3,3,4.0,1,2.0,3.0,3.0,4.0,5,14.0,1,33.0,4.0,35.5,5,48.0,0.00087004
52720639,1.0,0,67,26,0,10.0,1.64,22,5.0,0.0,1.0,2.0,4.0,0.0,3.0,1.0,1.0,1.0,4.0,1.0,1.0,2.0,7.0,20.0,6.0,1.0,1989.0,1.0,6.0,1.0,6.0,15000.0,5.0,2,2,1,2,2,2.0,0.0,2.35,1.0,4.0,2.0,3.0,2.0,4.0,4.0,3.0,2.0,4.0,4.0,2.0,4.0,2.0,4.0,6.0,3.0,4.0,4.0,2.0,4.0,2.0,3.0,1.0,5.0,5.0,5.0,2.0,5.0,5.0,2.0,4.0,4.0,4.0,4.0,4.0,2.0,2.0,2.0,4.0,3.0,2.0,5.0,4.0,3.0,4.0,2.0,2.0,3.0,2.0,1.0,3.0,4.0,4.0,1.0,7,1,2,3,3,5.0,2,1.0,1.0,2.0,3.0,5,19.0,0,41.0,3.0,49.0,5,21.0,0.000258025
52720643,9.0,0,31,20,0,64.4,0.73,10,6.0,0.0,3.0,0.0,6.0,0.0,9.0,2.0,1.0,1.0,6.0,3.0,1.0,2.0,8.0,22.0,6.0,1.0,1987.0,1.0,6.0,8.0,2.0,15000.0,5.0,2,2,1,2,2,1.0,0.0,1.05,4.0,4.0,3.0,3.0,4.0,5.0,2.0,3.0,3.0,5.0,1.0,5.0,5.0,2.0,4.0,6.0,4.0,1.0,4.0,2.0,5.0,4.0,3.0,1.0,5.0,5.0,4.0,2.0,5.0,5.0,2.0,5.0,4.0,4.0,4.0,5.0,5.0,2.0,3.0,4.0,2.0,2.0,4.0,3.0,6.0,3.0,1.0,5.0,1.0,2.0,2.0,3.0,2.0,5.0,3.0,7,1,2,3,3,5.0,2,3.0,2.0,2.0,4.0,5,7.0,1,11.0,3.0,10.0,5,23.0,0.000258025
52720644,4.0,2,81,16,3,23.2,3.8,54,6.0,0.0,3.0,0.0,4.0,0.0,8.0,1.0,1.0,1.0,6.0,3.0,1.0,1.0,8.0,25.0,6.0,1.0,1962.0,1.0,3.0,1.0,6.0,15000.0,3.0,2,2,2,2,2,1.0,23.2,5.45,4.0,4.0,2.0,2.0,3.0,4.0,4.0,2.0,5.0,5.0,5.0,2.0,2.0,2.0,4.0,1.0,2.0,1.0,3.0,1.0,5.0,2.0,4.0,2.0,5.0,4.0,2.0,2.0,5.0,4.0,2.0,4.0,4.0,4.0,5.0,2.0,5.0,2.0,4.0,4.0,3.0,2.0,5.0,5.0,5.0,2.0,2.0,5.0,2.0,3.0,3.0,4.0,4.0,4.0,3.0,7,1,2,3,3,5.0,2,4.0,1.0,2.0,3.0,5,38.0,0,62.0,3.0,133.0,5,48.0,0.000967286
52720665,1.0,2,118,49,6,23.2,3.98,56,6.0,0.0,3.0,1.0,8.0,0.0,10.0,1.0,1.0,1.0,6.0,3.0,1.0,2.0,8.0,24.0,6.0,2.0,1985.0,1.0,6.0,1.0,6.0,15000.0,5.0,2,2,1,2,2,1.0,0.0,5.7,2.0,3.0,2.0,2.0,2.0,5.0,4.0,4.0,4.0,4.0,4.0,5.0,2.0,1.0,4.0,6.0,2.0,1.0,5.0,2.0,4.0,2.0,5.0,4.0,5.0,5.0,4.0,2.0,5.0,5.0,1.0,4.0,4.0,2.0,4.0,2.0,5.0,1.0,2.0,4.0,2.0,4.0,5.0,4.0,4.0,1.0,1.0,5.0,1.0,4.0,1.0,4.0,4.0,4.0,1.0,7,1,2,3,3,5.0,2,1.0,3.0,3.0,4.0,5,39.0,0,63.0,3.0,97.0,5,25.0,0.000232084
52730004,1.0,5,250,110,16,39.2,7.8,88,2.0,0.0,4.0,0.0,4.0,0.0,3.0,3.0,1.0,1.0,2.0,0.0,1.0,1.0,5.0,30.0,3.0,1.0,1955.0,1.0,2.0,1.0,1.0,5000.0,3.0,1,2,2,2,2,1.0,19.6,11.18,5.0,3.0,2.0,2.0,2.0,4.0,4.0,6.0,4.0,4.0,4.0,3.0,4.0,6.0,3.0,6.0,3.0,6.0,6.0,6.0,6.0,4.0,4.0,4.0,4.0,3.0,6.0,3.0,3.0,4.0,6.0,4.0,6.0,6.0,6.0,6.0,6.0,6.0,6.0,4.0,4.0,3.0,4.0,3.0,3.0,3.0,6.0,4.0,3.0,3.0,4.0,3.0,3.0,3.0,1.0,7,1,2,3,3,4.0,6,3.0,1.0,1.0,4.0,5,73.3,1,124.0,5.0,120.0,5,55.0,0.000409116
52730039,8.0,2,110,44,16,15.6,2.06,29,2.0,0.0,1.0,0.0,2.0,0.0,1.0,1.0,1.0,1.0,2.0,0.0,1.0,1.0,4.0,38.0,3.0,1.0,1938.0,1.0,2.0,9.0,6.0,5000.0,3.0,2,2,2,2,2,1.0,15.6,2.95,1.0,4.0,3.0,2.0,4.0,5.0,4.0,3.0,3.0,5.0,4.0,5.0,4.0,2.0,4.0,6.0,4.0,1.0,5.0,4.0,4.0,4.0,4.0,2.0,4.0,4.0,4.0,2.0,4.0,4.0,1.0,4.0,3.0,2.0,4.0,4.0,3.0,1.0,2.0,5.0,2.0,2.0,4.0,4.0,3.0,3.0,2.0,5.0,2.0,3.0,2.0,4.0,4.0,4.0,3.0,7,1,2,3,3,5.0,1,1.0,2.0,2.0,3.0,5,22.0,1,50.0,4.0,30.0,5,72.0,0.0003213
52730081,1.0,3,161,40,46,24.0,3.04,42,2.0,0.0,2.0,1.0,1.0,0.0,3.0,1.0,1.0,1.0,2.0,1.0,1.0,1.0,5.0,33.0,6.0,1.0,1948.0,1.0,3.0,1.0,1.0,15000.0,6.0,1,2,2,2,2,1.0,12.0,4.36,1.0,2.0,3.0,2.0,3.0,4.0,4.0,3.0,2.0,5.0,3.0,5.0,5.0,4.0,6.0,6.0,4.0,5.0,5.0,3.0,3.0,4.0,3.0,2.0,6.0,6.0,3.0,3.0,4.0,2.0,1.0,2.0,4.0,2.0,3.0,3.0,3.0,1.0,2.0,5.0,4.0,2.0,4.0,3.0,2.0,2.0,3.0,2.0,2.0,2.0,3.0,2.0,3.0,4.0,2.0,7,1,2,3,3,5.0,2,1.0,2.0,2.0,3.0,5,34.0,1,75.0,5.0,30.0,5,62.0,0.000109132
52730183,1.0,2,99,48,8,13.8,2.17,29,4.0,0.0,3.0,2.0,5.0,0.0,5.0,2.0,1.0,2.0,4.0,0.0,1.0,1.0,5.0,25.0,4.0,1.0,1961.0,1.0,3.0,1.0,3.0,7000.0,3.0,2,2,2,2,2,1.0,13.8,3.11,1.0,2.0,3.0,4.0,4.0,5.0,4.0,2.0,1.0,4.0,2.0,5.0,4.0,1.0,3.0,3.0,4.0,2.0,5.0,3.0,4.0,4.0,5.0,3.0,4.0,3.0,1.0,3.0,4.0,4.0,1.0,4.0,2.0,3.0,2.0,4.0,3.0,1.0,1.0,4.0,2.0,3.0,2.0,3.0,2.0,6.0,2.0,4.0,3.0,3.0,2.0,2.0,3.0,4.0,2.0,7,1,2,3,3,5.0,3,1.0,2.0,2.0,3.0,5,23.5,1,43.0,5.0,28.0,5,49.0,0.000409116
52730184,3.0,0,44,37,0,7.2,0.5,6,4.0,0.0,3.0,2.0,5.0,0.0,5.0,2.0,1.0,1.0,4.0,0.0,1.0,2.0,5.0,20.0,1.0,2.0,1989.0,1.0,6.0,8.0,6.0,2000.0,3.0,1,2,2,2,2,1.0,3.6,0.72,1.0,2.0,3.0,1.0,3.0,5.0,5.0,2.0,2.0,4.0,4.0,5.0,4.0,3.0,2.0,6.0,5.0,4.0,5.0,5.0,4.0,5.0,3.0,3.0,4.0,2.0,4.0,3.0,5.0,4.0,4.0,4.0,4.0,4.0,2.0,2.0,4.0,1.0,4.0,5.0,3.0,2.0,4.0,4.0,5.0,4.0,4.0,5.0,2.0,2.0,2.0,2.0,4.0,2.0,1.0,7,1,2,3,3,5.0,2,1.0,1.0,1.0,4.0,5,5.0,1,7.0,5.0,10.0,5,21.0,0.00087004
52730184,11.0,0,55,12,0,10.6,1.43,19,4.0,0.0,3.0,2.0,5.0,0.0,5.0,2.0,1.0,1.0,4.0,0.0,1.0,2.0,5.0,20.0,1.0,2.0,1989.0,1.0,6.0,8.0,6.0,2000.0,3.0,1,2,2,2,2,1.0,5.3,2.05,1.0,2.0,3.0,1.0,3.0,5.0,5.0,2.0,2.0,4.0,4.0,5.0,4.0,3.0,2.0,6.0,5.0,4.0,5.0,5.0,4.0,5.0,3.0,3.0,4.0,2.0,4.0,3.0,5.0,4.0,4.0,4.0,4.0,4.0,2.0,2.0,4.0,1.0,4.0,5.0,3.0,2.0,4.0,4.0,5.0,4.0,4.0,5.0,2.0,2.0,2.0,2.0,4.0,2.0,3.0,7,1,2,3,3,5.0,2,1.0,1.0,1.0,4.0,5,16.5,1,43.0,5.0,40.0,5,21.0,0.00087004
53060149,3.0,2,120,38,5,14.0,3.31,46,4.0,1.0,2.0,0.0,6.0,0.0,2.0,2.0,1.0,1.0,5.0,0.0,1.0,2.0,5.0,16.0,1.0,2.0,1993.0,1.0,6.0,8.0,8.0,2000.0,2.0,1,1,2,2,2,3.0,7.0,4.74,3.0,3.0,4.0,2.0,4.0,3.0,4.0,3.0,4.0,2.0,2.0,4.0,3.0,3.0,3.0,6.0,4.0,6.0,6.0,6.0,6.0,4.0,4.0,3.0,4.0,4.0,4.0,4.0,4.0,4.0,4.0,3.0,4.0,3.0,4.0,4.0,4.0,2.0,2.0,4.0,2.0,3.0,4.0,4.0,4.0,2.0,3.0,4.0,2.0,3.0,3.0,3.0,3.0,4.0,2.0,7,1,2,4,2,5.0,3,4.0,2.0,1.0,1.0,6,31.5,0,77.0,5.0,59.0,6,17.0,0.002195453
53060150,1.0,0,60,38,0,7.6,6.35,67,4.0,1.0,2.0,0.0,5.0,0.0,2.0,1.0,1.0,1.0,4.0,0.0,1.0,1.0,5.5,17.0,6.0,1.0,1954.0,1.0,3.0,1.0,3.0,15000.0,3.0,1,2,2,2,2,1.0,3.8,9.1,2.0,2.0,4.0,2.0,4.0,4.0,4.0,2.0,4.0,4.0,4.0,3.0,2.0,2.0,3.0,2.0,2.0,3.0,4.0,2.0,4.0,3.0,2.0,2.0,4.0,2.0,4.0,2.0,4.0,4.0,2.0,2.0,2.0,3.0,4.0,3.0,2.0,2.0,4.0,3.0,2.0,2.0,4.0,4.0,3.0,3.0,2.0,3.0,2.0,2.0,3.0,3.0,3.0,4.0,2.0,7,1,2,4,2,4.0,2,1.0,1.0,3.0,1.0,6,72.0,1,22.0,5.0,16.0,6,56.0,0.000409116
53060150,1.0,3,72,28,6,7.6,11.36,116,4.0,1.0,2.0,0.0,5.0,0.0,2.0,1.0,1.0,1.0,4.0,0.0,1.0,1.0,5.5,17.0,6.0,1.0,1954.0,1.0,3.0,1.0,3.0,15000.0,3.0,1,2,2,2,2,1.0,3.8,16.28,2.0,2.0,4.0,2.0,4.0,4.0,4.0,2.0,4.0,4.0,4.0,3.0,2.0,2.0,3.0,2.0,2.0,3.0,4.0,2.0,4.0,3.0,2.0,2.0,4.0,2.0,4.0,2.0,4.0,4.0,2.0,2.0,2.0,3.0,4.0,3.0,2.0,2.0,4.0,3.0,2.0,2.0,4.0,4.0,3.0,3.0,2.0,3.0,2.0,2.0,3.0,3.0,3.0,4.0,1.0,7,1,2,4,2,4.0,2,1.0,1.0,3.0,1.0,6,130.0,1,38.0,5.0,18.0,6,56.0,0.000409116
53060177,1.0,1,104,31,5,11.2,3.09,44,2.0,0.0,2.0,1.0,2.0,0.0,1.0,1.0,1.0,1.0,1.0,0.0,1.0,2.0,5.0,38.0,3.0,2.0,1970.0,1.0,5.0,1.0,6.0,5000.0,3.0,1,2,2,2,2,1.0,5.6,4.43,3.0,3.0,2.0,2.0,3.0,4.0,3.0,3.0,3.0,3.0,3.0,4.0,4.0,3.0,2.0,6.0,3.0,1.0,4.0,2.0,3.0,5.0,5.0,4.0,3.0,6.0,1.0,3.0,5.0,3.0,1.0,2.0,2.0,2.0,3.0,3.0,4.0,2.0,2.0,5.0,2.0,4.0,3.0,4.0,5.0,1.0,1.0,5.0,2.0,3.0,2.0,4.0,3.0,3.0,1.0,7,1,2,4,2,5.0,2,3.0,2.0,2.0,4.0,6,31.0,1,68.0,5.0,52.0,6,40.0,0.000367986
53060213,1.0,2,55,24,10,7.6,1.46,20,3.0,0.0,2.0,1.0,2.0,0.0,2.0,3.0,1.0,1.0,3.0,0.0,1.0,1.0,5.0,11.0,4.0,2.0,1955.0,1.0,2.0,2.0,6.0,7000.0,2.0,2,2,2,2,2,1.0,7.6,2.09,1.0,2.0,3.0,3.0,3.0,4.0,4.0,3.0,3.0,2.0,4.0,5.0,5.0,1.0,3.0,6.0,5.0,3.0,5.0,4.0,3.0,5.0,3.0,5.0,1.0,3.0,4.0,4.0,3.0,4.0,1.0,6.0,6.0,4.0,2.0,4.0,3.0,6.0,6.0,5.0,1.0,4.0,4.0,2.0,2.0,3.0,4.0,4.0,2.0,2.0,3.0,2.0,4.0,4.0,1.0,7,1,2,4,2,5.0,2,2.0,2.0,2.0,3.0,6,14.5,1,21.0,4.0,20.0,6,55.0,0.001472131
53060305,1.0,0,15,10,0,3.8,0.44,6,1.0,0.0,0.0,0.0,1.0,0.0,1.0,1.0,1.0,1.0,1.0,0.0,2.0,2.0,3.0,3.0,2.0,2.0,1953.0,1.0,1.0,2.0,6.0,3250.0,3.0,1,1,2,1,2,3.0,2.2,0.63,3.0,4.0,3.0,6.0,3.0,4.0,4.0,3.0,5.0,3.0,4.0,4.0,4.0,2.0,3.0,3.0,4.0,3.0,4.0,3.0,3.0,2.0,3.0,2.0,4.0,4.0,4.0,2.0,4.0,4.0,3.0,4.0,2.0,2.0,4.0,2.0,3.0,1.0,2.0,5.0,4.0,2.0,4.0,3.0,3.0,3.0,3.0,4.0,2.0,2.0,2.0,4.0,4.0,2.0,1.0,7,1,2,4,2,5.0,1,4.0,2.0,2.0,1.0,6,4.0,0,5.0,4.0,5.0,6,57.0,0.000367986
53060380,7.0,3,121,16,20,11.2,3.62,52,2.0,0.0,1.0,0.0,2.0,0.0,1.0,1.0,1.0,1.0,1.0,0.0,1.0,1.0,5.0,36.0,4.0,2.0,1950.0,2.0,3.0,6.0,6.0,7384.0,3.0,1,2,2,2,1,1.0,5.6,5.19,2.0,4.0,3.0,2.0,4.0,5.0,6.0,6.0,6.0,6.0,6.0,6.0,4.0,3.0,3.0,6.0,4.0,3.0,6.0,6.0,6.0,3.0,6.0,3.0,5.0,5.0,5.0,3.0,6.0,4.0,6.0,6.0,5.0,1.0,5.0,6.0,6.0,1.0,1.0,5.0,6.0,3.0,3.0,5.0,6.0,6.0,3.0,6.0,6.0,3.0,6.0,3.0,3.0,6.0,3.0,7,1,2,4,2,3.0,2,3.0,2.0,2.0,3.0,6,34.0,0,85.0,4.0,160.0,6,60.0,0.000367986
53060380,7.0,2,80,24,8,11.2,2.78,40,2.0,0.0,1.0,0.0,2.0,0.0,1.0,1.0,1.0,1.0,1.0,0.0,1.0,1.0,5.0,36.0,4.0,2.0,1950.0,2.0,3.0,6.0,6.0,7384.0,3.0,1,2,2,2,1,1.0,5.6,3.98,2.0,4.0,3.0,2.0,4.0,5.0,6.0,6.0,6.0,6.0,6.0,6.0,4.0,3.0,3.0,6.0,4.0,3.0,6.0,6.0,6.0,3.0,6.0,3.0,5.0,5.0,5.0,3.0,6.0,4.0,6.0,6.0,5.0,1.0,5.0,6.0,6.0,1.0,1.0,5.0,6.0,3.0,3.0,5.0,6.0,6.0,3.0,6.0,6.0,3.0,6.0,3.0,3.0,6.0,3.0,7,1,2,4,2,3.0,2,3.0,2.0,2.0,3.0,6,28.0,0,48.0,4.0,65.0,6,60.0,0.000367986
53060385,1.0,0,38,16,0,7.6,1.22,14,1.0,0.0,1.0,1.0,1.0,0.0,1.0,1.0,1.0,2.0,1.0,0.0,1.0,1.0,6.0,3.0,4.0,2.0,1975.0,1.0,1.0,1.0,6.0,7384.0,3.0,2,2,2,2,2,1.0,7.6,1.75,2.0,6.0,3.0,2.0,3.0,3.0,4.0,1.0,3.0,4.0,3.0,5.0,5.0,4.0,6.0,6.0,4.0,2.0,5.0,4.0,5.0,5.0,6.0,6.0,6.0,6.0,6.0,3.0,6.0,2.0,2.0,6.0,6.0,1.0,1.0,2.0,2.0,1.0,1.0,5.0,2.0,4.0,4.0,3.0,2.0,4.0,2.0,5.0,2.0,3.0,3.0,2.0,3.0,5.0,1.0,7,1,2,4,2,5.0,2,3.0,1.0,3.0,4.0,6,11.0,1,22.0,5.0,12.0,6,35.0,0.00087004
53060385,1.0,9,447,71,44,111.3,22.35,217,1.0,0.0,1.0,1.0,1.0,0.0,1.0,1.0,1.0,2.0,1.0,0.0,1.0,1.0,6.0,3.0,4.0,2.0,1975.0,1.0,1.0,1.0,6.0,7384.0,3.0,2,2,2,2,2,1.0,111.3,32.03,2.0,6.0,3.0,2.0,3.0,3.0,4.0,1.0,3.0,4.0,3.0,5.0,5.0,4.0,6.0,6.0,4.0,2.0,5.0,4.0,5.0,5.0,6.0,6.0,6.0,6.0,6.0,3.0,6.0,2.0,2.0,6.0,6.0,1.0,1.0,2.0,2.0,1.0,1.0,5.0,2.0,4.0,4.0,3.0,2.0,4.0,2.0,5.0,2.0,3.0,3.0,2.0,3.0,5.0,2.0,7,1,2,4,2,5.0,4,3.0,1.0,3.0,4.0,6,239.4,1,332.0,5.0,204.0,6,35.0,0.00087004
53060419,1.0,1,49,17,15,3.8,0.61,7,3.0,0.0,2.0,0.0,5.0,0.0,3.0,2.0,1.0,1.0,2.0,0.0,1.0,1.0,5.0,24.0,4.0,1.0,1953.0,1.0,3.0,1.0,5.0,7000.0,3.0,1,2,2,2,2,1.0,2.2,0.87,2.0,4.0,3.0,3.0,2.0,4.0,5.0,1.0,2.0,3.0,2.0,4.0,5.0,2.0,1.0,1.0,4.0,2.0,5.0,4.0,3.0,4.0,4.0,2.0,6.0,6.0,4.0,1.0,2.0,1.0,1.0,2.0,2.0,1.0,2.0,3.0,3.0,1.0,1.0,5.0,1.0,4.0,4.0,4.0,2.0,2.0,1.0,5.0,2.0,1.0,3.0,2.0,5.0,5.0,1.0,7,1,2,4,2,5.0,1,1.0,1.0,1.0,1.0,6,5.5,1,17.0,4.0,10.0,6,57.0,0.000409116
53060420,3.0,3,200,20,14,33.0,11.9,116,3.0,0.0,2.0,0.0,5.0,0.0,3.0,2.0,1.0,1.0,2.0,0.0,1.0,2.0,5.0,17.0,4.0,2.0,1992.0,1.0,6.0,8.0,8.0,7000.0,2.0,2,2,1,2,2,2.0,0.0,17.05,2.0,4.0,3.0,3.0,2.0,5.0,5.0,4.0,4.0,4.0,2.0,3.0,3.0,1.0,3.0,6.0,2.0,6.0,6.0,1.0,5.0,2.0,5.0,2.0,5.0,5.0,3.0,4.0,5.0,4.0,2.0,4.0,3.0,2.0,2.0,1.0,3.0,1.0,2.0,5.0,1.0,4.0,3.0,4.0,3.0,3.0,2.0,4.0,2.0,1.0,2.0,3.0,4.0,4.0,2.0,7,1,2,4,2,5.0,2,4.0,2.0,2.0,4.0,6,128.0,0,166.0,5.0,146.0,6,18.0,0.002195453
53060657,1.0,3,128,18,24,11.2,4.67,59,4.0,2.0,1.0,0.0,4.0,0.0,2.0,1.0,1.0,1.0,4.0,0.0,2.0,2.0,5.0,1.0,3.0,2.0,1964.0,1.0,3.0,4.0,6.0,5000.0,3.0,1,2,2,2,2,1.0,5.6,6.69,1.0,3.0,3.0,3.0,2.0,5.0,4.0,1.0,6.0,4.0,3.0,4.0,4.0,1.0,5.0,1.0,1.0,1.0,5.0,4.0,5.0,1.0,4.0,3.0,5.0,5.0,3.0,1.0,5.0,5.0,1.0,1.0,4.0,1.0,5.0,4.0,2.0,1.0,1.0,6.0,1.0,4.0,2.0,3.0,6.0,1.0,1.0,4.0,3.0,3.0,2.0,3.0,3.0,1.0,1.0,7,1,2,4,2,2.0,2,1.0,3.0,3.0,3.0,6,49.0,0,86.0,4.0,56.0,6,46.0,0.000367986
53060658,1.0,2,111,33,14,11.2,3.31,47,4.0,2.0,1.0,0.0,4.0,0.0,2.0,1.0,1.0,1.0,4.0,0.0,2.0,2.0,5.0,1.0,3.0,1.0,1966.0,1.0,3.0,1.0,6.0,5000.0,3.0,1,2,2,1,2,1.0,5.6,4.74,1.0,2.0,2.0,2.0,3.0,5.0,5.0,2.0,3.0,5.0,2.0,2.0,5.0,2.0,4.0,2.0,4.0,1.0,5.0,3.0,4.0,5.0,4.0,3.0,4.0,4.0,2.0,4.0,3.0,3.0,1.0,5.0,5.0,4.0,4.0,1.0,3.0,1.0,2.0,5.0,3.0,2.0,2.0,4.0,2.0,2.0,1.0,5.0,3.0,2.0,3.0,4.0,1.0,5.0,1.0,7,1,2,4,2,5.0,2,4.0,2.0,2.0,4.0,6,32.0,0,64.0,4.0,66.0,6,44.0,0.000409116
53060715,1.0,1,39,24,0,5.6,1.44,19,3.0,1.0,1.0,1.0,3.0,0.0,2.0,0.0,1.0,2.0,2.0,0.0,1.0,1.0,4.5,2.0,5.0,1.0,1973.0,1.0,3.0,1.0,2.0,9000.0,6.0,1,1,2,2,2,1.0,2.8,2.06,4.0,4.0,2.0,3.0,3.0,4.0,2.0,3.0,2.0,5.0,5.0,1.0,4.0,2.0,5.0,2.0,4.0,3.0,3.0,2.0,5.0,3.0,2.0,4.0,3.0,1.0,3.0,4.0,5.0,4.0,3.0,3.0,4.0,1.0,5.0,4.0,4.0,1.0,4.0,5.0,3.0,2.0,4.0,4.0,2.0,1.0,2.0,4.0,3.0,2.0,3.0,3.0,4.0,4.0,1.0,7,1,2,4,2,5.0,1,3.0,2.0,2.0,3.0,6,15.0,0,15.0,3.0,45.0,6,37.0,0.000258025
53060716,3.0,3,73,22,0,19.2,4.12,49,3.0,1.0,1.0,1.0,3.0,0.0,2.0,0.0,1.0,2.0,2.0,0.0,1.0,1.0,4.5,2.0,5.0,2.0,1975.0,1.0,3.0,8.0,2.0,9000.0,7.0,2,2,1,2,2,2.0,0.0,5.9,4.0,4.0,2.0,2.0,4.0,4.0,4.0,4.0,2.0,4.0,2.0,5.0,4.0,1.0,4.0,2.0,2.0,2.0,1.0,1.0,5.0,2.0,4.0,2.0,4.0,4.0,4.0,4.0,5.0,5.0,4.0,3.0,4.0,2.0,4.0,4.0,4.0,1.0,4.0,5.0,2.0,2.0,4.0,4.0,2.0,2.0,4.0,4.0,2.0,2.0,5.0,2.0,4.0,4.0,1.0,7,1,2,4,2,5.0,1,2.0,2.0,3.0,1.0,6,41.0,0,51.0,1.0,90.0,6,35.0,0.000340556
53060716,9.0,8,588,13,83,155.0,11.49,107,3.0,1.0,1.0,1.0,3.0,0.0,2.0,0.0,1.0,2.0,2.0,0.0,1.0,1.0,4.5,2.0,5.0,2.0,1975.0,1.0,3.0,8.0,2.0,9000.0,7.0,2,2,1,2,2,2.0,0.0,16.47,4.0,4.0,2.0,2.0,4.0,4.0,4.0,4.0,2.0,4.0,2.0,5.0,4.0,1.0,4.0,2.0,2.0,2.0,1.0,1.0,5.0,2.0,4.0,2.0,4.0,4.0,4.0,4.0,5.0,5.0,4.0,3.0,4.0,2.0,4.0,4.0,4.0,1.0,4.0,5.0,2.0,2.0,4.0,4.0,2.0,2.0,4.0,4.0,2.0,2.0,5.0,2.0,4.0,4.0,3.0,7,1,2,4,2,5.0,1,2.0,2.0,3.0,1.0,6,120.0,0,492.0,1.0,90.0,6,35.0,0.000340556
53060722,1.0,2,74,28,0,19.2,3.68,43,4.0,2.0,2.0,0.0,3.0,2.0,1.0,1.0,1.0,1.0,2.0,1.0,1.0,1.0,4.5,2.0,4.0,2.0,1971.0,1.0,3.0,2.0,6.0,7000.0,3.0,1,2,2,2,2,1.0,9.6,5.27,3.0,4.0,2.0,2.0,4.0,5.0,4.0,3.0,3.0,5.0,4.0,2.0,2.0,2.0,4.0,4.0,4.0,4.0,2.0,2.0,5.0,3.0,2.0,3.0,4.0,4.0,2.0,2.0,5.0,4.0,2.0,4.0,4.0,2.0,3.0,4.0,4.0,1.0,2.0,5.0,2.0,4.0,4.0,3.0,3.0,4.0,3.0,2.0,2.0,2.0,2.0,4.0,2.0,4.0,1.0,7,1,2,4,2,5.0,1,4.0,2.0,2.0,3.0,6,37.0,0,46.0,5.0,70.0,6,39.0,0.00087004
54200016,4.0,1,68,24,7,9.8,1.87,23,2.0,0.0,1.0,0.0,4.0,0.0,3.0,1.0,1.0,1.0,2.0,1.0,2.0,2.0,2.5,4.0,6.0,2.0,1976.0,1.0,5.0,1.0,2.0,15000.0,7.0,1,2,2,1,2,2.0,4.9,2.68,3.0,5.0,3.0,3.0,5.0,5.0,5.0,5.0,4.0,5.0,3.0,2.0,5.0,1.0,4.0,6.0,4.0,1.0,5.0,2.0,4.0,4.0,4.0,2.0,4.0,5.0,3.0,1.0,5.0,5.0,1.0,3.0,2.0,2.0,4.0,3.0,3.0,1.0,2.0,4.0,4.0,2.0,3.0,4.0,4.0,3.0,1.0,5.0,1.0,1.0,2.0,4.0,4.0,4.0,3.0,4,2,2,4,4,4.0,3,3.0,2.0,2.0,3.0,6,20.1,1,37.0,5.0,45.0,6,34.0,0.000340556
54200016,10.0,7,168,26,29,25.8,7.8,74,2.0,0.0,1.0,0.0,4.0,0.0,3.0,1.0,1.0,1.0,2.0,1.0,2.0,2.0,2.5,4.0,6.0,2.0,1976.0,1.0,5.0,1.0,2.0,15000.0,7.0,1,2,2,1,2,2.0,12.9,11.18,3.0,5.0,3.0,3.0,5.0,5.0,5.0,5.0,4.0,5.0,3.0,2.0,5.0,1.0,4.0,6.0,4.0,1.0,5.0,2.0,4.0,4.0,4.0,2.0,4.0,5.0,3.0,1.0,5.0,5.0,1.0,3.0,2.0,2.0,4.0,3.0,3.0,1.0,2.0,4.0,4.0,2.0,3.0,4.0,4.0,3.0,1.0,5.0,1.0,1.0,2.0,4.0,4.0,4.0,3.0,4,2,2,4,4,4.0,2,3.0,2.0,2.0,3.0,6,74.0,1,113.0,5.0,60.0,6,34.0,0.000340556
54200057,1.0,0,62,40,0,7.6,1.52,22,5.0,3.0,1.0,1.0,5.0,3.0,4.0,1.0,1.0,1.0,5.0,0.0,1.0,1.0,5.5,6.0,6.0,1.0,1967.0,1.0,3.0,1.0,2.0,15000.0,6.0,2,2,2,1,2,1.0,0.0,2.18,3.0,4.0,2.0,2.0,3.0,5.0,3.0,2.0,4.0,1.0,4.0,2.0,3.0,1.0,5.0,1.0,1.0,2.0,5.0,3.0,5.0,1.0,2.0,4.0,5.0,5.0,1.0,1.0,5.0,4.0,1.0,2.0,4.0,2.0,4.0,4.0,2.0,2.0,4.0,1.0,2.0,3.0,4.0,3.0,4.0,6.0,6.0,5.0,1.0,2.0,2.0,4.0,5.0,4.0,1.0,4,2,2,4,4,2.0,2,4.0,1.0,1.0,3.0,6,13.5,0,22.0,4.0,85.0,6,43.0,0.000109132
54200058,9.0,4,169,52,23,34.8,6.49,62,5.0,3.0,1.0,1.0,5.0,2.0,4.0,1.0,1.0,1.0,5.0,0.0,1.0,1.0,5.5,8.0,6.0,2.0,1962.0,1.0,3.0,6.0,3.0,15000.0,6.0,2,2,2,2,2,1.0,34.8,9.3,2.0,3.0,3.0,4.0,4.0,4.0,3.0,2.0,4.0,5.0,2.0,2.0,5.0,2.0,4.0,4.0,5.0,1.0,5.0,4.0,4.0,4.0,5.0,3.0,4.0,4.0,2.0,4.0,5.0,3.0,2.0,1.0,4.0,2.0,5.0,4.0,3.0,1.0,2.0,4.0,2.0,4.0,4.0,4.0,6.0,3.0,4.0,5.0,3.0,2.0,4.0,2.0,4.0,2.0,3.0,4,2,2,4,4,5.0,2,4.0,2.0,2.0,3.0,6,66.0,1,94.0,3.0,65.0,6,48.0,9.82e-05
54200069,1.0,1,128,64,0,77.8,3.9,48,4.0,2.0,2.0,0.0,5.0,2.0,1.0,1.0,1.0,2.0,2.0,1.0,2.0,2.0,5.5,3.0,5.0,2.0,1969.0,1.0,3.0,6.0,1.0,9000.0,4.0,2,2,2,2,2,1.0,77.8,5.59,1.0,3.0,3.0,3.0,4.0,4.0,6.0,6.0,6.0,3.0,3.0,1.0,4.0,5.0,5.0,2.0,5.0,1.0,5.0,3.0,3.0,5.0,2.0,1.0,5.0,4.0,3.0,4.0,1.0,4.0,1.0,1.0,3.0,2.0,4.0,4.0,3.0,1.0,2.0,5.0,2.0,5.0,3.0,3.0,6.0,6.0,2.0,5.0,3.0,5.0,3.0,3.0,2.0,3.0,2.0,4,2,2,4,4,5.0,3,4.0,1.0,2.0,2.0,6,35.0,1,64.0,8.0,35.5,6,41.0,9.82e-05
54200070,1.0,7,322,55,30,84.4,17.66,142,4.0,2.0,2.0,0.0,4.0,2.0,2.0,1.0,1.0,2.0,2.0,1.0,2.0,2.0,5.5,3.0,6.0,1.0,1969.0,1.0,3.0,1.0,3.0,15000.0,4.0,1,2,2,2,2,1.0,42.2,25.31,1.0,2.0,4.0,2.0,5.0,5.0,5.0,2.0,3.0,5.0,3.0,2.0,5.0,4.0,4.0,3.0,4.0,3.0,5.0,3.0,5.0,5.0,4.0,5.0,2.0,2.0,3.0,4.0,5.0,4.0,2.0,1.0,1.0,3.0,4.0,4.0,3.0,1.0,2.0,4.0,3.0,3.0,4.0,4.0,4.0,2.0,2.0,4.0,2.0,2.0,3.0,3.0,3.0,4.0,2.0,4,2,2,4,4,5.0,3,3.0,2.0,2.0,1.0,6,206.0,1,237.0,3.0,255.0,6,41.0,0.000109132
54200085,1.0,0,31,20,0,3.8,0.74,11,2.0,0.0,2.0,0.0,4.0,0.0,2.0,1.0,1.0,1.0,5.0,1.0,2.0,2.0,3.0,1.0,4.0,1.0,1973.0,1.0,2.0,1.0,6.0,12100.0,8.0,1,2,2,2,2,1.0,2.2,1.06,4.0,4.0,2.0,2.0,4.0,5.0,4.0,2.0,4.0,5.0,4.0,2.0,4.0,2.0,4.0,6.0,2.0,1.0,5.0,2.0,4.0,3.0,6.0,2.0,4.0,4.0,2.0,2.0,5.0,3.0,2.0,4.0,4.0,3.0,4.0,2.0,2.0,1.0,3.0,4.0,2.0,2.0,4.0,4.0,2.0,4.0,3.0,4.0,2.0,3.0,3.0,3.0,4.0,4.0,1.0,4,2,2,4,4,2.0,1,3.0,2.0,1.0,3.0,6,6.0,1,11.0,3.0,15.0,6,37.0,0.000378621
54200161,1.0,6,269,99,46,43.4,9.56,86,2.0,0.0,1.0,0.0,3.0,0.0,2.0,0.0,1.0,1.0,3.0,1.0,1.0,1.0,6.0,20.0,6.0,2.0,1956.0,1.0,2.0,2.0,2.0,15000.0,7.0,1,2,2,2,2,1.0,21.7,13.7,5.0,5.0,1.0,2.0,5.0,5.0,5.0,2.0,5.0,3.0,5.0,5.0,1.0,2.0,5.0,2.0,4.0,1.0,5.0,3.0,4.0,1.0,1.0,4.0,5.0,5.0,2.0,2.0,5.0,5.0,1.0,2.0,1.0,3.0,2.0,2.0,4.0,2.0,4.0,5.0,5.0,2.0,5.0,4.0,4.0,1.0,1.0,5.0,2.0,1.0,4.0,4.0,4.0,5.0,1.0,4,2,2,4,4,4.0,3,1.0,3.0,3.0,1.0,6,102.0,1,124.0,5.0,189.0,6,54.0,0.000144039
54200162,9.0,0,53,36,0,7.6,1.33,18,3.0,0.0,1.0,0.0,3.0,0.0,3.0,0.0,1.0,1.0,4.0,1.0,1.0,1.0,6.0,20.0,6.0,1.0,1957.0,1.0,3.0,2.0,2.0,15000.0,7.0,1,2,2,2,2,2.0,3.8,1.91,5.0,5.0,1.0,1.0,4.0,5.0,3.0,1.0,2.0,5.0,5.0,1.0,1.0,1.0,1.0,1.0,1.0,1.0,5.0,1.0,5.0,3.0,4.0,1.0,5.0,2.0,1.0,1.0,5.0,4.0,2.0,1.0,1.0,2.0,4.0,1.0,2.0,1.0,1.0,5.0,2.0,2.0,3.0,3.0,4.0,1.0,1.0,5.0,1.0,2.0,1.0,3.0,2.0,2.0,3.0,4,2,2,4,4,5.0,2,4.0,1.0,2.0,3.0,6,10.0,2,17.0,3.0,35.0,6,53.0,0.000160139
54200167,1.0,1,71,36,4,7.6,1.55,23,2.0,0.0,0.0,0.0,3.0,0.0,2.0,0.0,1.0,1.0,2.0,0.0,1.0,1.0,5.0,0.0,6.0,1.0,1960.0,3.0,2.0,1.0,6.0,15000.0,7.0,2,2,1,2,2,1.0,0.0,2.22,4.0,4.0,3.0,4.0,3.0,4.0,4.0,1.0,4.0,5.0,3.0,2.0,4.0,1.0,5.0,6.0,4.0,1.0,4.0,2.0,5.0,5.0,4.0,4.0,4.0,2.0,2.0,4.0,5.0,4.0,1.0,1.0,1.0,1.0,4.0,2.0,2.0,1.0,2.0,4.0,2.0,1.0,4.0,3.0,2.0,1.0,1.0,5.0,2.0,2.0,2.0,2.0,3.0,4.0,1.0,4,2,2,4,4,3.0,2,3.0,2.0,3.0,4.0,6,12.5,0,31.0,4.0,80.0,6,50.0,0.000160139
54200168,1.0,6,172,62,2,29.2,7.44,88,2.0,0.0,0.0,0.0,3.0,0.0,2.0,0.0,1.0,1.0,2.0,0.0,1.0,1.0,5.0,0.0,6.0,2.0,1967.0,1.0,2.0,2.0,6.0,15000.0,8.0,2,2,1,2,2,1.0,0.0,10.66,4.0,5.0,1.0,2.0,4.0,5.0,3.0,2.0,3.0,5.0,4.0,2.0,4.0,2.0,4.0,6.0,2.0,1.0,2.0,1.0,5.0,3.0,4.0,3.0,5.0,5.0,2.0,2.0,5.0,4.0,2.0,2.0,3.0,2.0,5.0,2.0,3.0,1.0,2.0,5.0,3.0,4.0,5.0,4.0,2.0,1.0,2.0,5.0,3.0,1.0,3.0,2.0,2.0,3.0,2.0,4,2,2,4,4,3.0,3,3.0,2.0,3.0,3.0,6,65.0,0,108.0,3.0,165.0,6,43.0,0.000144039
54200183,1.0,2,81,8,17,7.6,2.03,30,1.0,0.0,1.0,0.0,1.0,0.0,1.0,2.0,1.0,2.0,1.0,0.0,2.0,1.0,4.0,13.0,3.0,2.0,1962.0,1.0,1.0,1.0,6.0,5000.0,3.0,2,2,2,1,2,1.0,0.0,2.91,1.0,4.0,2.0,3.0,3.0,3.0,2.0,3.0,3.0,4.0,3.0,5.0,4.0,3.0,3.0,6.0,3.0,2.0,4.0,2.0,3.0,3.0,3.0,2.0,4.0,4.0,4.0,2.0,4.0,5.0,2.0,4.0,4.0,2.0,3.0,4.0,3.0,1.0,1.0,4.0,4.0,1.0,4.0,3.0,2.0,2.0,2.0,3.0,2.0,2.0,2.0,2.0,4.0,4.0,1.0,4,2,2,4,4,5.0,2,3.0,3.0,3.0,3.0,6,16.0,0,56.0,3.0,87.0,6,48.0,0.000367986
54200227,4.0,0,48,17,0,7.6,3.99,39,3.0,0.0,1.0,0.0,3.0,0.0,3.0,2.0,1.0,1.0,3.0,0.0,1.0,1.0,5.0,28.0,6.0,2.0,1953.0,1.0,3.0,2.0,6.0,15000.0,3.0,2,2,1,2,2,2.0,0.0,5.72,4.0,4.0,2.0,2.0,4.0,4.0,4.0,2.0,2.0,5.0,4.0,2.0,3.0,3.0,4.0,2.0,4.0,1.0,2.0,4.0,4.0,3.0,2.0,4.0,4.0,4.0,2.0,3.0,4.0,4.0,2.0,4.0,4.0,2.0,4.0,2.0,4.0,2.0,3.0,4.0,3.0,3.0,4.0,3.0,2.0,2.0,2.0,5.0,2.0,3.0,3.0,4.0,3.0,4.0,3.0,4,2,2,4,4,3.0,2,1.0,2.0,3.0,3.0,6,42.0,0,31.0,4.0,34.0,6,57.0,0.000367986
54200227,4.0,0,33,12,0,6.0,1.42,21,3.0,0.0,1.0,0.0,3.0,0.0,3.0,2.0,1.0,1.0,3.0,0.0,1.0,1.0,5.0,28.0,6.0,2.0,1953.0,1.0,3.0,2.0,6.0,15000.0,3.0,2,2,1,2,2,2.0,0.0,2.03,4.0,4.0,2.0,2.0,4.0,4.0,4.0,2.0,2.0,5.0,4.0,2.0,3.0,3.0,4.0,2.0,4.0,1.0,2.0,4.0,4.0,3.0,2.0,4.0,4.0,4.0,2.0,3.0,4.0,4.0,2.0,4.0,4.0,2.0,4.0,2.0,4.0,2.0,3.0,4.0,3.0,3.0,4.0,3.0,2.0,2.0,2.0,5.0,2.0,3.0,3.0,4.0,3.0,4.0,3.0,4,2,2,4,4,3.0,2,1.0,2.0,3.0,3.0,6,11.5,0,21.0,4.0,34.0,6,57.0,0.000367986
54200233,1.0,1,64,25,2,7.6,1.46,21,2.0,0.0,1.0,0.0,2.0,0.0,1.0,1.0,1.0,1.0,2.0,0.0,1.0,1.0,6.0,30.0,5.0,1.0,1948.0,1.0,2.0,1.0,3.0,9000.0,6.0,1,1,2,2,2,1.0,3.8,2.09,1.0,4.0,3.0,5.0,1.0,2.0,5.0,2.0,3.0,5.0,6.0,5.0,5.0,1.0,3.0,3.0,3.0,2.0,5.0,3.0,3.0,3.0,5.0,3.0,4.0,5.0,3.0,2.0,4.0,5.0,3.0,4.0,3.0,2.0,5.0,3.0,4.0,2.0,3.0,4.0,2.0,3.0,4.0,4.0,3.0,3.0,2.0,5.0,2.0,2.0,2.0,3.0,4.0,4.0,1.0,4,2,2,4,4,5.0,2,3.0,2.0,2.0,3.0,6,13.0,0,37.0,5.0,44.0,6,62.0,0.000109132
54200301,7.0,7,169,50,9,30.2,6.38,73,4.0,2.0,2.0,0.0,3.0,2.0,2.0,2.0,1.0,1.0,3.0,1.0,2.0,1.0,4.0,13.0,5.0,1.0,1965.0,1.0,3.0,1.0,3.0,9000.0,4.0,2,2,2,2,2,1.0,30.2,9.14,2.0,1.0,2.0,3.0,2.0,3.0,2.0,2.0,3.0,5.0,4.0,2.0,5.0,1.0,3.0,2.0,5.0,3.0,2.0,2.0,3.0,3.0,4.0,6.0,1.0,1.0,2.0,4.0,4.0,1.0,2.0,1.0,2.0,2.0,4.0,2.0,2.0,1.0,3.0,6.0,1.0,2.0,2.0,2.0,6.0,3.0,3.0,2.0,2.0,1.0,4.0,2.0,4.0,4.0,3.0,4,2,2,4,4,1.0,3,3.0,2.0,2.0,4.0,6,60.0,1,110.0,4.0,80.0,6,45.0,0.000109132
54200302,7.0,7,169,50,9,30.2,6.38,73,4.0,2.0,2.0,0.0,3.0,2.0,1.0,2.0,1.0,1.0,2.0,0.0,2.0,1.0,5.0,13.0,5.0,2.0,1972.0,1.0,3.0,6.0,8.0,9000.0,6.0,2,2,2,2,2,1.0,30.2,9.14,2.0,4.0,6.0,2.0,3.0,5.0,6.0,6.0,5.0,4.0,3.0,6.0,5.0,1.0,5.0,1.0,1.0,1.0,5.0,5.0,1.0,1.0,1.0,1.0,5.0,2.0,4.0,5.0,1.0,2.0,1.0,1.0,4.0,2.0,4.0,5.0,1.0,1.0,1.0,5.0,1.0,3.0,5.0,6.0,6.0,6.0,6.0,5.0,6.0,1.0,4.0,1.0,5.0,5.0,3.0,4,2,2,4,4,5.0,3,4.0,1.0,2.0,3.0,6,60.0,1,110.0,2.0,80.0,6,38.0,0.000232084
54200327,1.0,0,22,15,0,3.8,0.71,11,1.0,0.0,1.0,1.0,1.0,0.0,2.0,2.0,1.0,1.0,1.0,0.0,2.0,2.0,3.0,6.0,3.0,2.0,1958.0,1.0,1.0,2.0,6.0,5000.0,3.0,2,2,2,2,2,1.0,3.8,1.02,1.0,3.0,2.0,1.0,4.0,5.0,5.0,3.0,4.0,4.0,4.0,4.0,4.0,3.0,3.0,6.0,4.0,2.0,5.0,4.0,4.0,2.0,4.0,4.0,3.0,2.0,4.0,4.0,4.0,2.0,3.0,6.0,2.0,2.0,5.0,4.0,4.0,2.0,3.0,5.0,3.0,3.0,4.0,4.0,3.0,3.0,3.0,4.0,2.0,3.0,3.0,4.0,3.0,4.0,1.0,4,2,2,4,4,5.0,1,1.0,2.0,2.0,3.0,6,5.5,1,7.0,3.0,15.0,6,52.0,0.000367986
54200327,4.0,0,12,10,0,2.2,0.18,2,1.0,0.0,1.0,1.0,1.0,0.0,2.0,2.0,1.0,1.0,1.0,0.0,2.0,2.0,3.0,6.0,3.0,2.0,1958.0,1.0,1.0,2.0,6.0,5000.0,3.0,2,2,2,2,2,1.0,2.2,0.26,1.0,3.0,2.0,1.0,4.0,5.0,5.0,3.0,4.0,4.0,4.0,4.0,4.0,3.0,3.0,6.0,4.0,2.0,5.0,4.0,4.0,2.0,4.0,4.0,3.0,2.0,4.0,4.0,4.0,2.0,3.0,6.0,2.0,2.0,5.0,4.0,4.0,2.0,3.0,5.0,3.0,3.0,4.0,4.0,3.0,3.0,3.0,4.0,2.0,3.0,3.0,4.0,3.0,4.0,3.0,4,2,2,4,4,5.0,1,1.0,2.0,2.0,3.0,6,1.0,1,2.0,3.0,5.0,6,52.0,0.000367986
54200335,1.0,4,170,64,10,35.6,8.1,79,2.0,0.0,1.0,0.0,8.0,0.0,2.0,0.0,1.0,1.0,2.0,0.0,1.0,1.0,6.5,1.0,6.0,2.0,1970.0,1.0,5.0,1.0,2.0,15000.0,6.0,2,2,1,2,2,1.0,0.0,11.61,5.0,3.0,1.0,1.0,3.0,5.0,3.0,4.0,4.0,6.0,5.0,4.0,4.0,4.0,4.0,6.0,3.0,1.0,2.0,1.0,5.0,3.0,2.0,2.0,5.0,5.0,3.0,2.0,5.0,5.0,1.0,5.0,5.0,3.0,5.0,4.0,3.0,2.0,4.0,4.0,4.0,2.0,4.0,4.0,4.0,2.0,1.0,5.0,1.0,2.0,3.0,3.0,4.0,4.0,1.0,4,2,2,4,4,5.0,2,2.0,2.0,4.0,4.0,6,77.0,0,96.0,3.0,148.0,6,40.0,9.82e-05
54200336,4.0,0,54,33,0,10.4,1.54,23,2.0,0.0,1.0,0.0,8.0,0.0,2.0,0.0,1.0,1.0,2.0,0.0,1.0,1.0,6.5,3.0,6.0,2.0,1970.0,1.0,7.0,1.0,2.0,15000.0,6.0,2,2,1,2,2,1.0,0.0,2.21,5.0,3.0,1.0,1.0,3.0,5.0,3.0,4.0,4.0,6.0,5.0,4.0,4.0,4.0,4.0,6.0,3.0,1.0,2.0,1.0,5.0,3.0,2.0,2.0,5.0,5.0,3.0,2.0,5.0,5.0,1.0,5.0,5.0,3.0,5.0,4.0,3.0,2.0,4.0,4.0,4.0,2.0,4.0,4.0,4.0,2.0,1.0,5.0,1.0,2.0,3.0,3.0,4.0,4.0,3.0,4,2,2,4,4,5.0,3,2.0,2.0,4.0,4.0,6,11.8,0,21.0,3.0,296.0,6,40.0,9.82e-05
54200341,4.0,0,39,21,0,7.6,1.45,21,2.0,0.0,1.0,0.0,2.0,0.0,2.0,1.0,1.0,1.0,2.0,0.0,1.0,1.0,5.0,11.0,4.0,1.0,1962.0,1.0,3.0,1.0,6.0,7000.0,3.0,2,2,2,2,2,1.0,7.6,2.08,2.0,4.0,4.0,4.0,4.0,5.0,6.0,6.0,4.0,5.0,5.0,6.0,3.0,3.0,5.0,6.0,5.0,2.0,4.0,2.0,4.0,3.0,3.0,3.0,4.0,4.0,4.0,3.0,5.0,5.0,2.0,3.0,4.0,4.0,5.0,4.0,3.0,2.0,2.0,4.0,3.0,3.0,4.0,3.0,6.0,4.0,3.0,4.0,6.0,4.0,4.0,4.0,4.0,3.0,3.0,4,2,2,4,4,2.0,2,3.0,1.0,2.0,3.0,6,11.5,0,18.0,4.0,31.0,6,48.0,0.001472131
54200341,9.0,2,82,34,3,11.2,2.56,36,2.0,0.0,1.0,0.0,2.0,0.0,2.0,1.0,1.0,1.0,2.0,0.0,1.0,1.0,5.0,11.0,4.0,1.0,1962.0,1.0,3.0,1.0,6.0,7000.0,3.0,2,2,2,2,2,1.0,11.2,3.67,2.0,4.0,4.0,4.0,4.0,5.0,6.0,6.0,4.0,5.0,5.0,6.0,3.0,3.0,5.0,6.0,5.0,2.0,4.0,2.0,4.0,3.0,3.0,3.0,4.0,4.0,4.0,3.0,5.0,5.0,2.0,3.0,4.0,4.0,5.0,4.0,3.0,2.0,2.0,4.0,3.0,3.0,4.0,3.0,6.0,4.0,3.0,4.0,6.0,4.0,4.0,4.0,4.0,3.0,3.0,4,2,2,4,4,2.0,2,3.0,1.0,2.0,3.0,6,28.0,1,45.0,4.0,60.0,6,48.0,0.000232084
54200342,3.0,0,52,31,0,7.6,1.61,24,2.0,0.0,1.0,0.0,3.0,0.0,2.0,1.0,1.0,1.0,2.0,0.0,1.0,1.0,7.0,32.0,6.0,2.0,1943.0,1.0,2.0,6.0,6.0,15000.0,6.0,2,2,1,2,2,1.0,0.0,2.31,2.0,4.0,4.0,3.0,4.0,4.0,6.0,6.0,4.0,5.0,4.0,6.0,4.0,3.0,4.0,6.0,4.0,2.0,4.0,2.0,4.0,3.0,4.0,4.0,4.0,4.0,2.0,4.0,4.0,4.0,2.0,2.0,3.0,2.0,4.0,4.0,3.0,2.0,4.0,3.0,3.0,2.0,4.0,3.0,6.0,4.0,3.0,4.0,6.0,2.0,4.0,2.0,4.0,4.0,1.0,4,2,2,4,4,2.0,2,2.0,2.0,3.0,3.0,6,12.5,0,21.0,4.0,34.0,6,67.0,7.71e-05
54200342,9.0,2,82,34,3,11.2,2.56,36,2.0,0.0,1.0,0.0,3.0,0.0,2.0,1.0,1.0,1.0,2.0,0.0,1.0,1.0,7.0,32.0,6.0,2.0,1943.0,1.0,2.0,6.0,6.0,15000.0,6.0,2,2,1,2,2,1.0,0.0,3.67,2.0,4.0,4.0,3.0,4.0,4.0,6.0,6.0,4.0,5.0,4.0,6.0,4.0,3.0,4.0,6.0,4.0,2.0,4.0,2.0,4.0,3.0,4.0,4.0,4.0,4.0,2.0,4.0,4.0,4.0,2.0,2.0,3.0,2.0,4.0,4.0,3.0,2.0,4.0,3.0,3.0,2.0,4.0,3.0,6.0,4.0,3.0,4.0,6.0,2.0,4.0,2.0,4.0,4.0,3.0,4,2,2,4,4,2.0,2,2.0,2.0,3.0,3.0,6,28.0,1,45.0,4.0,60.0,6,67.0,7.71e-05
54200407,1.0,2,89,25,10,7.6,2.24,34,2.0,0.0,2.0,0.0,2.0,0.0,2.0,1.0,1.0,1.0,2.0,1.0,1.0,1.0,6.0,30.0,6.0,2.0,1952.0,1.0,2.0,2.0,6.0,15000.0,5.0,1,2,2,2,2,1.0,3.8,3.21,3.0,4.0,2.0,2.0,4.0,4.0,4.0,2.0,3.0,5.0,4.0,4.0,4.0,2.0,4.0,6.0,2.0,1.0,5.0,4.0,5.0,4.0,4.0,1.0,5.0,4.0,2.0,5.0,5.0,5.0,1.0,3.0,4.0,4.0,5.0,5.0,4.0,3.0,3.0,5.0,3.0,3.0,5.0,4.0,3.0,3.0,1.0,5.0,3.0,4.0,4.0,3.0,4.0,5.0,1.0,4,2,2,4,4,5.0,2,3.0,2.0,2.0,4.0,6,16.0,1,54.0,2.0,40.0,6,58.0,9.82e-05
54200408,11.0,0,10,10,0,0.0,0.22,0,2.0,0.0,2.0,0.0,2.0,0.0,2.0,1.0,1.0,1.0,2.0,1.0,1.0,1.0,6.0,30.0,6.0,1.0,1953.0,1.0,2.0,1.0,6.0,15000.0,6.0,1,2,2,2,2,1.0,2.2,0.32,2.0,3.0,2.0,4.0,4.0,4.0,3.0,3.0,2.0,1.0,3.0,4.0,4.0,4.0,4.0,2.0,2.0,1.0,3.0,2.0,4.0,3.0,3.0,2.0,2.0,3.0,2.0,1.0,5.0,5.0,1.0,1.0,1.0,4.0,3.0,4.0,3.0,1.0,3.0,4.0,2.0,2.0,4.0,4.0,3.0,1.0,1.0,5.0,3.0,3.0,3.0,3.0,4.0,3.0,3.0,4,2,2,4,4,3.0,2,3.0,3.0,2.0,1.0,6,0.7,2,0.0,5.0,10.0,6,57.0,0.000109132
54200477,1.0,2,66,22,14,7.6,1.81,26,4.0,2.0,1.0,1.0,4.0,1.0,2.0,3.0,1.0,1.0,4.0,0.0,1.0,1.0,5.0,11.0,4.0,2.0,1948.0,1.0,3.0,6.0,6.0,7000.0,3.0,2,2,2,2,2,2.0,7.6,2.59,2.0,2.0,6.0,2.0,4.0,5.0,4.0,2.0,2.0,4.0,4.0,6.0,4.0,6.0,6.0,2.0,4.0,2.0,4.0,2.0,3.0,4.0,6.0,3.0,3.0,6.0,3.0,3.0,4.0,6.0,6.0,6.0,4.0,3.0,3.0,3.0,2.0,1.0,3.0,4.0,1.0,4.0,3.0,3.0,3.0,6.0,1.0,4.0,2.0,6.0,3.0,2.0,4.0,4.0,1.0,4,2,2,4,4,4.0,2,3.0,4.0,2.0,3.0,6,14.0,1,30.0,4.0,35.0,6,62.0,0.000367986
54200477,1.0,1,82,57,2,7.6,1.47,21,4.0,2.0,1.0,1.0,4.0,1.0,2.0,3.0,1.0,1.0,4.0,0.0,1.0,1.0,5.0,11.0,4.0,2.0,1948.0,1.0,3.0,6.0,6.0,7000.0,3.0,2,2,2,2,2,2.0,7.6,2.11,2.0,2.0,6.0,2.0,4.0,5.0,4.0,2.0,2.0,4.0,4.0,6.0,4.0,6.0,6.0,2.0,4.0,2.0,4.0,2.0,3.0,4.0,6.0,3.0,3.0,6.0,3.0,3.0,4.0,6.0,6.0,6.0,4.0,3.0,3.0,3.0,2.0,1.0,3.0,4.0,1.0,4.0,3.0,3.0,3.0,6.0,1.0,4.0,2.0,6.0,3.0,2.0,4.0,4.0,1.0,4,2,2,4,4,4.0,2,3.0,4.0,2.0,3.0,6,12.0,1,23.0,4.0,30.0,6,62.0,0.000367986
54200478,1.0,0,29,18,0,3.8,0.71,10,4.0,2.0,1.0,1.0,4.0,2.0,2.0,3.0,1.0,1.0,4.0,0.0,1.0,1.0,5.0,12.0,4.0,1.0,1971.0,1.0,3.0,1.0,6.0,7000.0,2.0,1,2,2,2,2,1.0,2.2,1.02,1.0,2.0,2.0,2.0,2.0,5.0,2.0,2.0,2.0,3.0,4.0,2.0,4.0,1.0,3.0,2.0,3.0,1.0,4.0,2.0,1.0,4.0,3.0,2.0,1.0,3.0,4.0,4.0,5.0,1.0,4.0,1.0,1.0,3.0,2.0,2.0,2.0,2.0,2.0,4.0,2.0,3.0,4.0,3.0,2.0,2.0,4.0,1.0,2.0,2.0,4.0,4.0,4.0,2.0,1.0,4,2,2,4,4,4.0,1,4.0,1.0,1.0,2.0,6,5.5,1,11.0,4.0,8.0,6,39.0,0.003869639
54200489,4.0,0,44,36,0,7.8,0.55,4,4.0,2.0,1.0,1.0,4.0,2.0,1.0,1.0,1.0,1.0,2.0,1.0,1.0,1.0,5.0,11.0,3.0,2.0,1969.0,3.0,3.0,6.0,6.0,5000.0,3.0,2,2,2,2,2,2.0,7.8,0.79,2.0,2.0,3.0,2.0,3.0,4.0,6.0,6.0,6.0,4.0,3.0,3.0,4.0,2.0,4.0,2.0,3.0,2.0,4.0,2.0,3.0,4.0,2.0,2.0,3.0,2.0,3.0,2.0,4.0,3.0,2.0,2.0,2.0,3.0,2.0,4.0,3.0,3.0,3.0,3.0,2.0,4.0,3.0,4.0,6.0,3.0,3.0,4.0,4.0,2.0,2.0,3.0,2.0,4.0,3.0,4,2,2,4,4,5.0,3,3.0,3.0,1.0,4.0,6,3.3,1,8.0,4.0,15.0,6,41.0,0.000367986
54200489,4.0,2,111,41,26,11.2,2.08,28,4.0,2.0,1.0,1.0,4.0,2.0,1.0,1.0,1.0,1.0,2.0,1.0,1.0,1.0,5.0,11.0,3.0,2.0,1969.0,3.0,3.0,6.0,6.0,5000.0,3.0,2,2,2,2,2,2.0,11.2,2.98,2.0,2.0,3.0,2.0,3.0,4.0,6.0,6.0,6.0,4.0,3.0,3.0,4.0,2.0,4.0,2.0,3.0,2.0,4.0,2.0,3.0,4.0,2.0,2.0,3.0,2.0,3.0,2.0,4.0,3.0,2.0,2.0,2.0,3.0,2.0,4.0,3.0,3.0,3.0,3.0,2.0,4.0,3.0,4.0,6.0,3.0,3.0,4.0,4.0,2.0,2.0,3.0,2.0,4.0,3.0,4,2,2,4,4,5.0,2,3.0,3.0,1.0,4.0,6,21.0,1,44.0,4.0,30.0,6,41.0,0.000367986
54200490,9.0,2,150,65,18,7.6,2.92,41,4.0,2.0,1.0,1.0,4.0,2.0,1.0,2.0,1.0,1.0,2.0,0.0,1.0,1.0,5.0,11.0,4.0,1.0,1969.0,1.0,3.0,3.0,6.0,7000.0,4.0,2,2,2,2,2,1.0,7.6,4.18,1.0,1.0,3.0,3.0,3.0,4.0,4.0,4.0,3.0,4.0,3.0,4.0,4.0,3.0,4.0,3.0,3.0,3.0,4.0,3.0,3.0,4.0,4.0,3.0,2.0,2.0,3.0,3.0,1.0,4.0,3.0,4.0,3.0,3.0,4.0,4.0,3.0,2.0,2.0,4.0,3.0,4.0,4.0,4.0,4.0,3.0,2.0,3.0,2.0,3.0,3.0,3.0,4.0,4.0,3.0,4,2,2,4,4,5.0,2,4.0,1.0,2.0,1.0,6,29.0,1,67.0,4.0,50.0,6,41.0,0.000109132
54200542,4.0,1,42,10,9,3.8,0.59,8,2.0,0.0,1.0,0.0,2.0,0.0,1.0,1.0,1.0,1.0,1.0,1.0,1.0,1.0,5.0,40.0,4.0,1.0,1930.0,1.0,2.0,9.0,6.0,7384.0,3.0,2,2,2,2,2,1.0,3.8,0.85,3.0,2.0,3.0,3.0,3.0,3.0,4.0,3.0,3.0,3.0,3.0,3.0,3.0,3.0,3.0,3.0,3.0,4.0,4.0,4.0,3.0,2.0,3.0,3.0,3.0,3.0,3.0,3.0,3.0,3.0,3.0,3.0,3.0,3.0,3.0,3.0,3.0,3.0,3.0,4.0,3.0,3.0,4.0,4.0,3.0,3.0,3.0,3.0,3.0,4.0,4.0,3.0,3.0,4.0,3.0,4,2,2,4,4,3.0,1,1.0,2.0,1.0,3.0,6,5.5,1,23.0,4.0,15.0,6,80.0,0.000758481
54200563,8.0,1,107,47,7,12.6,2.41,33,2.0,0.0,1.0,0.0,1.0,0.0,1.0,1.0,1.0,1.0,2.0,0.0,1.0,1.0,5.5,48.0,4.0,1.0,1937.0,1.0,2.0,9.0,3.0,7000.0,3.0,2,2,2,2,2,1.0,12.6,3.45,2.0,4.0,3.0,3.0,4.0,5.0,4.0,3.0,3.0,4.0,3.0,4.0,4.0,3.0,4.0,3.0,5.0,2.0,4.0,5.0,4.0,4.0,4.0,4.0,3.0,3.0,4.0,2.0,3.0,3.0,2.0,2.0,3.0,3.0,4.0,4.0,3.0,2.0,4.0,4.0,2.0,2.0,3.0,3.0,3.0,4.0,2.0,4.0,3.0,2.0,3.0,4.0,4.0,4.0,3.0,4,2,2,4,4,5.0,4,1.0,2.0,2.0,4.0,6,18.0,1,53.0,4.0,55.0,6,73.0,0.0003213
54200612,7.0,1,42,21,1,3.8,0.84,12,2.0,0.0,1.0,0.0,3.0,0.0,1.0,2.0,1.0,1.0,1.0,0.0,1.0,1.0,4.0,27.0,3.0,1.0,1939.0,1.0,2.0,9.0,3.0,5000.0,3.0,1,2,2,2,2,1.0,2.2,1.2,4.0,4.0,1.0,2.0,4.0,5.0,6.0,3.0,4.0,4.0,5.0,4.0,4.0,2.0,2.0,2.0,3.0,2.0,4.0,4.0,4.0,2.0,3.0,3.0,4.0,2.0,3.0,2.0,4.0,4.0,2.0,2.0,4.0,4.0,4.0,4.0,3.0,3.0,3.0,4.0,2.0,1.0,4.0,4.0,6.0,3.0,3.0,4.0,4.0,4.0,4.0,4.0,4.0,4.0,3.0,4,2,2,4,4,1.0,1,1.0,1.0,2.0,3.0,6,6.5,1,20.0,4.0,15.0,6,71.0,0.0003213
54200622,1.0,0,46,22,0,7.6,1.66,24,2.0,0.0,1.0,0.0,4.0,0.0,2.0,1.0,1.0,1.0,2.0,0.0,2.0,1.0,3.0,31.0,5.0,2.0,1947.0,2.0,2.0,2.0,3.0,9000.0,3.0,1,1,2,2,2,2.0,3.8,2.38,4.0,4.0,3.0,2.0,3.0,4.0,4.0,4.0,5.0,6.0,4.0,5.0,5.0,3.0,5.0,6.0,4.0,2.0,4.0,2.0,5.0,3.0,5.0,4.0,4.0,4.0,4.0,5.0,5.0,5.0,6.0,4.0,2.0,2.0,5.0,5.0,4.0,1.0,1.0,5.0,4.0,2.0,4.0,3.0,3.0,6.0,4.0,3.0,3.0,6.0,4.0,3.0,2.0,4.0,1.0,4,2,2,4,4,5.0,3,2.0,2.0,2.0,1.0,6,12.3,0,24.0,4.0,28.0,6,63.0,0.000367986
54200661,9.0,6,155,31,41,28.0,4.6,53,3.0,1.0,2.0,1.0,2.0,0.0,1.0,2.0,1.0,1.0,2.0,0.0,2.0,2.0,4.5,6.0,3.0,2.0,1976.0,1.0,3.0,2.0,6.0,5000.0,4.0,1,2,2,2,2,1.0,14.0,6.59,1.0,3.0,2.0,2.0,2.0,4.0,4.0,2.0,3.0,4.0,4.0,4.0,4.0,3.0,5.0,5.0,5.0,1.0,5.0,4.0,4.0,5.0,3.0,1.0,5.0,5.0,2.0,1.0,5.0,5.0,4.0,4.0,3.0,2.0,4.0,4.0,5.0,1.0,1.0,5.0,1.0,4.0,2.0,3.0,4.0,3.0,1.0,5.0,3.0,2.0,3.0,4.0,4.0,4.0,3.0,4,2,2,4,4,5.0,2,3.0,2.0,3.0,3.0,6,52.0,1,83.0,3.0,60.0,6,34.0,0.000232084
54200661,10.0,0,53,47,0,5.6,0.64,8,3.0,1.0,2.0,1.0,2.0,0.0,1.0,2.0,1.0,1.0,2.0,0.0,2.0,2.0,4.5,6.0,3.0,2.0,1976.0,1.0,3.0,2.0,6.0,5000.0,4.0,1,2,2,2,2,1.0,2.8,0.92,1.0,3.0,2.0,2.0,2.0,4.0,4.0,2.0,3.0,4.0,4.0,4.0,4.0,3.0,5.0,5.0,5.0,1.0,5.0,4.0,4.0,5.0,3.0,1.0,5.0,5.0,2.0,1.0,5.0,5.0,4.0,4.0,3.0,2.0,4.0,4.0,5.0,1.0,1.0,5.0,1.0,4.0,2.0,3.0,4.0,3.0,1.0,5.0,3.0,2.0,3.0,4.0,4.0,4.0,3.0,4,2,2,4,4,5.0,2,3.0,2.0,3.0,3.0,6,6.0,1,6.0,3.0,9.0,6,34.0,0.000232084
54200662,1.0,5,137,42,8,23.2,6.48,76,3.0,1.0,2.0,1.0,2.0,0.0,1.0,2.0,1.0,1.0,3.0,0.0,2.0,2.0,4.5,6.0,3.0,1.0,1972.0,1.0,3.0,1.0,6.0,5000.0,3.0,2,1,2,2,2,1.0,0.0,9.29,1.0,4.0,2.0,2.0,4.0,2.0,5.0,4.0,3.0,4.0,2.0,2.0,4.0,2.0,5.0,2.0,4.0,3.0,5.0,4.0,1.0,4.0,4.0,3.0,4.0,2.0,4.0,4.0,5.0,2.0,3.0,5.0,1.0,2.0,4.0,2.0,4.0,2.0,2.0,5.0,2.0,4.0,4.0,4.0,2.0,2.0,4.0,2.0,2.0,5.0,1.0,5.0,2.0,4.0,1.0,4,2,2,4,4,5.0,2,3.0,2.0,1.0,1.0,6,67.0,1,87.0,4.0,85.0,6,38.0,0.000967286
54200675,1.0,3,127,45,7,27.4,5.62,62,3.0,1.0,1.0,0.0,4.0,2.0,2.0,1.0,1.0,1.0,3.0,2.0,2.0,1.0,4.0,7.0,6.0,1.0,1969.0,1.0,3.0,1.0,3.0,15000.0,6.0,1,2,2,1,2,1.0,13.7,8.05,2.0,3.0,3.0,3.0,4.0,5.0,3.0,6.0,4.0,5.0,3.0,3.0,4.0,2.0,4.0,2.0,3.0,2.0,3.0,2.0,4.0,3.0,3.0,2.0,5.0,4.0,3.0,1.0,5.0,3.0,1.0,5.0,5.0,3.0,4.0,3.0,6.0,6.0,6.0,6.0,3.0,4.0,4.0,4.0,3.0,4.0,1.0,5.0,3.0,3.0,3.0,4.0,5.0,4.0,1.0,4,2,2,4,4,5.0,2,4.0,1.0,2.0,4.0,6,54.0,0,75.0,5.0,105.0,6,41.0,0.000109132
54200685,1.0,0,43,22,0,7.6,1.38,20,1.0,0.0,1.0,1.0,2.0,0.0,1.0,2.0,1.0,2.0,1.0,0.0,2.0,2.0,3.5,2.0,4.0,1.0,1971.0,1.0,1.0,1.0,2.0,7000.0,6.0,2,2,2,2,2,1.0,7.6,1.98,1.0,1.0,3.0,3.0,1.0,4.0,4.0,3.0,2.0,4.0,2.0,2.0,5.0,4.0,3.0,3.0,4.0,2.0,4.0,4.0,4.0,4.0,6.0,2.0,3.0,1.0,3.0,4.0,4.0,1.0,2.0,1.0,1.0,2.0,2.0,4.0,2.0,1.0,3.0,4.0,2.0,3.0,2.0,3.0,4.0,3.0,2.0,4.0,1.0,3.0,2.0,3.0,4.0,4.0,1.0,4,2,2,4,4,4.0,2,3.0,2.0,2.0,1.0,6,11.0,1,21.0,5.0,35.0,6,39.0,0.000258025
54200749,1.0,5,206,46,13,61.0,13.74,111,1.0,0.0,1.0,0.0,1.0,0.0,1.0,1.0,1.0,1.0,1.0,0.0,2.0,2.0,4.0,3.0,5.0,2.0,1967.0,1.0,1.0,1.0,3.0,9000.0,3.0,1,2,2,2,2,1.0,30.5,19.69,4.0,5.0,4.0,2.0,5.0,5.0,6.0,6.0,4.0,4.0,5.0,2.0,4.0,3.0,3.0,6.0,5.0,2.0,5.0,3.0,4.0,3.0,6.0,2.0,5.0,4.0,4.0,1.0,5.0,5.0,1.0,4.0,4.0,1.0,5.0,3.0,3.0,1.0,3.0,5.0,3.0,2.0,5.0,3.0,6.0,6.0,2.0,4.0,2.0,2.0,2.0,5.0,5.0,4.0,1.0,4,2,2,4,4,5.0,3,3.0,2.0,2.0,3.0,6,144.5,1,147.0,4.0,115.0,6,43.0,0.000367986
54200781,1.0,4,133,41,21,26.6,5.75,68,2.0,0.0,1.0,0.0,2.0,0.0,2.0,2.0,1.0,1.0,2.0,0.0,2.0,2.0,4.5,0.0,4.0,2.0,1989.0,1.0,6.0,1.0,6.0,7000.0,5.0,1,1,2,2,2,2.0,13.3,8.24,1.0,4.0,4.0,4.0,4.0,5.0,1.0,5.0,2.0,5.0,3.0,4.0,4.0,5.0,2.0,5.0,5.0,4.0,3.0,2.0,4.0,3.0,4.0,4.0,5.0,4.0,4.0,2.0,4.0,4.0,4.0,1.0,3.0,4.0,5.0,4.0,5.0,3.0,5.0,2.0,3.0,4.0,2.0,5.0,5.0,3.0,2.0,2.0,1.0,4.0,1.0,3.0,4.0,2.0,2.0,4,2,2,4,4,4.0,3,2.0,2.0,3.0,4.0,6,54.5,0,71.0,2.0,88.0,6,21.0,0.000232084
54200781,9.0,0,54,41,0,5.6,0.66,6,2.0,0.0,1.0,0.0,2.0,0.0,2.0,2.0,1.0,1.0,2.0,0.0,2.0,2.0,4.5,0.0,4.0,2.0,1989.0,1.0,6.0,1.0,6.0,7000.0,5.0,1,1,2,2,2,2.0,2.8,0.95,1.0,4.0,4.0,4.0,4.0,5.0,1.0,5.0,2.0,5.0,3.0,4.0,4.0,5.0,2.0,5.0,5.0,4.0,3.0,2.0,4.0,3.0,4.0,4.0,5.0,4.0,4.0,2.0,4.0,4.0,4.0,1.0,3.0,4.0,5.0,4.0,5.0,3.0,5.0,2.0,3.0,4.0,2.0,5.0,5.0,3.0,2.0,2.0,1.0,4.0,1.0,3.0,4.0,2.0,3.0,4,2,2,4,4,4.0,2,2.0,2.0,3.0,4.0,6,5.0,1,13.0,2.0,10.0,6,21.0,0.000232084
54200782,1.0,3,113,38,3,16.8,2.75,37,2.0,0.0,1.0,0.0,2.0,0.0,2.0,2.0,1.0,1.0,2.0,0.0,2.0,2.0,4.5,0.0,4.0,2.0,1961.0,1.0,5.0,2.0,6.0,7000.0,3.0,1,2,2,2,2,1.0,8.4,3.94,2.0,4.0,3.0,3.0,3.0,4.0,4.0,2.0,4.0,4.0,2.0,4.0,2.0,4.0,5.0,6.0,5.0,3.0,4.0,3.0,4.0,3.0,4.0,5.0,4.0,4.0,2.0,4.0,4.0,4.0,1.0,2.0,1.0,1.0,3.0,2.0,3.0,2.0,2.0,4.0,4.0,1.0,3.0,4.0,3.0,2.0,1.0,4.0,3.0,3.0,2.0,4.0,4.0,3.0,1.0,4,2,2,4,4,5.0,2,2.0,3.0,3.0,4.0,6,28.0,1,72.0,4.0,50.0,6,49.0,0.000367986
54200782,1.0,3,139,44,19,11.2,2.54,37,2.0,0.0,1.0,0.0,2.0,0.0,2.0,2.0,1.0,1.0,2.0,0.0,2.0,2.0,4.5,0.0,4.0,2.0,1961.0,1.0,5.0,2.0,6.0,7000.0,3.0,1,2,2,2,2,1.0,5.6,3.64,2.0,4.0,3.0,3.0,3.0,4.0,4.0,2.0,4.0,4.0,2.0,4.0,2.0,4.0,5.0,6.0,5.0,3.0,4.0,3.0,4.0,3.0,4.0,5.0,4.0,4.0,2.0,4.0,4.0,4.0,1.0,2.0,1.0,1.0,3.0,2.0,3.0,2.0,2.0,4.0,4.0,1.0,3.0,4.0,3.0,2.0,1.0,4.0,3.0,3.0,2.0,4.0,4.0,3.0,1.0,4,2,2,4,4,5.0,2,2.0,3.0,3.0,4.0,6,28.0,1,76.0,4.0,50.0,6,49.0,0.000367986
54200875,10.0,0,23,16,0,3.8,0.71,10,2.0,0.0,2.0,0.0,2.0,0.0,1.0,2.0,1.0,2.0,2.0,0.0,2.0,1.0,3.0,14.0,3.0,1.0,1942.0,3.0,2.0,9.0,8.0,5000.0,6.0,2,2,2,2,2,1.0,3.8,1.02,2.0,1.0,4.0,4.0,2.0,4.0,6.0,6.0,6.0,4.0,6.0,6.0,4.0,6.0,4.0,6.0,6.0,2.0,4.0,4.0,3.0,4.0,6.0,6.0,6.0,6.0,6.0,6.0,6.0,6.0,6.0,6.0,6.0,6.0,6.0,6.0,6.0,4.0,2.0,1.0,1.0,3.0,4.0,4.0,4.0,6.0,6.0,4.0,6.0,6.0,6.0,6.0,4.0,6.0,3.0,4,2,2,4,4,3.0,1,2.0,2.0,2.0,4.0,6,5.5,1,7.0,4.0,10.0,6,68.0,8.57e-05
54200875,10.0,1,47,16,6,3.8,1.1,16,2.0,0.0,2.0,0.0,2.0,0.0,1.0,2.0,1.0,2.0,2.0,0.0,2.0,1.0,3.0,14.0,3.0,1.0,1942.0,3.0,2.0,9.0,8.0,5000.0,6.0,2,2,2,2,2,1.0,3.8,1.58,2.0,1.0,4.0,4.0,2.0,4.0,6.0,6.0,6.0,4.0,6.0,6.0,4.0,6.0,4.0,6.0,6.0,2.0,4.0,4.0,3.0,4.0,6.0,6.0,6.0,6.0,6.0,6.0,6.0,6.0,6.0,6.0,6.0,6.0,6.0,6.0,6.0,4.0,2.0,1.0,1.0,3.0,4.0,4.0,4.0,6.0,6.0,4.0,6.0,6.0,6.0,6.0,4.0,6.0,3.0,4,2,2,4,4,3.0,1,2.0,2.0,2.0,4.0,6,8.5,1,25.0,4.0,10.0,6,68.0,8.57e-05
54200875,4.0,0,25,16,0,3.8,0.87,12,2.0,0.0,2.0,0.0,2.0,0.0,1.0,2.0,1.0,2.0,2.0,0.0,2.0,1.0,3.0,14.0,3.0,1.0,1942.0,3.0,2.0,9.0,8.0,5000.0,6.0,2,2,2,2,2,1.0,3.8,1.25,2.0,1.0,4.0,4.0,2.0,4.0,6.0,6.0,6.0,4.0,6.0,6.0,4.0,6.0,4.0,6.0,6.0,2.0,4.0,4.0,3.0,4.0,6.0,6.0,6.0,6.0,6.0,6.0,6.0,6.0,6.0,6.0,6.0,6.0,6.0,6.0,6.0,4.0,2.0,1.0,1.0,3.0,4.0,4.0,4.0,6.0,6.0,4.0,6.0,6.0,6.0,6.0,4.0,6.0,3.0,4,2,2,4,4,3.0,1,2.0,2.0,2.0,4.0,6,7.0,1,9.0,4.0,10.0,6,68.0,8.57e-05
54200875,9.0,0,56,36,0,7.6,1.35,19,2.0,0.0,2.0,0.0,2.0,0.0,1.0,2.0,1.0,2.0,2.0,0.0,2.0,1.0,3.0,14.0,3.0,1.0,1942.0,3.0,2.0,9.0,8.0,5000.0,6.0,2,2,2,2,2,1.0,7.6,1.93,2.0,1.0,4.0,4.0,2.0,4.0,6.0,6.0,6.0,4.0,6.0,6.0,4.0,6.0,4.0,6.0,6.0,2.0,4.0,4.0,3.0,4.0,6.0,6.0,6.0,6.0,6.0,6.0,6.0,6.0,6.0,6.0,6.0,6.0,6.0,6.0,6.0,4.0,2.0,1.0,1.0,3.0,4.0,4.0,4.0,6.0,6.0,4.0,6.0,6.0,6.0,6.0,4.0,6.0,3.0,4,2,2,4,4,3.0,2,2.0,2.0,2.0,4.0,6,11.5,1,20.0,4.0,25.0,6,68.0,8.57e-05
54200884,1.0,3,158,53,15,29.2,6.93,68,2.0,0.0,2.0,0.0,2.0,0.0,1.0,2.0,1.0,1.0,2.0,1.0,1.0,1.0,4.5,16.0,6.0,1.0,1951.0,1.0,2.0,1.0,3.0,15000.0,7.0,2,2,1,2,2,2.0,0.0,9.93,5.0,4.0,1.0,3.0,3.0,5.0,4.0,3.0,4.0,6.0,3.0,4.0,5.0,1.0,5.0,6.0,1.0,1.0,3.0,2.0,4.0,2.0,3.0,4.0,4.0,4.0,2.0,2.0,4.0,5.0,1.0,5.0,3.0,3.0,4.0,2.0,3.0,4.0,3.0,3.0,3.0,1.0,5.0,4.0,4.0,3.0,3.0,4.0,3.0,3.0,2.0,5.0,5.0,5.0,1.0,4,2,2,4,4,1.0,2,1.0,4.0,2.0,4.0,6,69.0,0,90.0,2.0,118.0,6,59.0,0.000160139
54200981,3.0,2,222,71,2,70.6,18.67,151,3.0,0.0,2.0,0.0,4.0,0.0,3.0,1.0,1.0,1.0,3.0,0.0,1.0,2.0,6.0,19.0,5.0,2.0,1984.0,1.0,6.0,8.0,6.0,9000.0,3.0,2,2,1,2,2,2.0,0.0,26.75,4.0,5.0,2.0,2.0,3.0,4.0,4.0,2.0,5.0,4.0,2.0,4.0,2.0,2.0,2.0,6.0,5.0,2.0,5.0,2.0,4.0,5.0,4.0,1.0,5.0,5.0,2.0,2.0,4.0,4.0,2.0,4.0,1.0,4.0,5.0,4.0,3.0,4.0,1.0,3.0,1.0,5.0,4.0,2.0,5.0,2.0,2.0,4.0,2.0,4.0,4.0,5.0,4.0,3.0,2.0,4,2,2,4,4,5.0,4,1.0,3.0,3.0,3.0,6,197.0,0,149.0,2.0,163.0,6,26.0,0.00087004
54201031,1.0,2,73,26,8,7.6,2.04,28,4.0,2.0,1.0,0.0,6.0,2.0,1.0,0.0,1.0,1.0,1.0,0.0,1.0,1.0,5.0,7.0,5.0,1.0,1970.0,1.0,3.0,1.0,6.0,9000.0,4.0,1,1,2,2,2,1.0,3.8,2.92,3.0,4.0,2.0,2.0,4.0,4.0,4.0,2.0,4.0,5.0,3.0,2.0,2.0,1.0,5.0,1.0,1.0,1.0,3.0,3.0,4.0,3.0,2.0,2.0,5.0,4.0,6.0,1.0,5.0,5.0,3.0,4.0,3.0,3.0,4.0,3.0,3.0,1.0,2.0,4.0,3.0,2.0,2.0,4.0,4.0,2.0,1.0,5.0,1.0,1.0,1.0,5.0,5.0,4.0,1.0,4,2,2,4,4,5.0,2,4.0,1.0,1.0,4.0,6,15.0,0,39.0,6.0,49.0,6,40.0,0.000109132
54201032,9.0,2,92,46,15,7.6,1.79,26,4.0,2.0,1.0,0.0,6.0,2.0,1.0,0.0,1.0,1.0,1.0,0.0,1.0,1.0,6.0,7.0,5.0,2.0,1967.0,1.0,3.0,6.0,8.0,9000.0,6.0,1,2,2,2,2,1.0,3.8,2.57,2.0,3.0,2.0,2.0,4.0,4.0,6.0,3.0,3.0,5.0,4.0,2.0,5.0,2.0,1.0,1.0,2.0,1.0,4.0,3.0,4.0,2.0,6.0,2.0,4.0,4.0,6.0,2.0,4.0,5.0,2.0,4.0,3.0,3.0,4.0,3.0,3.0,2.0,2.0,4.0,2.0,2.0,6.0,4.0,6.0,2.0,1.0,5.0,1.0,1.0,1.0,5.0,4.0,4.0,3.0,4,2,2,4,4,5.0,2,3.0,2.0,2.0,3.0,6,14.0,0,31.0,5.0,52.0,6,43.0,9.82e-05
54201032,4.0,1,79,36,3,7.6,1.85,28,4.0,2.0,1.0,0.0,6.0,2.0,1.0,0.0,1.0,1.0,1.0,0.0,1.0,1.0,6.0,7.0,5.0,2.0,1967.0,1.0,3.0,6.0,8.0,9000.0,6.0,1,2,2,2,2,1.0,3.8,2.65,2.0,3.0,2.0,2.0,4.0,4.0,6.0,3.0,3.0,5.0,4.0,2.0,5.0,2.0,1.0,1.0,2.0,1.0,4.0,3.0,4.0,2.0,6.0,2.0,4.0,4.0,6.0,2.0,4.0,5.0,2.0,4.0,3.0,3.0,4.0,3.0,3.0,2.0,2.0,4.0,2.0,2.0,6.0,4.0,6.0,2.0,1.0,5.0,1.0,1.0,1.0,5.0,4.0,4.0,3.0,4,2,2,4,4,5.0,2,3.0,2.0,2.0,3.0,6,13.5,0,40.0,5.0,26.0,6,43.0,9.82e-05
54201091,1.0,2,158,38,17,25.8,7.12,79,4.0,2.0,2.0,0.0,4.0,2.0,1.0,1.0,1.0,1.0,2.0,0.0,1.0,1.0,4.5,3.0,4.0,1.0,1971.0,1.0,3.0,1.0,6.0,7000.0,6.0,2,2,2,2,2,1.0,25.8,10.2,5.0,4.0,1.0,2.0,5.0,4.0,4.0,2.0,2.0,5.0,3.0,4.0,5.0,2.0,3.0,2.0,4.0,2.0,5.0,3.0,4.0,4.0,4.0,4.0,1.0,1.0,2.0,2.0,4.0,2.0,1.0,1.0,1.0,3.0,4.0,4.0,3.0,2.0,2.0,4.0,2.0,3.0,5.0,4.0,4.0,4.0,4.0,3.0,2.0,3.0,3.0,4.0,2.0,4.0,1.0,4,2,2,4,4,5.0,2,1.0,4.0,3.0,1.0,6,71.0,1,103.0,4.0,91.0,6,39.0,0.000258025
54201194,1.0,0,57,44,0,12.2,1.22,27,1.0,0.0,0.0,0.0,0.0,0.0,0.0,0.0,2.0,2.0,1.0,0.0,2.0,2.0,2.0,19.0,4.0,1.0,1964.0,1.0,1.0,1.0,6.0,7000.0,7.0,1,2,2,1,2,3.0,6.1,1.75,2.0,4.0,3.0,3.0,2.0,4.0,4.0,2.0,4.0,4.0,4.0,2.0,4.0,4.0,4.0,6.0,4.0,2.0,4.0,3.0,4.0,2.0,4.0,2.0,4.0,4.0,3.0,2.0,4.0,4.0,2.0,3.0,2.0,4.0,4.0,2.0,4.0,4.0,3.0,2.0,2.0,2.0,2.0,4.0,4.0,2.0,2.0,4.0,2.0,4.0,2.0,2.0,3.0,4.0,3.0,4,2,2,4,4,3.0,4,3.0,2.0,2.0,1.0,6,9.2,0,13.0,4.0,40.0,6,46.0,0.000160139
54201201,1.0,4,109,33,6,13.0,2.24,32,1.0,0.0,1.0,0.0,4.0,3.0,3.0,1.0,1.0,1.0,1.0,1.0,2.0,2.0,3.0,1.0,3.0,1.0,1964.0,3.0,7.0,1.0,6.0,5000.0,4.0,2,2,2,2,2,1.0,13.0,3.21,2.0,4.0,4.0,3.0,2.0,3.0,4.0,4.0,4.0,3.0,2.0,5.0,4.0,3.0,2.0,5.0,5.0,1.0,5.0,3.0,5.0,2.0,3.0,2.0,4.0,3.0,4.0,2.0,4.0,3.0,1.0,3.0,4.0,4.0,5.0,4.0,4.0,1.0,4.0,3.0,2.0,5.0,4.0,4.0,4.0,4.0,2.0,5.0,2.0,2.0,3.0,4.0,1.0,4.0,2.0,4,2,2,4,4,5.0,2,2.0,2.0,2.0,4.0,6,21.5,1,70.0,6.0,57.0,6,46.0,0.000109132
54201201,10.0,4,109,24,40,9.4,13.4,123,1.0,0.0,1.0,0.0,4.0,3.0,3.0,1.0,1.0,1.0,1.0,1.0,2.0,2.0,3.0,1.0,3.0,1.0,1964.0,3.0,7.0,1.0,6.0,5000.0,4.0,2,2,2,2,2,1.0,9.4,19.2,2.0,4.0,4.0,3.0,2.0,3.0,4.0,4.0,4.0,3.0,2.0,5.0,4.0,3.0,2.0,5.0,5.0,1.0,5.0,3.0,5.0,2.0,3.0,2.0,4.0,3.0,4.0,2.0,4.0,3.0,1.0,3.0,4.0,4.0,5.0,4.0,4.0,1.0,4.0,3.0,2.0,5.0,4.0,4.0,4.0,4.0,2.0,5.0,2.0,2.0,3.0,4.0,1.0,4.0,3.0,4,2,2,4,4,5.0,2,2.0,2.0,2.0,4.0,6,133.0,1,45.0,6.0,52.0,6,46.0,0.000109132
54201220,1.0,0,28,18,0,3.8,0.72,11,2.0,0.0,1.0,1.0,2.0,0.0,2.0,1.0,1.0,1.0,2.0,0.0,1.0,1.0,5.5,17.0,5.0,2.0,1951.0,1.0,3.0,2.0,6.0,9000.0,3.0,1,2,2,2,2,1.0,2.2,1.03,4.0,4.0,3.0,2.0,4.0,4.0,4.0,2.0,4.0,5.0,4.0,3.0,5.0,1.0,5.0,4.0,2.0,1.0,3.0,2.0,5.0,2.0,2.0,4.0,4.0,4.0,2.0,2.0,3.0,2.0,1.0,5.0,3.0,1.0,5.0,4.0,3.0,1.0,2.0,3.0,1.0,1.0,4.0,3.0,2.0,4.0,1.0,5.0,2.0,2.0,5.0,4.0,2.0,5.0,1.0,4,2,2,4,4,4.0,1,2.0,2.0,2.0,4.0,6,5.5,0,10.0,3.0,15.0,6,59.0,0.000367986
54201221,9.0,8,346,38,31,60.6,18.0,179,2.0,0.0,1.0,1.0,2.0,0.0,1.0,2.0,1.0,1.0,2.0,0.0,1.0,1.0,5.5,17.0,5.0,1.0,1949.0,3.0,3.0,1.0,6.0,9000.0,3.0,1,2,2,2,2,1.0,30.3,25.79,2.0,2.0,1.0,2.0,4.0,2.0,3.0,1.0,3.0,5.0,2.0,4.0,4.0,2.0,5.0,2.0,2.0,4.0,4.0,4.0,2.0,2.0,4.0,4.0,4.0,3.0,3.0,4.0,4.0,2.0,1.0,3.0,3.0,1.0,2.0,4.0,3.0,2.0,2.0,4.0,2.0,2.0,4.0,2.0,2.0,3.0,1.0,4.0,2.0,2.0,5.0,4.0,2.0,5.0,3.0,4,2,2,4,4,3.0,2,2.0,2.0,3.0,3.0,6,179.0,1,277.0,4.0,215.0,6,61.0,0.000409116
54260008,2.0,3,50,16,10,5.6,1.07,16,2.0,0.0,1.0,0.0,2.0,0.0,2.0,1.0,1.0,1.0,2.0,0.0,1.0,1.0,5.0,11.0,4.0,2.0,1949.0,1.0,2.0,1.0,6.0,9035.0,6.0,1,2,2,2,2,1.0,2.8,1.53,4.0,4.0,2.0,4.0,5.0,5.0,3.0,3.0,3.0,3.0,3.0,3.0,2.0,2.0,4.0,3.0,2.0,2.0,4.0,1.0,1.0,2.0,4.0,2.0,4.0,3.0,2.0,2.0,4.0,4.0,3.0,2.0,1.0,2.0,4.0,3.0,4.0,2.0,1.0,5.0,4.0,2.0,4.0,4.0,4.0,3.0,3.0,5.0,4.0,3.0,3.0,2.0,1.0,4.0,1.0,7,1,2,4,2,5.0,1,1.0,4.0,2.0,3.0,6,11.0,1,24.0,4.0,10.0,6,61.0,9.82e-05
54260008,7.0,0,25,16,0,2.8,0.48,6,2.0,0.0,1.0,0.0,2.0,0.0,2.0,1.0,1.0,1.0,2.0,0.0,1.0,1.0,5.0,11.0,4.0,2.0,1949.0,1.0,2.0,1.0,6.0,9035.0,6.0,1,2,2,2,2,1.0,2.2,0.69,4.0,4.0,2.0,4.0,5.0,5.0,3.0,3.0,3.0,3.0,3.0,3.0,2.0,2.0,4.0,3.0,2.0,2.0,4.0,1.0,1.0,2.0,4.0,2.0,4.0,3.0,2.0,2.0,4.0,4.0,3.0,2.0,1.0,2.0,4.0,3.0,4.0,2.0,1.0,5.0,4.0,2.0,4.0,4.0,4.0,3.0,3.0,5.0,4.0,3.0,3.0,2.0,1.0,4.0,3.0,7,1,2,4,2,5.0,1,1.0,4.0,2.0,3.0,6,5.0,1,9.0,4.0,8.0,6,61.0,9.82e-05
54260043,4.0,3,128,29,62,5.6,0.42,4,2.0,0.0,1.0,0.0,2.0,0.0,1.0,2.0,2.0,1.0,2.0,0.0,1.0,1.0,5.0,38.0,6.0,2.0,1940.0,1.0,2.0,9.0,3.0,15000.0,4.0,1,2,2,2,2,1.0,2.8,0.6,3.0,2.0,4.0,3.0,2.0,5.0,6.0,6.0,6.0,2.0,4.0,3.0,3.0,2.0,3.0,6.0,3.0,1.0,5.0,4.0,4.0,4.0,4.0,2.0,4.0,2.0,2.0,2.0,6.0,2.0,1.0,4.0,4.0,2.0,4.0,4.0,2.0,2.0,2.0,5.0,2.0,2.0,4.0,2.0,6.0,2.0,1.0,5.0,6.0,4.0,2.0,3.0,4.0,4.0,3.0,7,1,2,4,2,2.0,3,1.0,2.0,1.0,3.0,6,2.3,2,37.0,4.0,40.0,6,70.0,7.71e-05
54260044,9.0,4,100,35,6,11.2,2.34,31,2.0,0.0,1.0,0.0,2.0,0.0,1.0,2.0,2.0,1.0,2.0,0.0,1.0,1.0,5.0,38.0,6.0,1.0,1937.0,1.0,2.0,9.0,2.0,15000.0,7.0,2,2,2,2,2,1.0,11.2,3.35,5.0,1.0,4.0,3.0,4.0,4.0,6.0,6.0,6.0,3.0,6.0,5.0,5.0,6.0,6.0,6.0,5.0,2.0,5.0,3.0,5.0,5.0,5.0,3.0,3.0,6.0,3.0,4.0,6.0,2.0,1.0,6.0,6.0,2.0,6.0,6.0,6.0,2.0,2.0,5.0,1.0,3.0,3.0,4.0,6.0,2.0,1.0,5.0,6.0,6.0,6.0,1.0,3.0,5.0,3.0,7,1,2,4,2,2.0,2,2.0,2.0,1.0,4.0,6,22.0,1,59.0,4.0,90.0,6,73.0,0.000125765
54260060,1.0,4,142,36,20,21.2,4.34,72,2.0,0.0,1.0,0.0,0.0,0.0,2.0,1.0,1.0,1.0,2.0,1.0,1.0,1.0,6.0,24.0,6.0,1.0,1945.0,1.0,2.0,1.0,1.0,15000.0,8.0,1,2,2,2,2,2.0,10.6,6.22,4.0,3.0,2.0,3.0,4.0,5.0,3.0,2.0,3.0,5.0,3.0,4.0,4.0,3.0,3.0,3.0,4.0,3.0,3.0,3.0,4.0,4.0,2.0,2.0,4.0,2.0,4.0,3.0,4.0,2.0,2.0,2.0,3.0,2.0,4.0,2.0,3.0,2.0,2.0,4.0,3.0,2.0,4.0,3.0,3.0,3.0,3.0,3.0,2.0,2.0,3.0,3.0,4.0,4.0,1.0,7,1,2,4,2,5.0,2,1.0,2.0,2.0,4.0,6,46.0,0,86.0,4.0,125.0,6,65.0,0.000125765
54260075,1.0,2,151,45,16,40.8,1.87,29,4.0,2.0,2.0,0.0,4.0,0.0,4.0,4.0,1.0,2.0,4.0,0.0,1.0,1.0,9.0,17.0,4.0,2.0,1963.0,1.0,4.0,2.0,3.0,7000.0,4.0,2,2,2,2,2,1.0,40.8,2.68,1.0,1.0,3.0,3.0,3.0,5.0,3.0,4.0,4.0,5.0,3.0,4.0,4.0,5.0,3.0,5.0,5.0,3.0,5.0,4.0,3.0,5.0,4.0,3.0,3.0,4.0,5.0,4.0,4.0,4.0,4.0,1.0,1.0,1.0,2.0,3.0,3.0,1.0,1.0,5.0,3.0,3.0,4.0,5.0,5.0,3.0,1.0,5.0,3.0,1.0,3.0,3.0,3.0,4.0,1.0,7,1,2,4,2,5.0,2,3.0,3.0,3.0,3.0,6,17.0,0,90.0,4.0,55.0,6,47.0,9.82e-05
54260076,3.0,3,156,31,30,29.2,7.07,70,4.0,2.0,2.0,0.0,4.0,0.0,4.0,4.0,1.0,2.0,4.0,0.0,1.0,1.0,9.0,17.0,4.0,2.0,1991.0,1.0,6.0,8.0,6.0,7000.0,3.0,1,2,2,2,2,2.0,14.6,10.13,1.0,1.0,4.0,3.0,3.0,5.0,3.0,4.0,4.0,5.0,3.0,4.0,4.0,5.0,3.0,6.0,5.0,5.0,5.0,3.0,3.0,4.0,5.0,3.0,4.0,2.0,5.0,3.0,4.0,4.0,5.0,1.0,1.0,2.0,5.0,4.0,3.0,3.0,3.0,3.0,2.0,3.0,4.0,4.0,5.0,4.0,1.0,1.0,1.0,3.0,2.0,2.0,3.0,4.0,1.0,7,1,2,4,2,5.0,2,3.0,3.0,3.0,3.0,6,72.0,0,95.0,5.0,174.0,6,19.0,0.000548793
54260117,10.0,2,71,34,16,11.2,1.47,20,2.0,0.0,1.0,0.0,2.0,0.0,1.0,1.0,1.0,1.0,2.0,0.0,2.0,2.0,4.5,23.0,4.0,1.0,1937.0,1.0,2.0,9.0,8.0,7000.0,3.0,1,2,2,2,2,1.0,5.6,2.11,2.0,4.0,3.0,2.0,3.0,5.0,6.0,6.0,6.0,4.0,4.0,3.0,4.0,2.0,4.0,6.0,4.0,2.0,4.0,2.0,3.0,2.0,6.0,4.0,6.0,6.0,3.0,2.0,4.0,4.0,1.0,3.0,3.0,2.0,6.0,2.0,2.0,1.0,1.0,5.0,2.0,2.0,4.0,3.0,6.0,2.0,2.0,4.0,6.0,4.0,3.0,3.0,4.0,2.0,3.0,7,1,2,4,2,5.0,2,1.0,2.0,1.0,3.0,6,9.0,1,21.0,4.0,20.0,6,73.0,0.0003213
54260118,10.0,4,300,80,46,29.2,9.31,118,2.0,0.0,1.0,0.0,2.0,0.0,1.0,1.0,1.0,1.0,2.0,0.0,2.0,2.0,4.5,23.0,4.0,1.0,1937.0,1.0,2.0,9.0,8.0,7000.0,3.0,1,2,2,2,2,1.0,14.6,13.34,2.0,4.0,3.0,2.0,3.0,5.0,6.0,6.0,6.0,4.0,4.0,3.0,4.0,2.0,4.0,6.0,4.0,2.0,4.0,2.0,3.0,2.0,6.0,4.0,6.0,6.0,3.0,2.0,4.0,4.0,1.0,3.0,3.0,2.0,6.0,2.0,2.0,1.0,1.0,5.0,2.0,2.0,4.0,3.0,6.0,2.0,2.0,4.0,6.0,4.0,3.0,3.0,4.0,2.0,3.0,7,1,2,4,2,5.0,2,1.0,2.0,1.0,3.0,6,92.0,1,174.0,4.0,120.0,6,73.0,0.0003213
54260136,9.0,2,91,34,13,7.6,2.43,34,2.0,0.0,2.0,0.0,1.0,0.0,1.0,2.0,1.0,1.0,1.0,0.0,1.0,1.0,5.0,35.0,4.0,1.0,1942.0,1.0,2.0,9.0,6.0,7000.0,3.0,1,2,2,2,2,1.0,3.8,3.48,2.0,4.0,3.0,3.0,4.0,4.0,6.0,6.0,6.0,4.0,3.0,4.0,6.0,3.0,4.0,6.0,4.0,2.0,3.0,3.0,3.0,3.0,6.0,3.0,3.0,3.0,6.0,2.0,4.0,2.0,2.0,6.0,6.0,2.0,3.0,3.0,3.0,2.0,2.0,4.0,3.0,3.0,4.0,4.0,6.0,2.0,2.0,4.0,3.0,3.0,4.0,4.0,4.0,3.0,3.0,7,1,2,4,2,5.0,4,1.0,2.0,2.0,3.0,6,18.0,1,44.0,4.0,50.0,6,68.0,0.0003213
54260137,1.0,4,185,33,31,38.4,1.36,19,2.0,0.0,1.0,4.0,2.0,0.0,2.0,0.0,1.0,1.0,2.0,0.0,1.0,1.0,4.0,38.0,3.0,1.0,1936.0,1.0,2.0,9.0,2.0,5000.0,7.0,2,2,2,2,1,1.0,38.4,1.95,1.0,2.0,5.0,3.0,4.0,4.0,3.0,1.0,1.0,5.0,5.0,4.0,5.0,2.0,3.0,6.0,5.0,1.0,5.0,2.0,5.0,5.0,4.0,4.0,5.0,2.0,1.0,1.0,2.0,4.0,1.0,1.0,5.0,1.0,2.0,2.0,2.0,1.0,2.0,5.0,5.0,1.0,1.0,3.0,3.0,5.0,1.0,5.0,3.0,3.0,4.0,5.0,5.0,4.0,3.0,7,1,2,4,2,5.0,2,3.0,2.0,3.0,4.0,6,11.8,1,121.0,2.0,40.0,6,74.0,0.000125765
54260138,1.0,4,186,34,31,38.4,1.37,19,2.0,0.0,1.0,4.0,2.0,0.0,2.0,0.0,1.0,2.0,2.0,0.0,1.0,1.0,4.0,38.0,1.0,2.0,1935.0,1.0,2.0,9.0,6.0,2000.0,6.0,2,2,2,2,1,1.0,38.4,1.96,1.0,1.0,4.0,3.0,3.0,4.0,6.0,6.0,3.0,5.0,4.0,4.0,5.0,3.0,3.0,6.0,5.0,1.0,5.0,2.0,5.0,5.0,4.0,3.0,5.0,6.0,4.0,3.0,3.0,1.0,1.0,1.0,4.0,1.0,2.0,2.0,1.0,1.0,1.0,5.0,3.0,2.0,2.0,4.0,6.0,4.0,1.0,5.0,1.0,1.0,4.0,4.0,4.0,4.0,3.0,7,1,2,4,2,5.0,2,1.0,2.0,2.0,3.0,6,11.9,1,121.0,4.0,40.0,6,75.0,7.71e-05
54260155,11.0,6,296,93,60,63.6,14.24,118,2.0,0.0,4.0,0.0,0.0,0.0,3.0,2.0,1.0,1.0,2.0,0.0,1.0,1.0,7.0,32.0,4.0,1.0,1946.0,1.0,2.0,9.0,3.0,7000.0,8.0,1,1,2,2,2,1.0,31.8,20.41,3.0,3.0,4.0,4.0,4.0,4.0,6.0,6.0,4.0,5.0,4.0,3.0,2.0,3.0,4.0,4.0,4.0,3.0,4.0,2.0,4.0,4.0,4.0,3.0,4.0,4.0,2.0,4.0,4.0,4.0,2.0,3.0,2.0,2.0,4.0,2.0,3.0,2.0,2.0,5.0,2.0,3.0,4.0,6.0,6.0,3.0,2.0,3.0,2.0,2.0,4.0,3.0,2.0,4.0,3.0,7,1,2,4,2,5.0,5,2.0,2.0,1.0,3.0,6,150.3,1,143.0,2.0,144.0,6,64.0,0.000160139
54260172,7.0,1,114,76,6,10.4,2.11,29,2.0,0.0,1.0,0.0,0.0,0.0,1.0,2.0,1.0,2.0,2.0,0.0,1.0,1.0,5.0,35.0,4.0,1.0,1934.0,1.0,2.0,9.0,3.0,7000.0,3.0,2,2,2,2,2,1.0,10.4,3.02,4.0,6.0,6.0,5.0,3.0,4.0,4.0,6.0,6.0,4.0,4.0,4.0,4.0,4.0,4.0,5.0,5.0,3.0,5.0,4.0,5.0,5.0,4.0,3.0,6.0,2.0,6.0,2.0,4.0,2.0,1.0,3.0,3.0,3.0,4.0,4.0,3.0,3.0,3.0,4.0,4.0,3.0,4.0,4.0,3.0,3.0,3.0,4.0,3.0,3.0,5.0,5.0,4.0,3.0,3.0,7,1,2,4,2,6.0,3,2.0,2.0,2.0,4.0,6,18.0,1,32.0,4.0,55.0,6,76.0,0.0003213
54260175,1.0,5,220,104,14,42.8,7.2,83,3.0,1.0,2.0,0.0,4.0,2.0,4.0,0.0,1.0,1.0,2.0,1.0,1.0,1.0,5.5,6.0,6.0,2.0,1973.0,1.0,3.0,2.0,2.0,15000.0,4.0,2,2,2,2,2,1.0,42.8,10.32,2.0,3.0,4.0,1.0,4.0,5.0,2.0,5.0,1.0,5.0,3.0,5.0,5.0,3.0,1.0,3.0,5.0,1.0,5.0,5.0,3.0,5.0,5.0,1.0,5.0,3.0,1.0,1.0,5.0,5.0,4.0,1.0,1.0,1.0,1.0,3.0,1.0,1.0,1.0,5.0,4.0,4.0,2.0,5.0,3.0,1.0,1.0,5.0,1.0,3.0,5.0,3.0,5.0,5.0,3.0,7,1,2,4,2,4.0,4,4.0,2.0,2.0,2.0,6,65.0,1,102.0,5.0,115.0,6,37.0,0.000232084
54260211,2.0,0,44,42,0,2.2,0.05,0,4.0,2.0,3.0,0.0,5.0,2.0,2.0,0.0,1.0,1.0,1.0,0.0,2.0,2.0,5.0,12.0,3.0,1.0,1966.0,1.0,3.0,1.0,5.0,5000.0,3.0,2,2,2,2,2,1.0,2.2,0.07,2.0,3.0,3.0,3.0,3.0,5.0,2.0,4.0,4.0,3.0,2.0,5.0,5.0,1.0,3.0,1.0,5.0,3.0,5.0,3.0,4.0,4.0,4.0,2.0,2.0,6.0,4.0,3.0,3.0,2.0,1.0,6.0,4.0,4.0,2.0,3.0,2.0,2.0,2.0,4.0,4.0,3.0,3.0,4.0,5.0,3.0,2.0,5.0,2.0,3.0,1.0,4.0,5.0,2.0,1.0,7,1,2,4,2,5.0,1,2.0,3.0,2.0,3.0,6,0.2,1,2.0,5.0,35.5,6,44.0,0.000409116
54260211,8.0,2,97,24,16,21.4,1.54,22,4.0,2.0,3.0,0.0,5.0,2.0,2.0,0.0,1.0,1.0,1.0,0.0,2.0,2.0,5.0,12.0,3.0,1.0,1966.0,1.0,3.0,1.0,5.0,5000.0,3.0,2,2,2,2,2,1.0,21.4,2.21,2.0,3.0,3.0,3.0,3.0,5.0,2.0,4.0,4.0,3.0,2.0,5.0,5.0,1.0,3.0,1.0,5.0,3.0,5.0,3.0,4.0,4.0,4.0,2.0,2.0,6.0,4.0,3.0,3.0,2.0,1.0,6.0,4.0,4.0,2.0,3.0,2.0,2.0,2.0,4.0,4.0,3.0,3.0,4.0,5.0,3.0,2.0,5.0,2.0,3.0,1.0,4.0,5.0,2.0,3.0,7,1,2,4,2,5.0,1,2.0,3.0,2.0,3.0,6,17.0,1,57.0,5.0,35.5,6,44.0,0.000409116
54260212,1.0,2,122,27,23,22.6,2.12,29,4.0,2.0,3.0,0.0,5.0,2.0,2.0,0.0,1.0,1.0,1.0,0.0,2.0,2.0,5.0,12.0,3.0,2.0,1968.0,1.0,3.0,6.0,6.0,5000.0,3.0,1,2,2,2,2,1.0,11.3,3.04,4.0,3.0,3.0,2.0,4.0,5.0,4.0,3.0,4.0,3.0,3.0,2.0,3.0,5.0,4.0,1.0,2.0,1.0,5.0,4.0,4.0,2.0,4.0,2.0,2.0,6.0,2.0,1.0,5.0,5.0,1.0,1.0,2.0,4.0,3.0,4.0,3.0,1.0,1.0,5.0,2.0,4.0,4.0,3.0,5.0,1.0,1.0,5.0,2.0,4.0,2.0,4.0,4.0,2.0,2.0,7,1,2,4,2,5.0,2,3.0,2.0,2.0,3.0,6,22.0,1,72.0,5.0,45.0,6,42.0,0.000367986
54260217,4.0,4,121,54,19,16.8,3.24,46,2.0,0.0,2.0,0.0,4.0,0.0,3.0,1.0,1.0,1.0,2.0,1.0,1.0,1.0,5.0,2.0,6.0,1.0,1978.0,1.0,2.0,1.0,3.0,15000.0,4.0,1,2,2,2,2,1.0,8.4,4.64,5.0,4.0,2.0,2.0,4.0,5.0,4.0,4.0,2.0,5.0,4.0,5.0,4.0,1.0,4.0,2.0,3.0,1.0,5.0,3.0,4.0,3.0,6.0,2.0,3.0,4.0,4.0,1.0,5.0,5.0,2.0,4.0,3.0,4.0,5.0,5.0,6.0,1.0,2.0,5.0,4.0,2.0,4.0,4.0,3.0,6.0,4.0,5.0,3.0,1.0,2.0,3.0,4.0,4.0,3.0,7,1,2,4,2,5.0,3,4.0,1.0,1.0,3.0,6,31.5,1,48.0,5.0,55.0,6,32.0,0.000258025
54260218,1.0,2,115,43,17,14.8,3.11,45,2.0,0.0,2.0,0.0,4.0,0.0,3.0,1.0,1.0,1.0,2.0,1.0,1.0,1.0,5.0,2.0,6.0,2.0,1977.0,1.0,2.0,1.0,3.0,15000.0,6.0,1,1,2,2,2,1.0,7.4,4.46,4.0,3.0,2.0,3.0,4.0,5.0,4.0,2.0,3.0,3.0,4.0,4.0,3.0,2.0,5.0,2.0,3.0,1.0,3.0,2.0,4.0,3.0,2.0,1.0,4.0,3.0,3.0,4.0,5.0,4.0,1.0,3.0,2.0,3.0,5.0,4.0,2.0,1.0,2.0,4.0,5.0,3.0,3.0,3.0,4.0,3.0,2.0,4.0,3.0,3.0,4.0,3.0,1.0,4.0,1.0,7,1,2,4,2,6.0,2,3.0,2.0,3.0,4.0,6,31.0,1,55.0,3.0,40.0,6,33.0,0.000232084
54260229,10.0,2,125,32,17,16.8,3.19,48,5.0,3.0,1.0,1.0,4.0,2.0,1.0,1.0,1.0,2.0,2.0,0.0,1.0,1.0,7.0,4.0,4.0,2.0,1980.0,1.0,3.0,2.0,1.0,7000.0,3.0,2,2,1,2,2,2.0,0.0,4.57,3.0,3.0,3.0,3.0,3.0,4.0,4.0,2.0,3.0,5.0,2.0,2.0,4.0,4.0,5.0,5.0,5.0,2.0,3.0,2.0,5.0,3.0,5.0,3.0,4.0,4.0,3.0,3.0,5.0,4.0,1.0,1.0,1.0,3.0,4.0,2.0,2.0,1.0,1.0,1.0,1.0,3.0,5.0,3.0,3.0,6.0,6.0,5.0,3.0,1.0,1.0,3.0,4.0,5.0,3.0,7,1,2,4,2,5.0,2,4.0,1.0,1.0,3.0,6,26.0,1,76.0,5.0,60.0,6,30.0,0.00087004
54260241,7.0,0,58,15,9,7.6,2.33,30,2.0,0.0,1.0,0.0,2.0,0.0,1.0,1.0,1.0,1.0,2.0,0.0,1.0,1.0,5.0,40.0,4.0,1.0,1927.0,1.0,2.0,9.0,6.0,7000.0,3.0,1,2,2,2,1,3.0,3.8,3.34,5.0,2.0,3.0,1.0,5.0,5.0,3.0,2.0,3.0,4.0,4.0,4.0,4.0,2.0,4.0,6.0,2.0,1.0,1.0,3.0,6.0,2.0,2.0,2.0,5.0,4.0,4.0,3.0,4.0,5.0,1.0,5.0,4.0,1.0,5.0,4.0,3.0,1.0,1.0,5.0,2.0,3.0,4.0,3.0,6.0,6.0,1.0,4.0,3.0,6.0,4.0,6.0,4.0,4.0,3.0,7,1,2,4,2,5.0,3,1.0,2.0,2.0,4.0,6,17.1,0,34.0,3.0,41.0,6,83.0,0.000758481
54260314,7.0,0,4,4,0,0.0,0.02,0,2.0,0.0,1.0,0.0,0.0,0.0,1.0,1.0,1.0,1.0,1.0,0.0,1.0,1.0,5.0,5.0,3.0,1.0,1933.0,1.0,2.0,9.0,3.0,5000.0,4.0,2,2,2,2,2,1.0,0.0,0.03,4.0,4.0,5.0,3.0,4.0,5.0,3.0,3.0,3.0,5.0,4.0,5.0,4.0,4.0,4.0,3.0,4.0,5.0,4.0,3.0,2.0,3.0,4.0,3.0,3.0,2.0,4.0,3.0,4.0,3.0,1.0,3.0,2.0,2.0,5.0,4.0,3.0,2.0,2.0,4.0,2.0,3.0,4.0,3.0,3.0,3.0,4.0,2.0,3.0,2.0,5.0,4.0,3.0,4.0,3.0,7,1,2,4,2,2.0,1,1.0,3.0,3.0,4.0,6,0.2,1,0.0,4.0,3.0,6,77.0,8.57e-05
54260327,1.0,3,127,43,5,31.6,6.67,77,4.0,0.0,1.0,2.0,3.0,2.0,2.0,2.0,1.0,1.0,4.0,0.0,1.0,1.0,6.0,5.0,6.0,1.0,1952.0,3.0,3.0,2.0,3.0,15000.0,5.0,1,1,2,2,2,2.0,15.8,9.56,4.0,5.0,3.0,4.0,4.0,4.0,5.0,2.0,4.0,5.0,2.0,5.0,5.0,1.0,5.0,1.0,1.0,1.0,3.0,1.0,5.0,1.0,1.0,1.0,5.0,5.0,5.0,2.0,4.0,5.0,1.0,3.0,4.0,1.0,5.0,3.0,3.0,1.0,5.0,5.0,3.0,3.0,5.0,5.0,4.0,1.0,1.0,4.0,3.0,3.0,2.0,4.0,5.0,5.0,1.0,7,1,2,4,2,3.0,2,2.0,3.0,3.0,3.0,6,64.0,0,79.0,3.0,119.0,6,58.0,0.000109132
54260331,10.0,0,38,21,0,3.8,1.1,16,2.0,0.0,2.0,1.0,2.0,0.0,2.0,1.0,1.0,1.0,2.0,0.0,2.0,2.0,3.0,6.0,5.0,2.0,1978.0,1.0,5.0,1.0,2.0,9000.0,6.0,1,2,2,2,2,1.0,2.2,1.58,4.0,4.0,3.0,1.0,5.0,5.0,2.0,3.0,1.0,5.0,4.0,2.0,5.0,1.0,5.0,2.0,3.0,1.0,5.0,3.0,5.0,5.0,2.0,1.0,5.0,2.0,4.0,4.0,4.0,4.0,1.0,1.0,1.0,3.0,3.0,4.0,3.0,3.0,3.0,3.0,2.0,3.0,4.0,4.0,6.0,2.0,1.0,5.0,1.0,1.0,3.0,2.0,5.0,5.0,3.0,7,1,2,4,2,4.0,1,2.0,2.0,2.0,4.0,6,9.5,0,17.0,4.0,8.0,6,32.0,0.000232084
54260349,4.0,0,70,38,0,7.6,2.06,29,4.0,1.0,1.0,2.0,4.0,0.0,2.0,1.0,1.0,1.0,4.0,0.0,1.0,1.0,5.5,8.0,4.0,2.0,1970.0,1.0,3.0,2.0,6.0,7000.0,3.0,2,2,1,2,2,1.0,0.0,2.95,2.0,4.0,4.0,5.0,4.0,4.0,4.0,4.0,4.0,5.0,4.0,3.0,4.0,3.0,4.0,2.0,2.0,4.0,4.0,3.0,4.0,3.0,2.0,2.0,4.0,4.0,4.0,3.0,5.0,5.0,2.0,5.0,3.0,4.0,5.0,4.0,3.0,1.0,2.0,5.0,3.0,4.0,4.0,3.0,3.0,3.0,3.0,4.0,3.0,3.0,3.0,3.0,3.0,4.0,3.0,7,1,2,4,2,5.0,2,1.0,2.0,2.0,3.0,6,18.5,0,32.0,5.0,54.0,6,40.0,0.000367986
54260349,1.0,0,39,36,0,4.4,0.28,2,4.0,1.0,1.0,2.0,4.0,0.0,2.0,1.0,1.0,1.0,4.0,0.0,1.0,1.0,5.5,8.0,4.0,2.0,1970.0,1.0,3.0,2.0,6.0,7000.0,3.0,2,2,1,2,2,1.0,0.0,0.4,2.0,4.0,4.0,5.0,4.0,4.0,4.0,4.0,4.0,5.0,4.0,3.0,4.0,3.0,4.0,2.0,2.0,4.0,4.0,3.0,4.0,3.0,2.0,2.0,4.0,4.0,4.0,3.0,5.0,5.0,2.0,5.0,3.0,4.0,5.0,4.0,3.0,1.0,2.0,5.0,3.0,4.0,4.0,3.0,3.0,3.0,3.0,4.0,3.0,3.0,3.0,3.0,3.0,4.0,1.0,7,1,2,4,2,5.0,2,1.0,2.0,2.0,3.0,6,1.6,2,3.0,5.0,20.0,6,40.0,0.000367986
54260349,10.0,0,50,42,0,5.0,0.85,10,4.0,1.0,1.0,2.0,4.0,0.0,2.0,1.0,1.0,1.0,4.0,0.0,1.0,1.0,5.5,8.0,4.0,2.0,1970.0,1.0,3.0,2.0,6.0,7000.0,3.0,2,2,1,2,2,1.0,0.0,1.22,2.0,4.0,4.0,5.0,4.0,4.0,4.0,4.0,4.0,5.0,4.0,3.0,4.0,3.0,4.0,2.0,2.0,4.0,4.0,3.0,4.0,3.0,2.0,2.0,4.0,4.0,4.0,3.0,5.0,5.0,2.0,5.0,3.0,4.0,5.0,4.0,3.0,1.0,2.0,5.0,3.0,4.0,4.0,3.0,3.0,3.0,3.0,4.0,3.0,3.0,3.0,3.0,3.0,4.0,3.0,7,1,2,4,2,5.0,2,1.0,2.0,2.0,3.0,6,10.0,1,8.0,5.0,20.0,6,40.0,0.000367986
54260350,1.0,0,39,36,0,4.4,0.28,2,4.0,1.0,1.0,2.0,4.0,0.0,2.0,1.0,1.0,1.0,4.0,0.0,1.0,1.0,5.5,8.0,4.0,2.0,1970.0,1.0,3.0,2.0,6.0,7000.0,3.0,2,2,1,2,2,1.0,0.0,0.4,2.0,4.0,4.0,5.0,3.0,3.0,4.0,4.0,4.0,5.0,4.0,3.0,4.0,3.0,4.0,2.0,2.0,4.0,4.0,3.0,4.0,3.0,2.0,2.0,4.0,4.0,4.0,3.0,5.0,5.0,2.0,5.0,3.0,4.0,5.0,4.0,3.0,1.0,2.0,5.0,3.0,4.0,4.0,3.0,3.0,3.0,3.0,4.0,3.0,3.0,3.0,3.0,3.0,4.0,1.0,7,1,2,4,2,5.0,2,1.0,2.0,2.0,3.0,6,1.6,2,3.0,5.0,40.0,6,40.0,0.000367986
54260350,1.0,0,39,36,0,4.4,0.28,2,4.0,1.0,1.0,2.0,4.0,0.0,2.0,1.0,1.0,1.0,4.0,0.0,1.0,1.0,5.5,8.0,4.0,2.0,1970.0,1.0,3.0,2.0,6.0,7000.0,3.0,2,2,1,2,2,1.0,0.0,0.4,2.0,4.0,4.0,5.0,3.0,3.0,4.0,4.0,4.0,5.0,4.0,3.0,4.0,3.0,4.0,2.0,2.0,4.0,4.0,3.0,4.0,3.0,2.0,2.0,4.0,4.0,4.0,3.0,5.0,5.0,2.0,5.0,3.0,4.0,5.0,4.0,3.0,1.0,2.0,5.0,3.0,4.0,4.0,3.0,3.0,3.0,3.0,4.0,3.0,3.0,3.0,3.0,3.0,4.0,1.0,7,1,2,4,2,5.0,2,1.0,2.0,2.0,3.0,6,1.6,2,3.0,5.0,20.0,6,40.0,0.000367986
54260373,1.0,2,149,77,3,14.4,2.48,33,1.0,0.0,1.0,0.0,1.0,0.0,0.0,1.0,1.0,2.0,1.0,0.0,2.0,2.0,4.0,3.0,4.0,2.0,1981.0,1.0,1.0,1.0,3.0,7000.0,6.0,2,2,2,2,2,1.0,14.4,3.55,2.0,2.0,4.0,3.0,4.0,5.0,4.0,3.0,1.0,4.0,4.0,2.0,5.0,4.0,3.0,6.0,6.0,1.0,5.0,3.0,5.0,4.0,5.0,4.0,3.0,6.0,4.0,2.0,5.0,3.0,1.0,1.0,4.0,1.0,1.0,5.0,2.0,1.0,1.0,5.0,3.0,5.0,5.0,5.0,2.0,4.0,2.0,5.0,1.0,3.0,2.0,4.0,4.0,4.0,2.0,7,1,2,4,2,4.0,4,3.0,2.0,2.0,3.0,6,25.0,1,69.0,8.0,24.0,6,29.0,0.000232084
54260389,8.0,7,243,43,62,52.4,4.48,60,3.0,1.0,1.0,0.0,3.0,0.0,1.0,1.0,1.0,2.0,3.0,0.0,2.0,2.0,4.5,10.0,3.0,2.0,1967.0,1.0,4.0,2.0,6.0,5000.0,5.0,2,2,2,2,2,1.0,52.4,6.42,1.0,3.0,3.0,2.0,3.0,4.0,2.0,5.0,6.0,5.0,3.0,5.0,3.0,4.0,4.0,3.0,5.0,3.0,1.0,3.0,5.0,2.0,5.0,4.0,3.0,6.0,2.0,4.0,5.0,4.0,1.0,4.0,6.0,1.0,4.0,2.0,4.0,1.0,3.0,5.0,1.0,3.0,4.0,5.0,2.0,5.0,3.0,6.0,3.0,3.0,4.0,4.0,3.0,5.0,3.0,7,1,2,4,2,3.0,3,3.0,2.0,2.0,3.0,6,44.5,1,138.0,3.0,75.0,6,43.0,9.82e-05
54260390,3.0,0,95,43,0,15.2,2.62,34,3.0,1.0,1.0,0.0,4.0,1.0,1.0,1.0,1.0,1.0,4.0,0.0,2.0,2.0,5.0,11.0,4.0,1.0,1962.0,1.0,3.0,1.0,6.0,7000.0,3.0,2,2,2,2,2,1.0,15.2,3.75,6.0,3.0,6.0,1.0,3.0,4.0,4.0,3.0,1.0,4.0,5.0,5.0,5.0,2.0,1.0,6.0,5.0,2.0,6.0,6.0,6.0,3.0,4.0,4.0,4.0,4.0,2.0,4.0,5.0,3.0,3.0,3.0,5.0,4.0,5.0,3.0,5.0,4.0,2.0,3.0,3.0,4.0,2.0,5.0,6.0,6.0,5.0,6.0,6.0,5.0,2.0,5.0,5.0,1.0,3.0,7,1,2,4,2,5.0,4,4.0,3.0,2.0,1.0,6,25.0,0,52.0,5.0,35.5,6,48.0,0.001636675
54260401,4.0,0,37,25,0,3.8,1.16,17,1.0,0.0,0.0,0.0,1.0,0.0,0.0,1.0,2.0,1.0,1.0,0.0,2.0,1.0,3.0,33.0,4.0,2.0,1941.0,1.0,1.0,9.0,6.0,7000.0,3.0,1,2,2,2,2,3.0,2.2,1.66,2.0,2.0,3.0,3.0,3.0,3.0,6.0,3.0,3.0,6.0,6.0,5.0,6.0,2.0,3.0,6.0,4.0,6.0,6.0,6.0,6.0,3.0,6.0,2.0,4.0,3.0,3.0,4.0,6.0,4.0,6.0,3.0,3.0,3.0,6.0,3.0,6.0,1.0,1.0,5.0,2.0,3.0,3.0,4.0,6.0,6.0,3.0,6.0,6.0,3.0,3.0,3.0,3.0,3.0,3.0,7,1,2,4,2,5.0,1,1.0,1.0,2.0,1.0,6,9.5,0,12.0,5.0,35.5,6,69.0,0.000288998
54260409,1.0,5,115,32,10,20.8,3.23,44,4.0,2.0,1.0,0.0,2.0,2.0,1.0,1.0,1.0,2.0,4.0,0.0,2.0,2.0,5.5,1.0,4.0,1.0,1966.0,1.0,3.0,1.0,6.0,7000.0,3.0,2,2,2,2,2,1.0,20.8,4.63,5.0,1.0,4.0,2.0,4.0,5.0,2.0,1.0,4.0,5.0,3.0,5.0,5.0,1.0,5.0,1.0,4.0,4.0,5.0,3.0,5.0,5.0,1.0,2.0,4.0,1.0,5.0,4.0,1.0,1.0,2.0,1.0,2.0,2.0,4.0,1.0,5.0,2.0,2.0,4.0,2.0,3.0,2.0,4.0,4.0,5.0,4.0,5.0,2.0,1.0,4.0,3.0,4.0,5.0,1.0,7,1,2,4,2,4.0,2,3.0,2.0,1.0,4.0,6,36.0,1,73.0,4.0,60.0,6,44.0,0.000409116
54260410,1.0,2,52,24,3,5.6,0.2,2,4.0,2.0,1.0,0.0,2.0,2.0,1.0,1.0,1.0,2.0,4.0,0.0,2.0,2.0,5.5,1.0,4.0,2.0,1969.0,1.0,3.0,2.0,4.0,7000.0,2.0,2,2,2,2,2,2.0,5.6,0.29,5.0,1.0,4.0,2.0,4.0,5.0,5.0,1.0,4.0,5.0,6.0,5.0,5.0,3.0,5.0,2.0,4.0,4.0,5.0,3.0,5.0,5.0,6.0,2.0,4.0,5.0,5.0,4.0,1.0,2.0,4.0,1.0,1.0,2.0,4.0,4.0,2.0,2.0,4.0,4.0,2.0,4.0,1.0,4.0,4.0,2.0,4.0,4.0,2.0,2.0,4.0,4.0,4.0,4.0,1.0,7,1,2,4,2,5.0,2,3.0,1.0,2.0,3.0,6,1.2,2,25.0,4.0,20.0,6,41.0,0.001472131
54260417,1.0,1,48,5,38,2.8,0.54,6,2.0,0.0,2.0,0.0,1.0,0.0,1.0,1.0,1.0,1.0,3.0,2.0,2.0,2.0,4.0,12.0,4.0,2.0,1952.0,1.0,5.0,1.0,3.0,7000.0,3.0,2,2,2,2,2,1.0,2.8,0.77,1.0,6.0,3.0,3.0,3.0,6.0,5.0,6.0,3.0,2.0,4.0,5.0,5.0,3.0,5.0,4.0,4.0,1.0,4.0,3.0,4.0,5.0,4.0,3.0,4.0,4.0,5.0,4.0,4.0,4.0,4.0,4.0,5.0,3.0,5.0,3.0,5.0,2.0,2.0,5.0,6.0,5.0,4.0,5.0,5.0,6.0,6.0,3.0,3.0,6.0,4.0,3.0,6.0,4.0,1.0,7,1,2,4,2,5.0,1,3.0,2.0,2.0,2.0,6,6.0,1,5.0,5.0,10.0,6,58.0,0.000367986
54260483,9.0,2,98,31,3,7.6,1.48,21,4.0,2.0,1.0,0.0,4.0,2.0,1.0,1.0,1.0,1.0,2.0,1.0,1.0,1.0,6.0,6.0,4.0,2.0,1973.0,1.0,3.0,6.0,8.0,7000.0,3.0,1,2,2,2,2,1.0,3.8,2.12,3.0,4.0,2.0,1.0,4.0,5.0,6.0,2.0,3.0,5.0,3.0,1.0,5.0,3.0,5.0,4.0,4.0,2.0,5.0,4.0,3.0,5.0,3.0,4.0,2.0,1.0,2.0,5.0,5.0,2.0,1.0,1.0,3.0,3.0,4.0,2.0,4.0,1.0,2.0,5.0,2.0,4.0,5.0,5.0,6.0,2.0,1.0,5.0,1.0,1.0,1.0,2.0,3.0,2.0,3.0,7,1,2,4,2,5.0,2,4.0,2.0,2.0,3.0,6,15.0,1,64.0,4.0,30.0,6,37.0,0.00087004
54260556,1.0,4,137,46,7,28.8,6.67,81,4.0,2.0,1.0,0.0,2.0,2.0,1.0,1.0,1.0,1.0,1.0,0.0,2.0,2.0,4.0,0.0,4.0,2.0,1969.0,1.0,3.0,2.0,6.0,10807.0,7.0,1,1,2,2,1,1.0,14.4,9.56,6.0,2.0,3.0,3.0,4.0,5.0,4.0,3.0,4.0,5.0,2.0,5.0,4.0,1.0,5.0,1.0,2.0,2.0,6.0,2.0,6.0,2.0,4.0,2.0,4.0,4.0,5.0,1.0,5.0,5.0,2.0,5.0,4.0,1.0,4.0,2.0,2.0,1.0,1.0,5.0,1.0,1.0,1.0,5.0,5.0,3.0,1.0,3.0,1.0,3.0,2.0,4.0,4.0,3.0,1.0,7,1,2,4,2,4.0,2,4.0,1.0,1.0,2.0,6,66.0,0,84.0,5.0,120.0,6,41.0,0.000144039
54260567,2.0,9,271,84,46,37.4,10.36,108,2.0,0.0,3.0,0.0,3.0,0.0,2.0,1.0,1.0,1.0,2.0,0.0,1.0,1.0,5.0,1.0,4.0,1.0,1963.0,1.0,2.0,1.0,6.0,9035.0,6.0,2,2,2,2,2,1.0,37.4,14.85,2.0,2.0,1.0,2.0,2.0,4.0,3.0,4.0,1.0,5.0,2.0,2.0,4.0,4.0,4.0,6.0,4.0,4.0,5.0,2.0,4.0,4.0,6.0,5.0,1.0,6.0,4.0,2.0,5.0,3.0,1.0,1.0,4.0,1.0,4.0,1.0,3.0,1.0,3.0,4.0,2.0,3.0,3.0,4.0,5.0,3.0,2.0,2.0,1.0,5.0,2.0,4.0,4.0,3.0,2.0,7,1,2,4,2,5.0,4,3.0,1.0,2.0,4.0,6,104.0,1,141.0,5.0,155.0,6,47.0,0.000109132
54260611,1.0,4,243,82,36,41.2,10.97,102,2.0,0.0,2.0,0.0,1.0,0.0,3.0,1.0,1.0,2.0,2.0,1.0,2.0,2.0,4.0,2.0,3.0,1.0,1975.0,1.0,2.0,1.0,8.0,5000.0,3.0,1,2,2,2,2,1.0,20.6,15.72,1.0,1.0,4.0,5.0,1.0,3.0,5.0,3.0,3.0,3.0,3.0,5.0,5.0,5.0,3.0,6.0,5.0,3.0,5.0,5.0,3.0,5.0,5.0,4.0,2.0,6.0,5.0,2.0,4.0,3.0,3.0,6.0,6.0,1.0,1.0,3.0,3.0,1.0,1.0,5.0,3.0,3.0,3.0,4.0,1.0,3.0,3.0,3.0,1.0,3.0,3.0,3.0,4.0,3.0,1.0,7,1,2,4,2,5.0,2,4.0,2.0,2.0,4.0,6,114.0,1,125.0,5.0,110.0,6,35.0,0.000967286
54260612,1.0,4,200,59,54,30.0,2.16,30,2.0,0.0,2.0,0.0,1.0,0.0,3.0,1.0,1.0,2.0,2.0,1.0,2.0,2.0,4.5,2.0,3.0,1.0,1975.0,1.0,2.0,1.0,8.0,5000.0,3.0,1,2,2,2,2,1.0,15.0,3.1,1.0,1.0,4.0,5.0,1.0,3.0,5.0,3.0,3.0,3.0,3.0,5.0,5.0,5.0,3.0,6.0,5.0,3.0,5.0,5.0,3.0,5.0,5.0,4.0,2.0,6.0,5.0,2.0,4.0,3.0,3.0,6.0,6.0,1.0,1.0,3.0,3.0,1.0,1.0,5.0,3.0,3.0,3.0,4.0,1.0,3.0,3.0,3.0,1.0,3.0,3.0,3.0,4.0,3.0,2.0,7,1,2,4,2,5.0,2,4.0,2.0,2.0,4.0,6,24.0,1,87.0,5.0,40.0,6,35.0,0.000967286
54260695,7.0,8,378,78,70,101.6,26.17,196,3.0,1.0,1.0,0.0,3.0,1.0,1.0,1.0,1.0,1.0,3.0,0.0,1.0,1.0,5.0,2.0,5.0,1.0,1961.0,1.0,3.0,1.0,6.0,9000.0,3.0,1,2,2,2,2,1.0,50.8,37.5,4.0,5.0,2.0,2.0,3.0,4.0,4.0,1.0,3.0,5.0,4.0,2.0,4.0,4.0,5.0,1.0,4.0,1.0,5.0,2.0,5.0,3.0,4.0,2.0,4.0,4.0,2.0,2.0,4.0,4.0,1.0,1.0,1.0,1.0,4.0,4.0,3.0,1.0,2.0,4.0,2.0,2.0,3.0,3.0,2.0,3.0,2.0,4.0,2.0,2.0,2.0,4.0,4.0,4.0,3.0,7,1,2,4,2,5.0,3,1.0,4.0,3.0,3.0,6,279.5,1,230.0,4.0,210.0,6,49.0,0.000409116
54260731,4.0,2,66,12,11,10.6,2.83,34,4.0,0.0,0.0,0.0,3.0,0.0,3.0,2.0,1.0,2.0,4.0,1.0,2.0,2.0,4.5,3.0,3.0,1.0,1957.0,1.0,3.0,1.0,2.0,5000.0,3.0,2,2,1,2,2,3.0,0.0,4.06,5.0,4.0,2.0,2.0,4.0,5.0,3.0,2.0,3.0,5.0,4.0,4.0,4.0,4.0,3.0,2.0,4.0,1.0,6.0,6.0,6.0,3.0,2.0,2.0,4.0,4.0,3.0,1.0,5.0,5.0,1.0,4.0,4.0,4.0,4.0,3.0,4.0,2.0,4.0,2.0,4.0,3.0,4.0,4.0,2.0,3.0,3.0,4.0,2.0,3.0,3.0,4.0,4.0,4.0,3.0,7,1,2,4,2,5.0,1,1.0,2.0,3.0,1.0,6,32.0,0,43.0,4.0,35.5,6,53.0,0.000409116
54260732,9.0,2,120,34,16,20.8,4.24,55,4.0,0.0,0.0,0.0,3.0,0.0,3.0,2.0,1.0,2.0,4.0,1.0,2.0,2.0,4.5,3.0,3.0,1.0,1957.0,1.0,3.0,1.0,2.0,5000.0,3.0,2,2,1,2,2,3.0,0.0,6.08,5.0,4.0,2.0,2.0,4.0,5.0,3.0,2.0,3.0,5.0,4.0,4.0,4.0,4.0,3.0,2.0,4.0,1.0,6.0,6.0,6.0,3.0,2.0,2.0,4.0,4.0,3.0,1.0,5.0,5.0,1.0,4.0,4.0,4.0,4.0,3.0,4.0,2.0,4.0,2.0,4.0,3.0,4.0,4.0,2.0,3.0,3.0,4.0,2.0,3.0,3.0,4.0,4.0,4.0,3.0,7,1,2,4,2,5.0,2,1.0,2.0,3.0,1.0,6,41.0,0,70.0,4.0,253.0,6,53.0,0.000409116
54260750,1.0,10,546,124,93,104.8,26.7,234,1.0,0.0,2.0,1.0,0.0,0.0,1.0,1.0,1.0,2.0,1.0,0.0,2.0,2.0,2.5,3.0,3.0,1.0,1967.0,1.0,1.0,1.0,6.0,5000.0,3.0,2,2,2,2,2,1.0,104.8,38.26,6.0,1.0,3.0,2.0,3.0,4.0,4.0,3.0,3.0,5.0,3.0,3.0,5.0,2.0,4.0,3.0,5.0,4.0,5.0,4.0,3.0,4.0,5.0,3.0,1.0,1.0,4.0,1.0,1.0,1.0,1.0,3.0,3.0,3.0,3.0,3.0,4.0,1.0,2.0,5.0,3.0,5.0,4.0,3.0,3.0,4.0,4.0,2.0,3.0,3.0,5.0,4.0,4.0,4.0,3.0,7,1,2,4,2,4.0,5,4.0,1.0,2.0,4.0,6,289.0,1,329.0,5.0,265.0,6,43.0,0.000409116
54260756,1.0,0,20,14,0,3.8,7.74,61,3.0,0.0,2.0,1.0,4.0,0.0,3.0,2.0,1.0,1.0,3.0,1.0,2.0,2.0,5.0,3.0,4.0,1.0,1958.0,1.0,3.0,1.0,5.0,7000.0,3.0,1,2,2,2,2,1.0,2.2,11.09,2.0,4.0,4.0,2.0,4.0,5.0,5.0,1.0,4.0,3.0,6.0,4.0,4.0,1.0,5.0,1.0,5.0,1.0,3.0,4.0,1.0,5.0,6.0,2.0,5.0,5.0,5.0,1.0,5.0,5.0,1.0,6.0,6.0,4.0,5.0,5.0,3.0,1.0,2.0,5.0,2.0,4.0,4.0,2.0,4.0,6.0,1.0,4.0,3.0,2.0,6.0,4.0,5.0,4.0,1.0,7,1,2,4,2,3.0,1,3.0,2.0,2.0,4.0,6,83.0,1,6.0,2.0,7.0,6,52.0,0.000409116
54260792,6.0,4,152,58,16,11.2,2.21,32,2.0,0.0,1.0,0.0,0.0,0.0,1.0,1.0,1.0,1.0,2.0,0.0,1.0,1.0,5.0,45.0,5.0,1.0,1936.0,1.0,2.0,9.0,6.0,9000.0,3.0,2,2,2,2,2,1.0,11.2,3.17,6.0,3.0,4.0,3.0,3.0,4.0,6.0,6.0,6.0,4.0,6.0,3.0,4.0,6.0,4.0,4.0,4.0,3.0,4.0,4.0,4.0,2.0,4.0,6.0,6.0,6.0,4.0,6.0,6.0,6.0,6.0,6.0,6.0,2.0,6.0,4.0,2.0,2.0,2.0,5.0,4.0,2.0,4.0,4.0,6.0,4.0,2.0,5.0,6.0,4.0,6.0,6.0,4.0,4.0,3.0,7,1,2,4,2,6.0,2,1.0,2.0,2.0,3.0,6,22.0,1,78.0,4.0,30.0,6,74.0,0.0003213
54260870,4.0,4,134,34,20,27.8,5.16,71,2.0,0.0,2.0,0.0,0.0,0.0,1.0,2.0,1.0,1.0,2.0,0.0,1.0,1.0,5.0,30.0,3.0,1.0,1939.0,1.0,2.0,9.0,2.0,5000.0,8.0,2,2,1,2,2,1.0,0.0,7.39,1.0,5.0,2.0,3.0,4.0,4.0,6.0,1.0,3.0,5.0,5.0,2.0,4.0,2.0,5.0,3.0,4.0,1.0,4.0,2.0,5.0,3.0,2.0,1.0,5.0,5.0,1.0,2.0,5.0,5.0,2.0,4.0,4.0,2.0,4.0,2.0,3.0,3.0,4.0,4.0,1.0,4.0,3.0,4.0,6.0,3.0,2.0,5.0,1.0,3.0,5.0,2.0,3.0,4.0,3.0,7,1,2,4,2,4.0,3,1.0,2.0,1.0,4.0,6,51.0,0,80.0,3.0,84.0,6,71.0,0.000125765
54260870,9.0,4,158,47,17,33.2,6.39,72,2.0,0.0,2.0,0.0,0.0,0.0,1.0,2.0,1.0,1.0,2.0,0.0,1.0,1.0,5.0,30.0,3.0,1.0,1939.0,1.0,2.0,9.0,2.0,5000.0,8.0,2,2,1,2,2,1.0,0.0,9.16,1.0,5.0,2.0,3.0,4.0,4.0,6.0,1.0,3.0,5.0,5.0,2.0,4.0,2.0,5.0,3.0,4.0,1.0,4.0,2.0,5.0,3.0,2.0,1.0,5.0,5.0,1.0,2.0,5.0,5.0,2.0,4.0,4.0,2.0,4.0,2.0,3.0,3.0,4.0,4.0,1.0,4.0,3.0,4.0,6.0,3.0,2.0,5.0,1.0,3.0,5.0,2.0,3.0,4.0,3.0,7,1,2,4,2,4.0,2,1.0,2.0,1.0,4.0,6,63.0,0,94.0,3.0,119.0,6,71.0,0.000125765
54260888,9.0,2,87,56,0,7.6,2.2,30,3.0,0.0,2.0,0.0,3.0,0.0,2.0,2.0,1.0,1.0,3.0,1.0,1.0,1.0,5.0,8.0,4.0,1.0,1962.0,1.0,6.0,8.0,8.0,7384.0,3.0,1,1,2,2,2,1.0,3.8,3.15,2.0,4.0,3.0,2.0,4.0,5.0,4.0,3.0,3.0,5.0,4.0,5.0,4.0,2.0,4.0,6.0,4.0,1.0,5.0,4.0,4.0,4.0,4.0,2.0,4.0,4.0,4.0,2.0,4.0,4.0,1.0,4.0,3.0,2.0,4.0,4.0,3.0,1.0,2.0,5.0,2.0,2.0,4.0,4.0,3.0,3.0,2.0,5.0,2.0,3.0,2.0,4.0,4.0,4.0,3.0,7,1,2,4,2,5.0,2,3.0,3.0,2.0,1.0,6,22.0,1,31.0,4.0,90.0,6,48.0,0.000409116
54260889,4.0,0,25,20,0,3.8,0.4,5,3.0,0.0,2.0,0.0,3.0,0.0,2.0,2.0,1.0,1.0,3.0,1.0,1.0,1.0,5.0,8.0,6.0,2.0,1961.0,1.0,3.0,2.0,6.0,15000.0,3.0,2,2,2,2,2,1.0,3.8,0.57,4.0,5.0,3.0,2.0,3.0,4.0,3.0,1.0,3.0,2.0,2.0,2.0,4.0,1.0,3.0,1.0,4.0,1.0,5.0,2.0,3.0,4.0,4.0,3.0,2.0,2.0,4.0,3.0,5.0,4.0,3.0,1.0,1.0,3.0,4.0,3.0,2.0,3.0,3.0,3.0,4.0,1.0,4.0,3.0,1.0,1.0,1.0,4.0,2.0,1.0,4.0,2.0,4.0,3.0,3.0,7,1,2,4,2,3.0,1,3.0,2.0,3.0,3.0,6,4.0,1,5.0,4.0,5.0,6,49.0,0.000367986
54260889,10.0,2,97,31,9,11.8,2.45,30,3.0,0.0,2.0,0.0,3.0,0.0,2.0,2.0,1.0,1.0,3.0,1.0,1.0,1.0,5.0,8.0,6.0,2.0,1961.0,1.0,3.0,2.0,6.0,15000.0,3.0,2,2,2,2,2,1.0,11.8,3.51,4.0,5.0,3.0,2.0,3.0,4.0,3.0,1.0,3.0,2.0,2.0,2.0,4.0,1.0,3.0,1.0,4.0,1.0,5.0,2.0,3.0,4.0,4.0,3.0,2.0,2.0,4.0,3.0,5.0,4.0,3.0,1.0,1.0,3.0,4.0,3.0,2.0,3.0,3.0,3.0,4.0,1.0,4.0,3.0,1.0,1.0,1.0,4.0,2.0,1.0,4.0,2.0,4.0,3.0,3.0,7,1,2,4,2,3.0,1,3.0,2.0,3.0,3.0,6,26.0,1,57.0,4.0,40.0,6,49.0,0.000367986
54260897,1.0,2,117,42,8,25.2,5.65,68,2.0,0.0,2.0,0.0,2.0,0.0,2.0,2.0,1.0,1.0,3.0,1.0,2.0,2.0,5.0,3.0,6.0,1.0,1972.0,1.0,2.0,1.0,6.0,15000.0,6.0,2,2,2,2,2,1.0,25.2,8.1,1.0,3.0,2.0,3.0,2.0,4.0,3.0,1.0,3.0,5.0,2.0,1.0,5.0,1.0,3.0,6.0,5.0,4.0,5.0,5.0,4.0,4.0,6.0,1.0,5.0,6.0,4.0,1.0,5.0,3.0,1.0,6.0,6.0,3.0,3.0,2.0,2.0,3.0,3.0,3.0,4.0,1.0,5.0,4.0,4.0,3.0,2.0,4.0,3.0,3.0,2.0,4.0,5.0,4.0,1.0,7,1,2,4,2,2.0,2,4.0,2.0,2.0,3.0,6,62.0,0,67.0,5.0,125.0,6,38.0,0.000258025
54260925,10.0,4,133,43,23,16.8,3.46,48,4.0,2.0,2.0,0.0,3.0,1.0,3.0,1.0,1.0,1.0,3.0,2.0,1.0,1.0,5.5,3.0,5.0,2.0,1972.0,1.0,3.0,2.0,6.0,9000.0,6.0,2,2,2,2,2,1.0,16.8,4.96,2.0,5.0,2.0,2.0,5.0,5.0,2.0,4.0,2.0,5.0,4.0,5.0,5.0,2.0,4.0,5.0,4.0,3.0,4.0,2.0,1.0,4.0,3.0,6.0,2.0,2.0,2.0,3.0,5.0,2.0,3.0,1.0,4.0,2.0,4.0,2.0,5.0,1.0,4.0,4.0,1.0,4.0,5.0,4.0,4.0,4.0,3.0,4.0,5.0,3.0,2.0,4.0,4.0,3.0,3.0,7,1,2,4,2,4.0,2,3.0,2.0,2.0,3.0,6,38.0,1,67.0,5.0,65.0,6,38.0,0.000232084
54260956,1.0,0,34,22,0,3.8,1.12,16,4.0,1.0,1.0,1.0,4.0,2.0,2.0,1.0,1.0,1.0,2.0,0.0,1.0,1.0,5.0,13.0,4.0,2.0,1965.0,1.0,3.0,1.0,6.0,7000.0,2.0,1,2,2,2,2,2.0,2.2,1.6,2.0,4.0,6.0,3.0,6.0,5.0,5.0,6.0,4.0,5.0,6.0,4.0,4.0,1.0,5.0,1.0,5.0,3.0,6.0,2.0,3.0,2.0,3.0,2.0,4.0,5.0,2.0,2.0,4.0,4.0,1.0,3.0,3.0,4.0,4.0,3.0,3.0,2.0,2.0,5.0,1.0,3.0,5.0,3.0,3.0,3.0,1.0,5.0,2.0,2.0,4.0,4.0,2.0,5.0,1.0,7,1,2,4,2,2.0,1,2.0,2.0,2.0,3.0,6,9.0,0,12.0,4.0,21.0,6,45.0,0.001472131
54261011,1.0,4,121,42,11,20.0,4.62,58,3.0,1.0,2.0,0.0,3.0,1.0,1.0,1.0,1.0,1.0,2.0,0.0,1.0,1.0,5.5,5.0,4.0,1.0,1972.0,1.0,3.0,1.0,6.0,7000.0,3.0,2,2,2,2,2,1.0,20.0,6.62,5.0,4.0,2.0,1.0,5.0,5.0,2.0,4.0,4.0,5.0,2.0,1.0,5.0,2.0,4.0,3.0,4.0,2.0,5.0,4.0,4.0,4.0,3.0,4.0,1.0,1.0,4.0,4.0,4.0,2.0,2.0,6.0,4.0,4.0,2.0,2.0,3.0,1.0,1.0,4.0,1.0,4.0,4.0,4.0,2.0,4.0,2.0,5.0,1.0,1.0,2.0,3.0,2.0,4.0,1.0,7,1,2,4,2,4.0,2,4.0,1.0,2.0,4.0,6,52.0,1,68.0,5.0,69.0,6,38.0,0.000967286
54261040,10.0,0,51,32,0,7.6,1.26,16,2.0,0.0,2.0,0.0,2.0,0.0,2.0,1.0,1.0,2.0,2.0,0.0,1.0,1.0,5.5,6.0,5.0,1.0,1956.0,1.0,2.0,1.0,6.0,9000.0,3.0,1,2,2,2,2,1.0,3.8,1.81,5.0,2.0,2.0,3.0,3.0,5.0,4.0,3.0,5.0,5.0,5.0,1.0,4.0,4.0,2.0,3.0,2.0,1.0,4.0,3.0,5.0,3.0,4.0,5.0,1.0,1.0,3.0,5.0,5.0,4.0,1.0,3.0,3.0,2.0,4.0,2.0,3.0,1.0,1.0,5.0,4.0,2.0,4.0,4.0,3.0,4.0,1.0,5.0,2.0,2.0,4.0,3.0,3.0,4.0,3.0,7,1,2,4,2,5.0,2,2.0,2.0,2.0,1.0,6,14.0,1,19.0,4.0,30.0,6,54.0,0.000409116
54261041,1.0,0,34,19,0,3.8,0.94,13,2.0,0.0,2.0,0.0,2.0,0.0,2.0,1.0,1.0,2.0,2.0,0.0,1.0,1.0,5.5,6.0,5.0,2.0,1958.0,1.0,2.0,1.0,6.0,9000.0,3.0,1,2,2,2,2,1.0,2.2,1.35,5.0,2.0,2.0,5.0,3.0,5.0,5.0,3.0,2.0,5.0,4.0,2.0,4.0,4.0,2.0,3.0,4.0,2.0,4.0,2.0,3.0,3.0,4.0,4.0,1.0,2.0,3.0,5.0,5.0,2.0,1.0,1.0,3.0,3.0,5.0,2.0,4.0,1.0,1.0,5.0,3.0,2.0,4.0,3.0,3.0,4.0,1.0,4.0,2.0,4.0,3.0,3.0,4.0,4.0,1.0,7,1,2,4,2,5.0,1,3.0,2.0,2.0,1.0,6,10.0,1,15.0,5.0,15.0,6,52.0,0.000367986
54261110,7.0,0,36,14,0,3.8,0.94,13,2.0,0.0,1.0,0.0,0.0,0.0,2.0,2.0,1.0,1.0,2.0,0.0,1.0,1.0,5.0,13.0,4.0,2.0,1939.0,1.0,2.0,9.0,8.0,6101.0,2.0,1,2,2,2,2,2.0,2.2,1.35,3.0,2.0,4.0,4.0,3.0,4.0,6.0,6.0,3.0,6.0,4.0,4.0,4.0,3.0,4.0,6.0,4.0,6.0,6.0,6.0,6.0,4.0,4.0,2.0,4.0,3.0,4.0,6.0,4.0,4.0,6.0,4.0,3.0,3.0,5.0,6.0,6.0,2.0,2.0,5.0,3.0,4.0,4.0,4.0,6.0,6.0,6.0,4.0,6.0,3.0,4.0,6.0,4.0,4.0,3.0,7,1,2,4,2,5.0,1,1.0,2.0,2.0,4.0,6,8.5,0,22.0,4.0,35.5,6,71.0,0.00115614
54261111,1.0,3,78,21,16,14.8,2.84,34,2.0,0.0,1.0,0.0,0.0,0.0,2.0,2.0,1.0,1.0,1.0,0.0,1.0,1.0,5.0,14.0,4.0,1.0,1946.0,1.0,2.0,1.0,6.0,7000.0,3.0,2,2,2,2,2,1.0,14.8,4.07,2.0,3.0,4.0,2.0,1.0,5.0,3.0,6.0,1.0,5.0,4.0,5.0,5.0,2.0,4.0,6.0,4.0,3.0,5.0,4.0,3.0,3.0,2.0,4.0,3.0,2.0,3.0,3.0,5.0,2.0,6.0,6.0,6.0,3.0,5.0,2.0,3.0,1.0,4.0,5.0,4.0,3.0,5.0,4.0,2.0,1.0,3.0,2.0,3.0,3.0,4.0,4.0,4.0,3.0,1.0,7,1,2,4,2,5.0,1,1.0,2.0,2.0,4.0,6,31.0,1,41.0,4.0,35.5,6,64.0,0.000109132
54261138,1.0,2,86,28,14,7.6,2.12,30,3.0,0.0,2.0,0.0,1.0,0.0,2.0,3.0,1.0,1.0,3.0,0.0,1.0,1.0,5.5,21.0,6.0,2.0,1958.0,1.0,3.0,2.0,6.0,15000.0,3.0,2,2,2,2,2,1.0,7.6,3.04,4.0,4.0,3.0,2.0,3.0,4.0,5.0,2.0,2.0,5.0,2.0,2.0,4.0,2.0,3.0,1.0,5.0,1.0,5.0,4.0,5.0,5.0,5.0,2.0,4.0,2.0,5.0,3.0,5.0,3.0,1.0,4.0,3.0,2.0,2.0,4.0,3.0,1.0,1.0,5.0,3.0,2.0,5.0,5.0,4.0,1.0,1.0,5.0,2.0,1.0,3.0,2.0,2.0,2.0,1.0,7,1,2,4,2,5.0,2,1.0,2.0,1.0,4.0,6,19.0,1,44.0,3.0,40.0,6,52.0,0.000367986
54261139,1.0,1,93,52,6,7.6,2.12,30,2.0,0.0,1.0,0.0,2.0,0.0,2.0,1.0,1.0,1.0,2.0,0.0,1.0,1.0,5.0,11.0,4.0,1.0,1962.0,1.0,3.0,1.0,6.0,7000.0,3.0,2,2,2,2,2,1.0,7.6,3.04,2.0,4.0,3.0,2.0,4.0,5.0,4.0,3.0,3.0,5.0,4.0,5.0,4.0,2.0,4.0,6.0,4.0,1.0,5.0,4.0,4.0,4.0,4.0,2.0,4.0,4.0,4.0,2.0,4.0,4.0,1.0,4.0,3.0,2.0,4.0,4.0,3.0,1.0,2.0,5.0,2.0,2.0,4.0,4.0,3.0,3.0,2.0,5.0,2.0,3.0,2.0,4.0,4.0,4.0,1.0,7,1,2,4,2,5.0,2,3.0,2.0,2.0,3.0,6,19.0,1,35.0,4.0,40.0,6,48.0,0.000109132
54261190,4.0,2,108,28,24,11.0,3.15,33,3.0,0.0,2.0,1.0,2.0,0.0,3.0,2.0,1.0,1.0,3.0,0.0,1.0,1.0,5.0,30.0,4.0,1.0,1951.0,1.0,3.0,1.0,6.0,7000.0,3.0,2,2,2,2,2,1.0,11.0,4.51,1.0,3.0,4.0,3.0,2.0,3.0,4.0,3.0,3.0,4.0,4.0,5.0,5.0,4.0,4.0,4.0,5.0,2.0,5.0,5.0,4.0,5.0,2.0,2.0,4.0,1.0,4.0,1.0,3.0,2.0,1.0,1.0,1.0,1.0,4.0,2.0,2.0,1.0,1.0,5.0,2.0,3.0,4.0,5.0,4.0,2.0,1.0,5.0,3.0,3.0,2.0,3.0,3.0,2.0,3.0,7,1,2,4,2,5.0,1,4.0,2.0,2.0,1.0,6,33.0,1,56.0,5.0,30.0,6,59.0,0.000409116
54261209,9.0,0,75,40,0,10.4,1.89,27,5.0,3.0,1.0,1.0,6.0,4.0,1.0,0.0,2.0,2.0,0.0,0.0,2.0,1.0,5.0,9.0,4.0,2.0,1973.0,1.0,3.0,6.0,6.0,7000.0,3.0,1,2,2,2,2,2.0,5.2,2.71,5.0,3.0,2.0,1.0,3.0,5.0,6.0,6.0,2.0,5.0,5.0,3.0,4.0,1.0,5.0,3.0,3.0,1.0,3.0,2.0,5.0,2.0,3.0,2.0,3.0,4.0,1.0,3.0,2.0,5.0,2.0,2.0,5.0,2.0,4.0,3.0,2.0,1.0,2.0,4.0,3.0,1.0,4.0,2.0,6.0,3.0,1.0,5.0,2.0,2.0,3.0,3.0,3.0,4.0,3.0,7,1,2,4,2,4.0,3,3.0,1.0,3.0,4.0,6,17.3,0,35.0,5.0,125.0,6,37.0,0.00087004
54261292,1.0,1,43,19,5,3.8,1.02,15,4.0,2.0,2.0,0.0,4.0,2.0,2.0,2.0,1.0,1.0,4.0,1.0,1.0,2.0,5.5,12.0,4.0,2.0,1967.0,1.0,3.0,2.0,6.0,7000.0,4.0,2,2,2,2,2,1.0,3.8,1.46,2.0,3.0,4.0,4.0,3.0,4.0,4.0,2.0,3.0,4.0,3.0,4.0,5.0,5.0,3.0,2.0,5.0,1.0,3.0,2.0,4.0,4.0,2.0,2.0,4.0,3.0,2.0,2.0,4.0,3.0,1.0,3.0,4.0,2.0,2.0,4.0,2.0,1.0,1.0,5.0,2.0,2.0,5.0,5.0,3.0,3.0,1.0,5.0,2.0,2.0,2.0,4.0,3.0,4.0,1.0,7,1,2,4,2,3.0,1,3.0,2.0,2.0,2.0,6,9.0,1,19.0,3.0,15.0,6,43.0,9.82e-05
54261326,10.0,5,205,41,46,56.2,13.53,104,4.0,2.0,1.0,0.0,5.0,1.0,1.0,0.0,1.0,1.0,5.0,1.0,1.0,1.0,6.0,10.0,4.0,2.0,1967.0,1.0,3.0,2.0,4.0,7000.0,3.0,1,2,2,2,2,1.0,28.1,19.39,5.0,3.0,1.0,3.0,4.0,4.0,2.0,6.0,6.0,5.0,5.0,1.0,4.0,2.0,5.0,1.0,2.0,1.0,3.0,2.0,3.0,2.0,2.0,2.0,4.0,3.0,6.0,1.0,5.0,4.0,1.0,4.0,3.0,3.0,5.0,4.0,1.0,1.0,1.0,5.0,3.0,4.0,1.0,3.0,6.0,4.0,2.0,5.0,3.0,3.0,4.0,2.0,4.0,5.0,3.0,7,1,2,4,2,4.0,2,2.0,3.0,3.0,1.0,6,146.0,0,118.0,5.0,189.0,6,43.0,0.000367986
54261327,4.0,0,59,30,0,7.6,1.92,26,4.0,2.0,1.0,0.0,5.0,1.0,1.0,0.0,1.0,1.0,5.0,1.0,1.0,1.0,6.0,10.0,4.0,2.0,1967.0,1.0,3.0,2.0,4.0,7000.0,3.0,1,2,2,2,2,1.0,3.8,2.75,5.0,3.0,1.0,3.0,4.0,4.0,2.0,6.0,6.0,5.0,5.0,1.0,4.0,1.0,5.0,1.0,2.0,1.0,3.0,2.0,3.0,2.0,2.0,2.0,4.0,3.0,6.0,1.0,5.0,4.0,1.0,4.0,3.0,3.0,5.0,4.0,1.0,1.0,1.0,5.0,3.0,4.0,1.0,3.0,6.0,4.0,2.0,5.0,3.0,3.0,4.0,2.0,5.0,5.0,3.0,7,1,2,4,2,4.0,2,2.0,3.0,3.0,1.0,6,20.0,0,29.0,5.0,29.0,6,43.0,0.000367986
54261364,9.0,0,19,9,0,3.8,0.88,12,6.0,1.0,2.0,2.0,6.0,0.0,4.0,1.0,1.0,1.0,6.0,1.0,1.0,1.0,8.0,53.0,6.0,1.0,1956.0,1.0,3.0,1.0,3.0,15000.0,6.0,1,2,2,2,2,1.0,2.2,1.26,5.0,3.0,1.0,1.0,3.0,5.0,3.0,3.0,5.0,5.0,1.0,1.0,1.0,1.0,5.0,2.0,4.0,1.0,5.0,3.0,5.0,1.0,1.0,3.0,5.0,2.0,4.0,1.0,5.0,3.0,1.0,4.0,3.0,3.0,5.0,5.0,1.0,3.0,3.0,5.0,3.0,3.0,3.0,3.0,3.0,3.0,3.0,4.0,1.0,3.0,1.0,2.0,5.0,3.0,3.0,7,1,2,4,2,5.0,1,1.0,2.0,4.0,4.0,6,8.0,0,10.0,5.0,20.0,6,54.0,0.000109132
54261364,7.0,1,63,22,1,5.6,0.9,13,6.0,1.0,2.0,2.0,6.0,0.0,4.0,1.0,1.0,1.0,6.0,1.0,1.0,1.0,8.0,53.0,6.0,1.0,1956.0,1.0,3.0,1.0,3.0,15000.0,6.0,1,2,2,2,2,1.0,2.8,1.29,5.0,3.0,1.0,1.0,3.0,5.0,3.0,3.0,5.0,5.0,1.0,1.0,1.0,1.0,5.0,2.0,4.0,1.0,5.0,3.0,5.0,1.0,1.0,3.0,5.0,2.0,4.0,1.0,5.0,3.0,1.0,4.0,3.0,3.0,5.0,5.0,1.0,3.0,3.0,5.0,3.0,3.0,3.0,3.0,3.0,3.0,3.0,4.0,1.0,3.0,1.0,2.0,5.0,3.0,3.0,7,1,2,4,2,5.0,1,1.0,2.0,4.0,4.0,6,9.0,1,40.0,5.0,17.0,6,54.0,0.000109132
54261408,1.0,5,170,54,26,26.2,6.22,69,2.0,0.0,1.0,0.0,3.0,0.0,2.0,0.0,1.0,1.0,1.0,0.0,1.0,1.0,4.5,12.0,5.0,1.0,1958.0,1.0,4.0,1.0,6.0,9000.0,3.0,1,2,2,2,2,1.0,13.1,8.91,2.0,4.0,2.0,2.0,2.0,2.0,4.0,4.0,3.0,3.0,4.0,2.0,4.0,3.0,4.0,3.0,5.0,1.0,5.0,2.0,4.0,3.0,2.0,6.0,6.0,6.0,2.0,2.0,5.0,1.0,1.0,6.0,6.0,1.0,1.0,3.0,2.0,1.0,1.0,5.0,1.0,3.0,4.0,4.0,1.0,1.0,1.0,5.0,3.0,3.0,2.0,2.0,4.0,4.0,1.0,7,1,2,4,2,6.0,2,2.0,1.0,2.0,3.0,6,60.0,1,90.0,5.0,70.0,6,52.0,0.000409116
54261409,1.0,0,99,74,0,7.6,1.83,28,2.0,0.0,1.0,0.0,3.0,0.0,2.0,1.0,1.0,1.0,3.0,1.0,1.0,2.0,4.0,13.0,1.0,2.0,1990.0,1.0,6.0,8.0,6.0,2000.0,3.0,1,1,2,2,2,2.0,3.8,2.62,1.0,2.0,4.0,3.0,3.0,5.0,2.0,2.0,3.0,5.0,3.0,5.0,2.0,5.0,2.0,6.0,5.0,1.0,5.0,2.0,5.0,5.0,3.0,1.0,5.0,4.0,2.0,3.0,4.0,5.0,1.0,4.0,2.0,3.0,5.0,2.0,3.0,1.0,4.0,4.0,1.0,4.0,2.0,5.0,3.0,1.0,1.0,5.0,1.0,3.0,1.0,4.0,3.0,4.0,3.0,7,1,2,4,2,5.0,4,3.0,2.0,3.0,4.0,6,16.4,0,25.0,5.0,61.0,6,20.0,0.00087004
54261413,1.0,0,71,40,0,7.6,2.09,30,3.0,0.0,2.0,1.0,3.0,0.0,3.0,3.0,1.0,1.0,3.0,1.0,1.0,1.0,5.5,22.0,5.0,1.0,1959.0,1.0,3.0,1.0,6.0,9000.0,3.0,2,2,2,1,2,1.0,0.0,2.99,3.0,3.0,2.0,3.0,3.0,4.0,3.0,2.0,3.0,4.0,3.0,3.0,2.0,2.0,3.0,2.0,4.0,3.0,4.0,2.0,4.0,2.0,2.0,4.0,4.0,4.0,3.0,3.0,3.0,4.0,3.0,4.0,5.0,3.0,4.0,3.0,3.0,2.0,3.0,4.0,2.0,4.0,3.0,3.0,3.0,3.0,3.0,4.0,3.0,3.0,3.0,3.0,3.0,4.0,1.0,7,1,2,4,2,5.0,2,2.0,2.0,2.0,3.0,6,18.5,0,31.0,4.0,49.0,6,51.0,0.000409116
54261430,3.0,2,90,29,6,14.6,5.26,48,3.0,1.0,2.0,0.0,3.0,2.0,4.0,3.0,1.0,1.0,2.0,2.0,1.0,1.0,6.5,12.0,5.0,1.0,1972.0,1.0,3.0,1.0,6.0,9000.0,6.0,2,2,2,2,2,1.0,14.6,7.54,3.0,5.0,2.0,2.0,2.0,4.0,2.0,2.0,1.0,5.0,3.0,2.0,5.0,4.0,4.0,4.0,4.0,1.0,5.0,3.0,4.0,4.0,6.0,6.0,6.0,6.0,4.0,4.0,5.0,2.0,1.0,1.0,1.0,1.0,2.0,2.0,4.0,1.0,2.0,4.0,2.0,2.0,4.0,4.0,2.0,2.0,4.0,2.0,2.0,2.0,2.0,3.0,4.0,2.0,1.0,7,1,2,4,2,6.0,1,4.0,1.0,1.0,3.0,6,56.0,1,55.0,5.0,70.0,6,38.0,0.000258025
54261438,10.0,2,62,17,4,15.8,3.41,41,2.0,0.0,1.0,0.0,2.0,0.0,1.0,2.0,1.0,1.0,2.0,0.0,1.0,1.0,7.0,36.0,6.0,2.0,1949.0,1.0,3.0,2.0,3.0,15000.0,3.0,1,2,2,2,2,3.0,7.9,4.89,2.0,3.0,2.0,2.0,4.0,4.0,5.0,2.0,4.0,6.0,6.0,4.0,4.0,2.0,5.0,1.0,3.0,1.0,6.0,6.0,6.0,2.0,3.0,2.0,5.0,5.0,5.0,2.0,5.0,5.0,2.0,5.0,3.0,2.0,5.0,4.0,2.0,1.0,1.0,4.0,4.0,3.0,4.0,3.0,2.0,2.0,3.0,4.0,2.0,2.0,2.0,4.0,4.0,4.0,3.0,7,1,2,4,2,2.0,1,3.0,2.0,2.0,4.0,6,33.0,0,41.0,4.0,46.0,6,61.0,0.000367986
54261458,4.0,1,57,16,9,3.8,0.75,11,1.0,0.0,1.0,0.0,1.0,0.0,1.0,1.0,1.0,1.0,1.0,0.0,1.0,1.0,5.0,36.0,3.0,1.0,1937.0,1.0,1.0,9.0,6.0,5000.0,3.0,2,2,2,2,2,1.0,3.8,1.07,3.0,2.0,2.0,2.0,2.0,4.0,6.0,6.0,6.0,6.0,6.0,2.0,4.0,2.0,2.0,6.0,3.0,1.0,5.0,4.0,3.0,3.0,3.0,2.0,6.0,6.0,6.0,6.0,6.0,6.0,6.0,6.0,6.0,1.0,3.0,4.0,2.0,1.0,1.0,5.0,1.0,3.0,4.0,3.0,6.0,6.0,1.0,5.0,6.0,3.0,4.0,4.0,4.0,4.0,3.0,7,1,2,4,2,5.0,1,1.0,2.0,1.0,3.0,6,7.5,1,32.0,5.0,15.0,6,73.0,0.0003213
54261491,1.0,0,14,13,0,2.2,0.13,4,2.0,0.0,1.0,1.0,2.0,0.0,1.0,1.0,1.0,1.0,1.0,0.0,1.0,1.0,6.0,33.0,3.0,1.0,1951.0,1.0,2.0,2.0,3.0,5000.0,3.0,2,2,2,2,2,1.0,2.2,0.19,5.0,3.0,2.0,2.0,3.0,4.0,3.0,2.0,3.0,5.0,3.0,2.0,4.0,1.0,4.0,3.0,2.0,2.0,4.0,3.0,4.0,3.0,2.0,2.0,4.0,3.0,3.0,4.0,4.0,4.0,1.0,4.0,4.0,3.0,3.0,4.0,3.0,1.0,2.0,5.0,3.0,2.0,4.0,3.0,3.0,2.0,2.0,4.0,2.0,2.0,2.0,3.0,4.0,5.0,1.0,7,1,2,4,2,5.0,1,2.0,2.0,2.0,4.0,6,1.1,1,1.0,5.0,5.0,6,59.0,0.000409116
54261491,9.0,0,16,14,0,2.2,0.26,3,2.0,0.0,1.0,1.0,2.0,0.0,1.0,1.0,1.0,1.0,1.0,0.0,1.0,1.0,6.0,33.0,3.0,1.0,1951.0,1.0,2.0,2.0,3.0,5000.0,3.0,2,2,2,2,2,1.0,2.2,0.37,5.0,3.0,2.0,2.0,3.0,4.0,3.0,2.0,3.0,5.0,3.0,2.0,4.0,1.0,4.0,3.0,2.0,2.0,4.0,3.0,4.0,3.0,2.0,2.0,4.0,3.0,3.0,4.0,4.0,4.0,1.0,4.0,4.0,3.0,3.0,4.0,3.0,1.0,2.0,5.0,3.0,2.0,4.0,3.0,3.0,2.0,2.0,4.0,2.0,2.0,2.0,3.0,4.0,5.0,3.0,7,1,2,4,2,5.0,1,2.0,2.0,2.0,4.0,6,1.6,1,2.0,5.0,5.0,6,59.0,0.000409116
54261491,4.0,1,40,19,6,5.6,0.85,11,2.0,0.0,1.0,1.0,2.0,0.0,1.0,1.0,1.0,1.0,1.0,0.0,1.0,1.0,6.0,33.0,3.0,1.0,1951.0,1.0,2.0,2.0,3.0,5000.0,3.0,2,2,2,2,2,1.0,5.6,1.22,5.0,3.0,2.0,2.0,3.0,4.0,3.0,2.0,3.0,5.0,3.0,2.0,4.0,1.0,4.0,3.0,2.0,2.0,4.0,3.0,4.0,3.0,2.0,2.0,4.0,3.0,3.0,4.0,4.0,4.0,1.0,4.0,4.0,3.0,3.0,4.0,3.0,1.0,2.0,5.0,3.0,2.0,4.0,3.0,3.0,2.0,2.0,4.0,2.0,2.0,2.0,3.0,4.0,5.0,3.0,7,1,2,4,2,5.0,1,2.0,2.0,2.0,4.0,6,8.0,1,15.0,5.0,15.0,6,59.0,0.000409116
54261512,1.0,0,32,20,0,3.8,0.89,13,2.0,0.0,2.0,1.0,4.0,0.0,2.0,2.0,1.0,1.0,2.0,0.0,1.0,1.0,5.0,33.0,5.0,2.0,1948.0,1.0,2.0,1.0,3.0,9000.0,4.0,2,2,2,2,2,1.0,3.8,1.28,2.0,4.0,3.0,3.0,4.0,3.0,3.0,3.0,3.0,4.0,4.0,5.0,3.0,3.0,3.0,2.0,3.0,3.0,3.0,2.0,3.0,3.0,3.0,3.0,4.0,3.0,3.0,4.0,3.0,4.0,1.0,3.0,3.0,3.0,4.0,2.0,4.0,2.0,3.0,3.0,3.0,4.0,3.0,3.0,4.0,3.0,3.0,4.0,3.0,3.0,2.0,4.0,3.0,3.0,1.0,7,1,2,4,2,5.0,1,3.0,2.0,2.0,4.0,6,7.5,1,12.0,4.0,10.0,6,62.0,9.82e-05
54261513,1.0,0,32,20,0,3.8,0.89,13,2.0,0.0,1.0,0.0,2.0,0.0,2.0,1.0,1.0,1.0,2.0,0.0,1.0,1.0,5.0,11.0,4.0,1.0,1962.0,1.0,3.0,1.0,6.0,7000.0,3.0,2,2,2,2,2,1.0,3.8,1.28,2.0,4.0,3.0,2.0,4.0,5.0,4.0,3.0,3.0,5.0,4.0,5.0,4.0,2.0,4.0,6.0,4.0,1.0,5.0,4.0,4.0,4.0,4.0,2.0,4.0,4.0,4.0,2.0,4.0,4.0,1.0,4.0,3.0,2.0,4.0,4.0,3.0,1.0,2.0,5.0,2.0,2.0,4.0,4.0,3.0,3.0,2.0,5.0,2.0,3.0,2.0,4.0,4.0,4.0,1.0,7,1,2,4,2,5.0,1,3.0,2.0,2.0,3.0,6,7.5,1,12.0,4.0,10.0,6,48.0,0.000258025
54261518,9.0,2,74,27,3,15.8,3.2,40,2.0,0.0,2.0,0.0,2.0,0.0,2.0,3.0,1.0,1.0,2.0,0.0,1.0,1.0,5.0,30.0,4.0,1.0,1940.0,1.0,2.0,9.0,3.0,7000.0,6.0,1,2,2,2,2,1.0,7.9,4.59,2.0,3.0,6.0,3.0,6.0,6.0,6.0,6.0,6.0,4.0,4.0,4.0,4.0,3.0,6.0,6.0,4.0,6.0,4.0,3.0,3.0,6.0,6.0,3.0,2.0,6.0,2.0,3.0,4.0,2.0,6.0,6.0,6.0,2.0,3.0,2.0,3.0,2.0,3.0,3.0,3.0,3.0,3.0,6.0,6.0,6.0,6.0,4.0,6.0,3.0,3.0,3.0,3.0,4.0,3.0,7,1,2,4,2,3.0,1,3.0,3.0,2.0,3.0,6,34.0,1,44.0,5.0,45.0,6,70.0,8.57e-05
54261519,9.0,2,74,27,3,15.8,3.2,40,2.0,0.0,2.0,0.0,2.0,0.0,2.0,3.0,1.0,1.0,2.0,0.0,1.0,1.0,5.0,30.0,4.0,2.0,1940.0,1.0,2.0,9.0,6.0,7000.0,4.0,1,2,2,2,2,1.0,7.9,4.59,2.0,3.0,6.0,3.0,6.0,6.0,6.0,6.0,6.0,4.0,4.0,4.0,4.0,3.0,6.0,6.0,4.0,6.0,4.0,3.0,3.0,6.0,6.0,3.0,4.0,6.0,2.0,3.0,4.0,2.0,6.0,6.0,6.0,2.0,3.0,2.0,3.0,2.0,3.0,3.0,3.0,3.0,3.0,6.0,6.0,6.0,6.0,4.0,6.0,3.0,3.0,3.0,3.0,4.0,3.0,7,1,2,4,2,3.0,1,2.0,3.0,3.0,3.0,6,34.0,1,44.0,4.0,45.0,6,70.0,7.71e-05
54261566,1.0,0,34,32,0,5.6,0.18,14,2.0,0.0,1.0,1.0,1.0,0.0,1.0,3.0,1.0,1.0,1.0,0.0,1.0,1.0,6.0,11.0,4.0,2.0,1959.0,3.0,2.0,2.0,7.0,7000.0,1.0,1,2,2,2,2,2.0,2.8,0.26,1.0,4.0,5.0,4.0,1.0,2.0,4.0,3.0,2.0,4.0,1.0,5.0,4.0,4.0,4.0,6.0,4.0,2.0,5.0,4.0,4.0,5.0,4.0,4.0,2.0,2.0,4.0,4.0,2.0,2.0,1.0,1.0,2.0,2.0,2.0,5.0,1.0,1.0,2.0,5.0,4.0,2.0,4.0,3.0,4.0,2.0,2.0,5.0,2.0,2.0,2.0,4.0,4.0,4.0,1.0,7,1,2,4,2,5.0,2,2.0,1.0,1.0,3.0,6,2.4,1,2.0,4.0,6.0,6,51.0,0.002880761
54261566,4.0,0,31,28,0,5.6,0.18,2,2.0,0.0,1.0,1.0,1.0,0.0,1.0,3.0,1.0,1.0,1.0,0.0,1.0,1.0,6.0,11.0,4.0,2.0,1959.0,3.0,2.0,2.0,7.0,7000.0,1.0,1,2,2,2,2,2.0,2.8,0.26,1.0,4.0,5.0,4.0,1.0,2.0,4.0,3.0,2.0,4.0,1.0,5.0,4.0,4.0,4.0,6.0,4.0,2.0,5.0,4.0,4.0,5.0,4.0,4.0,2.0,2.0,4.0,4.0,2.0,2.0,1.0,1.0,2.0,2.0,2.0,5.0,1.0,1.0,2.0,5.0,4.0,2.0,4.0,3.0,4.0,2.0,2.0,5.0,2.0,2.0,2.0,4.0,4.0,4.0,3.0,7,1,2,4,2,5.0,2,2.0,1.0,1.0,3.0,6,1.6,1,3.0,4.0,6.0,6,51.0,0.002880761
54261567,1.0,0,43,30,0,5.6,0.85,10,2.0,0.0,1.0,0.0,1.0,0.0,1.0,3.0,1.0,1.0,1.0,0.0,1.0,1.0,6.0,11.0,4.0,1.0,1948.0,1.0,2.0,1.0,5.0,7000.0,3.0,2,2,2,2,2,1.0,5.6,1.22,1.0,1.0,5.0,4.0,1.0,2.0,3.0,3.0,1.0,4.0,1.0,4.0,5.0,2.0,4.0,6.0,4.0,2.0,5.0,4.0,5.0,4.0,4.0,4.0,2.0,2.0,3.0,3.0,2.0,2.0,1.0,2.0,1.0,4.0,1.0,4.0,2.0,1.0,2.0,5.0,4.0,2.0,4.0,3.0,4.0,2.0,2.0,4.0,2.0,2.0,2.0,4.0,4.0,4.0,1.0,7,1,2,4,2,5.0,2,2.0,2.0,2.0,4.0,6,10.0,1,13.0,4.0,10.0,6,62.0,0.000409116
54261567,11.0,2,88,39,3,7.6,2.37,34,2.0,0.0,1.0,0.0,1.0,0.0,1.0,3.0,1.0,1.0,1.0,0.0,1.0,1.0,6.0,11.0,4.0,1.0,1948.0,1.0,2.0,1.0,5.0,7000.0,3.0,2,2,2,2,2,1.0,7.6,3.4,1.0,1.0,5.0,4.0,1.0,2.0,3.0,3.0,1.0,4.0,1.0,4.0,5.0,2.0,4.0,6.0,4.0,2.0,5.0,4.0,5.0,4.0,4.0,4.0,2.0,2.0,3.0,3.0,2.0,2.0,1.0,2.0,1.0,4.0,1.0,4.0,2.0,1.0,2.0,5.0,4.0,2.0,4.0,3.0,4.0,2.0,2.0,4.0,2.0,2.0,2.0,4.0,4.0,4.0,3.0,7,1,2,4,2,5.0,2,2.0,2.0,2.0,4.0,6,20.0,1,46.0,4.0,45.0,6,62.0,0.000409116
54261626,10.0,2,254,74,14,54.0,13.41,129,2.0,0.0,1.0,0.0,2.0,0.0,1.0,1.0,1.0,1.0,2.0,0.0,1.0,1.0,4.0,31.0,4.0,2.0,1953.0,1.0,3.0,2.0,6.0,7000.0,3.0,1,2,2,2,2,2.0,27.0,19.22,4.0,3.0,4.0,2.0,3.0,4.0,5.0,2.0,5.0,5.0,4.0,3.0,4.0,2.0,5.0,6.0,2.0,1.0,3.0,1.0,5.0,4.0,2.0,5.0,3.0,3.0,4.0,4.0,3.0,5.0,3.0,5.0,3.0,3.0,3.0,4.0,3.0,2.0,2.0,5.0,3.0,1.0,5.0,4.0,3.0,4.0,2.0,5.0,3.0,2.0,3.0,3.0,4.0,4.0,3.0,7,1,2,4,2,4.0,3,4.0,2.0,2.0,4.0,6,135.5,0,166.0,4.0,646.0,6,57.0,0.000367986
54261627,9.0,3,115,35,26,11.2,2.24,32,2.0,0.0,1.0,0.0,2.0,0.0,1.0,2.0,1.0,1.0,2.0,0.0,1.0,1.0,4.0,31.0,4.0,1.0,1947.0,1.0,2.0,1.0,3.0,7000.0,4.0,1,2,2,2,2,1.0,5.6,3.21,4.0,3.0,4.0,2.0,3.0,5.0,4.0,6.0,4.0,5.0,4.0,1.0,4.0,2.0,4.0,6.0,2.0,2.0,4.0,2.0,4.0,3.0,3.0,1.0,5.0,4.0,4.0,1.0,5.0,4.0,2.0,2.0,4.0,2.0,4.0,4.0,3.0,1.0,4.0,5.0,2.0,2.0,4.0,4.0,6.0,2.0,2.0,4.0,2.0,4.0,4.0,4.0,4.0,2.0,3.0,7,1,2,4,2,3.0,2,2.0,2.0,2.0,3.0,6,22.0,1,54.0,5.0,21.0,6,63.0,0.000109132
54420061,4.0,1,29,9,4,3.8,0.8,12,2.0,0.0,1.0,0.0,1.0,0.0,1.0,2.0,1.0,1.0,2.0,0.0,2.0,1.0,4.5,10.0,4.0,2.0,1944.0,1.0,3.0,9.0,8.0,7000.0,3.0,1,2,2,2,2,1.0,2.2,1.15,4.0,4.0,1.0,1.0,4.0,4.0,6.0,6.0,6.0,4.0,2.0,4.0,4.0,3.0,4.0,6.0,5.0,3.0,4.0,1.0,4.0,4.0,3.0,3.0,4.0,2.0,3.0,4.0,3.0,4.0,3.0,4.0,4.0,2.0,5.0,3.0,3.0,1.0,2.0,4.0,2.0,2.0,4.0,6.0,6.0,6.0,3.0,4.0,6.0,6.0,4.0,2.0,3.0,4.0,3.0,2,2,2,4,4,4.0,1,2.0,2.0,2.0,3.0,6,5.5,0,16.0,3.0,12.0,6,66.0,0.000288998
54420062,10.0,0,20,14,0,3.8,0.74,10,2.0,0.0,1.0,0.0,1.0,0.0,1.0,2.0,1.0,1.0,2.0,0.0,2.0,1.0,4.5,10.0,4.0,1.0,1941.0,1.0,3.0,9.0,2.0,7000.0,7.0,1,2,2,2,2,1.0,2.2,1.06,4.0,4.0,2.0,2.0,4.0,4.0,6.0,6.0,6.0,4.0,2.0,4.0,3.0,3.0,3.0,3.0,4.0,6.0,4.0,2.0,4.0,4.0,2.0,3.0,4.0,1.0,4.0,4.0,3.0,4.0,3.0,4.0,4.0,2.0,4.0,4.0,3.0,2.0,2.0,4.0,2.0,2.0,4.0,6.0,6.0,6.0,6.0,4.0,6.0,6.0,4.0,2.0,3.0,4.0,3.0,2,2,2,4,4,4.0,1,2.0,2.0,2.0,3.0,6,5.0,0,6.0,3.0,15.0,6,69.0,0.000125765
54420085,4.0,0,11,5,0,3.8,0.82,12,3.0,1.0,1.0,0.0,2.0,0.0,2.0,1.0,1.0,2.0,3.0,1.0,2.0,2.0,4.0,22.0,3.0,2.0,1977.0,1.0,3.0,2.0,6.0,5000.0,3.0,1,2,2,2,2,2.0,2.2,1.18,4.0,2.0,2.0,4.0,4.0,5.0,5.0,2.0,5.0,5.0,5.0,1.0,2.0,3.0,4.0,3.0,3.0,1.0,2.0,2.0,4.0,3.0,4.0,2.0,4.0,4.0,2.0,4.0,4.0,2.0,5.0,2.0,4.0,2.0,5.0,2.0,3.0,1.0,2.0,4.0,1.0,2.0,3.0,4.0,2.0,3.0,3.0,2.0,2.0,2.0,2.0,3.0,3.0,3.0,3.0,2,2,2,4,4,4.0,1,3.0,2.0,2.0,1.0,6,5.5,1,6.0,5.0,17.0,6,33.0,0.00087004
54420119,9.0,3,183,25,21,57.6,15.83,125,2.0,0.0,1.0,0.0,2.0,0.0,1.0,0.0,1.0,1.0,1.0,0.0,2.0,2.0,3.0,4.0,3.0,2.0,1934.0,1.0,2.0,9.0,8.0,5000.0,3.0,2,2,1,2,2,1.0,0.0,22.68,3.0,3.0,2.0,3.0,4.0,5.0,3.0,2.0,5.0,3.0,5.0,4.0,5.0,2.0,5.0,2.0,2.0,1.0,3.0,2.0,3.0,1.0,2.0,2.0,5.0,5.0,5.0,2.0,6.0,5.0,1.0,5.0,4.0,3.0,5.0,3.0,2.0,2.0,5.0,5.0,4.0,2.0,2.0,5.0,3.0,4.0,2.0,4.0,3.0,2.0,4.0,3.0,3.0,4.0,3.0,2,2,2,4,4,5.0,1,2.0,2.0,2.0,3.0,6,167.0,0,137.0,5.0,171.0,6,76.0,0.000288998
54420120,9.0,0,28,26,0,7.6,1.49,21,2.0,0.0,1.0,0.0,2.0,0.0,1.0,0.0,1.0,1.0,1.0,0.0,2.0,2.0,3.5,4.0,4.0,1.0,1942.0,1.0,2.0,9.0,3.0,7000.0,4.0,2,2,1,2,2,1.0,0.0,2.14,2.0,3.0,2.0,2.0,3.0,4.0,6.0,6.0,4.0,5.0,5.0,1.0,2.0,1.0,5.0,6.0,5.0,1.0,4.0,2.0,5.0,2.0,1.0,1.0,5.0,5.0,1.0,2.0,4.0,5.0,1.0,5.0,4.0,3.0,5.0,5.0,3.0,1.0,3.0,3.0,2.0,1.0,3.0,4.0,6.0,1.0,1.0,5.0,6.0,1.0,4.0,4.0,1.0,2.0,3.0,2,2,2,4,4,6.0,2,1.0,4.0,4.0,3.0,6,13.5,1,2.0,4.0,10.0,6,68.0,8.57e-05
54420120,9.0,0,54,30,0,7.6,1.84,24,2.0,0.0,1.0,0.0,2.0,0.0,1.0,0.0,1.0,1.0,1.0,0.0,2.0,2.0,3.5,4.0,4.0,1.0,1942.0,1.0,2.0,9.0,3.0,7000.0,4.0,2,2,1,2,2,1.0,0.0,2.64,2.0,3.0,2.0,2.0,3.0,4.0,6.0,6.0,4.0,5.0,5.0,1.0,2.0,1.0,5.0,6.0,5.0,1.0,4.0,2.0,5.0,2.0,1.0,1.0,5.0,5.0,1.0,2.0,4.0,5.0,1.0,5.0,4.0,3.0,5.0,5.0,3.0,1.0,3.0,3.0,2.0,1.0,3.0,4.0,6.0,1.0,1.0,5.0,6.0,1.0,4.0,4.0,1.0,2.0,3.0,2,2,2,4,4,6.0,2,1.0,4.0,4.0,3.0,6,12.0,0,24.0,4.0,48.0,6,68.0,8.57e-05
54420163,7.0,1,36,13,4,3.8,0.78,11,3.0,0.0,3.0,0.0,3.0,0.0,3.0,3.0,1.0,1.0,3.0,1.0,2.0,1.0,5.0,2.0,6.0,1.0,1939.0,3.0,3.0,9.0,3.0,15000.0,5.0,1,2,2,1,2,1.0,2.2,1.12,5.0,5.0,3.0,2.0,4.0,5.0,3.0,3.0,3.0,5.0,5.0,1.0,3.0,1.0,5.0,1.0,4.0,3.0,5.0,2.0,5.0,3.0,3.0,1.0,5.0,3.0,5.0,3.0,5.0,2.0,1.0,4.0,4.0,3.0,5.0,5.0,5.0,4.0,3.0,2.0,5.0,2.0,4.0,5.0,5.0,3.0,1.0,2.0,3.0,3.0,3.0,4.0,4.0,4.0,3.0,2,2,2,4,4,4.0,1,4.0,1.0,2.0,4.0,6,5.5,0,19.0,5.0,10.0,6,71.0,8.57e-05
54420363,1.0,7,234,50,36,63.0,14.64,110,2.0,0.0,1.0,0.0,2.0,0.0,2.0,1.0,1.0,1.0,3.0,3.0,1.0,1.0,5.0,6.0,4.0,1.0,1955.0,1.0,3.0,1.0,1.0,7000.0,6.0,2,2,1,2,2,1.0,0.0,20.98,2.0,4.0,2.0,2.0,2.0,2.0,4.0,2.0,4.0,5.0,1.0,2.0,4.0,3.0,3.0,3.0,4.0,1.0,2.0,2.0,3.0,2.0,2.0,2.0,1.0,4.0,3.0,2.0,4.0,4.0,2.0,3.0,3.0,2.0,3.0,2.0,3.0,2.0,2.0,4.0,2.0,3.0,3.0,3.0,3.0,3.0,2.0,4.0,3.0,2.0,3.0,3.0,4.0,2.0,1.0,2,2,2,4,4,4.0,2,3.0,2.0,2.0,4.0,6,143.0,0,148.0,2.0,86.0,6,55.0,0.000109132
54420363,5.0,5,253,26,21,72.6,14.84,125,2.0,0.0,1.0,0.0,2.0,0.0,2.0,1.0,1.0,1.0,3.0,3.0,1.0,1.0,5.0,6.0,4.0,1.0,1955.0,1.0,3.0,1.0,1.0,7000.0,6.0,2,2,1,2,2,1.0,0.0,21.27,2.0,4.0,2.0,2.0,2.0,2.0,4.0,2.0,4.0,5.0,1.0,2.0,4.0,3.0,3.0,3.0,4.0,1.0,2.0,2.0,3.0,2.0,2.0,2.0,1.0,4.0,3.0,2.0,4.0,4.0,2.0,3.0,3.0,2.0,3.0,2.0,3.0,2.0,2.0,4.0,2.0,3.0,3.0,3.0,3.0,3.0,2.0,4.0,3.0,2.0,3.0,3.0,4.0,2.0,3.0,2,2,2,4,4,4.0,1,3.0,2.0,2.0,4.0,6,148.0,1,206.0,2.0,135.0,6,55.0,0.000109132
54420437,10.0,0,42,20,0,7.6,1.43,21,1.0,0.0,1.0,1.0,2.0,0.0,1.0,1.0,1.0,1.0,2.0,0.0,2.0,2.0,3.5,5.0,4.0,1.0,1959.0,1.0,1.0,1.0,6.0,7000.0,3.0,2,2,1,2,2,1.0,0.0,2.05,4.0,5.0,2.0,2.0,3.0,4.0,5.0,3.0,4.0,3.0,4.0,5.0,5.0,2.0,2.0,3.0,3.0,2.0,5.0,2.0,4.0,4.0,2.0,2.0,1.0,4.0,3.0,3.0,4.0,4.0,1.0,3.0,2.0,2.0,2.0,4.0,4.0,1.0,1.0,5.0,4.0,2.0,2.0,3.0,5.0,1.0,2.0,5.0,1.0,3.0,2.0,5.0,5.0,4.0,3.0,2,2,2,4,4,5.0,2,1.0,2.0,2.0,1.0,6,10.5,0,22.0,4.0,1.0,6,51.0,0.000409116
54420441,1.0,2,87,42,6,10.2,1.71,20,2.0,0.0,1.0,0.0,3.0,0.0,2.0,2.0,1.0,1.0,2.0,0.0,1.0,1.0,6.0,20.0,6.0,1.0,1951.0,1.0,7.0,1.0,6.0,15000.0,3.0,1,2,2,2,2,1.0,5.1,2.45,6.0,4.0,6.0,3.0,3.0,5.0,5.0,6.0,6.0,3.0,6.0,2.0,4.0,3.0,4.0,6.0,6.0,1.0,4.0,3.0,4.0,4.0,4.0,2.0,3.0,6.0,3.0,3.0,4.0,3.0,2.0,6.0,6.0,4.0,4.0,3.0,3.0,2.0,2.0,5.0,3.0,3.0,4.0,4.0,3.0,3.0,3.0,3.0,3.0,3.0,3.0,3.0,3.0,3.0,1.0,2,2,2,4,4,4.0,2,2.0,2.0,2.0,4.0,6,16.5,1,39.0,4.0,30.0,6,59.0,0.000409116
54420563,7.0,1,51,19,3,13.6,2.84,29,1.0,0.0,1.0,0.0,0.0,0.0,2.0,2.0,1.0,1.0,2.0,1.0,2.0,1.0,4.0,1.0,1.0,2.0,1951.0,1.0,1.0,6.0,8.0,2000.0,6.0,1,2,2,2,2,1.0,6.8,4.07,1.0,3.0,3.0,3.0,1.0,4.0,3.0,3.0,3.0,5.0,5.0,5.0,3.0,3.0,3.0,3.0,5.0,5.0,5.0,5.0,5.0,5.0,5.0,5.0,3.0,1.0,1.0,2.0,4.0,3.0,3.0,1.0,5.0,5.0,5.0,3.0,5.0,5.0,3.0,1.0,2.0,2.0,3.0,5.0,5.0,3.0,3.0,3.0,2.0,3.0,3.0,3.0,4.0,3.0,3.0,2,2,2,4,4,3.0,1,3.0,2.0,2.0,3.0,6,27.0,0,29.0,5.0,67.0,6,59.0,9.82e-05
54420577,4.0,0,28,15,0,3.8,0.81,12,2.0,0.0,1.0,0.0,2.0,0.0,1.0,1.0,1.0,1.0,2.0,0.0,1.0,1.0,5.0,10.0,3.0,2.0,1958.0,1.0,2.0,1.0,3.0,5000.0,4.0,1,2,2,2,2,1.0,2.2,1.16,3.0,3.0,1.0,1.0,4.0,4.0,4.0,2.0,3.0,5.0,5.0,3.0,4.0,4.0,4.0,3.0,4.0,1.0,4.0,2.0,3.0,4.0,5.0,4.0,4.0,4.0,6.0,4.0,4.0,4.0,1.0,4.0,1.0,4.0,4.0,4.0,1.0,3.0,4.0,1.0,1.0,2.0,4.0,3.0,4.0,1.0,3.0,5.0,3.0,3.0,3.0,5.0,5.0,3.0,3.0,2,2,2,4,4,4.0,1,1.0,4.0,3.0,1.0,6,6.0,1,13.0,4.0,30.0,6,52.0,9.82e-05
54420578,1.0,0,27,25,0,3.8,0.27,4,2.0,0.0,1.0,0.0,2.0,0.0,1.0,1.0,1.0,1.0,2.0,0.0,2.0,1.0,5.0,10.0,3.0,1.0,1948.0,1.0,2.0,1.0,5.0,5000.0,3.0,1,2,2,2,2,1.0,2.2,0.39,3.0,3.0,1.0,1.0,5.0,5.0,5.0,3.0,5.0,5.0,5.0,2.0,5.0,2.0,2.0,3.0,5.0,1.0,3.0,4.0,4.0,4.0,4.0,4.0,2.0,2.0,2.0,2.0,4.0,4.0,1.0,4.0,4.0,4.0,4.0,4.0,3.0,1.0,2.0,3.0,2.0,2.0,4.0,4.0,5.0,1.0,1.0,2.0,2.0,2.0,2.0,5.0,3.0,2.0,1.0,2,2,2,4,4,5.0,1,1.0,3.0,3.0,1.0,6,2.0,2,2.0,4.0,30.0,6,62.0,0.000409116
54420585,1.0,0,65,20,0,16.8,2.27,32,4.0,2.0,1.0,1.0,4.0,2.0,1.0,1.0,1.0,1.0,2.0,0.0,1.0,1.0,5.0,2.0,3.0,1.0,1965.0,1.0,3.0,1.0,6.0,5000.0,3.0,1,2,2,2,2,1.0,8.4,3.25,2.0,3.0,3.0,2.0,4.0,5.0,5.0,3.0,3.0,4.0,4.0,4.0,4.0,2.0,4.0,2.0,2.0,4.0,4.0,2.0,4.0,4.0,4.0,2.0,4.0,4.0,4.0,4.0,3.0,2.0,2.0,2.0,3.0,4.0,5.0,5.0,4.0,1.0,2.0,4.0,2.0,3.0,4.0,5.0,3.0,3.0,4.0,5.0,2.0,2.0,3.0,4.0,4.0,4.0,1.0,2,2,2,4,4,5.0,2,1.0,3.0,3.0,4.0,6,23.0,0,45.0,4.0,52.0,6,45.0,0.000409116
54420606,1.0,6,185,40,19,80.8,19.11,135,3.0,1.0,1.0,0.0,3.0,1.0,1.0,1.0,1.0,1.0,2.0,0.0,1.0,1.0,6.5,1.0,5.0,1.0,1972.0,1.0,3.0,1.0,3.0,9000.0,4.0,2,2,2,2,1,1.0,80.8,27.38,4.0,5.0,1.0,2.0,4.0,5.0,5.0,3.0,4.0,6.0,4.0,2.0,4.0,2.0,4.0,1.0,4.0,4.0,4.0,2.0,4.0,2.0,1.0,1.0,5.0,5.0,4.0,2.0,4.0,4.0,2.0,3.0,3.0,4.0,5.0,2.0,3.0,3.0,3.0,2.0,2.0,3.0,4.0,4.0,5.0,3.0,3.0,3.0,2.0,2.0,2.0,4.0,4.0,4.0,1.0,2,2,2,4,4,3.0,2,3.0,2.0,2.0,4.0,6,208.0,0,126.0,5.0,167.0,6,38.0,0.000258025
54420643,10.0,3,217,23,48,66.0,14.36,130,3.0,1.0,1.0,0.0,8.0,0.0,2.0,1.0,1.0,1.0,2.0,1.0,1.0,2.0,4.5,2.0,6.0,2.0,1970.0,1.0,3.0,2.0,3.0,15000.0,7.0,1,1,2,2,2,2.0,33.0,20.58,2.0,3.0,2.0,2.0,4.0,4.0,4.0,4.0,2.0,5.0,4.0,2.0,4.0,1.0,5.0,3.0,4.0,1.0,4.0,2.0,5.0,4.0,2.0,1.0,4.0,5.0,4.0,4.0,5.0,4.0,1.0,2.0,2.0,2.0,5.0,2.0,6.0,1.0,1.0,4.0,3.0,2.0,3.0,3.0,2.0,2.0,2.0,4.0,1.0,3.0,2.0,3.0,3.0,4.0,3.0,2,2,2,4,4,4.0,1,1.0,3.0,3.0,4.0,6,147.0,1,146.0,5.0,110.0,6,40.0,0.000144039
54420653,4.0,0,29,27,0,0.0,0.28,4,4.0,0.0,1.0,0.0,6.0,2.0,2.0,2.0,1.0,1.0,2.0,0.0,1.0,1.0,6.0,15.0,6.0,2.0,1964.0,1.0,3.0,2.0,6.0,15000.0,3.0,1,2,2,2,2,1.0,2.2,0.4,5.0,2.0,1.0,1.0,5.0,5.0,5.0,2.0,3.0,5.0,4.0,4.0,4.0,1.0,5.0,1.0,4.0,1.0,4.0,2.0,5.0,5.0,3.0,4.0,4.0,4.0,2.0,5.0,4.0,5.0,5.0,3.0,5.0,2.0,5.0,4.0,2.0,1.0,1.0,5.0,4.0,1.0,5.0,3.0,3.0,4.0,2.0,4.0,3.0,3.0,3.0,4.0,4.0,4.0,3.0,2,2,2,4,4,5.0,2,3.0,2.0,2.0,3.0,6,1.6,2,2.0,4.0,60.0,6,46.0,0.000367986
54420653,4.0,0,31,30,0,0.0,1.03,15,4.0,0.0,1.0,0.0,6.0,2.0,2.0,2.0,1.0,1.0,2.0,0.0,1.0,1.0,6.0,15.0,6.0,2.0,1964.0,1.0,3.0,2.0,6.0,15000.0,3.0,1,2,2,2,2,1.0,2.2,1.48,5.0,2.0,1.0,1.0,5.0,5.0,5.0,2.0,3.0,5.0,4.0,4.0,4.0,1.0,5.0,1.0,4.0,1.0,4.0,2.0,5.0,5.0,3.0,4.0,4.0,4.0,2.0,5.0,4.0,5.0,5.0,3.0,5.0,2.0,5.0,4.0,2.0,1.0,1.0,5.0,4.0,1.0,5.0,3.0,3.0,4.0,2.0,4.0,3.0,3.0,3.0,4.0,4.0,4.0,3.0,2,2,2,4,4,5.0,2,3.0,2.0,2.0,3.0,6,7.0,2,1.0,4.0,4.0,6,46.0,0.000367986
54420654,1.0,2,122,52,15,14.6,2.26,25,4.0,0.0,1.0,0.0,6.0,0.0,3.0,2.0,1.0,1.0,3.0,0.0,1.0,1.0,6.0,14.0,6.0,1.0,1959.0,1.0,3.0,1.0,3.0,15000.0,7.0,2,2,2,2,2,1.0,14.6,3.24,4.0,3.0,4.0,1.0,4.0,5.0,5.0,1.0,4.0,5.0,5.0,2.0,4.0,1.0,4.0,1.0,3.0,1.0,5.0,3.0,5.0,1.0,3.0,3.0,4.0,1.0,1.0,2.0,5.0,3.0,1.0,1.0,1.0,4.0,5.0,4.0,2.0,1.0,2.0,3.0,2.0,3.0,2.0,4.0,5.0,2.0,1.0,5.0,1.0,1.0,4.0,3.0,1.0,5.0,3.0,2,2,2,4,4,4.0,4,3.0,1.0,2.0,3.0,6,22.0,1,55.0,5.0,110.0,6,51.0,0.000160139
54420688,10.0,0,29,8,0,7.6,1.63,22,2.0,0.0,1.0,0.0,1.0,0.0,1.0,1.0,1.0,1.0,2.0,0.0,2.0,2.0,4.0,8.0,3.0,2.0,1950.0,1.0,2.0,2.0,8.0,5000.0,3.0,1,1,2,2,2,1.0,3.8,2.34,6.0,5.0,1.0,1.0,4.0,4.0,4.0,4.0,6.0,4.0,4.0,4.0,2.0,1.0,5.0,2.0,2.0,1.0,4.0,1.0,5.0,2.0,2.0,4.0,4.0,4.0,6.0,2.0,5.0,2.0,6.0,5.0,5.0,1.0,5.0,2.0,2.0,1.0,1.0,5.0,1.0,5.0,4.0,3.0,3.0,2.0,1.0,5.0,1.0,2.0,2.0,4.0,2.0,2.0,3.0,2,2,2,4,4,6.0,2,3.0,2.0,2.0,1.0,6,11.0,0,21.0,4.0,22.0,6,60.0,0.000367986
54420699,11.0,0,25,10,0,3.4,0.84,12,4.0,2.0,1.0,1.0,4.0,2.0,1.0,1.0,1.0,1.0,2.0,0.0,2.0,2.0,4.0,16.0,1.0,2.0,1967.0,1.0,3.0,6.0,7.0,2000.0,3.0,1,2,2,2,2,2.0,2.2,1.2,2.0,3.0,5.0,3.0,3.0,5.0,5.0,3.0,5.0,5.0,3.0,5.0,3.0,3.0,5.0,2.0,5.0,2.0,2.0,2.0,4.0,4.0,2.0,2.0,5.0,4.0,3.0,5.0,5.0,5.0,2.0,2.0,3.0,3.0,4.0,2.0,3.0,1.0,1.0,5.0,3.0,2.0,5.0,5.0,5.0,3.0,2.0,2.0,2.0,3.0,3.0,2.0,3.0,4.0,3.0,2,2,2,4,4,5.0,1,2.0,2.0,2.0,1.0,6,5.5,0,15.0,3.0,12.0,6,43.0,0.000367986
54420839,4.0,0,48,27,0,6.8,1.5,22,2.0,0.0,0.0,0.0,1.0,0.0,2.0,1.0,1.0,2.0,2.0,0.0,2.0,2.0,3.0,4.0,4.0,2.0,1966.0,3.0,4.0,1.0,8.0,7000.0,7.0,1,2,2,2,2,2.0,3.4,2.15,3.0,2.0,3.0,3.0,2.0,5.0,4.0,4.0,3.0,3.0,3.0,4.0,2.0,2.0,5.0,2.0,2.0,2.0,4.0,3.0,4.0,4.0,4.0,3.0,4.0,3.0,2.0,5.0,5.0,3.0,3.0,2.0,3.0,4.0,5.0,3.0,4.0,1.0,2.0,4.0,2.0,2.0,3.0,3.0,3.0,3.0,2.0,3.0,3.0,3.0,3.0,4.0,3.0,4.0,3.0,2,2,2,4,4,1.0,2,3.0,2.0,2.0,4.0,6,11.0,0,21.0,4.0,42.0,6,44.0,0.000144039
54420840,3.0,0,53,35,0,6.8,1.74,24,2.0,0.0,0.0,0.0,2.0,0.0,2.0,1.0,1.0,1.0,2.0,0.0,2.0,2.0,3.0,4.0,4.0,1.0,1991.0,3.0,6.0,8.0,8.0,7000.0,2.0,1,1,2,2,2,3.0,3.4,2.49,3.0,2.0,4.0,3.0,1.0,4.0,5.0,3.0,1.0,1.0,1.0,1.0,3.0,1.0,5.0,3.0,4.0,2.0,4.0,3.0,3.0,5.0,3.0,1.0,5.0,3.0,2.0,5.0,3.0,2.0,3.0,2.0,2.0,5.0,5.0,4.0,4.0,4.0,3.0,1.0,4.0,3.0,3.0,4.0,5.0,3.0,1.0,4.0,3.0,5.0,2.0,2.0,5.0,3.0,1.0,2,2,2,4,4,2.0,2,2.0,2.0,3.0,4.0,6,12.0,0,18.0,3.0,45.0,6,19.0,0.002440844
54420907,1.0,7,165,69,24,14.8,5.8,66,2.0,0.0,1.0,0.0,0.0,0.0,1.0,1.0,1.0,1.0,2.0,0.0,1.0,1.0,5.5,35.0,3.0,2.0,1949.0,1.0,2.0,2.0,4.0,5000.0,3.0,1,2,2,2,2,2.0,7.4,8.31,4.0,3.0,3.0,3.0,5.0,5.0,4.0,3.0,4.0,5.0,3.0,4.0,4.0,3.0,4.0,6.0,3.0,3.0,4.0,3.0,3.0,5.0,2.0,3.0,4.0,3.0,3.0,3.0,2.0,5.0,2.0,3.0,3.0,2.0,3.0,2.0,2.0,2.0,2.0,3.0,3.0,3.0,4.0,4.0,6.0,3.0,2.0,5.0,3.0,4.0,2.0,2.0,3.0,3.0,1.0,2,2,2,4,4,5.0,2,1.0,2.0,2.0,3.0,6,62.0,1,72.0,5.0,90.0,6,61.0,0.000367986
54420907,4.0,0,38,38,0,0.0,0.06,0,2.0,0.0,1.0,0.0,0.0,0.0,1.0,1.0,1.0,1.0,2.0,0.0,1.0,1.0,5.5,35.0,3.0,2.0,1949.0,1.0,2.0,2.0,4.0,5000.0,3.0,1,2,2,2,2,2.0,2.2,0.09,4.0,3.0,3.0,3.0,5.0,5.0,4.0,3.0,4.0,5.0,3.0,4.0,4.0,3.0,4.0,6.0,3.0,3.0,4.0,3.0,3.0,5.0,2.0,3.0,4.0,3.0,3.0,3.0,2.0,5.0,2.0,3.0,3.0,2.0,3.0,2.0,2.0,2.0,2.0,3.0,3.0,3.0,4.0,4.0,6.0,3.0,2.0,5.0,3.0,4.0,2.0,2.0,3.0,3.0,3.0,2,2,2,4,4,5.0,2,1.0,2.0,2.0,3.0,6,0.2,2,0.0,5.0,10.0,6,61.0,0.000367986
54420910,11.0,0,27,24,0,7.6,0.6,6,2.0,0.0,0.0,0.0,1.0,0.0,1.0,2.0,1.0,1.0,2.0,0.0,1.0,1.0,5.0,32.0,4.0,2.0,1941.0,1.0,2.0,9.0,6.0,7000.0,3.0,2,2,2,2,2,3.0,7.6,0.86,4.0,4.0,2.0,2.0,3.0,5.0,6.0,6.0,3.0,4.0,3.0,5.0,5.0,3.0,5.0,6.0,5.0,2.0,6.0,6.0,6.0,5.0,6.0,4.0,5.0,4.0,5.0,5.0,4.0,5.0,1.0,6.0,4.0,1.0,4.0,5.0,6.0,6.0,3.0,3.0,1.0,4.0,5.0,6.0,6.0,3.0,3.0,4.0,2.0,2.0,4.0,2.0,4.0,5.0,3.0,2,2,2,4,4,3.0,2,1.0,2.0,3.0,3.0,6,5.0,0,3.0,8.0,11.0,6,69.0,0.000288998
54420910,6.0,5,161,26,25,19.1,11.29,120,2.0,0.0,0.0,0.0,1.0,0.0,1.0,2.0,1.0,1.0,2.0,0.0,1.0,1.0,5.0,32.0,4.0,2.0,1941.0,1.0,2.0,9.0,6.0,7000.0,3.0,2,2,2,2,2,3.0,19.1,16.18,4.0,4.0,2.0,2.0,3.0,5.0,6.0,6.0,3.0,4.0,3.0,5.0,5.0,3.0,5.0,6.0,5.0,2.0,6.0,6.0,6.0,5.0,6.0,4.0,5.0,4.0,5.0,5.0,4.0,5.0,1.0,6.0,4.0,1.0,4.0,5.0,6.0,6.0,3.0,3.0,1.0,4.0,5.0,6.0,6.0,3.0,3.0,4.0,2.0,2.0,4.0,2.0,4.0,5.0,3.0,2,2,2,4,4,3.0,3,1.0,2.0,3.0,3.0,6,118.0,0,110.0,8.0,107.0,6,69.0,0.000288998
54420971,7.0,0,34,18,0,7.6,1.58,19,2.0,0.0,1.0,0.0,2.0,0.0,1.0,1.0,1.0,1.0,2.0,0.0,1.0,1.0,6.0,3.0,4.0,2.0,1948.0,1.0,2.0,6.0,6.0,7000.0,3.0,1,2,2,2,2,1.0,3.8,2.26,4.0,4.0,3.0,4.0,4.0,5.0,3.0,3.0,3.0,5.0,4.0,3.0,4.0,3.0,4.0,3.0,4.0,2.0,3.0,3.0,5.0,4.0,4.0,3.0,3.0,4.0,5.0,4.0,3.0,4.0,2.0,3.0,3.0,3.0,4.0,3.0,4.0,2.0,2.0,3.0,3.0,3.0,4.0,4.0,3.0,2.0,2.0,3.0,3.0,4.0,3.0,4.0,4.0,4.0,3.0,2,2,2,4,4,1.0,2,1.0,4.0,4.0,4.0,6,10.5,0,16.0,4.0,40.0,6,62.0,0.000367986
54420972,7.0,0,44,21,0,7.6,1.58,19,2.0,0.0,1.0,0.0,2.0,0.0,1.0,1.0,1.0,1.0,2.0,0.0,1.0,1.0,6.0,3.0,4.0,1.0,1943.0,1.0,2.0,9.0,3.0,7000.0,3.0,1,2,2,2,2,1.0,3.8,2.26,4.0,4.0,3.0,4.0,4.0,5.0,3.0,3.0,3.0,5.0,4.0,3.0,4.0,3.0,4.0,3.0,4.0,3.0,4.0,3.0,4.0,4.0,4.0,3.0,3.0,4.0,4.0,3.0,4.0,4.0,2.0,3.0,3.0,3.0,4.0,3.0,4.0,2.0,2.0,4.0,3.0,3.0,4.0,4.0,3.0,2.0,2.0,3.0,3.0,4.0,3.0,4.0,4.0,4.0,3.0,2,2,2,4,4,5.0,2,2.0,3.0,3.0,4.0,6,10.5,0,23.0,5.0,40.0,6,67.0,0.0003213
54421043,1.0,0,51,42,0,7.6,0.52,7,4.0,0.0,0.0,0.0,4.0,0.0,2.0,0.0,1.0,1.0,3.0,0.0,1.0,1.0,5.0,14.0,5.0,1.0,1959.0,1.0,3.0,1.0,3.0,9000.0,7.0,1,2,2,2,2,1.0,3.8,0.75,5.0,3.0,1.0,2.0,2.0,5.0,5.0,1.0,3.0,5.0,3.0,2.0,4.0,1.0,5.0,1.0,3.0,1.0,6.0,2.0,5.0,4.0,3.0,1.0,5.0,4.0,2.0,1.0,4.0,5.0,1.0,3.0,2.0,2.0,4.0,2.0,2.0,1.0,1.0,4.0,2.0,2.0,4.0,4.0,4.0,3.0,2.0,4.0,2.0,2.0,4.0,2.0,3.0,4.0,2.0,2,2,2,4,4,5.0,2,2.0,2.0,3.0,1.0,6,3.8,2,9.0,4.0,30.0,6,51.0,0.000160139
54421043,1.0,1,53,35,6,7.6,0.84,10,4.0,0.0,0.0,0.0,4.0,0.0,2.0,0.0,1.0,1.0,3.0,0.0,1.0,1.0,5.0,14.0,5.0,1.0,1959.0,1.0,3.0,1.0,3.0,9000.0,7.0,1,2,2,2,2,1.0,3.8,1.2,5.0,3.0,1.0,2.0,2.0,5.0,5.0,1.0,3.0,5.0,3.0,2.0,4.0,1.0,5.0,1.0,3.0,1.0,6.0,2.0,5.0,4.0,3.0,1.0,5.0,4.0,2.0,1.0,4.0,5.0,1.0,3.0,2.0,2.0,4.0,2.0,2.0,1.0,1.0,4.0,2.0,2.0,4.0,4.0,4.0,3.0,2.0,4.0,2.0,2.0,4.0,2.0,3.0,4.0,1.0,2,2,2,4,4,5.0,2,2.0,2.0,3.0,1.0,6,5.3,2,12.0,4.0,35.5,6,51.0,0.000160139
54421061,4.0,3,149,67,9,19.8,3.92,46,2.0,0.0,2.0,0.0,2.0,0.0,2.0,1.0,1.0,1.0,2.0,0.0,1.0,1.0,7.0,5.0,6.0,1.0,1966.0,2.0,2.0,1.0,3.0,15000.0,7.0,1,2,2,2,2,1.0,9.9,5.62,2.0,4.0,1.0,1.0,3.0,5.0,5.0,3.0,3.0,5.0,5.0,2.0,2.0,1.0,5.0,6.0,5.0,3.0,5.0,3.0,4.0,2.0,3.0,3.0,2.0,4.0,2.0,3.0,5.0,4.0,1.0,1.0,3.0,1.0,5.0,1.0,3.0,1.0,4.0,4.0,3.0,1.0,4.0,4.0,4.0,1.0,1.0,5.0,1.0,3.0,3.0,3.0,4.0,4.0,3.0,2,2,2,4,4,5.0,4,4.0,2.0,2.0,3.0,6,36.2,1,73.0,3.0,70.0,6,44.0,0.000160139
54421085,1.0,5,156,55,5,36.2,7.81,70,5.0,0.0,2.0,0.0,4.0,0.0,4.0,3.0,1.0,1.0,5.0,2.0,1.0,1.0,8.0,13.0,6.0,1.0,1962.0,1.0,3.0,1.0,6.0,15000.0,3.0,2,2,1,2,2,1.0,0.0,11.19,4.0,4.0,2.0,2.0,4.0,5.0,3.0,3.0,3.0,5.0,3.0,3.0,4.0,2.0,5.0,2.0,5.0,2.0,4.0,2.0,3.0,4.0,3.0,2.0,5.0,4.0,3.0,2.0,3.0,3.0,2.0,2.0,5.0,3.0,5.0,4.0,3.0,1.0,5.0,4.0,2.0,2.0,2.0,3.0,4.0,3.0,2.0,4.0,1.0,3.0,2.0,2.0,4.0,3.0,1.0,2,2,2,4,4,5.0,2,3.0,1.0,1.0,4.0,6,75.0,0,96.0,3.0,104.0,6,48.0,0.000409116
54421128,11.0,0,21,9,0,3.8,0.8,11,2.0,0.0,1.0,0.0,0.0,0.0,0.0,1.0,2.0,1.0,2.0,0.0,1.0,2.0,9.0,48.0,4.0,2.0,1932.0,1.0,2.0,9.0,3.0,7000.0,3.0,1,2,2,2,2,1.0,2.2,1.15,2.0,2.0,3.0,3.0,3.0,3.0,4.0,3.0,3.0,5.0,3.0,5.0,4.0,3.0,3.0,6.0,4.0,2.0,5.0,4.0,4.0,4.0,4.0,1.0,4.0,3.0,4.0,3.0,6.0,3.0,6.0,6.0,6.0,3.0,4.0,4.0,2.0,2.0,2.0,3.0,3.0,2.0,4.0,3.0,6.0,6.0,3.0,6.0,6.0,6.0,6.0,3.0,3.0,3.0,3.0,2,2,2,4,4,5.0,1,1.0,2.0,2.0,1.0,6,5.0,0,12.0,5.0,13.0,6,78.0,0.000288998
54421128,10.0,1,54,16,4,13.6,2.85,30,2.0,0.0,1.0,0.0,0.0,0.0,0.0,1.0,2.0,1.0,2.0,0.0,1.0,2.0,9.0,48.0,4.0,2.0,1932.0,1.0,2.0,9.0,3.0,7000.0,3.0,1,2,2,2,2,1.0,6.8,4.08,2.0,2.0,3.0,3.0,3.0,3.0,4.0,3.0,3.0,5.0,3.0,5.0,4.0,3.0,3.0,6.0,4.0,2.0,5.0,4.0,4.0,4.0,4.0,1.0,4.0,3.0,4.0,3.0,6.0,3.0,6.0,6.0,6.0,3.0,4.0,4.0,2.0,2.0,2.0,3.0,3.0,2.0,4.0,3.0,6.0,6.0,3.0,6.0,6.0,6.0,6.0,3.0,3.0,3.0,3.0,2,2,2,4,4,5.0,1,1.0,2.0,2.0,1.0,6,28.0,0,34.0,5.0,41.0,6,78.0,0.000288998
54421151,1.0,0,20,19,0,3.8,0.2,3,1.0,0.0,1.0,0.0,1.0,0.0,1.0,1.0,1.0,1.0,1.0,0.0,2.0,2.0,2.0,7.0,6.0,1.0,1968.0,1.0,1.0,1.0,2.0,15000.0,7.0,1,2,2,2,2,1.0,2.2,0.29,4.0,2.0,1.0,1.0,1.0,1.0,3.0,3.0,2.0,4.0,4.0,2.0,4.0,3.0,1.0,6.0,4.0,2.0,4.0,2.0,4.0,2.0,4.0,5.0,1.0,2.0,1.0,2.0,5.0,4.0,1.0,1.0,4.0,1.0,4.0,1.0,3.0,1.0,2.0,3.0,2.0,2.0,2.0,4.0,4.0,1.0,2.0,4.0,1.0,2.0,2.0,2.0,3.0,4.0,1.0,2,2,2,4,4,3.0,1,3.0,2.0,1.0,2.0,6,1.4,1,1.0,3.0,8.0,6,42.0,0.000160139
54421151,9.0,2,69,24,12,12.4,2.02,20,1.0,0.0,1.0,0.0,1.0,0.0,1.0,1.0,1.0,1.0,1.0,0.0,2.0,2.0,2.0,7.0,6.0,1.0,1968.0,1.0,1.0,1.0,2.0,15000.0,7.0,1,2,2,2,2,1.0,6.2,2.89,4.0,2.0,1.0,1.0,1.0,1.0,3.0,3.0,2.0,4.0,4.0,2.0,4.0,3.0,1.0,6.0,4.0,2.0,4.0,2.0,4.0,2.0,4.0,5.0,1.0,2.0,1.0,2.0,5.0,4.0,1.0,1.0,4.0,1.0,4.0,1.0,3.0,1.0,2.0,3.0,2.0,2.0,2.0,4.0,4.0,1.0,2.0,4.0,1.0,2.0,2.0,2.0,3.0,4.0,3.0,2,2,2,4,4,3.0,1,3.0,2.0,1.0,2.0,6,21.0,1,33.0,3.0,18.0,6,42.0,0.000160139
54421189,1.0,0,57,47,0,7.6,1.06,14,2.0,0.0,2.0,0.0,4.0,0.0,2.0,2.0,1.0,1.0,2.0,0.0,2.0,2.0,4.0,16.0,6.0,1.0,1965.0,1.0,2.0,1.0,5.0,15000.0,3.0,1,2,2,2,2,1.0,3.8,1.52,4.0,4.0,3.0,3.0,4.0,5.0,4.0,2.0,6.0,5.0,4.0,4.0,4.0,3.0,4.0,6.0,3.0,1.0,5.0,3.0,4.0,2.0,3.0,2.0,2.0,2.0,4.0,2.0,4.0,3.0,2.0,1.0,2.0,3.0,4.0,3.0,2.0,1.0,3.0,4.0,4.0,2.0,4.0,4.0,4.0,3.0,3.0,4.0,2.0,2.0,4.0,2.0,3.0,4.0,2.0,2,2,2,4,4,2.0,2,1.0,2.0,2.0,3.0,6,9.5,1,10.0,5.0,14.0,6,45.0,0.000409116
54421189,1.0,0,57,37,0,7.6,1.06,14,2.0,0.0,2.0,0.0,4.0,0.0,2.0,2.0,1.0,1.0,2.0,0.0,2.0,2.0,4.0,16.0,6.0,1.0,1965.0,1.0,2.0,1.0,5.0,15000.0,3.0,1,2,2,2,2,1.0,3.8,1.52,4.0,4.0,3.0,3.0,4.0,5.0,4.0,2.0,6.0,5.0,4.0,4.0,4.0,3.0,4.0,6.0,3.0,1.0,5.0,3.0,4.0,2.0,3.0,2.0,2.0,2.0,4.0,2.0,4.0,3.0,2.0,1.0,2.0,3.0,4.0,3.0,2.0,1.0,3.0,4.0,4.0,2.0,4.0,4.0,4.0,3.0,3.0,4.0,2.0,2.0,4.0,2.0,3.0,4.0,1.0,2,2,2,4,4,2.0,2,1.0,2.0,2.0,3.0,6,9.5,1,20.0,5.0,14.0,6,45.0,0.000409116
54421189,10.0,2,59,22,3,13.6,2.71,28,2.0,0.0,2.0,0.0,4.0,0.0,2.0,2.0,1.0,1.0,2.0,0.0,2.0,2.0,4.0,16.0,6.0,1.0,1965.0,1.0,2.0,1.0,5.0,15000.0,3.0,1,2,2,2,2,1.0,6.8,3.88,4.0,4.0,3.0,3.0,4.0,5.0,4.0,2.0,6.0,5.0,4.0,4.0,4.0,3.0,4.0,6.0,3.0,1.0,5.0,3.0,4.0,2.0,3.0,2.0,2.0,2.0,4.0,2.0,4.0,3.0,2.0,1.0,2.0,3.0,4.0,3.0,2.0,1.0,3.0,4.0,4.0,2.0,4.0,4.0,4.0,3.0,3.0,4.0,2.0,2.0,4.0,2.0,3.0,4.0,3.0,2,2,2,4,4,2.0,1,1.0,2.0,2.0,3.0,6,27.0,0,34.0,5.0,77.0,6,45.0,0.000409116
54421191,7.0,4,314,52,17,95.8,7.41,192,3.0,0.0,1.0,0.0,3.0,0.0,2.0,2.0,1.0,1.0,1.0,0.0,2.0,1.0,4.5,12.0,4.0,1.0,1949.0,1.0,3.0,1.0,6.0,7000.0,3.0,2,2,1,2,2,1.0,0.0,10.62,6.0,5.0,2.0,1.0,3.0,5.0,4.0,2.0,4.0,5.0,4.0,2.0,4.0,2.0,4.0,2.0,4.0,1.0,4.0,2.0,5.0,5.0,2.0,2.0,5.0,5.0,5.0,2.0,4.0,2.0,2.0,4.0,5.0,4.0,5.0,4.0,2.0,1.0,1.0,4.0,5.0,4.0,4.0,4.0,2.0,2.0,1.0,5.0,2.0,4.0,2.0,4.0,4.0,4.0,3.0,2,2,2,4,4,6.0,3,1.0,2.0,2.0,4.0,6,219.0,0,245.0,4.0,242.0,6,61.0,0.000409116
54421192,1.0,5,115,41,3,27.2,6.19,63,3.0,0.0,1.0,0.0,3.0,0.0,2.0,2.0,1.0,1.0,1.0,0.0,2.0,1.0,4.5,12.0,4.0,1.0,1949.0,1.0,3.0,1.0,6.0,7000.0,3.0,2,2,1,2,2,1.0,0.0,8.87,6.0,5.0,2.0,1.0,3.0,5.0,4.0,2.0,4.0,5.0,4.0,2.0,4.0,2.0,4.0,2.0,4.0,1.0,4.0,2.0,5.0,5.0,2.0,2.0,5.0,5.0,5.0,2.0,4.0,2.0,2.0,4.0,5.0,4.0,5.0,4.0,2.0,1.0,1.0,4.0,5.0,4.0,4.0,4.0,2.0,2.0,1.0,5.0,2.0,4.0,2.0,4.0,4.0,4.0,1.0,2,2,2,4,4,6.0,2,1.0,2.0,2.0,4.0,6,62.0,0,71.0,4.0,93.0,6,61.0,0.000409116
54421201,3.0,5,169,38,17,36.0,11.64,86,3.0,0.0,3.0,0.0,3.0,0.0,2.0,0.0,1.0,1.0,3.0,1.0,1.0,1.0,6.0,10.0,6.0,2.0,1956.0,1.0,3.0,6.0,1.0,15000.0,6.0,1,2,2,2,2,1.0,18.0,16.68,3.0,4.0,3.0,4.0,4.0,4.0,4.0,2.0,2.0,4.0,4.0,2.0,4.0,2.0,4.0,2.0,4.0,2.0,4.0,2.0,4.0,3.0,2.0,2.0,4.0,4.0,4.0,2.0,4.0,4.0,2.0,2.0,4.0,4.0,4.0,4.0,2.0,2.0,4.0,2.0,2.0,2.0,4.0,2.0,3.0,4.0,4.0,4.0,2.0,2.0,4.0,4.0,2.0,4.0,1.0,2,2,2,4,4,5.0,2,2.0,2.0,2.0,4.0,6,126.0,0,114.0,3.0,165.0,6,54.0,9.82e-05
54421227,4.0,0,36,33,0,3.8,0.32,4,2.0,0.0,1.0,0.0,2.0,0.0,1.0,1.0,2.0,1.0,2.0,0.0,1.0,1.0,3.0,25.0,2.0,1.0,1939.0,1.0,2.0,9.0,3.0,3250.0,5.0,1,2,2,2,2,3.0,2.2,0.46,4.0,3.0,3.0,3.0,4.0,4.0,4.0,6.0,6.0,6.0,6.0,4.0,4.0,2.0,4.0,6.0,3.0,2.0,6.0,6.0,6.0,3.0,6.0,2.0,4.0,4.0,6.0,6.0,6.0,4.0,6.0,3.0,3.0,3.0,4.0,3.0,3.0,2.0,3.0,3.0,2.0,3.0,4.0,3.0,6.0,6.0,3.0,6.0,3.0,6.0,3.0,3.0,4.0,3.0,3.0,2,2,2,4,4,2.0,1,1.0,2.0,2.0,1.0,6,2.5,0,3.0,2.0,15.0,6,71.0,8.57e-05
54421227,9.0,0,5,3,0,3.8,0.25,3,2.0,0.0,1.0,0.0,2.0,0.0,1.0,1.0,2.0,1.0,2.0,0.0,1.0,1.0,3.0,25.0,2.0,1.0,1939.0,1.0,2.0,9.0,3.0,3250.0,5.0,1,2,2,2,2,3.0,2.2,0.36,4.0,3.0,3.0,3.0,4.0,4.0,4.0,6.0,6.0,6.0,6.0,4.0,4.0,2.0,4.0,6.0,3.0,2.0,6.0,6.0,6.0,3.0,6.0,2.0,4.0,4.0,6.0,6.0,6.0,4.0,6.0,3.0,3.0,3.0,4.0,3.0,3.0,2.0,3.0,3.0,2.0,3.0,4.0,3.0,6.0,6.0,3.0,6.0,3.0,6.0,3.0,3.0,4.0,3.0,3.0,2,2,2,4,4,2.0,1,1.0,2.0,2.0,1.0,6,1.9,0,2.0,2.0,7.0,6,71.0,8.57e-05
54421227,7.0,1,55,4,1,15.2,2.73,28,2.0,0.0,1.0,0.0,2.0,0.0,1.0,1.0,2.0,1.0,2.0,0.0,1.0,1.0,3.0,25.0,2.0,1.0,1939.0,1.0,2.0,9.0,3.0,3250.0,5.0,1,2,2,2,2,3.0,7.6,3.91,4.0,3.0,3.0,3.0,4.0,4.0,4.0,6.0,6.0,6.0,6.0,4.0,4.0,2.0,4.0,6.0,3.0,2.0,6.0,6.0,6.0,3.0,6.0,2.0,4.0,4.0,6.0,6.0,6.0,4.0,6.0,3.0,3.0,3.0,4.0,3.0,3.0,2.0,3.0,3.0,2.0,3.0,4.0,3.0,6.0,6.0,3.0,6.0,3.0,6.0,3.0,3.0,4.0,3.0,3.0,2,2,2,4,4,2.0,1,1.0,2.0,2.0,1.0,6,27.0,0,50.0,2.0,35.5,6,71.0,8.57e-05
54421257,9.0,0,21,6,0,3.8,0.77,11,2.0,0.0,1.0,0.0,2.0,0.0,0.0,1.0,1.0,1.0,2.0,0.0,2.0,1.0,3.0,11.0,4.0,1.0,1944.0,1.0,2.0,9.0,6.0,7000.0,2.0,2,2,2,1,2,1.0,0.0,1.1,5.0,4.0,2.0,1.0,3.0,5.0,6.0,6.0,6.0,5.0,6.0,5.0,5.0,1.0,5.0,6.0,2.0,2.0,2.0,2.0,5.0,2.0,2.0,2.0,4.0,4.0,4.0,4.0,2.0,5.0,2.0,3.0,4.0,4.0,4.0,4.0,6.0,2.0,2.0,4.0,3.0,3.0,4.0,4.0,6.0,4.0,4.0,6.0,6.0,4.0,4.0,5.0,5.0,2.0,3.0,2,2,2,4,4,5.0,1,1.0,2.0,1.0,2.0,6,5.0,0,15.0,5.0,13.0,6,66.0,0.001285365
54421279,6.0,2,67,9,4,27.2,5.84,61,2.0,0.0,0.0,0.0,2.0,0.0,2.0,0.0,1.0,1.0,2.0,0.0,2.0,2.0,3.0,5.0,3.0,1.0,1977.0,1.0,5.0,2.0,6.0,5000.0,6.0,2,2,1,2,2,2.0,0.0,8.37,5.0,2.0,6.0,6.0,2.0,5.0,4.0,6.0,4.0,2.0,3.0,5.0,5.0,1.0,6.0,6.0,5.0,1.0,5.0,3.0,5.0,2.0,2.0,1.0,5.0,5.0,1.0,1.0,5.0,5.0,4.0,1.0,1.0,2.0,2.0,4.0,3.0,1.0,2.0,4.0,3.0,4.0,4.0,2.0,1.0,1.0,1.0,5.0,3.0,3.0,3.0,4.0,5.0,3.0,3.0,2,2,2,4,4,4.0,2,3.0,2.0,2.0,4.0,6,57.0,0,54.0,5.0,39.0,6,33.0,0.000258025
54421279,11.0,2,81,21,4,23.4,5.18,52,2.0,0.0,0.0,0.0,2.0,0.0,2.0,0.0,1.0,1.0,2.0,0.0,2.0,2.0,3.0,5.0,3.0,1.0,1977.0,1.0,5.0,2.0,6.0,5000.0,6.0,2,2,1,2,2,2.0,0.0,7.42,5.0,2.0,6.0,6.0,2.0,5.0,4.0,6.0,4.0,2.0,3.0,5.0,5.0,1.0,6.0,6.0,5.0,1.0,5.0,3.0,5.0,2.0,2.0,1.0,5.0,5.0,1.0,1.0,5.0,5.0,4.0,1.0,1.0,2.0,2.0,4.0,3.0,1.0,2.0,4.0,3.0,4.0,4.0,2.0,1.0,1.0,1.0,5.0,3.0,3.0,3.0,4.0,5.0,3.0,3.0,2,2,2,4,4,4.0,2,3.0,2.0,2.0,4.0,6,50.0,0,56.0,5.0,35.5,6,33.0,0.000258025
54421282,10.0,4,107,19,6,28.8,5.89,61,2.0,0.0,0.0,0.0,2.0,0.0,2.0,0.0,1.0,1.0,1.0,0.0,2.0,2.0,3.5,4.0,2.0,2.0,1978.0,1.0,5.0,8.0,4.0,3250.0,3.0,2,2,1,2,2,3.0,0.0,8.44,5.0,3.0,1.0,1.0,5.0,5.0,3.0,6.0,4.0,5.0,6.0,3.0,5.0,1.0,3.0,6.0,3.0,1.0,6.0,6.0,5.0,4.0,2.0,3.0,5.0,5.0,5.0,3.0,5.0,5.0,1.0,1.0,1.0,1.0,4.0,4.0,2.0,1.0,1.0,4.0,2.0,3.0,5.0,2.0,6.0,1.0,1.0,5.0,1.0,1.0,3.0,3.0,3.0,5.0,3.0,2,2,2,4,4,5.0,2,3.0,4.0,4.0,1.0,6,57.0,0,82.0,5.0,120.0,6,32.0,0.00087004
54421379,10.0,0,34,13,0,5.6,1.3,19,1.0,0.0,1.0,1.0,1.0,0.0,1.0,1.0,1.0,2.0,1.0,0.0,2.0,2.0,2.5,1.0,4.0,1.0,1947.0,1.0,1.0,1.0,6.0,7000.0,5.0,2,2,2,2,2,1.0,5.6,1.86,4.0,2.0,2.0,2.0,4.0,5.0,4.0,2.0,2.0,1.0,2.0,2.0,4.0,5.0,4.0,6.0,4.0,1.0,2.0,2.0,5.0,4.0,4.0,4.0,2.0,1.0,2.0,3.0,4.0,3.0,1.0,2.0,3.0,4.0,4.0,4.0,3.0,5.0,3.0,1.0,4.0,2.0,3.0,4.0,4.0,3.0,2.0,2.0,1.0,2.0,4.0,4.0,4.0,3.0,3.0,2,2,2,4,4,3.0,1,3.0,2.0,2.0,1.0,6,12.0,1,21.0,3.0,34.0,6,63.0,0.000109132
54421439,1.0,5,110,32,12,27.2,5.34,52,3.0,1.0,2.0,1.0,3.0,1.0,5.0,4.0,1.0,2.0,2.0,2.0,1.0,1.0,5.5,13.0,6.0,1.0,1968.0,3.0,3.0,1.0,1.0,15000.0,3.0,2,2,2,1,2,1.0,0.0,7.65,2.0,5.0,2.0,2.0,4.0,5.0,4.0,3.0,3.0,4.0,3.0,1.0,4.0,3.0,6.0,2.0,4.0,5.0,4.0,3.0,4.0,3.0,4.0,4.0,4.0,5.0,4.0,4.0,5.0,3.0,4.0,1.0,3.0,3.0,4.0,2.0,3.0,3.0,4.0,4.0,2.0,4.0,4.0,5.0,5.0,6.0,4.0,2.0,1.0,4.0,1.0,5.0,5.0,4.0,1.0,2,2,2,4,4,5.0,2,1.0,3.0,3.0,3.0,6,53.0,0,66.0,5.0,109.0,6,42.0,0.000409116
54421440,1.0,4,100,35,6,27.2,6.18,64,3.0,1.0,2.0,1.0,3.0,1.0,3.0,2.0,1.0,1.0,2.0,2.0,1.0,1.0,5.5,13.0,6.0,2.0,1967.0,1.0,3.0,2.0,6.0,15000.0,4.0,2,2,2,2,1,1.0,27.2,8.86,2.0,4.0,2.0,2.0,4.0,5.0,3.0,2.0,3.0,4.0,4.0,4.0,2.0,3.0,4.0,2.0,4.0,4.0,5.0,3.0,4.0,3.0,4.0,3.0,3.0,4.0,3.0,2.0,5.0,2.0,2.0,2.0,2.0,2.0,4.0,4.0,2.0,2.0,3.0,3.0,2.0,2.0,4.0,4.0,2.0,4.0,3.0,2.0,2.0,4.0,2.0,5.0,4.0,4.0,1.0,2,2,2,4,4,5.0,2,2.0,2.0,3.0,3.0,6,58.0,0,59.0,4.0,87.0,6,43.0,9.82e-05
54421440,8.0,3,106,41,13,18.4,3.02,33,3.0,1.0,2.0,1.0,3.0,1.0,3.0,2.0,1.0,1.0,2.0,2.0,1.0,1.0,5.5,13.0,6.0,2.0,1967.0,1.0,3.0,2.0,6.0,15000.0,4.0,2,2,2,2,1,1.0,18.4,4.33,2.0,4.0,2.0,2.0,4.0,5.0,3.0,2.0,3.0,4.0,4.0,4.0,2.0,3.0,4.0,2.0,4.0,4.0,5.0,3.0,4.0,3.0,4.0,3.0,3.0,4.0,3.0,2.0,5.0,2.0,2.0,2.0,2.0,2.0,4.0,4.0,2.0,2.0,3.0,3.0,2.0,2.0,4.0,4.0,2.0,4.0,3.0,2.0,2.0,4.0,2.0,5.0,4.0,4.0,3.0,2,2,2,4,4,5.0,4,2.0,2.0,3.0,3.0,6,26.0,1,52.0,4.0,45.0,6,43.0,9.82e-05
54429999,1.0,3,136,30,49,32.2,3.05,44,4.0,0.0,2.0,0.0,4.0,0.0,1.0,3.0,1.0,1.0,4.0,0.0,1.0,1.0,6.0,9.0,6.0,1.0,1964.0,1.0,3.0,1.0,3.0,15000.0,4.0,1,2,2,2,2,1.0,16.1,4.37,5.0,4.0,1.0,1.0,5.0,5.0,5.0,2.0,2.0,4.0,5.0,5.0,1.0,2.0,5.0,3.0,5.0,1.0,2.0,1.0,4.0,3.0,3.0,2.0,4.0,4.0,6.0,4.0,4.0,4.0,1.0,5.0,2.0,3.0,4.0,2.0,4.0,3.0,2.0,2.0,3.0,2.0,3.0,4.0,4.0,3.0,1.0,4.0,2.0,3.0,2.0,4.0,4.0,3.0,1.0,2,2,2,4,4,4.0,2,3.0,2.0,2.0,1.0,6,26.0,1,57.0,5.0,87.0,6,46.0,0.000109132
54440017,3.0,0,39,11,0,5.6,1.46,22,4.0,1.0,1.0,0.0,2.0,1.0,1.0,1.0,1.0,2.0,3.0,0.0,2.0,2.0,3.5,15.0,2.0,2.0,1962.0,1.0,6.0,8.0,8.0,3250.0,2.0,2,2,2,2,1,2.0,5.6,2.09,1.0,2.0,2.0,3.0,2.0,3.0,3.0,1.0,1.0,4.0,1.0,2.0,4.0,4.0,3.0,5.0,5.0,6.0,5.0,5.0,3.0,4.0,3.0,5.0,3.0,5.0,3.0,3.0,3.0,2.0,5.0,1.0,5.0,5.0,5.0,1.0,4.0,5.0,3.0,1.0,3.0,1.0,4.0,4.0,3.0,2.0,5.0,4.0,3.0,2.0,3.0,4.0,5.0,5.0,1.0,7,1,2,4,4,5.0,1,4.0,2.0,1.0,2.0,6,13.0,0,28.0,3.0,24.0,6,48.0,0.001472131
54440058,1.0,2,83,43,5,5.6,0.86,12,2.0,0.0,1.0,1.0,5.0,0.0,2.0,2.0,1.0,2.0,1.0,0.0,1.0,1.0,7.5,28.0,4.0,2.0,1957.0,1.0,3.0,2.0,4.0,7000.0,2.0,1,2,2,2,2,1.0,2.8,1.23,2.0,4.0,3.0,3.0,4.0,5.0,4.0,1.0,4.0,4.0,4.0,3.0,5.0,3.0,6.0,3.0,4.0,2.0,5.0,4.0,4.0,4.0,4.0,3.0,4.0,3.0,4.0,2.0,4.0,4.0,2.0,4.0,2.0,2.0,4.0,4.0,2.0,1.0,2.0,4.0,4.0,2.0,5.0,4.0,4.0,3.0,4.0,4.0,2.0,1.0,2.0,4.0,4.0,2.0,1.0,7,1,2,4,4,5.0,2,1.0,3.0,3.0,4.0,6,9.0,2,35.0,4.0,55.0,6,53.0,0.001472131
54440058,10.0,6,134,19,36,33.6,6.81,55,2.0,0.0,1.0,1.0,5.0,0.0,2.0,2.0,1.0,2.0,1.0,0.0,1.0,1.0,7.5,28.0,4.0,2.0,1957.0,1.0,3.0,2.0,4.0,7000.0,2.0,1,2,2,2,2,1.0,16.8,9.76,2.0,4.0,3.0,3.0,4.0,5.0,4.0,1.0,4.0,4.0,4.0,3.0,5.0,3.0,6.0,3.0,4.0,2.0,5.0,4.0,4.0,4.0,4.0,3.0,4.0,3.0,4.0,2.0,4.0,4.0,2.0,4.0,2.0,2.0,4.0,4.0,2.0,1.0,2.0,4.0,4.0,2.0,5.0,4.0,4.0,3.0,4.0,4.0,2.0,1.0,2.0,4.0,4.0,2.0,3.0,7,1,2,4,4,5.0,1,1.0,3.0,3.0,4.0,6,73.0,1,79.0,4.0,45.0,6,53.0,0.001472131
54440108,9.0,0,75,27,0,11.2,2.62,38,1.0,0.0,1.0,0.0,1.0,0.0,1.0,1.0,1.0,1.0,1.0,0.0,1.0,1.0,5.5,24.0,4.0,2.0,1947.0,1.0,1.0,9.0,6.0,7000.0,6.0,1,2,2,2,2,1.0,5.6,3.75,5.0,4.0,1.0,1.0,5.0,5.0,5.0,1.0,5.0,6.0,4.0,6.0,5.0,2.0,5.0,6.0,2.0,1.0,4.0,2.0,4.0,1.0,1.0,1.0,5.0,5.0,1.0,1.0,5.0,5.0,1.0,1.0,1.0,2.0,4.0,1.0,4.0,2.0,2.0,5.0,1.0,6.0,4.0,2.0,6.0,6.0,6.0,5.0,6.0,2.0,5.0,4.0,4.0,5.0,3.0,7,1,2,4,4,5.0,2,3.0,2.0,2.0,4.0,6,22.0,0,48.0,4.0,78.0,6,63.0,9.82e-05
54440122,1.0,4,147,62,20,11.2,2.58,36,2.0,0.0,2.0,0.0,1.0,0.0,1.0,1.0,1.0,1.0,2.0,0.0,2.0,1.0,3.0,23.0,5.0,1.0,1947.0,1.0,2.0,1.0,6.0,9000.0,3.0,1,2,2,2,2,1.0,5.6,3.7,4.0,4.0,4.0,2.0,3.0,4.0,4.0,2.0,4.0,4.0,3.0,4.0,2.0,3.0,4.0,2.0,4.0,1.0,4.0,2.0,2.0,2.0,3.0,2.0,4.0,3.0,4.0,2.0,4.0,2.0,2.0,4.0,3.0,3.0,4.0,4.0,4.0,1.0,1.0,4.0,1.0,3.0,4.0,3.0,3.0,4.0,2.0,4.0,2.0,3.0,2.0,4.0,4.0,3.0,3.0,7,1,2,4,4,5.0,3,1.0,2.0,2.0,1.0,6,26.4,1,65.0,4.0,40.0,6,63.0,0.000409116
54440123,4.0,0,40,28,0,15.2,1.04,14,2.0,0.0,2.0,0.0,1.0,0.0,1.0,1.0,2.0,1.0,2.0,0.0,2.0,1.0,3.0,23.0,1.0,2.0,1946.0,1.0,2.0,6.0,8.0,2000.0,2.0,1,2,2,2,2,1.0,7.6,1.49,3.0,4.0,4.0,2.0,3.0,4.0,3.0,2.0,3.0,4.0,3.0,2.0,4.0,4.0,4.0,3.0,4.0,2.0,3.0,2.0,4.0,4.0,4.0,4.0,4.0,4.0,4.0,4.0,3.0,2.0,4.0,4.0,3.0,4.0,4.0,4.0,3.0,2.0,2.0,5.0,2.0,4.0,4.0,3.0,3.0,4.0,2.0,4.0,3.0,4.0,3.0,2.0,3.0,4.0,3.0,7,1,2,4,4,5.0,2,2.0,2.0,2.0,4.0,6,9.0,1,12.0,4.0,20.0,6,64.0,0.001472131
54440142,9.0,2,91,34,8,7.6,1.48,20,2.0,0.0,1.0,0.0,2.0,0.0,1.0,2.0,1.0,1.0,2.0,0.0,1.0,1.0,5.0,31.0,3.0,1.0,1937.0,1.0,2.0,9.0,6.0,5000.0,3.0,1,2,2,2,2,1.0,3.8,2.12,2.0,4.0,3.0,2.0,4.0,5.0,4.0,3.0,3.0,5.0,4.0,5.0,4.0,2.0,5.0,6.0,4.0,1.0,5.0,4.0,4.0,4.0,4.0,2.0,4.0,4.0,4.0,2.0,4.0,4.0,1.0,4.0,3.0,4.0,4.0,4.0,3.0,1.0,2.0,5.0,4.0,4.0,4.0,4.0,3.0,3.0,2.0,4.0,2.0,3.0,2.0,4.0,4.0,4.0,3.0,7,1,2,4,4,5.0,2,3.0,2.0,2.0,4.0,6,14.0,1,49.0,4.0,30.0,6,73.0,0.0003213
54440148,11.0,0,81,63,0,11.4,2.1,28,2.0,0.0,1.0,0.0,1.0,0.0,1.0,1.0,1.0,1.0,1.0,0.0,1.0,1.0,6.0,38.0,3.0,1.0,1934.0,1.0,3.0,9.0,6.0,5000.0,3.0,2,2,2,2,2,1.0,11.4,3.01,2.0,3.0,4.0,4.0,2.0,4.0,6.0,6.0,6.0,5.0,4.0,5.0,5.0,1.0,4.0,6.0,6.0,1.0,5.0,5.0,4.0,6.0,6.0,4.0,6.0,6.0,5.0,5.0,6.0,4.0,1.0,3.0,4.0,2.0,3.0,4.0,2.0,1.0,1.0,5.0,3.0,1.0,5.0,6.0,6.0,4.0,1.0,5.0,6.0,1.0,4.0,1.0,4.0,4.0,3.0,7,1,2,4,4,2.0,3,3.0,2.0,2.0,3.0,6,20.5,1,18.0,4.0,35.0,6,76.0,0.0003213
54440149,8.0,0,126,89,0,19.0,3.39,46,2.0,0.0,1.0,0.0,1.0,0.0,1.0,1.0,1.0,1.0,1.0,0.0,1.0,1.0,6.0,38.0,3.0,2.0,1938.0,1.0,2.0,9.0,6.0,5000.0,3.0,1,2,2,2,2,1.0,9.5,4.86,3.0,3.0,4.0,4.0,2.0,4.0,6.0,6.0,6.0,5.0,3.0,5.0,5.0,1.0,5.0,6.0,3.0,1.0,4.0,4.0,4.0,2.0,3.0,2.0,4.0,2.0,5.0,2.0,4.0,3.0,1.0,4.0,4.0,2.0,3.0,4.0,4.0,2.0,3.0,5.0,3.0,1.0,5.0,3.0,6.0,2.0,2.0,5.0,6.0,1.0,2.0,4.0,4.0,5.0,3.0,7,1,2,4,4,5.0,6,1.0,1.0,2.0,3.0,6,33.0,1,37.0,4.0,35.5,6,72.0,0.000288998
54440188,1.0,6,131,60,18,14.8,3.55,46,2.0,0.0,4.0,1.0,2.0,0.0,1.0,2.0,1.0,1.0,2.0,1.0,1.0,1.0,5.0,12.0,6.0,2.0,1964.0,1.0,7.0,1.0,3.0,15000.0,6.0,1,2,2,2,2,1.0,7.4,5.09,1.0,6.0,3.0,3.0,1.0,1.0,5.0,6.0,3.0,3.0,6.0,5.0,5.0,3.0,1.0,6.0,5.0,3.0,5.0,4.0,3.0,5.0,5.0,2.0,4.0,6.0,6.0,1.0,5.0,1.0,1.0,1.0,1.0,2.0,2.0,1.0,3.0,1.0,1.0,5.0,4.0,1.0,4.0,5.0,5.0,3.0,2.0,3.0,1.0,1.0,4.0,3.0,2.0,4.0,1.0,7,1,2,4,4,5.0,2,4.0,1.0,1.0,3.0,6,37.0,1,53.0,8.0,35.0,6,46.0,9.82e-05
54440234,9.0,0,15,15,0,0.0,0.33,3,2.0,0.0,1.0,0.0,2.0,0.0,2.0,1.0,1.0,1.0,2.0,0.0,1.0,1.0,5.0,11.0,4.0,1.0,1962.0,1.0,3.0,1.0,6.0,7000.0,3.0,2,2,2,2,2,1.0,0.0,0.47,2.0,4.0,3.0,2.0,4.0,5.0,4.0,3.0,3.0,5.0,4.0,5.0,4.0,2.0,4.0,6.0,4.0,1.0,5.0,4.0,4.0,4.0,4.0,2.0,4.0,4.0,4.0,2.0,4.0,4.0,1.0,4.0,3.0,2.0,4.0,4.0,3.0,1.0,2.0,5.0,2.0,2.0,4.0,4.0,3.0,3.0,2.0,5.0,2.0,3.0,2.0,4.0,4.0,4.0,3.0,7,1,2,4,4,5.0,3,3.0,2.0,2.0,3.0,6,2.7,1,0.0,4.0,15.0,6,48.0,0.000967286
54440234,10.0,0,15,15,0,0.0,0.22,2,2.0,0.0,1.0,0.0,2.0,0.0,2.0,1.0,1.0,1.0,2.0,0.0,1.0,1.0,5.0,11.0,4.0,1.0,1962.0,1.0,3.0,1.0,6.0,7000.0,3.0,2,2,2,2,2,1.0,0.0,0.32,2.0,4.0,3.0,2.0,4.0,5.0,4.0,3.0,3.0,5.0,4.0,5.0,4.0,2.0,4.0,6.0,4.0,1.0,5.0,4.0,4.0,4.0,4.0,2.0,4.0,4.0,4.0,2.0,4.0,4.0,1.0,4.0,3.0,2.0,4.0,4.0,3.0,1.0,2.0,5.0,2.0,2.0,4.0,4.0,3.0,3.0,2.0,5.0,2.0,3.0,2.0,4.0,4.0,4.0,3.0,7,1,2,4,4,5.0,2,3.0,2.0,2.0,3.0,6,1.8,2,0.0,4.0,15.0,6,48.0,0.000409116
54440235,1.0,8,414,130,98,45.8,14.03,125,1.0,0.0,1.0,0.0,1.0,0.0,2.0,1.0,1.0,1.0,1.0,0.0,2.0,2.0,2.0,15.0,3.0,1.0,1970.0,1.0,1.0,1.0,3.0,5000.0,3.0,1,2,2,2,2,1.0,22.9,20.1,1.0,4.0,4.0,3.0,1.0,4.0,5.0,1.0,1.0,5.0,6.0,4.0,5.0,5.0,3.0,6.0,2.0,4.0,5.0,4.0,4.0,4.0,4.0,2.0,3.0,4.0,4.0,2.0,5.0,4.0,1.0,4.0,5.0,6.0,1.0,5.0,4.0,1.0,1.0,5.0,3.0,1.0,3.0,3.0,1.0,6.0,6.0,4.0,6.0,6.0,1.0,4.0,2.0,2.0,3.0,7,1,2,4,4,5.0,5,3.0,2.0,4.0,3.0,6,151.0,1,186.0,4.0,135.0,6,40.0,0.000409116
54440238,4.0,0,40,28,0,7.6,1.0,14,2.0,0.0,1.0,0.0,0.0,0.0,1.0,1.0,2.0,1.0,2.0,0.0,1.0,1.0,5.0,44.0,4.0,1.0,1930.0,1.0,2.0,9.0,6.0,12100.0,8.0,2,2,2,2,2,1.0,7.6,1.43,1.0,2.0,4.0,3.0,1.0,4.0,4.0,3.0,2.0,5.0,4.0,5.0,5.0,4.0,3.0,5.0,5.0,1.0,5.0,4.0,5.0,5.0,5.0,5.0,1.0,1.0,1.0,2.0,1.0,1.0,1.0,1.0,5.0,1.0,3.0,3.0,3.0,1.0,1.0,5.0,4.0,3.0,3.0,5.0,6.0,4.0,2.0,5.0,5.0,3.0,3.0,3.0,5.0,3.0,3.0,7,1,2,4,4,2.0,2,1.0,2.0,2.0,2.0,6,9.0,1,12.0,3.0,30.0,6,80.0,0.000296889
54440239,4.0,0,40,28,0,7.6,1.0,14,2.0,0.0,1.0,0.0,0.0,0.0,1.0,1.0,2.0,2.0,2.0,0.0,1.0,1.0,5.0,30.0,4.0,2.0,1929.0,1.0,2.0,9.0,6.0,7384.0,3.0,2,2,2,2,2,1.0,7.6,1.43,1.0,2.0,5.0,4.0,1.0,3.0,3.0,4.0,4.0,5.0,3.0,4.0,4.0,4.0,3.0,4.0,5.0,3.0,5.0,4.0,5.0,5.0,4.0,5.0,1.0,1.0,5.0,4.0,1.0,4.0,1.0,1.0,4.0,3.0,4.0,3.0,3.0,2.0,3.0,4.0,5.0,2.0,3.0,5.0,3.0,3.0,2.0,4.0,5.0,3.0,1.0,2.0,5.0,2.0,3.0,7,1,2,4,4,5.0,2,1.0,2.0,2.0,3.0,6,9.0,1,12.0,4.0,30.0,6,81.0,0.000682226
54440279,9.0,1,37,21,5,7.6,0.68,10,2.0,0.0,1.0,0.0,2.0,0.0,3.0,0.0,1.0,1.0,3.0,0.0,1.0,1.0,6.0,30.0,4.0,2.0,1962.0,1.0,2.0,2.0,6.0,7384.0,3.0,1,2,2,2,2,2.0,3.8,0.97,3.0,3.0,5.0,3.0,4.0,4.0,4.0,3.0,3.0,5.0,4.0,5.0,4.0,2.0,4.0,6.0,4.0,1.0,5.0,4.0,4.0,4.0,4.0,2.0,4.0,4.0,4.0,2.0,4.0,4.0,1.0,4.0,3.0,2.0,4.0,4.0,3.0,1.0,2.0,5.0,2.0,2.0,4.0,4.0,3.0,3.0,2.0,5.0,2.0,3.0,2.0,4.0,4.0,4.0,3.0,7,1,2,4,4,3.0,1,3.0,4.0,2.0,1.0,6,6.5,1,11.0,4.0,15.0,6,48.0,0.000288998
54440295,7.0,4,184,74,16,25.6,4.15,58,1.0,0.0,1.0,0.0,1.0,0.0,1.0,1.0,1.0,1.0,1.0,0.0,2.0,1.0,3.0,10.0,2.0,2.0,1943.0,1.0,1.0,9.0,8.0,3250.0,3.0,1,2,2,2,2,1.0,12.8,5.95,2.0,6.0,3.0,2.0,3.0,5.0,4.0,3.0,3.0,4.0,3.0,5.0,5.0,3.0,3.0,3.0,4.0,2.0,5.0,5.0,4.0,4.0,4.0,3.0,4.0,4.0,4.0,3.0,4.0,4.0,3.0,4.0,2.0,4.0,4.0,4.0,3.0,3.0,3.0,3.0,3.0,3.0,4.0,3.0,3.0,3.0,3.0,4.0,3.0,3.0,4.0,4.0,4.0,4.0,3.0,7,1,2,4,4,3.0,5,4.0,2.0,2.0,1.0,6,39.5,1,94.0,3.0,72.0,6,67.0,0.000288998
54440340,4.0,0,108,73,0,11.2,2.98,44,2.0,0.0,2.0,0.0,4.0,0.0,2.0,0.0,1.0,1.0,2.0,0.0,1.0,1.0,5.0,19.0,4.0,1.0,1948.0,1.0,3.0,9.0,6.0,7000.0,4.0,1,2,2,2,2,1.0,5.6,4.27,2.0,3.0,4.0,3.0,3.0,4.0,6.0,6.0,6.0,4.0,3.0,2.0,5.0,3.0,4.0,6.0,4.0,2.0,5.0,5.0,5.0,5.0,3.0,3.0,2.0,1.0,2.0,2.0,4.0,4.0,1.0,2.0,3.0,2.0,5.0,3.0,3.0,2.0,2.0,5.0,2.0,3.0,4.0,4.0,6.0,3.0,3.0,5.0,2.0,3.0,4.0,2.0,4.0,4.0,3.0,7,1,2,4,4,6.0,2,3.0,2.0,2.0,1.0,6,24.0,1,35.0,5.0,40.0,6,62.0,0.000109132
54440340,10.0,1,89,73,3,7.6,1.56,22,2.0,0.0,2.0,0.0,4.0,0.0,2.0,0.0,1.0,1.0,2.0,0.0,1.0,1.0,5.0,19.0,4.0,1.0,1948.0,1.0,3.0,9.0,6.0,7000.0,4.0,1,2,2,2,2,1.0,3.8,2.24,2.0,3.0,4.0,3.0,3.0,4.0,6.0,6.0,6.0,4.0,3.0,2.0,5.0,3.0,4.0,6.0,4.0,2.0,5.0,5.0,5.0,5.0,3.0,3.0,2.0,1.0,2.0,2.0,4.0,4.0,1.0,2.0,3.0,2.0,5.0,3.0,3.0,2.0,2.0,5.0,2.0,3.0,4.0,4.0,6.0,3.0,3.0,5.0,2.0,3.0,4.0,2.0,4.0,4.0,3.0,7,1,2,4,4,6.0,2,3.0,2.0,2.0,1.0,6,15.0,1,13.0,5.0,14.0,6,62.0,0.000109132
54440341,4.0,0,90,62,0,19.0,8.3,34,2.0,0.0,2.0,0.0,4.0,0.0,2.0,0.0,1.0,1.0,2.0,0.0,1.0,1.0,5.0,19.0,4.0,2.0,1948.0,1.0,3.0,9.0,6.0,7000.0,3.0,1,2,2,2,2,1.0,9.5,11.89,2.0,3.0,5.0,4.0,3.0,4.0,6.0,6.0,6.0,4.0,3.0,3.0,4.0,3.0,4.0,6.0,4.0,2.0,5.0,4.0,4.0,5.0,6.0,3.0,2.0,1.0,1.0,4.0,4.0,4.0,1.0,2.0,4.0,1.0,5.0,4.0,4.0,4.0,2.0,5.0,2.0,4.0,4.0,4.0,6.0,3.0,3.0,5.0,2.0,4.0,4.0,2.0,4.0,4.0,3.0,7,1,2,4,4,5.0,4,3.0,2.0,2.0,1.0,6,21.5,1,28.0,4.0,42.0,6,62.0,0.000367986
54440366,4.0,0,42,30,0,7.6,1.04,14,4.0,2.0,2.0,1.0,4.0,2.0,2.0,2.0,1.0,1.0,4.0,0.0,1.0,1.0,5.0,15.0,4.0,2.0,1965.0,1.0,3.0,6.0,8.0,7000.0,3.0,1,2,2,2,2,1.0,3.8,1.49,1.0,2.0,5.0,2.0,3.0,3.0,6.0,1.0,3.0,4.0,4.0,3.0,3.0,4.0,4.0,2.0,4.0,3.0,5.0,2.0,4.0,4.0,2.0,4.0,3.0,4.0,6.0,2.0,5.0,4.0,2.0,6.0,3.0,3.0,4.0,4.0,3.0,5.0,3.0,3.0,3.0,3.0,4.0,4.0,6.0,6.0,3.0,4.0,3.0,3.0,1.0,3.0,5.0,3.0,3.0,7,1,2,4,4,1.0,2,1.0,3.0,3.0,3.0,6,9.0,1,12.0,4.0,10.0,6,45.0,0.000367986
54440366,2.0,0,28,26,0,5.6,0.14,1,4.0,2.0,2.0,1.0,4.0,2.0,2.0,2.0,1.0,1.0,4.0,0.0,1.0,1.0,5.0,15.0,4.0,2.0,1965.0,1.0,3.0,6.0,8.0,7000.0,3.0,1,2,2,2,2,1.0,2.8,0.2,1.0,2.0,5.0,2.0,3.0,3.0,6.0,1.0,3.0,4.0,4.0,3.0,3.0,4.0,4.0,2.0,4.0,3.0,5.0,2.0,4.0,4.0,2.0,4.0,3.0,4.0,6.0,2.0,5.0,4.0,2.0,6.0,3.0,3.0,4.0,4.0,3.0,5.0,3.0,3.0,3.0,3.0,4.0,4.0,6.0,6.0,3.0,4.0,3.0,3.0,1.0,3.0,5.0,3.0,1.0,7,1,2,4,4,1.0,2,1.0,3.0,3.0,3.0,6,0.4,2,2.0,4.0,15.0,6,45.0,0.000367986
54440426,1.0,0,90,36,0,18.6,2.81,42,3.0,1.0,1.0,1.0,3.0,1.0,1.0,1.0,1.0,2.0,2.0,0.0,2.0,2.0,3.0,1.0,5.0,1.0,1969.0,3.0,3.0,1.0,2.0,9000.0,7.0,1,2,2,2,2,2.0,9.3,4.03,3.0,3.0,3.0,2.0,3.0,5.0,4.0,3.0,3.0,5.0,1.0,5.0,4.0,1.0,4.0,1.0,1.0,3.0,4.0,1.0,5.0,5.0,5.0,1.0,5.0,5.0,3.0,5.0,5.0,2.0,3.0,2.0,1.0,3.0,3.0,3.0,3.0,1.0,2.0,5.0,3.0,3.0,2.0,4.0,4.0,3.0,4.0,4.0,3.0,4.0,3.0,4.0,4.0,4.0,1.0,7,1,2,4,4,3.0,2,1.0,2.0,2.0,4.0,6,24.0,0,54.0,4.0,60.0,6,41.0,0.000160139
54440438,9.0,0,53,24,0,8.0,1.08,14,1.0,0.0,0.0,0.0,0.0,0.0,1.0,1.0,1.0,2.0,1.0,0.0,2.0,2.0,1.5,1.0,1.0,2.0,1982.0,1.0,1.0,2.0,4.0,2000.0,5.0,1,2,2,1,2,3.0,4.0,1.55,4.0,5.0,4.0,1.0,5.0,5.0,5.0,1.0,1.0,4.0,1.0,5.0,5.0,4.0,4.0,6.0,4.0,1.0,1.0,1.0,5.0,4.0,1.0,4.0,5.0,4.0,1.0,2.0,5.0,5.0,1.0,1.0,4.0,4.0,5.0,1.0,3.0,5.0,4.0,4.0,2.0,4.0,1.0,5.0,5.0,4.0,1.0,5.0,1.0,2.0,2.0,3.0,3.0,4.0,3.0,7,1,2,4,4,5.0,2,3.0,2.0,2.0,2.0,6,8.0,0,29.0,3.0,66.0,6,28.0,0.000232084
54440439,5.0,1,184,74,1,39.2,10.04,88,1.0,0.0,0.0,0.0,0.0,0.0,1.0,1.0,1.0,2.0,1.0,0.0,2.0,2.0,1.0,1.0,1.0,2.0,1982.0,1.0,1.0,2.0,6.0,2000.0,5.0,1,2,2,1,2,3.0,19.6,14.39,4.0,5.0,2.0,1.0,5.0,5.0,4.0,1.0,1.0,5.0,1.0,5.0,4.0,2.0,4.0,3.0,5.0,1.0,1.0,1.0,1.0,3.0,1.0,4.0,4.0,5.0,1.0,2.0,5.0,5.0,1.0,1.0,2.0,4.0,5.0,2.0,4.0,5.0,5.0,5.0,3.0,4.0,1.0,4.0,2.0,4.0,1.0,5.0,1.0,1.0,4.0,4.0,3.0,4.0,3.0,7,1,2,4,4,5.0,2,3.0,2.0,3.0,3.0,6,93.0,0,109.0,3.0,191.0,6,28.0,0.000232084
54440474,1.0,4,138,44,42,11.2,2.5,36,4.0,2.0,2.0,2.0,5.0,3.0,1.0,1.0,1.0,2.0,2.0,0.0,1.0,1.0,6.0,10.0,4.0,1.0,1971.0,1.0,3.0,1.0,6.0,7000.0,6.0,1,2,2,2,2,1.0,5.6,3.58,1.0,2.0,4.0,2.0,4.0,4.0,5.0,4.0,3.0,6.0,4.0,4.0,4.0,5.0,2.0,4.0,5.0,1.0,5.0,4.0,3.0,4.0,5.0,3.0,6.0,6.0,4.0,2.0,5.0,4.0,1.0,4.0,4.0,2.0,4.0,4.0,5.0,1.0,2.0,5.0,3.0,3.0,5.0,5.0,4.0,2.0,2.0,5.0,3.0,4.0,2.0,2.0,2.0,4.0,2.0,7,1,2,4,4,5.0,2,2.0,2.0,2.0,3.0,6,24.0,1,52.0,3.0,153.0,6,39.0,0.000258025
54440474,1.0,3,142,58,23,18.8,3.0,42,4.0,2.0,2.0,2.0,5.0,3.0,1.0,1.0,1.0,2.0,2.0,0.0,1.0,1.0,6.0,10.0,4.0,1.0,1971.0,1.0,3.0,1.0,6.0,7000.0,6.0,1,2,2,2,2,1.0,9.4,4.3,1.0,2.0,4.0,2.0,4.0,4.0,5.0,4.0,3.0,6.0,4.0,4.0,4.0,5.0,2.0,4.0,5.0,1.0,5.0,4.0,3.0,4.0,5.0,3.0,6.0,6.0,4.0,2.0,5.0,4.0,1.0,4.0,4.0,2.0,4.0,4.0,5.0,1.0,2.0,5.0,3.0,3.0,5.0,5.0,4.0,2.0,2.0,5.0,3.0,4.0,2.0,2.0,2.0,4.0,2.0,7,1,2,4,4,5.0,3,2.0,2.0,2.0,3.0,6,29.5,1,61.0,3.0,94.0,6,39.0,0.000258025
54440475,1.0,5,199,98,39,18.8,2.98,42,4.0,2.0,2.0,2.0,5.0,3.0,1.0,1.0,1.0,2.0,2.0,0.0,1.0,1.0,6.0,10.0,4.0,1.0,1971.0,1.0,3.0,1.0,6.0,7000.0,6.0,1,2,2,2,2,1.0,9.4,4.27,1.0,2.0,4.0,2.0,4.0,4.0,5.0,4.0,3.0,6.0,4.0,4.0,4.0,5.0,2.0,4.0,5.0,1.0,5.0,4.0,3.0,4.0,5.0,3.0,6.0,6.0,4.0,2.0,5.0,4.0,1.0,4.0,4.0,2.0,4.0,4.0,5.0,1.0,2.0,5.0,3.0,3.0,5.0,5.0,4.0,2.0,2.0,5.0,3.0,4.0,2.0,2.0,2.0,4.0,1.0,7,1,2,4,4,5.0,4,2.0,2.0,2.0,3.0,6,30.0,1,62.0,3.0,43.0,6,39.0,0.000258025
54440508,1.0,6,207,81,41,32.0,5.47,58,4.0,1.0,2.0,1.0,4.0,2.0,5.0,3.0,1.0,2.0,4.0,3.0,1.0,2.0,6.5,10.0,5.0,1.0,1962.0,1.0,3.0,1.0,3.0,9000.0,4.0,2,2,2,2,2,1.0,32.0,7.84,3.0,4.0,2.0,1.0,3.0,5.0,4.0,3.0,4.0,5.0,3.0,4.0,5.0,2.0,4.0,3.0,4.0,1.0,5.0,4.0,2.0,2.0,4.0,3.0,3.0,3.0,4.0,2.0,5.0,3.0,1.0,1.0,2.0,3.0,2.0,2.0,4.0,1.0,1.0,5.0,4.0,2.0,5.0,4.0,4.0,2.0,2.0,5.0,2.0,3.0,3.0,4.0,4.0,5.0,2.0,7,1,2,4,4,5.0,3,4.0,2.0,2.0,2.0,6,59.0,1,85.0,3.0,57.0,6,48.0,0.000109132
54440509,9.0,2,141,58,41,11.2,2.2,30,4.0,1.0,2.0,1.0,4.0,2.0,5.0,3.0,1.0,2.0,4.0,3.0,1.0,2.0,6.5,10.0,5.0,1.0,1962.0,1.0,3.0,1.0,3.0,9000.0,4.0,2,2,2,2,2,1.0,11.2,3.15,3.0,4.0,2.0,1.0,3.0,5.0,4.0,3.0,4.0,5.0,3.0,4.0,5.0,2.0,4.0,3.0,4.0,1.0,5.0,4.0,2.0,2.0,4.0,3.0,3.0,3.0,4.0,2.0,5.0,3.0,1.0,1.0,2.0,3.0,2.0,2.0,4.0,1.0,1.0,5.0,4.0,2.0,5.0,4.0,4.0,2.0,2.0,5.0,2.0,3.0,3.0,4.0,4.0,5.0,3.0,7,1,2,4,4,5.0,2,4.0,2.0,2.0,2.0,6,22.0,1,42.0,3.0,24.0,6,48.0,0.000109132
54440528,3.0,0,24,22,0,4.4,0.06,0,1.0,0.0,1.0,0.0,0.0,0.0,1.0,1.0,1.0,1.0,1.0,0.0,1.0,1.0,5.5,7.0,5.0,2.0,1966.0,1.0,1.0,1.0,1.0,9000.0,3.0,2,2,2,2,2,1.0,4.4,0.09,1.0,2.0,3.0,6.0,4.0,4.0,5.0,2.0,3.0,3.0,6.0,3.0,5.0,1.0,1.0,6.0,6.0,2.0,5.0,5.0,3.0,5.0,5.0,3.0,2.0,6.0,6.0,3.0,6.0,6.0,6.0,6.0,6.0,3.0,6.0,5.0,1.0,1.0,1.0,3.0,3.0,3.0,3.0,3.0,3.0,3.0,3.0,5.0,3.0,6.0,4.0,2.0,3.0,4.0,1.0,7,1,2,4,4,2.0,2,3.0,1.0,2.0,3.0,6,0.6,2,2.0,4.0,8.0,6,44.0,0.000367986
54440529,1.0,4,118,41,8,20.8,3.91,56,1.0,0.0,1.0,0.0,0.0,0.0,2.0,1.0,1.0,1.0,1.0,0.0,1.0,1.0,5.5,7.0,5.0,2.0,1966.0,1.0,1.0,1.0,1.0,9000.0,3.0,2,2,2,2,2,1.0,20.8,5.6,1.0,2.0,3.0,6.0,4.0,4.0,5.0,2.0,3.0,3.0,6.0,3.0,5.0,1.0,1.0,6.0,6.0,2.0,5.0,5.0,3.0,5.0,5.0,3.0,2.0,6.0,6.0,3.0,6.0,6.0,6.0,6.0,6.0,3.0,6.0,5.0,1.0,1.0,1.0,3.0,3.0,3.0,3.0,3.0,3.0,3.0,3.0,5.0,3.0,6.0,4.0,2.0,3.0,4.0,1.0,7,1,2,4,4,2.0,2,3.0,1.0,2.0,3.0,6,36.0,1,69.0,4.0,53.0,6,44.0,0.000367986
54440529,10.0,0,4,4,0,0.0,0.1,0,1.0,0.0,1.0,0.0,0.0,0.0,2.0,1.0,1.0,1.0,1.0,0.0,1.0,1.0,5.5,7.0,5.0,2.0,1966.0,1.0,1.0,1.0,1.0,9000.0,3.0,2,2,2,2,2,1.0,0.0,0.14,1.0,2.0,3.0,6.0,4.0,4.0,5.0,2.0,3.0,3.0,6.0,3.0,5.0,1.0,1.0,6.0,6.0,2.0,5.0,5.0,3.0,5.0,5.0,3.0,2.0,6.0,6.0,3.0,6.0,6.0,6.0,6.0,6.0,3.0,6.0,5.0,1.0,1.0,1.0,3.0,3.0,3.0,3.0,3.0,3.0,3.0,3.0,5.0,3.0,6.0,4.0,2.0,3.0,4.0,3.0,7,1,2,4,4,2.0,2,3.0,1.0,2.0,3.0,6,0.4,2,0.0,4.0,302.0,6,44.0,0.000367986
54440541,10.0,1,80,26,2,16.4,4.07,29,4.0,0.0,2.0,0.0,3.0,0.0,1.0,1.0,1.0,1.0,4.0,0.0,1.0,1.0,6.0,33.0,5.0,2.0,1954.0,1.0,3.0,2.0,6.0,9000.0,3.0,2,2,1,2,2,1.0,0.0,5.83,4.0,4.0,3.0,2.0,4.0,5.0,6.0,6.0,6.0,4.0,4.0,3.0,3.0,3.0,6.0,6.0,5.0,2.0,4.0,2.0,4.0,3.0,4.0,3.0,3.0,3.0,2.0,4.0,5.0,4.0,2.0,4.0,4.0,2.0,6.0,3.0,3.0,1.0,2.0,5.0,2.0,2.0,3.0,3.0,4.0,6.0,6.0,4.0,3.0,2.0,2.0,3.0,3.0,2.0,3.0,7,1,2,4,4,5.0,1,1.0,2.0,2.0,3.0,6,32.0,0,52.0,4.0,35.5,6,56.0,0.000367986
54440560,9.0,0,14,14,0,2.2,0.07,0,2.0,0.0,1.0,0.0,2.0,0.0,2.0,1.0,1.0,2.0,2.0,0.0,2.0,2.0,5.0,16.0,3.0,1.0,1953.0,1.0,2.0,1.0,5.0,5000.0,3.0,2,2,2,2,2,1.0,2.2,0.1,4.0,2.0,3.0,2.0,2.0,4.0,3.0,6.0,6.0,4.0,4.0,4.0,4.0,3.0,4.0,6.0,4.0,2.0,4.0,3.0,3.0,4.0,2.0,6.0,4.0,6.0,2.0,2.0,4.0,3.0,1.0,6.0,6.0,2.0,2.0,3.0,3.0,1.0,1.0,4.0,4.0,4.0,4.0,3.0,4.0,3.0,2.0,5.0,3.0,2.0,3.0,4.0,4.0,4.0,3.0,7,1,2,4,4,5.0,1,3.0,2.0,1.0,3.0,6,0.5,1,0.0,2.0,35.5,6,57.0,0.000409116
54440560,4.0,1,67,10,4,11.2,1.42,18,2.0,0.0,1.0,0.0,2.0,0.0,2.0,1.0,1.0,2.0,2.0,0.0,2.0,2.0,5.0,16.0,3.0,1.0,1953.0,1.0,2.0,1.0,5.0,5000.0,3.0,2,2,2,2,2,1.0,11.2,2.03,4.0,2.0,3.0,2.0,2.0,4.0,3.0,6.0,6.0,4.0,4.0,4.0,4.0,3.0,4.0,6.0,4.0,2.0,4.0,3.0,3.0,4.0,2.0,6.0,4.0,6.0,2.0,2.0,4.0,3.0,1.0,6.0,6.0,2.0,2.0,3.0,3.0,1.0,1.0,4.0,4.0,4.0,4.0,3.0,4.0,3.0,2.0,5.0,3.0,2.0,3.0,4.0,4.0,4.0,3.0,7,1,2,4,4,5.0,1,3.0,2.0,1.0,3.0,6,15.0,1,53.0,2.0,20.0,6,57.0,0.000409116
54440574,1.0,0,126,68,0,15.2,2.92,40,2.0,0.0,1.0,0.0,2.0,0.0,1.0,1.0,1.0,1.0,2.0,0.0,1.0,1.0,5.5,33.0,5.0,1.0,1948.0,1.0,2.0,1.0,3.0,9000.0,3.0,1,2,2,1,2,2.0,7.6,4.18,4.0,5.0,2.0,1.0,4.0,4.0,5.0,1.0,5.0,4.0,5.0,1.0,5.0,1.0,4.0,1.0,1.0,1.0,4.0,2.0,4.0,1.0,2.0,1.0,5.0,5.0,1.0,4.0,5.0,5.0,1.0,5.0,2.0,2.0,4.0,4.0,2.0,1.0,3.0,5.0,4.0,2.0,4.0,2.0,2.0,3.0,2.0,5.0,2.0,2.0,4.0,4.0,5.0,4.0,3.0,7,1,2,4,4,6.0,4,2.0,2.0,3.0,1.0,6,28.0,0,58.0,5.0,85.0,6,62.0,0.000409116
54440575,3.0,8,212,42,23,88.0,18.61,142,2.0,0.0,1.0,0.0,2.0,0.0,1.0,1.0,1.0,1.0,2.0,0.0,1.0,1.0,5.5,33.0,5.0,1.0,1948.0,1.0,2.0,1.0,3.0,9000.0,3.0,1,2,2,1,2,2.0,44.0,26.67,5.0,4.0,2.0,2.0,3.0,4.0,5.0,2.0,4.0,4.0,4.0,2.0,2.0,2.0,4.0,1.0,1.0,2.0,4.0,2.0,1.0,1.0,3.0,1.0,5.0,4.0,1.0,2.0,5.0,5.0,1.0,4.0,2.0,2.0,4.0,3.0,2.0,1.0,3.0,4.0,3.0,1.0,4.0,2.0,2.0,2.0,1.0,5.0,3.0,3.0,3.0,4.0,4.0,4.0,2.0,7,1,2,4,4,6.0,2,2.0,2.0,2.0,4.0,6,205.0,0,147.0,5.0,220.0,6,62.0,0.000409116
54440575,11.0,0,64,47,0,7.6,0.98,12,2.0,0.0,1.0,0.0,2.0,0.0,1.0,1.0,1.0,1.0,2.0,0.0,1.0,1.0,5.5,33.0,5.0,1.0,1948.0,1.0,2.0,1.0,3.0,9000.0,3.0,1,2,2,1,2,2.0,3.8,1.4,5.0,4.0,2.0,2.0,3.0,4.0,5.0,2.0,4.0,4.0,4.0,2.0,2.0,2.0,4.0,1.0,1.0,2.0,4.0,2.0,1.0,1.0,3.0,1.0,5.0,4.0,1.0,2.0,5.0,5.0,1.0,4.0,2.0,2.0,4.0,3.0,2.0,1.0,3.0,4.0,3.0,1.0,4.0,2.0,2.0,2.0,1.0,5.0,3.0,3.0,3.0,4.0,4.0,4.0,3.0,7,1,2,4,4,6.0,2,2.0,2.0,2.0,4.0,6,9.0,1,17.0,5.0,14.0,6,62.0,0.000409116
54440582,4.0,0,23,16,0,3.8,0.52,7,2.0,0.0,2.0,0.0,2.0,0.0,1.0,0.0,1.0,1.0,1.0,0.0,1.0,1.0,4.5,32.0,2.0,1.0,1938.0,1.0,2.0,9.0,1.0,3250.0,3.0,1,2,2,2,2,1.0,2.2,0.75,1.0,1.0,5.0,4.0,3.0,4.0,6.0,6.0,5.0,4.0,4.0,4.0,4.0,3.0,5.0,4.0,4.0,2.0,5.0,5.0,5.0,5.0,4.0,3.0,5.0,6.0,3.0,3.0,4.0,3.0,3.0,6.0,1.0,6.0,3.0,3.0,3.0,1.0,2.0,5.0,3.0,4.0,5.0,3.0,2.0,6.0,6.0,5.0,6.0,4.0,3.0,4.0,4.0,4.0,3.0,7,1,2,4,4,1.0,1,3.0,4.0,4.0,4.0,6,4.5,1,7.0,5.0,5.0,6,72.0,0.0003213
54440583,10.0,3,260,32,46,72.0,17.12,62,2.0,0.0,2.0,0.0,2.0,0.0,1.0,0.0,1.0,1.0,1.0,0.0,1.0,1.0,4.5,32.0,2.0,1.0,1938.0,1.0,2.0,9.0,1.0,3250.0,3.0,1,2,2,2,2,1.0,36.0,24.53,1.0,1.0,5.0,4.0,3.0,4.0,6.0,6.0,5.0,4.0,4.0,4.0,4.0,3.0,5.0,4.0,4.0,2.0,5.0,5.0,5.0,5.0,4.0,3.0,5.0,6.0,3.0,3.0,4.0,3.0,3.0,6.0,1.0,6.0,3.0,3.0,3.0,1.0,2.0,5.0,3.0,4.0,5.0,3.0,2.0,6.0,6.0,5.0,6.0,4.0,3.0,4.0,4.0,4.0,3.0,7,1,2,4,4,1.0,1,3.0,4.0,4.0,4.0,6,191.0,1,182.0,5.0,155.0,6,72.0,0.0003213
54440592,1.0,4,218,120,7,36.0,5.69,69,2.0,0.0,2.0,0.0,4.0,0.0,1.0,2.0,1.0,1.0,2.0,1.0,1.0,1.0,5.5,17.0,5.0,1.0,1954.0,1.0,2.0,1.0,3.0,9000.0,3.0,1,2,2,2,2,1.0,18.0,8.15,4.0,4.0,3.0,5.0,2.0,5.0,5.0,2.0,3.0,4.0,3.0,2.0,5.0,2.0,4.0,3.0,5.0,4.0,4.0,3.0,3.0,3.0,2.0,2.0,3.0,1.0,4.0,2.0,4.0,3.0,1.0,3.0,4.0,3.0,4.0,4.0,4.0,2.0,3.0,4.0,3.0,4.0,4.0,4.0,3.0,4.0,4.0,4.0,2.0,2.0,4.0,3.0,3.0,5.0,3.0,7,1,2,4,4,4.0,4,3.0,2.0,2.0,1.0,6,54.0,1,91.0,6.0,100.0,6,56.0,0.000409116
54440704,1.0,3,71,25,14,14.4,2.32,29,1.0,0.0,1.0,0.0,1.0,0.0,1.0,1.0,1.0,2.0,1.0,0.0,2.0,2.0,3.5,2.0,4.0,2.0,1971.0,1.0,1.0,1.0,6.0,7384.0,3.0,2,2,2,2,2,1.0,14.4,3.32,2.0,2.0,3.0,2.0,4.0,4.0,4.0,3.0,6.0,6.0,6.0,4.0,4.0,2.0,3.0,6.0,5.0,1.0,5.0,3.0,4.0,3.0,3.0,3.0,2.0,5.0,6.0,6.0,5.0,3.0,1.0,6.0,6.0,3.0,6.0,4.0,4.0,1.0,1.0,5.0,3.0,2.0,5.0,5.0,4.0,4.0,1.0,5.0,2.0,1.0,2.0,3.0,5.0,4.0,1.0,7,1,2,4,4,1.0,1,1.0,4.0,3.0,1.0,6,23.0,1,32.0,4.0,40.0,6,39.0,0.00087004
54440796,1.0,4,144,62,10,23.6,4.38,54,4.0,2.0,2.0,1.0,4.0,2.0,1.0,2.0,1.0,2.0,2.0,1.0,2.0,1.0,4.0,5.0,4.0,1.0,1973.0,1.0,3.0,1.0,1.0,7000.0,3.0,2,2,2,2,2,1.0,23.6,6.28,6.0,4.0,2.0,2.0,4.0,4.0,3.0,2.0,3.0,5.0,4.0,5.0,4.0,3.0,4.0,2.0,4.0,1.0,4.0,2.0,4.0,4.0,4.0,3.0,3.0,3.0,4.0,2.0,4.0,2.0,2.0,2.0,3.0,2.0,2.0,4.0,3.0,2.0,2.0,4.0,3.0,3.0,4.0,4.0,3.0,3.0,2.0,4.0,3.0,2.0,3.0,4.0,4.0,4.0,1.0,7,1,2,4,4,4.0,2,4.0,1.0,2.0,4.0,6,41.0,1,72.0,4.0,95.0,6,37.0,0.000967286
54440872,1.0,4,114,38,15,20.0,2.76,39,1.0,0.0,1.0,0.0,2.0,0.0,1.0,1.0,1.0,1.0,1.0,0.0,1.0,2.0,3.5,3.0,3.0,1.0,1962.0,1.0,1.0,1.0,5.0,5000.0,2.0,2,2,2,2,2,1.0,20.0,3.96,2.0,2.0,2.0,3.0,4.0,4.0,6.0,3.0,6.0,2.0,3.0,4.0,4.0,1.0,6.0,6.0,6.0,1.0,3.0,2.0,4.0,3.0,6.0,6.0,6.0,6.0,4.0,3.0,6.0,4.0,2.0,6.0,6.0,2.0,2.0,4.0,2.0,1.0,1.0,4.0,1.0,5.0,5.0,5.0,5.0,5.0,5.0,5.0,2.0,1.0,2.0,4.0,5.0,4.0,1.0,7,1,2,4,4,5.0,2,1.0,2.0,2.0,1.0,6,26.0,1,61.0,4.0,40.0,6,48.0,0.001636675
54440873,7.0,9,323,37,73,74.4,17.15,157,1.0,0.0,1.0,0.0,2.0,0.0,1.0,1.0,1.0,1.0,1.0,0.0,1.0,2.0,3.5,3.0,3.0,1.0,1962.0,1.0,1.0,1.0,5.0,5000.0,2.0,2,2,2,2,2,1.0,74.4,24.58,2.0,2.0,2.0,3.0,4.0,4.0,6.0,3.0,6.0,2.0,3.0,4.0,4.0,1.0,6.0,6.0,6.0,1.0,3.0,2.0,4.0,3.0,6.0,6.0,6.0,6.0,4.0,3.0,6.0,4.0,2.0,6.0,6.0,2.0,2.0,4.0,2.0,1.0,1.0,4.0,1.0,4.0,4.0,4.0,4.0,4.0,4.0,4.0,2.0,1.0,2.0,4.0,5.0,4.0,3.0,7,1,2,4,4,5.0,2,1.0,2.0,2.0,1.0,6,187.0,1,213.0,4.0,160.0,6,48.0,0.001636675
54440891,1.0,4,96,24,18,22.8,2.77,31,4.0,0.0,2.0,0.0,1.0,0.0,3.0,4.0,1.0,1.0,4.0,0.0,1.0,1.0,7.0,7.0,6.0,1.0,1950.0,1.0,3.0,1.0,1.0,15000.0,2.0,2,2,2,2,2,1.0,22.8,3.97,1.0,2.0,2.0,1.0,3.0,5.0,2.0,4.0,1.0,5.0,3.0,5.0,5.0,5.0,5.0,3.0,4.0,2.0,5.0,3.0,5.0,5.0,5.0,2.0,4.0,1.0,2.0,4.0,5.0,3.0,1.0,6.0,3.0,1.0,4.0,4.0,3.0,1.0,3.0,4.0,4.0,3.0,2.0,4.0,4.0,3.0,3.0,3.0,1.0,2.0,2.0,2.0,2.0,3.0,1.0,7,1,2,4,4,3.0,1,1.0,2.0,3.0,3.0,6,28.0,1,54.0,4.0,45.0,6,60.0,0.001636675
54440922,7.0,1,42,14,1,9.0,1.3,19,2.0,0.0,2.0,0.0,2.0,0.0,1.0,2.0,1.0,1.0,2.0,0.0,1.0,1.0,5.0,11.0,4.0,1.0,1950.0,3.0,2.0,1.0,5.0,7000.0,3.0,2,2,2,2,2,1.0,9.0,1.86,1.0,2.0,2.0,2.0,4.0,4.0,2.0,4.0,3.0,5.0,2.0,2.0,5.0,2.0,3.0,6.0,5.0,1.0,5.0,2.0,4.0,5.0,4.0,3.0,3.0,1.0,4.0,4.0,4.0,2.0,2.0,1.0,2.0,4.0,4.0,2.0,4.0,3.0,5.0,3.0,1.0,3.0,2.0,4.0,2.0,1.0,2.0,2.0,2.0,4.0,3.0,2.0,4.0,3.0,3.0,7,1,2,4,4,5.0,1,3.0,2.0,2.0,4.0,6,11.0,1,27.0,4.0,15.0,6,60.0,0.000409116
54440949,11.0,1,61,36,1,12.2,1.6,21,4.0,2.0,1.0,0.0,4.0,2.0,3.0,3.0,1.0,2.0,3.0,0.0,1.0,1.0,6.5,9.0,4.0,1.0,1966.0,1.0,3.0,2.0,6.0,7384.0,3.0,2,2,2,2,2,1.0,12.2,2.29,1.0,3.0,5.0,3.0,3.0,5.0,4.0,3.0,2.0,2.0,1.0,3.0,5.0,3.0,1.0,4.0,5.0,1.0,5.0,4.0,3.0,5.0,5.0,3.0,1.0,3.0,4.0,2.0,4.0,3.0,3.0,3.0,2.0,4.0,4.0,2.0,4.0,2.0,3.0,5.0,1.0,3.0,5.0,3.0,4.0,3.0,1.0,5.0,4.0,4.0,3.0,1.0,2.0,3.0,3.0,7,1,2,4,4,1.0,3,3.0,2.0,3.0,2.0,6,15.0,1,24.0,3.0,30.0,6,44.0,0.000409116
54440982,1.0,1,40,13,8,3.8,0.94,14,2.0,0.0,2.0,2.0,0.0,0.0,2.0,5.0,1.0,2.0,3.0,2.0,2.0,2.0,5.5,5.0,5.0,2.0,1973.0,1.0,5.0,1.0,6.0,9000.0,6.0,1,2,2,2,2,1.0,2.2,1.35,2.0,3.0,3.0,3.0,3.0,3.0,4.0,2.0,2.0,3.0,4.0,3.0,4.0,1.0,4.0,6.0,2.0,1.0,4.0,2.0,4.0,1.0,4.0,1.0,5.0,4.0,2.0,1.0,5.0,4.0,1.0,4.0,4.0,2.0,5.0,2.0,2.0,1.0,1.0,5.0,1.0,4.0,3.0,4.0,4.0,3.0,1.0,4.0,3.0,3.0,2.0,4.0,5.0,4.0,1.0,7,1,2,4,4,4.0,1,3.0,3.0,3.0,1.0,6,9.0,1,19.0,4.0,15.0,6,37.0,0.000232084
54440983,1.0,1,40,13,12,3.8,0.94,14,2.0,0.0,2.0,2.0,0.0,0.0,2.0,5.0,1.0,2.0,3.0,2.0,2.0,2.0,5.5,5.0,5.0,2.0,1973.0,1.0,5.0,1.0,6.0,9000.0,6.0,1,2,2,2,2,1.0,2.2,1.35,2.0,2.0,3.0,3.0,3.0,3.0,4.0,2.0,3.0,4.0,6.0,5.0,5.0,5.0,1.0,6.0,5.0,3.0,5.0,5.0,1.0,1.0,3.0,4.0,1.0,4.0,4.0,1.0,4.0,4.0,1.0,4.0,4.0,3.0,4.0,2.0,3.0,1.0,1.0,5.0,2.0,4.0,3.0,4.0,4.0,3.0,1.0,4.0,3.0,2.0,2.0,4.0,4.0,4.0,1.0,7,1,2,4,4,4.0,1,3.0,3.0,3.0,4.0,6,9.0,1,15.0,4.0,35.5,6,37.0,0.000232084
54440987,1.0,5,171,40,21,40.0,7.33,81,4.0,2.0,1.0,0.0,4.0,2.0,1.0,1.0,1.0,1.0,2.0,0.0,1.0,1.0,7.0,10.0,4.0,1.0,1960.0,1.0,3.0,1.0,3.0,7000.0,4.0,2,2,2,2,1,1.0,40.0,10.5,3.0,4.0,1.0,1.0,5.0,5.0,4.0,3.0,3.0,6.0,4.0,3.0,3.0,2.0,5.0,4.0,3.0,1.0,1.0,1.0,4.0,3.0,3.0,3.0,4.0,5.0,4.0,3.0,5.0,5.0,1.0,4.0,4.0,2.0,6.0,2.0,2.0,1.0,1.0,5.0,4.0,1.0,3.0,4.0,4.0,3.0,1.0,5.0,2.0,3.0,2.0,3.0,3.0,3.0,2.0,7,1,2,4,4,5.0,3,1.0,2.0,3.0,1.0,6,57.5,0,110.0,3.0,153.0,6,50.0,0.000109132
54441060,7.0,0,94,43,0,29.0,2.74,40,1.0,0.0,1.0,0.0,0.0,0.0,1.0,1.0,1.0,1.0,1.0,0.0,2.0,1.0,4.5,1.0,3.0,2.0,1954.0,1.0,1.0,3.0,6.0,5000.0,3.0,2,2,2,2,2,1.0,29.0,3.93,2.0,2.0,3.0,3.0,3.0,3.0,3.0,3.0,3.0,3.0,3.0,4.0,4.0,4.0,4.0,3.0,4.0,3.0,4.0,3.0,3.0,3.0,3.0,3.0,3.0,3.0,3.0,3.0,3.0,3.0,3.0,3.0,3.0,3.0,3.0,3.0,3.0,1.0,2.0,4.0,3.0,4.0,3.0,3.0,3.0,3.0,3.0,4.0,3.0,3.0,3.0,3.0,3.0,3.0,3.0,7,1,2,4,4,5.0,2,3.0,3.0,2.0,3.0,6,24.0,1,51.0,4.0,45.0,6,56.0,0.000367986
54441126,9.0,1,91,60,4,7.6,0.99,14,3.0,1.0,2.0,1.0,3.0,0.0,3.0,1.0,1.0,2.0,3.0,1.0,1.0,1.0,5.0,13.0,5.0,2.0,1965.0,1.0,3.0,2.0,6.0,9000.0,4.0,1,2,2,2,2,1.0,3.8,1.42,2.0,4.0,2.0,2.0,5.0,5.0,3.0,4.0,1.0,5.0,4.0,4.0,4.0,1.0,4.0,1.0,4.0,3.0,4.0,2.0,5.0,3.0,4.0,3.0,5.0,4.0,3.0,4.0,5.0,5.0,1.0,4.0,3.0,1.0,4.0,3.0,1.0,1.0,1.0,5.0,3.0,2.0,4.0,4.0,3.0,1.0,3.0,5.0,1.0,2.0,3.0,4.0,4.0,4.0,3.0,7,1,2,4,4,3.0,2,3.0,4.0,4.0,3.0,6,11.0,1,27.0,5.0,20.0,6,45.0,9.82e-05
54441126,4.0,0,38,24,0,7.6,1.02,14,3.0,1.0,2.0,1.0,3.0,0.0,3.0,1.0,1.0,2.0,3.0,1.0,1.0,1.0,5.0,13.0,5.0,2.0,1965.0,1.0,3.0,2.0,6.0,9000.0,4.0,1,2,2,2,2,1.0,3.8,1.46,2.0,4.0,2.0,2.0,5.0,5.0,3.0,4.0,1.0,5.0,4.0,4.0,4.0,1.0,4.0,1.0,4.0,3.0,4.0,2.0,5.0,3.0,4.0,3.0,5.0,4.0,3.0,4.0,5.0,5.0,1.0,4.0,3.0,1.0,4.0,3.0,1.0,1.0,1.0,5.0,3.0,2.0,4.0,4.0,3.0,1.0,3.0,5.0,1.0,2.0,3.0,4.0,4.0,4.0,3.0,7,1,2,4,4,3.0,2,3.0,4.0,4.0,3.0,6,10.0,1,14.0,5.0,20.0,6,45.0,9.82e-05
54441127,1.0,4,205,94,11,37.8,6.68,71,3.0,1.0,2.0,1.0,3.0,1.0,3.0,1.0,1.0,2.0,3.0,1.0,1.0,1.0,5.0,13.0,5.0,1.0,1966.0,1.0,3.0,1.0,5.0,9000.0,3.0,1,2,2,2,2,1.0,18.9,9.57,3.0,4.0,2.0,2.0,3.0,5.0,2.0,3.0,3.0,3.0,3.0,4.0,3.0,2.0,4.0,2.0,2.0,1.0,2.0,1.0,2.0,3.0,4.0,5.0,2.0,2.0,1.0,5.0,5.0,2.0,2.0,1.0,1.0,2.0,3.0,2.0,4.0,2.0,3.0,4.0,4.0,1.0,3.0,4.0,4.0,4.0,1.0,4.0,2.0,2.0,3.0,2.0,4.0,4.0,2.0,7,1,2,4,4,4.0,4,3.0,2.0,2.0,3.0,6,59.5,1,100.0,4.0,71.0,6,44.0,0.000409116
54441132,1.0,0,78,62,0,7.6,1.34,19,1.0,0.0,1.0,0.0,1.0,0.0,1.0,2.0,1.0,2.0,1.0,0.0,1.0,1.0,5.0,4.0,2.0,1.0,1979.0,1.0,1.0,1.0,1.0,3250.0,3.0,2,2,2,2,2,1.0,7.6,1.92,1.0,2.0,3.0,3.0,1.0,3.0,5.0,1.0,1.0,4.0,6.0,5.0,5.0,3.0,5.0,6.0,5.0,1.0,5.0,5.0,3.0,3.0,6.0,4.0,2.0,6.0,4.0,2.0,5.0,3.0,1.0,1.0,3.0,1.0,3.0,4.0,4.0,1.0,1.0,5.0,2.0,2.0,5.0,4.0,3.0,3.0,2.0,4.0,2.0,2.0,2.0,3.0,4.0,4.0,1.0,7,1,2,4,4,5.0,2,4.0,2.0,2.0,3.0,6,11.0,1,16.0,5.0,20.0,6,31.0,0.000967286
54441132,1.0,1,115,83,5,9.4,1.34,19,1.0,0.0,1.0,0.0,1.0,0.0,1.0,2.0,1.0,2.0,1.0,0.0,1.0,1.0,5.0,4.0,2.0,1.0,1979.0,1.0,1.0,1.0,1.0,3250.0,3.0,2,2,2,2,2,1.0,9.4,1.92,1.0,2.0,3.0,3.0,1.0,3.0,5.0,1.0,1.0,4.0,6.0,5.0,5.0,3.0,5.0,6.0,5.0,1.0,5.0,5.0,3.0,3.0,6.0,4.0,2.0,6.0,4.0,2.0,5.0,3.0,1.0,1.0,3.0,1.0,3.0,4.0,4.0,1.0,1.0,5.0,2.0,2.0,5.0,4.0,3.0,3.0,2.0,4.0,2.0,2.0,2.0,3.0,4.0,4.0,1.0,7,1,2,4,4,5.0,2,4.0,2.0,2.0,3.0,6,11.0,1,27.0,5.0,20.0,6,31.0,0.000967286
54540006,1.0,4,95,28,12,14.8,1.88,24,4.0,0.0,2.0,0.0,3.0,0.0,1.0,2.0,1.0,1.0,4.0,0.0,1.0,2.0,5.0,22.0,6.0,1.0,1985.0,1.0,6.0,8.0,8.0,15000.0,5.0,2,2,2,1,2,2.0,0.0,2.69,5.0,4.0,5.0,3.0,2.0,5.0,1.0,5.0,1.0,4.0,5.0,4.0,4.0,3.0,2.0,6.0,1.0,4.0,1.0,4.0,5.0,4.0,2.0,1.0,4.0,4.0,5.0,4.0,5.0,5.0,4.0,4.0,1.0,6.0,6.0,4.0,3.0,2.0,5.0,2.0,1.0,2.0,3.0,3.0,6.0,4.0,1.0,2.0,2.0,4.0,2.0,4.0,5.0,4.0,2.0,6,2,2,4,4,4.0,2,3.0,2.0,2.0,4.0,6,12.0,0,55.0,4.0,100.0,6,25.0,0.000258025
54540006,10.0,3,107,10,38,9.4,0.54,8,4.0,0.0,2.0,0.0,3.0,0.0,1.0,2.0,1.0,1.0,4.0,0.0,1.0,2.0,5.0,22.0,6.0,1.0,1985.0,1.0,6.0,8.0,8.0,15000.0,5.0,2,2,2,1,2,2.0,0.0,0.77,5.0,4.0,5.0,3.0,2.0,5.0,1.0,5.0,1.0,4.0,5.0,4.0,4.0,3.0,2.0,6.0,1.0,4.0,1.0,4.0,5.0,4.0,2.0,1.0,4.0,4.0,5.0,4.0,5.0,5.0,4.0,4.0,1.0,6.0,6.0,4.0,3.0,2.0,5.0,2.0,1.0,2.0,3.0,3.0,6.0,4.0,1.0,2.0,2.0,4.0,2.0,4.0,5.0,4.0,3.0,6,2,2,4,4,4.0,2,3.0,2.0,2.0,4.0,6,5.5,1,59.0,4.0,8.0,6,25.0,0.000258025
54540010,4.0,5,161,56,14,24.4,4.91,57,2.0,0.0,2.0,0.0,2.0,0.0,2.0,2.0,1.0,1.0,2.0,0.0,1.0,1.0,4.5,20.0,3.0,2.0,1946.0,1.0,2.0,9.0,8.0,5000.0,3.0,1,2,2,2,2,1.0,12.2,7.04,2.0,3.0,4.0,2.0,3.0,3.0,6.0,6.0,3.0,3.0,3.0,4.0,4.0,3.0,3.0,6.0,4.0,2.0,4.0,4.0,4.0,3.0,4.0,5.0,2.0,2.0,3.0,3.0,4.0,2.0,2.0,2.0,2.0,2.0,4.0,3.0,3.0,2.0,2.0,3.0,4.0,2.0,4.0,3.0,4.0,3.0,2.0,4.0,6.0,3.0,3.0,2.0,2.0,3.0,3.0,6,2,2,4,4,3.0,3,3.0,2.0,2.0,3.0,6,48.8,1,91.0,4.0,70.0,6,64.0,0.000367986
54540021,9.0,11,444,186,46,68.2,14.4,151,4.0,2.0,1.0,0.0,4.0,1.0,2.0,1.0,1.0,1.0,2.0,0.0,1.0,2.0,5.0,2.0,4.0,2.0,1962.0,1.0,3.0,2.0,6.0,8418.0,4.0,1,2,2,2,2,1.0,34.1,20.64,2.0,3.0,1.0,3.0,4.0,4.0,6.0,6.0,5.0,4.0,5.0,5.0,5.0,3.0,4.0,5.0,5.0,1.0,5.0,3.0,3.0,5.0,5.0,3.0,5.0,2.0,3.0,1.0,5.0,5.0,1.0,3.0,1.0,2.0,3.0,1.0,4.0,1.0,1.0,5.0,2.0,3.0,5.0,3.0,6.0,6.0,3.0,1.0,5.0,3.0,2.0,1.0,3.0,5.0,3.0,6,2,2,4,4,5.0,6,1.0,3.0,2.0,4.0,6,147.0,1,212.0,5.0,155.0,6,48.0,9.82e-05
54540022,4.0,0,73,68,0,7.6,1.8,1,4.0,2.0,1.0,0.0,4.0,1.0,2.0,1.0,1.0,1.0,2.0,0.0,1.0,2.0,5.0,2.0,4.0,2.0,1962.0,1.0,3.0,2.0,6.0,8418.0,4.0,1,2,2,2,2,1.0,3.8,2.58,2.0,3.0,1.0,3.0,4.0,4.0,6.0,6.0,5.0,4.0,5.0,5.0,5.0,3.0,4.0,5.0,5.0,1.0,5.0,3.0,3.0,5.0,5.0,3.0,5.0,2.0,3.0,1.0,5.0,5.0,1.0,3.0,1.0,2.0,3.0,1.0,4.0,1.0,1.0,5.0,2.0,3.0,5.0,3.0,6.0,6.0,3.0,1.0,5.0,3.0,2.0,1.0,3.0,5.0,3.0,6,2,2,4,4,5.0,3,1.0,3.0,2.0,4.0,6,1.0,2,5.0,5.0,20.0,6,48.0,7.71e-05
54540027,1.0,0,108,33,0,36.2,7.76,93,2.0,0.0,1.0,0.0,2.0,0.0,1.0,0.0,1.0,1.0,2.0,0.0,1.0,1.0,5.0,19.0,6.0,1.0,1948.0,1.0,2.0,1.0,3.0,15000.0,8.0,2,2,1,2,2,1.0,0.0,11.12,5.0,1.0,1.0,1.0,5.0,5.0,3.0,3.0,4.0,4.0,4.0,1.0,4.0,2.0,5.0,1.0,1.0,1.0,5.0,2.0,4.0,2.0,2.0,1.0,5.0,4.0,2.0,1.0,5.0,5.0,1.0,4.0,4.0,2.0,5.0,2.0,2.0,2.0,2.0,5.0,4.0,2.0,2.0,4.0,4.0,4.0,2.0,4.0,2.0,4.0,2.0,3.0,3.0,4.0,1.0,6,2,2,4,4,3.0,4,3.0,2.0,3.0,1.0,6,73.0,0,75.0,5.0,86.0,6,62.0,0.000160139
54540059,1.0,2,81,26,2,21.4,3.17,31,1.0,0.0,1.0,0.0,0.0,0.0,1.0,0.0,1.0,1.0,1.0,1.0,1.0,1.0,5.0,16.0,6.0,1.0,1957.0,1.0,7.0,1.0,3.0,15000.0,3.0,2,2,2,2,2,1.0,21.4,4.54,4.0,4.0,2.0,2.0,4.0,5.0,4.0,3.0,3.0,4.0,3.0,3.0,3.0,2.0,4.0,3.0,4.0,3.0,4.0,3.0,4.0,4.0,3.0,3.0,3.0,3.0,3.0,3.0,4.0,4.0,3.0,3.0,3.0,3.0,4.0,3.0,3.0,2.0,2.0,4.0,3.0,3.0,4.0,4.0,4.0,3.0,3.0,4.0,3.0,3.0,3.0,3.0,3.0,4.0,1.0,6,2,2,4,4,4.0,1,3.0,2.0,2.0,4.0,6,33.0,1,53.0,5.0,30.0,6,53.0,0.000409116
54540098,1.0,4,68,18,12,11.0,2.49,32,1.0,0.0,1.0,0.0,1.0,0.0,1.0,0.0,1.0,1.0,1.0,0.0,2.0,2.0,4.5,2.0,4.0,2.0,1968.0,1.0,1.0,1.0,2.0,7000.0,7.0,2,2,2,2,2,1.0,11.0,3.57,1.0,4.0,2.0,3.0,2.0,4.0,2.0,5.0,4.0,5.0,3.0,5.0,5.0,1.0,3.0,6.0,4.0,5.0,5.0,4.0,5.0,5.0,6.0,4.0,4.0,2.0,2.0,1.0,5.0,2.0,6.0,6.0,3.0,2.0,2.0,2.0,4.0,1.0,5.0,4.0,4.0,2.0,4.0,4.0,4.0,5.0,4.0,1.0,2.0,3.0,3.0,2.0,4.0,4.0,1.0,6,2,2,4,4,1.0,1,2.0,2.0,4.0,3.0,6,23.0,1,38.0,3.0,45.0,6,42.0,0.000144039
54540107,4.0,1,65,15,29,5.6,1.37,19,5.0,3.0,2.0,0.0,6.0,4.0,1.0,1.0,1.0,2.0,4.0,3.0,1.0,1.0,5.5,12.0,4.0,2.0,1972.0,1.0,3.0,6.0,8.0,7384.0,3.0,1,2,2,2,2,1.0,2.8,1.96,4.0,4.0,2.0,1.0,4.0,5.0,6.0,6.0,6.0,5.0,4.0,4.0,4.0,3.0,5.0,4.0,3.0,1.0,4.0,4.0,4.0,3.0,4.0,2.0,5.0,4.0,2.0,5.0,2.0,5.0,1.0,4.0,4.0,1.0,4.0,4.0,3.0,1.0,2.0,5.0,2.0,2.0,4.0,4.0,4.0,4.0,1.0,4.0,1.0,1.0,2.0,3.0,4.0,2.0,3.0,6,2,2,4,4,5.0,1,2.0,3.0,3.0,3.0,6,12.0,1,21.0,4.0,20.0,6,38.0,0.00087004
54540135,10.0,9,484,131,100,80.6,16.04,181,2.0,0.0,2.0,0.0,3.0,0.0,2.0,1.0,1.0,1.0,2.0,0.0,2.0,2.0,4.0,4.0,6.0,1.0,1955.0,1.0,2.0,1.0,6.0,15000.0,3.0,2,2,2,2,2,1.0,80.6,22.99,1.0,3.0,2.0,3.0,4.0,5.0,4.0,3.0,2.0,5.0,1.0,5.0,5.0,1.0,4.0,6.0,4.0,4.0,5.0,4.0,4.0,4.0,6.0,6.0,1.0,1.0,2.0,4.0,4.0,2.0,2.0,1.0,2.0,2.0,2.0,4.0,3.0,1.0,2.0,5.0,4.0,3.0,3.0,4.0,4.0,3.0,3.0,2.0,2.0,2.0,2.0,3.0,3.0,4.0,3.0,6,2,2,4,4,5.0,5,3.0,3.0,2.0,3.0,6,153.0,1,253.0,4.0,251.0,6,55.0,0.000409116
54540136,6.0,3,127,50,7,23.6,5.3,64,2.0,0.0,2.0,0.0,3.0,0.0,2.0,1.0,1.0,2.0,2.0,0.0,2.0,2.0,4.0,3.0,6.0,2.0,1962.0,1.0,2.0,2.0,6.0,15000.0,3.0,2,2,2,1,2,1.0,0.0,7.59,2.0,3.0,3.0,3.0,4.0,3.0,2.0,4.0,2.0,5.0,2.0,5.0,4.0,3.0,3.0,6.0,3.0,4.0,4.0,2.0,4.0,4.0,3.0,4.0,3.0,4.0,4.0,3.0,2.0,4.0,2.0,1.0,2.0,2.0,4.0,2.0,4.0,2.0,4.0,3.0,2.0,2.0,3.0,4.0,4.0,3.0,2.0,4.0,2.0,3.0,2.0,2.0,4.0,4.0,3.0,6,2,2,4,4,3.0,3,3.0,1.0,2.0,3.0,6,49.0,1,70.0,4.0,132.0,6,48.0,0.000367986
54540145,10.0,5,171,32,35,33.8,5.03,70,2.0,0.0,1.0,0.0,0.0,0.0,1.0,2.0,1.0,1.0,2.0,0.0,1.0,1.0,5.0,41.0,5.0,1.0,1937.0,1.0,2.0,9.0,2.0,9000.0,7.0,2,2,1,2,2,1.0,0.0,7.21,5.0,5.0,2.0,2.0,3.0,5.0,4.0,2.0,4.0,6.0,4.0,3.0,4.0,2.0,5.0,6.0,1.0,1.0,6.0,1.0,6.0,2.0,6.0,2.0,2.0,4.0,3.0,1.0,4.0,4.0,1.0,3.0,4.0,3.0,5.0,4.0,3.0,3.0,3.0,3.0,2.0,4.0,4.0,3.0,6.0,2.0,3.0,5.0,6.0,3.0,3.0,5.0,4.0,4.0,3.0,6,2,2,4,4,4.0,3,1.0,3.0,3.0,4.0,6,49.0,0,104.0,2.0,448.0,6,73.0,0.000125765
54540163,1.0,1,45,26,1,6.8,1.8,16,1.0,0.0,1.0,0.0,2.0,0.0,1.0,0.0,1.0,2.0,2.0,0.0,1.0,1.0,3.0,17.0,3.0,2.0,1946.0,1.0,1.0,9.0,8.0,5000.0,3.0,1,2,2,2,2,1.0,3.4,2.58,5.0,3.0,1.0,3.0,3.0,4.0,3.0,3.0,5.0,4.0,4.0,4.0,4.0,3.0,4.0,2.0,4.0,2.0,4.0,3.0,4.0,2.0,4.0,4.0,3.0,2.0,2.0,4.0,4.0,3.0,2.0,2.0,4.0,3.0,5.0,3.0,6.0,5.0,4.0,3.0,3.0,3.0,4.0,3.0,2.0,2.0,2.0,5.0,3.0,3.0,3.0,3.0,3.0,4.0,3.0,6,2,2,4,4,5.0,1,3.0,2.0,2.0,1.0,6,8.5,0,18.0,4.0,34.0,6,64.0,0.000367986
54540164,3.0,6,176,45,29,32.0,7.86,64,1.0,0.0,1.0,0.0,2.0,0.0,1.0,0.0,1.0,2.0,0.0,0.0,1.0,1.0,3.0,17.0,3.0,2.0,1946.0,1.0,1.0,9.0,8.0,5000.0,3.0,1,2,2,2,2,1.0,16.0,11.26,5.0,3.0,1.0,3.0,3.0,4.0,3.0,3.0,5.0,4.0,4.0,4.0,4.0,4.0,3.0,4.0,2.0,4.0,3.0,4.0,2.0,2.0,4.0,4.0,3.0,2.0,2.0,5.0,3.0,4.0,2.0,2.0,2.0,4.0,4.0,3.0,4.0,4.0,3.0,3.0,2.0,4.0,4.0,3.0,2.0,3.0,2.0,5.0,3.0,3.0,3.0,4.0,3.0,3.0,1.0,6,2,2,4,4,5.0,1,3.0,2.0,2.0,1.0,6,77.0,1,102.0,4.0,35.5,6,64.0,0.000367986
54540180,1.0,2,104,46,2,11.2,3.2,40,3.0,0.0,3.0,0.0,3.0,0.0,8.0,4.0,1.0,1.0,5.0,4.0,1.0,1.0,11.0,25.0,6.0,1.0,1985.0,1.0,6.0,1.0,3.0,15000.0,3.0,2,2,2,2,2,1.0,11.2,4.59,1.0,1.0,4.0,4.0,1.0,1.0,4.0,1.0,2.0,3.0,1.0,3.0,5.0,3.0,1.0,6.0,4.0,4.0,5.0,5.0,3.0,1.0,6.0,1.0,4.0,4.0,4.0,1.0,5.0,4.0,2.0,1.0,3.0,4.0,5.0,5.0,3.0,1.0,3.0,5.0,4.0,1.0,1.0,5.0,4.0,4.0,5.0,3.0,5.0,4.0,4.0,4.0,4.0,5.0,1.0,6,2,2,4,4,5.0,2,1.0,3.0,3.0,3.0,6,29.0,1,56.0,3.0,50.0,6,25.0,0.000967286
54540184,10.0,3,104,27,5,22.0,4.26,51,2.0,0.0,2.0,0.0,1.0,0.0,2.0,1.0,1.0,1.0,2.0,2.0,1.0,1.0,4.0,16.0,4.0,1.0,1933.0,1.0,2.0,9.0,3.0,7000.0,3.0,2,2,2,2,2,1.0,22.0,6.1,3.0,4.0,3.0,3.0,4.0,4.0,6.0,6.0,6.0,4.0,6.0,6.0,4.0,6.0,4.0,6.0,6.0,3.0,4.0,3.0,4.0,6.0,4.0,3.0,4.0,3.0,3.0,3.0,6.0,6.0,6.0,6.0,6.0,6.0,4.0,3.0,3.0,1.0,6.0,6.0,2.0,3.0,3.0,3.0,6.0,2.0,1.0,4.0,6.0,1.0,2.0,4.0,4.0,4.0,3.0,6,2,2,4,4,5.0,1,1.0,2.0,2.0,3.0,6,40.0,1,72.0,1.0,45.0,6,77.0,0.0003213
54540243,1.0,2,66,21,14,11.0,2.45,28,2.0,0.0,2.0,0.0,0.0,0.0,2.0,2.0,1.0,1.0,2.0,0.0,1.0,1.0,5.0,26.0,4.0,1.0,1946.0,1.0,2.0,1.0,6.0,7000.0,4.0,2,2,2,2,2,1.0,11.0,3.51,3.0,5.0,3.0,4.0,3.0,4.0,4.0,2.0,4.0,4.0,2.0,3.0,5.0,4.0,3.0,3.0,4.0,1.0,4.0,2.0,5.0,1.0,3.0,3.0,2.0,1.0,4.0,3.0,4.0,3.0,1.0,2.0,3.0,3.0,5.0,3.0,4.0,2.0,3.0,3.0,2.0,3.0,4.0,4.0,3.0,2.0,2.0,3.0,3.0,2.0,3.0,2.0,3.0,3.0,1.0,6,2,2,4,4,3.0,1,1.0,2.0,4.0,4.0,6,23.0,1,31.0,4.0,45.0,6,64.0,0.000109132
54540243,9.0,3,216,37,39,60.6,15.04,110,2.0,0.0,2.0,0.0,0.0,0.0,2.0,2.0,1.0,1.0,2.0,0.0,1.0,1.0,5.0,26.0,4.0,1.0,1946.0,1.0,2.0,1.0,6.0,7000.0,4.0,2,2,2,2,2,1.0,60.6,21.55,3.0,5.0,3.0,4.0,3.0,4.0,4.0,2.0,4.0,4.0,2.0,3.0,5.0,4.0,3.0,3.0,4.0,1.0,4.0,2.0,5.0,1.0,3.0,3.0,2.0,1.0,4.0,3.0,4.0,3.0,1.0,2.0,3.0,3.0,5.0,3.0,4.0,2.0,3.0,3.0,2.0,3.0,4.0,4.0,3.0,2.0,2.0,3.0,3.0,2.0,3.0,2.0,3.0,3.0,3.0,6,2,2,4,4,3.0,1,1.0,2.0,4.0,4.0,6,167.0,1,140.0,4.0,120.0,6,64.0,0.000109132
54540243,4.0,0,46,32,0,5.6,1.68,25,2.0,0.0,2.0,0.0,0.0,0.0,2.0,2.0,1.0,1.0,2.0,0.0,1.0,1.0,5.0,26.0,4.0,1.0,1946.0,1.0,2.0,1.0,6.0,7000.0,4.0,2,2,2,2,2,1.0,5.6,2.41,3.0,5.0,3.0,4.0,3.0,4.0,4.0,2.0,4.0,4.0,2.0,3.0,5.0,4.0,3.0,3.0,4.0,1.0,4.0,2.0,5.0,1.0,3.0,3.0,2.0,1.0,4.0,3.0,4.0,3.0,1.0,2.0,3.0,3.0,5.0,3.0,4.0,2.0,3.0,3.0,2.0,3.0,4.0,4.0,3.0,2.0,2.0,3.0,3.0,2.0,3.0,2.0,3.0,3.0,3.0,6,2,2,4,4,3.0,1,1.0,2.0,4.0,4.0,6,14.0,1,14.0,4.0,30.0,6,64.0,0.000109132
54540269,4.0,0,111,94,0,7.6,1.97,26,2.0,0.0,1.0,0.0,0.0,0.0,1.0,1.0,1.0,1.0,1.0,0.0,1.0,1.0,5.0,28.0,4.0,1.0,1933.0,1.0,2.0,9.0,3.0,7000.0,6.0,1,2,2,2,2,1.0,3.8,2.82,4.0,3.0,2.0,2.0,2.0,2.0,6.0,3.0,4.0,4.0,4.0,3.0,4.0,2.0,4.0,4.0,5.0,1.0,4.0,2.0,4.0,3.0,3.0,2.0,5.0,2.0,1.0,4.0,4.0,4.0,2.0,2.0,3.0,2.0,4.0,3.0,3.0,2.0,2.0,5.0,2.0,2.0,4.0,3.0,6.0,2.0,2.0,4.0,6.0,2.0,3.0,2.0,3.0,4.0,3.0,6,2,2,4,4,5.0,3,3.0,2.0,2.0,3.0,6,17.0,1,17.0,5.0,30.0,6,77.0,8.57e-05
54540269,7.0,0,33,32,0,2.8,0.16,1,2.0,0.0,1.0,0.0,0.0,0.0,1.0,1.0,1.0,1.0,1.0,0.0,1.0,1.0,5.0,28.0,4.0,1.0,1933.0,1.0,2.0,9.0,3.0,7000.0,6.0,1,2,2,2,2,1.0,2.2,0.23,4.0,3.0,2.0,2.0,2.0,2.0,6.0,3.0,4.0,4.0,4.0,3.0,4.0,2.0,4.0,4.0,5.0,1.0,4.0,2.0,4.0,3.0,3.0,2.0,5.0,2.0,1.0,4.0,4.0,4.0,2.0,2.0,3.0,2.0,4.0,3.0,3.0,2.0,2.0,5.0,2.0,2.0,4.0,3.0,6.0,2.0,2.0,4.0,6.0,2.0,3.0,2.0,3.0,4.0,3.0,6,2,2,4,4,5.0,2,3.0,2.0,2.0,3.0,6,1.1,2,1.0,5.0,30.0,6,77.0,8.57e-05
54540270,4.0,0,111,94,5,7.6,1.1,13,2.0,0.0,1.0,0.0,0.0,0.0,1.0,1.0,1.0,1.0,1.0,0.0,1.0,1.0,5.0,28.0,4.0,2.0,1935.0,1.0,3.0,6.0,6.0,7000.0,3.0,1,2,2,2,2,1.0,3.8,1.58,4.0,4.0,3.0,3.0,4.0,4.0,6.0,6.0,6.0,4.0,4.0,4.0,4.0,2.0,5.0,6.0,2.0,1.0,4.0,1.0,5.0,4.0,4.0,4.0,4.0,4.0,4.0,4.0,4.0,4.0,2.0,2.0,2.0,2.0,5.0,2.0,5.0,2.0,4.0,4.0,4.0,2.0,4.0,4.0,6.0,1.0,1.0,5.0,6.0,2.0,2.0,2.0,2.0,4.0,3.0,6,2,2,4,4,3.0,3,1.0,4.0,4.0,3.0,6,9.0,1,12.0,4.0,30.0,6,75.0,0.000288998
54540399,1.0,2,144,65,1,33.4,6.38,74,2.0,0.0,2.0,1.0,0.0,0.0,2.0,2.0,1.0,1.0,2.0,0.0,2.0,2.0,4.5,11.0,5.0,2.0,1958.0,1.0,7.0,2.0,6.0,9000.0,3.0,1,2,2,1,2,1.0,16.7,9.14,1.0,3.0,3.0,2.0,6.0,4.0,2.0,5.0,4.0,5.0,3.0,5.0,5.0,3.0,2.0,6.0,5.0,6.0,5.0,5.0,5.0,5.0,5.0,5.0,1.0,1.0,4.0,2.0,1.0,5.0,1.0,3.0,4.0,1.0,5.0,1.0,3.0,1.0,2.0,6.0,3.0,3.0,3.0,5.0,5.0,3.0,3.0,4.0,1.0,5.0,3.0,3.0,2.0,5.0,2.0,6,2,2,4,4,2.0,3,4.0,1.0,1.0,4.0,6,55.5,0,78.0,8.0,162.0,6,52.0,0.000367986
54540400,3.0,5,127,38,7,14.8,3.41,46,2.0,0.0,2.0,1.0,2.0,0.0,4.0,2.0,1.0,1.0,2.0,0.0,2.0,2.0,3.0,11.0,5.0,1.0,1964.0,1.0,7.0,1.0,7.0,9000.0,3.0,1,2,2,2,2,1.0,7.4,4.89,1.0,2.0,3.0,3.0,4.0,4.0,3.0,3.0,1.0,5.0,2.0,5.0,5.0,4.0,2.0,6.0,4.0,2.0,4.0,2.0,5.0,4.0,3.0,3.0,2.0,1.0,1.0,2.0,3.0,2.0,1.0,4.0,3.0,2.0,3.0,5.0,3.0,1.0,2.0,5.0,4.0,2.0,2.0,3.0,1.0,3.0,4.0,2.0,2.0,1.0,2.0,2.0,3.0,2.0,1.0,6,2,2,4,4,5.0,2,4.0,2.0,1.0,3.0,6,34.0,1,82.0,4.0,120.0,6,46.0,0.000409116
54540400,10.0,5,159,52,24,14.5,5.99,61,2.0,0.0,2.0,1.0,2.0,0.0,4.0,2.0,1.0,1.0,2.0,0.0,2.0,2.0,3.0,11.0,5.0,1.0,1964.0,1.0,7.0,1.0,7.0,9000.0,3.0,1,2,2,2,2,1.0,7.25,8.58,1.0,2.0,3.0,3.0,4.0,4.0,3.0,3.0,1.0,5.0,2.0,5.0,5.0,4.0,2.0,6.0,4.0,2.0,4.0,2.0,5.0,4.0,3.0,3.0,2.0,1.0,1.0,2.0,3.0,2.0,1.0,4.0,3.0,2.0,3.0,5.0,3.0,1.0,2.0,5.0,4.0,2.0,2.0,3.0,1.0,3.0,4.0,2.0,2.0,1.0,2.0,2.0,3.0,2.0,3.0,6,2,2,4,4,5.0,2,4.0,2.0,1.0,3.0,6,53.0,1,83.0,4.0,55.0,6,46.0,0.000409116
54540425,10.0,1,92,46,11,7.6,1.68,24,2.0,0.0,1.0,0.0,2.0,0.0,2.0,1.0,1.0,1.0,2.0,0.0,1.0,1.0,5.0,11.0,4.0,1.0,1962.0,1.0,3.0,1.0,6.0,7000.0,3.0,2,2,2,2,2,1.0,7.6,2.41,2.0,4.0,3.0,2.0,4.0,5.0,4.0,3.0,3.0,5.0,4.0,5.0,4.0,2.0,4.0,6.0,4.0,1.0,5.0,4.0,4.0,4.0,4.0,2.0,4.0,4.0,4.0,2.0,4.0,4.0,1.0,4.0,3.0,2.0,4.0,4.0,3.0,1.0,2.0,5.0,2.0,2.0,4.0,4.0,3.0,3.0,2.0,5.0,2.0,3.0,2.0,4.0,4.0,4.0,3.0,6,2,2,4,4,5.0,2,3.0,2.0,2.0,3.0,6,17.0,1,35.0,4.0,30.0,6,48.0,0.00115614
54540426,1.0,0,43,39,0,7.6,0.86,10,3.0,0.0,2.0,0.0,4.0,0.0,2.0,2.0,1.0,1.0,3.0,1.0,1.0,1.0,5.0,17.0,6.0,2.0,1963.0,1.0,7.0,2.0,6.0,15000.0,3.0,2,2,2,2,2,1.0,7.6,1.23,3.0,3.0,4.0,4.0,3.0,3.0,3.0,2.0,3.0,4.0,2.0,3.0,4.0,3.0,4.0,6.0,4.0,3.0,5.0,4.0,3.0,4.0,3.0,3.0,4.0,2.0,4.0,2.0,4.0,3.0,2.0,2.0,4.0,3.0,4.0,3.0,6.0,2.0,4.0,3.0,2.0,2.0,4.0,3.0,2.0,4.0,3.0,3.0,2.0,3.0,3.0,3.0,4.0,4.0,2.0,6,2,2,4,4,5.0,2,4.0,1.0,2.0,4.0,6,7.0,1,4.0,5.0,10.0,6,47.0,0.000367986
54540426,7.0,1,126,81,1,17.0,2.97,42,3.0,0.0,2.0,0.0,4.0,0.0,2.0,2.0,1.0,1.0,3.0,1.0,1.0,1.0,5.0,17.0,6.0,2.0,1963.0,1.0,7.0,2.0,6.0,15000.0,3.0,2,2,2,2,2,1.0,17.0,4.26,3.0,3.0,4.0,4.0,3.0,3.0,3.0,2.0,3.0,4.0,2.0,3.0,4.0,3.0,4.0,6.0,4.0,3.0,5.0,4.0,3.0,4.0,3.0,3.0,4.0,2.0,4.0,2.0,4.0,3.0,2.0,2.0,4.0,3.0,4.0,3.0,6.0,2.0,4.0,3.0,2.0,2.0,4.0,3.0,2.0,4.0,3.0,3.0,2.0,3.0,3.0,3.0,4.0,4.0,3.0,6,2,2,4,4,5.0,4,4.0,1.0,2.0,4.0,6,29.5,1,44.0,5.0,45.0,6,47.0,0.000367986
54540451,1.0,6,237,39,58,52.6,9.07,78,4.0,0.0,4.0,0.0,2.0,0.0,3.0,3.0,1.0,1.0,4.0,1.0,1.0,1.0,5.5,16.0,6.0,1.0,1958.0,1.0,3.0,1.0,1.0,15000.0,5.0,2,2,2,2,2,1.0,52.6,13.0,2.0,2.0,3.0,6.0,3.0,4.0,4.0,1.0,3.0,4.0,3.0,4.0,4.0,2.0,4.0,3.0,3.0,4.0,4.0,3.0,4.0,4.0,3.0,2.0,4.0,3.0,4.0,2.0,4.0,3.0,2.0,2.0,2.0,4.0,4.0,4.0,2.0,2.0,3.0,3.0,2.0,2.0,4.0,3.0,2.0,3.0,3.0,2.0,2.0,2.0,3.0,3.0,4.0,3.0,1.0,6,2,2,4,4,4.0,2,3.0,2.0,3.0,1.0,6,83.0,1,140.0,4.0,60.0,6,52.0,0.000109132
54540452,1.0,2,90,60,1,14.4,1.78,25,4.0,0.0,4.0,0.0,2.0,0.0,3.0,3.0,1.0,1.0,4.0,0.0,1.0,1.0,5.5,16.0,6.0,2.0,1958.0,1.0,3.0,2.0,6.0,15000.0,3.0,2,2,2,2,2,1.0,14.4,2.55,2.0,2.0,3.0,2.0,3.0,4.0,4.0,2.0,2.0,4.0,2.0,2.0,4.0,2.0,4.0,2.0,2.0,2.0,4.0,2.0,4.0,4.0,2.0,2.0,4.0,2.0,4.0,2.0,4.0,4.0,2.0,2.0,2.0,3.0,2.0,2.0,2.0,2.0,4.0,2.0,2.0,2.0,4.0,2.0,2.0,3.0,2.0,4.0,2.0,3.0,2.0,4.0,4.0,4.0,2.0,6,2,2,4,4,4.0,2,2.0,4.0,4.0,1.0,6,14.0,1,29.0,4.0,30.0,6,52.0,0.000367986
54540466,1.0,6,314,130,44,33.0,9.68,113,2.0,0.0,2.0,0.0,2.0,0.0,2.0,1.0,1.0,1.0,2.0,0.0,1.0,1.0,4.0,31.0,6.0,1.0,1946.0,1.0,2.0,1.0,1.0,15000.0,7.0,1,2,2,2,2,1.0,16.5,13.87,2.0,4.0,2.0,2.0,5.0,5.0,2.0,3.0,2.0,4.0,2.0,4.0,4.0,2.0,4.0,6.0,4.0,2.0,5.0,3.0,4.0,4.0,4.0,2.0,4.0,6.0,2.0,2.0,5.0,2.0,1.0,3.0,2.0,2.0,3.0,2.0,2.0,1.0,4.0,4.0,4.0,2.0,4.0,4.0,3.0,3.0,3.0,2.0,2.0,3.0,2.0,4.0,4.0,4.0,2.0,6,2,2,4,4,4.0,4,2.0,2.0,3.0,3.0,6,97.0,1,140.0,5.0,130.0,6,64.0,0.000160139
54540581,7.0,0,25,11,0,3.8,0.81,11,2.0,0.0,2.0,0.0,2.0,0.0,2.0,1.0,1.0,1.0,2.0,2.0,2.0,1.0,4.0,1.0,6.0,2.0,1954.0,1.0,2.0,2.0,2.0,15000.0,6.0,1,2,2,2,2,1.0,2.2,1.16,4.0,4.0,2.0,1.0,5.0,5.0,2.0,2.0,2.0,5.0,3.0,5.0,4.0,1.0,5.0,1.0,2.0,1.0,4.0,2.0,4.0,4.0,2.0,1.0,5.0,4.0,5.0,2.0,5.0,4.0,1.0,3.0,4.0,2.0,5.0,4.0,3.0,1.0,1.0,5.0,2.0,4.0,5.0,4.0,6.0,5.0,1.0,4.0,1.0,1.0,4.0,2.0,5.0,4.0,3.0,6,2,2,4,4,5.0,1,3.0,2.0,4.0,4.0,6,7.5,1,14.0,3.0,9.0,6,56.0,9.82e-05
54540632,1.0,2,120,25,15,22.0,6.28,64,4.0,2.0,1.0,0.0,2.0,1.0,2.0,1.0,1.0,1.0,2.0,2.0,2.0,2.0,4.0,2.0,4.0,1.0,1979.0,1.0,3.0,1.0,3.0,7000.0,6.0,2,2,2,2,2,1.0,22.0,9.0,1.0,2.0,2.0,2.0,3.0,5.0,1.0,4.0,2.0,4.0,4.0,3.0,4.0,1.0,3.0,4.0,2.0,2.0,4.0,3.0,4.0,4.0,4.0,1.0,4.0,4.0,2.0,2.0,5.0,5.0,1.0,2.0,3.0,2.0,3.0,3.0,3.0,1.0,1.0,5.0,2.0,2.0,5.0,5.0,4.0,3.0,2.0,3.0,1.0,2.0,1.0,4.0,4.0,3.0,2.0,6,2,2,4,4,5.0,2,3.0,2.0,2.0,3.0,6,65.0,1,80.0,3.0,65.0,6,31.0,0.000258025
54540661,4.0,2,75,44,9,7.6,1.83,26,2.0,0.0,1.0,0.0,2.0,0.0,2.0,1.0,1.0,1.0,2.0,0.0,1.0,1.0,5.0,11.0,4.0,1.0,1962.0,1.0,3.0,1.0,6.0,7000.0,3.0,2,2,2,2,2,1.0,7.6,2.62,2.0,4.0,3.0,2.0,4.0,5.0,4.0,3.0,3.0,5.0,4.0,5.0,4.0,2.0,4.0,6.0,4.0,1.0,5.0,4.0,4.0,4.0,4.0,2.0,4.0,4.0,4.0,2.0,4.0,4.0,1.0,4.0,3.0,2.0,4.0,4.0,3.0,1.0,2.0,5.0,2.0,2.0,4.0,4.0,3.0,3.0,2.0,5.0,2.0,3.0,2.0,4.0,4.0,4.0,3.0,6,2,2,4,4,5.0,2,3.0,2.0,2.0,3.0,6,17.0,1,22.0,4.0,31.0,6,48.0,0.000232084
54540661,9.0,3,104,41,14,9.4,1.92,26,2.0,0.0,1.0,0.0,2.0,0.0,2.0,1.0,1.0,1.0,2.0,0.0,1.0,1.0,5.0,11.0,4.0,1.0,1962.0,1.0,3.0,1.0,6.0,7000.0,3.0,2,2,2,2,2,1.0,9.4,2.75,2.0,4.0,3.0,2.0,4.0,5.0,4.0,3.0,3.0,5.0,4.0,5.0,4.0,2.0,4.0,6.0,4.0,1.0,5.0,4.0,4.0,4.0,4.0,2.0,4.0,4.0,4.0,2.0,4.0,4.0,1.0,4.0,3.0,2.0,4.0,4.0,3.0,1.0,2.0,5.0,2.0,2.0,4.0,4.0,3.0,3.0,2.0,5.0,2.0,3.0,2.0,4.0,4.0,4.0,3.0,6,2,2,4,4,5.0,2,3.0,2.0,2.0,3.0,6,17.0,1,49.0,4.0,30.0,6,48.0,0.000232084
54540662,1.0,0,33,23,0,7.6,0.79,10,1.0,0.0,1.0,0.0,1.0,0.0,1.0,1.0,1.0,1.0,1.0,0.0,2.0,2.0,4.0,2.0,4.0,2.0,1955.0,1.0,1.0,1.0,6.0,7384.0,3.0,1,1,2,2,2,1.0,3.8,1.13,2.0,3.0,3.0,3.0,4.0,3.0,2.0,2.0,2.0,4.0,5.0,2.0,3.0,2.0,2.0,2.0,2.0,1.0,4.0,2.0,5.0,2.0,4.0,4.0,4.0,5.0,2.0,4.0,5.0,2.0,1.0,4.0,5.0,1.0,5.0,4.0,3.0,1.0,2.0,5.0,1.0,5.0,2.0,5.0,5.0,5.0,1.0,5.0,3.0,1.0,3.0,5.0,3.0,4.0,1.0,6,2,2,4,4,5.0,2,2.0,4.0,3.0,3.0,6,7.0,1,10.0,4.0,10.0,6,55.0,0.000367986
54540662,1.0,0,33,24,0,7.6,0.79,10,1.0,0.0,1.0,0.0,1.0,0.0,1.0,1.0,1.0,1.0,1.0,0.0,2.0,2.0,4.0,2.0,4.0,2.0,1955.0,1.0,1.0,1.0,6.0,7384.0,3.0,1,1,2,2,2,1.0,3.8,1.13,2.0,3.0,3.0,3.0,4.0,3.0,2.0,2.0,2.0,4.0,5.0,2.0,3.0,2.0,2.0,2.0,2.0,1.0,4.0,2.0,5.0,2.0,4.0,4.0,4.0,5.0,2.0,4.0,5.0,2.0,1.0,4.0,5.0,1.0,5.0,4.0,3.0,1.0,2.0,5.0,1.0,5.0,2.0,5.0,5.0,5.0,1.0,5.0,3.0,1.0,3.0,5.0,3.0,4.0,1.0,6,2,2,4,4,5.0,2,2.0,4.0,3.0,3.0,6,7.0,1,9.0,4.0,10.0,6,55.0,0.000367986
54540663,1.0,1,72,39,2,11.2,2.7,40,1.0,0.0,1.0,1.0,1.0,0.0,4.0,1.0,1.0,2.0,1.0,1.0,2.0,2.0,4.0,1.0,5.0,1.0,1984.0,1.0,1.0,1.0,3.0,9000.0,7.0,1,2,2,2,2,1.0,5.6,3.87,1.0,1.0,1.0,1.0,4.0,5.0,4.0,4.0,1.0,1.0,5.0,5.0,4.0,1.0,1.0,6.0,5.0,1.0,5.0,3.0,1.0,2.0,4.0,1.0,5.0,5.0,4.0,1.0,5.0,5.0,2.0,3.0,5.0,4.0,4.0,1.0,2.0,3.0,4.0,2.0,5.0,3.0,4.0,3.0,3.0,2.0,1.0,3.0,2.0,4.0,1.0,4.0,5.0,2.0,1.0,6,2,2,4,4,4.0,2,3.0,2.0,2.0,2.0,6,24.0,0,31.0,5.0,75.0,6,26.0,0.000378621
54540683,1.0,0,63,28,0,12.8,3.0,31,1.0,0.0,1.0,1.0,2.0,0.0,2.0,2.0,1.0,2.0,1.0,1.0,1.0,2.0,5.0,1.0,6.0,1.0,1956.0,1.0,1.0,1.0,3.0,15000.0,3.0,1,2,2,2,2,1.0,6.4,4.3,1.0,1.0,3.0,3.0,3.0,3.0,4.0,3.0,3.0,5.0,1.0,6.0,4.0,3.0,1.0,6.0,3.0,3.0,5.0,3.0,3.0,4.0,3.0,4.0,3.0,2.0,2.0,3.0,5.0,5.0,3.0,6.0,4.0,1.0,4.0,1.0,2.0,1.0,5.0,5.0,4.0,1.0,1.0,2.0,2.0,3.0,3.0,2.0,2.0,3.0,2.0,4.0,4.0,3.0,1.0,6,2,2,4,4,1.0,1,3.0,2.0,2.0,1.0,6,27.0,0,35.0,4.0,35.0,6,54.0,0.000409116
54540713,8.0,0,59,43,0,7.6,1.16,16,4.0,2.0,1.0,0.0,7.0,3.0,2.0,1.0,1.0,1.0,3.0,0.0,1.0,1.0,7.5,3.0,6.0,2.0,1966.0,1.0,3.0,2.0,6.0,15000.0,4.0,1,2,2,2,2,1.0,3.8,1.66,5.0,4.0,1.0,1.0,5.0,5.0,4.0,4.0,5.0,5.0,5.0,2.0,4.0,1.0,5.0,2.0,2.0,1.0,4.0,2.0,5.0,3.0,2.0,4.0,4.0,3.0,4.0,1.0,5.0,5.0,2.0,4.0,4.0,2.0,5.0,2.0,3.0,1.0,1.0,5.0,4.0,2.0,5.0,5.0,4.0,1.0,1.0,4.0,3.0,1.0,4.0,3.0,4.0,4.0,3.0,6,2,2,4,4,4.0,2,2.0,4.0,4.0,3.0,6,9.5,1,16.0,3.0,17.0,6,44.0,9.82e-05
54540713,1.0,0,68,47,5,7.6,1.22,15,4.0,2.0,1.0,0.0,7.0,3.0,2.0,1.0,1.0,1.0,3.0,0.0,1.0,1.0,7.5,3.0,6.0,2.0,1966.0,1.0,3.0,2.0,6.0,15000.0,4.0,1,2,2,2,2,1.0,3.8,1.75,5.0,4.0,1.0,1.0,5.0,5.0,4.0,4.0,5.0,5.0,5.0,2.0,4.0,1.0,5.0,2.0,2.0,1.0,4.0,2.0,5.0,3.0,2.0,4.0,4.0,3.0,4.0,1.0,5.0,5.0,2.0,4.0,4.0,2.0,5.0,2.0,3.0,1.0,1.0,5.0,4.0,2.0,5.0,5.0,4.0,1.0,1.0,4.0,3.0,1.0,4.0,3.0,4.0,4.0,2.0,6,2,2,4,4,4.0,3,2.0,4.0,4.0,3.0,6,8.9,1,16.0,3.0,27.0,6,44.0,9.82e-05
54540714,1.0,0,114,0,114,0.0,0.09,0,4.0,2.0,1.0,0.0,7.0,3.0,2.0,1.0,1.0,1.0,3.0,0.0,1.0,1.0,7.5,3.0,6.0,1.0,1963.0,1.0,3.0,1.0,5.0,15000.0,3.0,1,2,2,2,2,1.0,2.2,0.13,3.0,4.0,3.0,1.0,5.0,5.0,5.0,2.0,6.0,4.0,4.0,4.0,4.0,2.0,4.0,2.0,3.0,3.0,3.0,2.0,4.0,4.0,3.0,2.0,3.0,2.0,3.0,4.0,4.0,3.0,2.0,1.0,3.0,3.0,4.0,2.0,3.0,1.0,2.0,5.0,2.0,2.0,4.0,4.0,4.0,3.0,3.0,4.0,2.0,3.0,4.0,4.0,4.0,3.0,2.0,6,2,2,4,4,5.0,2,2.0,2.0,2.0,4.0,6,0.3,2,0.0,4.0,10.0,6,47.0,0.000409116
54540714,1.0,0,114,0,114,0.0,0.09,0,4.0,2.0,1.0,0.0,7.0,3.0,2.0,1.0,1.0,1.0,3.0,0.0,1.0,1.0,7.5,3.0,6.0,1.0,1963.0,1.0,3.0,1.0,5.0,15000.0,3.0,1,2,2,2,2,1.0,2.2,0.13,3.0,4.0,3.0,1.0,5.0,5.0,5.0,2.0,6.0,4.0,4.0,4.0,4.0,2.0,4.0,2.0,3.0,3.0,3.0,2.0,4.0,4.0,3.0,2.0,3.0,2.0,3.0,4.0,4.0,3.0,2.0,1.0,3.0,3.0,4.0,2.0,3.0,1.0,2.0,5.0,2.0,2.0,4.0,4.0,4.0,3.0,3.0,4.0,2.0,3.0,4.0,4.0,4.0,3.0,2.0,6,2,2,4,4,5.0,2,2.0,2.0,2.0,4.0,6,0.3,2,0.0,4.0,10.0,6,47.0,0.000409116
54540811,2.0,1,90,68,5,9.4,1.64,24,2.0,0.0,2.0,1.0,4.0,0.0,2.0,2.0,1.0,1.0,2.0,0.0,1.0,1.0,4.5,6.0,5.0,2.0,1974.0,1.0,2.0,1.0,6.0,9000.0,3.0,1,2,2,2,2,1.0,4.7,2.35,2.0,2.0,4.0,3.0,4.0,4.0,3.0,2.0,3.0,4.0,4.0,4.0,2.0,2.0,2.0,3.0,2.0,4.0,3.0,3.0,3.0,4.0,1.0,3.0,2.0,1.0,3.0,2.0,4.0,5.0,5.0,4.0,3.0,2.0,3.0,2.0,3.0,2.0,2.0,4.0,5.0,3.0,3.0,4.0,4.0,3.0,3.0,4.0,3.0,3.0,2.0,2.0,3.0,4.0,2.0,6,2,2,4,4,5.0,2,3.0,2.0,2.0,3.0,6,13.0,1,17.0,4.0,45.0,6,36.0,0.00087004
54540811,1.0,2,97,61,9,11.2,1.64,24,2.0,0.0,2.0,1.0,4.0,0.0,2.0,2.0,1.0,1.0,2.0,0.0,1.0,1.0,4.5,6.0,5.0,2.0,1974.0,1.0,2.0,1.0,6.0,9000.0,3.0,1,2,2,2,2,1.0,5.6,2.35,2.0,2.0,4.0,3.0,4.0,4.0,3.0,2.0,3.0,4.0,4.0,4.0,2.0,2.0,2.0,3.0,2.0,4.0,3.0,3.0,3.0,4.0,1.0,3.0,2.0,1.0,3.0,2.0,4.0,5.0,5.0,4.0,3.0,2.0,3.0,2.0,3.0,2.0,2.0,4.0,5.0,3.0,3.0,4.0,4.0,3.0,3.0,4.0,3.0,3.0,2.0,2.0,3.0,4.0,2.0,6,2,2,4,4,5.0,2,3.0,2.0,2.0,3.0,6,13.0,1,27.0,4.0,45.0,6,36.0,0.00087004
54540811,4.0,0,47,45,0,4.4,0.34,4,2.0,0.0,2.0,1.0,4.0,0.0,2.0,2.0,1.0,1.0,2.0,0.0,1.0,1.0,4.5,6.0,5.0,2.0,1974.0,1.0,2.0,1.0,6.0,9000.0,3.0,1,2,2,2,2,1.0,2.2,0.49,2.0,2.0,4.0,3.0,4.0,4.0,3.0,2.0,3.0,4.0,4.0,4.0,2.0,2.0,2.0,3.0,2.0,4.0,3.0,3.0,3.0,4.0,1.0,3.0,2.0,1.0,3.0,2.0,4.0,5.0,5.0,4.0,3.0,2.0,3.0,2.0,3.0,2.0,2.0,4.0,5.0,3.0,3.0,4.0,4.0,3.0,3.0,4.0,3.0,3.0,2.0,2.0,3.0,4.0,3.0,6,2,2,4,4,5.0,2,3.0,2.0,2.0,3.0,6,2.0,2,2.0,4.0,10.0,6,36.0,0.00087004
54540812,1.0,1,110,57,0,14.0,3.61,51,2.0,0.0,2.0,1.0,4.0,0.0,2.0,2.0,1.0,1.0,2.0,0.0,1.0,1.0,4.5,6.0,5.0,1.0,1965.0,1.0,3.0,1.0,3.0,9000.0,3.0,2,2,2,2,1,1.0,14.0,5.17,2.0,2.0,5.0,4.0,4.0,4.0,4.0,3.0,4.0,3.0,4.0,4.0,4.0,2.0,1.0,2.0,1.0,4.0,4.0,3.0,2.0,4.0,2.0,1.0,3.0,2.0,2.0,3.0,4.0,4.0,2.0,3.0,4.0,1.0,4.0,2.0,3.0,1.0,2.0,4.0,3.0,4.0,4.0,2.0,2.0,2.0,3.0,2.0,4.0,4.0,2.0,4.0,2.0,4.0,2.0,6,2,2,4,4,5.0,3,1.0,3.0,2.0,3.0,6,31.5,1,53.0,4.0,63.0,6,45.0,0.000409116
54540812,7.0,2,54,24,23,5.6,0.31,4,2.0,0.0,2.0,1.0,4.0,0.0,2.0,2.0,1.0,1.0,2.0,0.0,1.0,1.0,4.5,6.0,5.0,1.0,1965.0,1.0,3.0,1.0,3.0,9000.0,3.0,2,2,2,2,1,1.0,5.6,0.44,2.0,2.0,5.0,4.0,4.0,4.0,4.0,3.0,4.0,3.0,4.0,4.0,4.0,2.0,1.0,2.0,1.0,4.0,4.0,3.0,2.0,4.0,2.0,1.0,3.0,2.0,2.0,3.0,4.0,4.0,2.0,3.0,4.0,1.0,4.0,2.0,3.0,1.0,2.0,4.0,3.0,4.0,4.0,2.0,2.0,2.0,3.0,2.0,4.0,4.0,2.0,4.0,2.0,4.0,3.0,6,2,2,4,4,5.0,2,1.0,3.0,2.0,3.0,6,2.4,2,7.0,4.0,10.0,6,45.0,0.000409116
54540853,1.0,7,164,47,30,26.0,5.72,60,3.0,1.0,2.0,1.0,3.0,1.0,2.0,1.0,1.0,1.0,2.0,2.0,2.0,2.0,4.5,7.0,4.0,1.0,1955.0,1.0,3.0,1.0,6.0,7000.0,3.0,2,2,2,2,2,1.0,26.0,8.2,1.0,4.0,3.0,2.0,4.0,4.0,2.0,4.0,2.0,5.0,4.0,5.0,5.0,2.0,4.0,5.0,5.0,3.0,5.0,4.0,5.0,5.0,5.0,4.0,4.0,3.0,4.0,4.0,5.0,4.0,2.0,2.0,5.0,2.0,2.0,3.0,5.0,1.0,4.0,4.0,4.0,2.0,4.0,5.0,5.0,4.0,4.0,2.0,2.0,4.0,3.0,4.0,5.0,4.0,1.0,6,2,2,4,4,5.0,2,1.0,2.0,2.0,3.0,6,58.0,1,87.0,4.0,60.0,6,55.0,0.000409116
54540858,7.0,1,105,41,19,11.2,2.62,38,2.0,0.0,2.0,0.0,2.0,0.0,3.0,1.0,1.0,1.0,3.0,1.0,1.0,1.0,5.5,7.0,5.0,1.0,1944.0,1.0,2.0,9.0,3.0,9000.0,4.0,1,2,2,2,2,1.0,5.6,3.75,1.0,4.0,3.0,3.0,4.0,5.0,4.0,4.0,4.0,4.0,4.0,5.0,4.0,3.0,6.0,6.0,4.0,4.0,5.0,5.0,4.0,4.0,2.0,2.0,4.0,6.0,4.0,2.0,4.0,2.0,1.0,1.0,3.0,2.0,4.0,2.0,2.0,2.0,2.0,4.0,2.0,2.0,4.0,4.0,6.0,6.0,2.0,4.0,2.0,3.0,2.0,4.0,4.0,4.0,3.0,6,2,2,4,4,2.0,2,1.0,2.0,2.0,4.0,6,23.0,1,45.0,4.0,40.0,6,66.0,8.57e-05
54540888,2.0,1,77,28,10,13.8,1.52,21,2.0,0.0,2.0,0.0,1.0,0.0,1.0,1.0,1.0,2.0,2.0,0.0,2.0,2.0,3.5,1.0,4.0,1.0,1945.0,1.0,5.0,9.0,6.0,7000.0,3.0,2,2,2,2,2,1.0,13.8,2.18,4.0,4.0,1.0,1.0,4.0,5.0,6.0,6.0,3.0,4.0,4.0,4.0,4.0,2.0,4.0,6.0,4.0,3.0,4.0,4.0,4.0,4.0,3.0,3.0,2.0,2.0,6.0,2.0,4.0,2.0,2.0,2.0,4.0,2.0,2.0,2.0,2.0,1.0,2.0,5.0,2.0,4.0,4.0,4.0,6.0,2.0,4.0,4.0,6.0,3.0,2.0,4.0,4.0,2.0,1.0,6,2,2,4,4,5.0,1,1.0,2.0,1.0,4.0,6,14.0,1,39.0,2.0,30.0,6,65.0,0.0003213
54540917,1.0,6,193,42,42,40.4,6.61,74,4.0,2.0,1.0,0.0,5.0,3.0,1.0,0.0,1.0,1.0,3.0,0.0,1.0,1.0,5.5,9.0,4.0,2.0,1965.0,1.0,3.0,2.0,6.0,7000.0,5.0,1,2,2,2,2,1.0,20.2,9.47,1.0,4.0,3.0,1.0,3.0,5.0,3.0,2.0,5.0,6.0,5.0,2.0,2.0,2.0,6.0,2.0,4.0,1.0,5.0,2.0,5.0,3.0,4.0,2.0,1.0,6.0,1.0,3.0,5.0,4.0,1.0,2.0,1.0,1.0,1.0,3.0,4.0,1.0,2.0,5.0,1.0,3.0,2.0,4.0,5.0,1.0,1.0,5.0,2.0,1.0,2.0,3.0,3.0,4.0,1.0,6,2,2,4,4,2.0,2,4.0,2.0,2.0,3.0,6,57.0,2,109.0,5.0,115.0,6,45.0,9.82e-05
54540918,1.0,0,37,35,0,4.4,0.39,6,4.0,2.0,1.0,0.0,5.0,3.0,1.0,1.0,1.0,1.0,3.0,0.0,1.0,1.0,5.5,9.0,4.0,1.0,1960.0,1.0,3.0,2.0,6.0,7000.0,5.0,1,2,2,2,2,2.0,2.2,0.56,5.0,2.0,3.0,3.0,3.0,5.0,4.0,1.0,4.0,5.0,5.0,1.0,4.0,2.0,3.0,1.0,2.0,1.0,3.0,3.0,4.0,3.0,3.0,2.0,3.0,2.0,3.0,2.0,4.0,4.0,2.0,4.0,3.0,2.0,4.0,3.0,2.0,1.0,1.0,4.0,2.0,4.0,3.0,4.0,4.0,2.0,2.0,4.0,2.0,3.0,2.0,3.0,4.0,2.0,1.0,6,2,2,4,4,3.0,2,2.0,2.0,2.0,3.0,6,3.2,2,2.0,5.0,8.0,6,50.0,0.000109132
54540918,4.0,0,47,35,0,7.6,0.97,16,4.0,2.0,1.0,0.0,5.0,3.0,1.0,1.0,1.0,1.0,3.0,0.0,1.0,1.0,5.5,9.0,4.0,1.0,1960.0,1.0,3.0,2.0,6.0,7000.0,5.0,1,2,2,2,2,2.0,3.8,1.39,5.0,2.0,3.0,3.0,3.0,5.0,4.0,1.0,4.0,5.0,5.0,1.0,4.0,2.0,3.0,1.0,2.0,1.0,3.0,3.0,4.0,3.0,3.0,2.0,3.0,2.0,3.0,2.0,4.0,4.0,2.0,4.0,3.0,2.0,4.0,3.0,2.0,1.0,1.0,4.0,2.0,4.0,3.0,4.0,4.0,2.0,2.0,4.0,2.0,3.0,2.0,3.0,4.0,2.0,3.0,6,2,2,4,4,3.0,2,2.0,2.0,2.0,3.0,6,9.0,2,12.0,5.0,18.0,6,50.0,0.000109132
54540951,4.0,2,70,11,7,15.2,9.85,81,1.0,0.0,1.0,0.0,1.0,0.0,0.0,1.0,2.0,1.0,1.0,0.0,3.0,2.0,3.0,10.0,3.0,2.0,1937.0,1.0,1.0,9.0,1.0,5000.0,3.0,1,2,2,2,2,1.0,7.6,14.12,2.0,4.0,3.0,1.0,5.0,5.0,4.0,2.0,3.0,2.0,5.0,5.0,4.0,1.0,4.0,6.0,3.0,3.0,4.0,4.0,3.0,4.0,4.0,3.0,4.0,4.0,4.0,4.0,3.0,3.0,3.0,6.0,1.0,4.0,4.0,4.0,3.0,3.0,2.0,2.0,1.0,5.0,5.0,5.0,5.0,1.0,4.0,4.0,4.0,4.0,4.0,4.0,4.0,4.0,3.0,6,2,2,4,4,3.0,1,3.0,2.0,2.0,3.0,6,106.0,1,52.0,4.0,35.5,6,73.0,0.000288998
54540955,1.0,1,50,15,5,5.6,1.33,18,2.0,0.0,1.0,0.0,2.0,0.0,1.0,1.0,1.0,2.0,1.0,0.0,1.0,1.0,5.0,10.0,2.0,2.0,1951.0,1.0,4.0,2.0,6.0,3250.0,3.0,2,2,2,2,2,1.0,5.6,1.91,3.0,3.0,4.0,2.0,3.0,5.0,4.0,2.0,3.0,5.0,4.0,2.0,4.0,1.0,5.0,3.0,3.0,1.0,5.0,1.0,5.0,3.0,3.0,2.0,2.0,3.0,1.0,5.0,5.0,2.0,1.0,1.0,3.0,3.0,5.0,3.0,3.0,1.0,1.0,5.0,2.0,3.0,1.0,4.0,4.0,1.0,1.0,5.0,2.0,3.0,3.0,2.0,5.0,4.0,1.0,6,2,2,4,4,6.0,1,3.0,3.0,2.0,4.0,6,12.0,1,30.0,8.0,20.0,6,59.0,0.000367986
54540965,7.0,5,235,59,9,84.8,20.12,153,2.0,0.0,3.0,0.0,3.0,0.0,6.0,1.0,1.0,1.0,5.0,0.0,1.0,2.0,5.5,6.0,6.0,1.0,1956.0,3.0,7.0,1.0,2.0,15000.0,7.0,1,2,2,2,2,1.0,42.4,28.83,2.0,4.0,3.0,3.0,4.0,5.0,6.0,6.0,4.0,5.0,4.0,1.0,3.0,1.0,4.0,6.0,4.0,3.0,5.0,3.0,4.0,4.0,4.0,4.0,5.0,1.0,3.0,3.0,5.0,4.0,4.0,1.0,4.0,2.0,2.0,1.0,1.0,1.0,3.0,5.0,4.0,4.0,4.0,4.0,6.0,2.0,1.0,2.0,3.0,2.0,2.0,4.0,4.0,2.0,3.0,6,2,2,4,4,4.0,2,4.0,2.0,2.0,2.0,6,218.0,0,167.0,4.0,251.0,6,54.0,0.000160139
54540966,4.0,0,56,38,0,7.6,22.29,179,2.0,0.0,3.0,0.0,3.0,0.0,6.0,1.0,1.0,1.0,5.0,0.0,1.0,2.0,5.5,6.0,6.0,1.0,1956.0,3.0,7.0,1.0,2.0,15000.0,7.0,1,2,2,2,2,1.0,3.8,31.94,2.0,4.0,3.0,3.0,4.0,5.0,6.0,6.0,4.0,5.0,4.0,1.0,3.0,1.0,4.0,6.0,4.0,3.0,5.0,3.0,4.0,4.0,4.0,4.0,5.0,1.0,3.0,3.0,5.0,4.0,4.0,1.0,4.0,2.0,2.0,1.0,1.0,1.0,3.0,5.0,4.0,4.0,4.0,4.0,6.0,2.0,1.0,2.0,3.0,2.0,2.0,4.0,4.0,2.0,3.0,6,2,2,4,4,4.0,2,4.0,2.0,2.0,2.0,6,244.0,1,18.0,4.0,20.0,6,54.0,0.000160139
54540989,3.0,2,61,19,5,11.6,3.05,31,3.0,0.0,2.0,1.0,2.0,1.0,4.0,2.0,1.0,1.0,4.0,3.0,1.0,2.0,5.5,12.0,1.0,1.0,1991.0,1.0,6.0,8.0,8.0,2000.0,2.0,1,2,2,2,2,3.0,5.8,4.37,1.0,3.0,6.0,4.0,2.0,5.0,3.0,4.0,2.0,5.0,4.0,5.0,4.0,5.0,3.0,4.0,2.0,5.0,5.0,5.0,3.0,3.0,3.0,1.0,5.0,5.0,4.0,2.0,5.0,4.0,4.0,3.0,2.0,5.0,4.0,2.0,4.0,5.0,1.0,2.0,3.0,1.0,1.0,4.0,4.0,5.0,5.0,3.0,1.0,2.0,1.0,5.0,5.0,4.0,1.0,6,2,2,4,4,5.0,1,4.0,1.0,1.0,1.0,6,27.0,0,37.0,3.0,40.0,6,19.0,0.002440844
54541011,4.0,0,46,15,0,11.2,1.95,28,2.0,0.0,0.0,0.0,3.0,0.0,2.0,2.0,1.0,1.0,2.0,0.0,1.0,2.0,4.5,16.0,2.0,2.0,1954.0,1.0,4.0,2.0,8.0,3250.0,4.0,2,2,1,2,2,3.0,0.0,2.79,5.0,4.0,2.0,2.0,4.0,4.0,4.0,6.0,4.0,6.0,6.0,5.0,5.0,6.0,4.0,6.0,4.0,1.0,6.0,6.0,6.0,2.0,2.0,2.0,4.0,4.0,4.0,4.0,4.0,4.0,6.0,4.0,6.0,3.0,4.0,6.0,6.0,6.0,6.0,6.0,3.0,6.0,4.0,4.0,6.0,6.0,6.0,4.0,4.0,6.0,6.0,3.0,6.0,4.0,3.0,6,2,2,4,4,5.0,2,4.0,2.0,2.0,3.0,6,18.0,0,31.0,2.0,31.0,6,56.0,9.82e-05
54541019,1.0,7,226,78,44,47.6,9.22,106,2.0,0.0,2.0,0.0,3.0,0.0,2.0,0.0,1.0,1.0,2.0,1.0,1.0,1.0,7.5,15.0,5.0,1.0,1954.0,3.0,3.0,1.0,3.0,9000.0,7.0,1,2,2,2,2,1.0,23.8,13.21,5.0,4.0,4.0,4.0,6.0,4.0,5.0,1.0,5.0,5.0,6.0,5.0,6.0,3.0,1.0,6.0,5.0,3.0,4.0,5.0,5.0,5.0,5.0,5.0,1.0,5.0,6.0,1.0,5.0,5.0,1.0,6.0,6.0,3.0,1.0,1.0,3.0,5.0,5.0,5.0,3.0,1.0,5.0,5.0,6.0,1.0,1.0,5.0,3.0,5.0,4.0,4.0,5.0,3.0,1.0,6,2,2,4,4,5.0,4,3.0,2.0,2.0,4.0,6,78.0,1,104.0,3.0,109.0,6,56.0,0.000160139
54541020,4.0,0,5,5,0,0.0,0.06,1,2.0,0.0,2.0,0.0,3.0,0.0,2.0,0.0,1.0,1.0,2.0,1.0,1.0,1.0,7.5,15.0,5.0,2.0,1960.0,2.0,3.0,2.0,8.0,9000.0,6.0,1,2,2,2,2,1.0,2.2,0.09,4.0,4.0,4.0,4.0,4.0,4.0,5.0,3.0,6.0,6.0,6.0,2.0,4.0,2.0,5.0,5.0,5.0,3.0,5.0,5.0,5.0,5.0,5.0,5.0,1.0,1.0,6.0,3.0,5.0,6.0,3.0,1.0,1.0,3.0,5.0,1.0,3.0,2.0,2.0,5.0,4.0,2.0,5.0,5.0,5.0,1.0,1.0,5.0,3.0,3.0,4.0,5.0,5.0,4.0,3.0,6,2,2,4,4,1.0,1,4.0,1.0,1.0,3.0,6,0.5,2,0.0,1.0,7.0,6,50.0,9.82e-05
54541020,1.0,0,17,16,0,2.2,0.1,1,2.0,0.0,2.0,0.0,3.0,0.0,2.0,0.0,1.0,1.0,2.0,1.0,1.0,1.0,7.5,15.0,5.0,2.0,1960.0,2.0,3.0,2.0,8.0,9000.0,6.0,1,2,2,2,2,1.0,2.2,0.14,4.0,4.0,4.0,4.0,4.0,4.0,5.0,3.0,6.0,6.0,6.0,2.0,4.0,2.0,5.0,5.0,5.0,3.0,5.0,5.0,5.0,5.0,5.0,5.0,1.0,1.0,6.0,3.0,5.0,6.0,3.0,1.0,1.0,3.0,5.0,1.0,3.0,2.0,2.0,5.0,4.0,2.0,5.0,5.0,5.0,1.0,1.0,5.0,3.0,3.0,4.0,5.0,5.0,4.0,1.0,6,2,2,4,4,1.0,1,4.0,1.0,1.0,3.0,6,0.8,2,1.0,1.0,3.0,6,50.0,9.82e-05
54541039,1.0,5,152,42,39,31.2,4.58,51,5.0,3.0,2.0,0.0,5.0,2.0,2.0,1.0,1.0,1.0,4.0,1.0,1.0,1.0,6.0,8.0,6.0,1.0,1970.0,1.0,3.0,1.0,3.0,15000.0,7.0,1,1,2,2,2,1.0,15.6,6.56,3.0,4.0,1.0,3.0,4.0,4.0,4.0,2.0,2.0,5.0,4.0,2.0,2.0,2.0,4.0,2.0,1.0,3.0,5.0,3.0,4.0,4.0,4.0,3.0,4.0,3.0,2.0,2.0,5.0,4.0,2.0,4.0,3.0,3.0,4.0,2.0,3.0,1.0,2.0,5.0,3.0,2.0,4.0,4.0,5.0,4.0,2.0,3.0,2.0,3.0,2.0,4.0,2.0,2.0,1.0,6,2,2,4,4,5.0,2,3.0,2.0,2.0,3.0,6,38.0,1,71.0,5.0,60.0,6,40.0,0.000160139
54541040,9.0,6,145,58,29,21.6,4.62,53,2.0,0.0,1.0,0.0,2.0,0.0,2.0,1.0,1.0,1.0,2.0,0.0,1.0,1.0,5.0,11.0,4.0,1.0,1962.0,1.0,3.0,1.0,6.0,7000.0,3.0,2,2,2,2,2,1.0,21.6,6.62,2.0,4.0,3.0,2.0,4.0,5.0,4.0,3.0,3.0,5.0,4.0,5.0,4.0,2.0,4.0,6.0,4.0,1.0,5.0,4.0,4.0,4.0,4.0,2.0,4.0,4.0,4.0,2.0,4.0,4.0,1.0,4.0,3.0,2.0,4.0,4.0,3.0,1.0,2.0,5.0,2.0,2.0,4.0,4.0,3.0,3.0,2.0,5.0,2.0,3.0,2.0,4.0,4.0,4.0,3.0,6,2,2,4,4,5.0,3,3.0,2.0,2.0,3.0,6,36.5,1,58.0,4.0,70.0,6,48.0,0.00087004
54541041,1.0,2,81,47,5,11.2,1.47,21,1.0,0.0,1.0,1.0,0.0,0.0,1.0,0.0,1.0,2.0,1.0,0.0,2.0,2.0,3.0,5.0,3.0,1.0,1974.0,1.0,1.0,1.0,6.0,5000.0,3.0,1,2,2,2,2,1.0,5.6,2.11,1.0,2.0,2.0,2.0,4.0,4.0,4.0,3.0,3.0,3.0,2.0,5.0,5.0,1.0,3.0,4.0,5.0,1.0,5.0,4.0,3.0,4.0,4.0,3.0,2.0,4.0,2.0,1.0,4.0,3.0,2.0,3.0,4.0,4.0,3.0,2.0,4.0,2.0,3.0,3.0,2.0,2.0,2.0,4.0,3.0,2.0,2.0,3.0,1.0,3.0,3.0,4.0,5.0,3.0,2.0,6,2,2,4,4,5.0,2,4.0,2.0,2.0,3.0,6,13.6,1,29.0,4.0,40.0,6,36.0,0.000967286
54541041,10.0,2,66,8,20,11.6,2.98,31,1.0,0.0,1.0,1.0,0.0,0.0,1.0,0.0,1.0,2.0,1.0,0.0,2.0,2.0,3.0,5.0,3.0,1.0,1974.0,1.0,1.0,1.0,6.0,5000.0,3.0,1,2,2,2,2,1.0,5.8,4.27,1.0,2.0,2.0,2.0,4.0,4.0,4.0,3.0,3.0,3.0,2.0,5.0,5.0,1.0,3.0,4.0,5.0,1.0,5.0,4.0,3.0,4.0,4.0,3.0,2.0,4.0,2.0,1.0,4.0,3.0,2.0,3.0,4.0,4.0,3.0,2.0,4.0,2.0,3.0,3.0,2.0,2.0,2.0,4.0,3.0,2.0,2.0,3.0,1.0,3.0,3.0,4.0,5.0,3.0,3.0,6,2,2,4,4,5.0,1,4.0,2.0,2.0,3.0,6,28.0,1,38.0,4.0,60.0,6,36.0,0.000967286
54541081,10.0,3,329,31,24,141.4,32.57,269,1.0,0.0,1.0,0.0,1.0,0.0,0.0,1.0,2.0,2.0,2.0,0.0,1.0,1.0,5.5,37.0,2.0,2.0,1940.0,1.0,1.0,6.0,8.0,3250.0,3.0,1,2,2,2,2,1.0,70.7,46.67,5.0,3.0,6.0,3.0,3.0,5.0,6.0,6.0,5.0,6.0,4.0,3.0,3.0,3.0,5.0,6.0,3.0,1.0,3.0,6.0,6.0,3.0,1.0,1.0,5.0,4.0,6.0,2.0,6.0,5.0,1.0,3.0,1.0,3.0,3.0,6.0,6.0,5.0,5.0,3.0,6.0,3.0,3.0,3.0,6.0,3.0,6.0,5.0,6.0,3.0,3.0,3.0,3.0,3.0,3.0,6,2,2,4,4,5.0,5,1.0,2.0,2.0,3.0,6,345.0,0,274.0,4.0,316.0,6,70.0,0.000288998
54544037,10.0,3,160,30,26,48.6,10.42,112,1.0,0.0,2.0,0.0,1.0,0.0,1.0,1.0,1.0,1.0,1.0,1.0,2.0,1.0,4.0,5.0,6.0,1.0,1949.0,1.0,1.0,9.0,1.0,15000.0,4.0,1,2,2,2,2,1.0,24.3,14.93,2.0,4.0,3.0,2.0,3.0,5.0,5.0,6.0,4.0,5.0,4.0,2.0,4.0,3.0,4.0,6.0,5.0,3.0,5.0,2.0,4.0,4.0,2.0,2.0,5.0,5.0,4.0,2.0,5.0,5.0,2.0,1.0,2.0,4.0,5.0,2.0,3.0,2.0,4.0,4.0,5.0,4.0,4.0,4.0,6.0,3.0,3.0,4.0,6.0,2.0,1.0,5.0,4.0,4.0,3.0,6,2,2,4,4,4.0,1,3.0,2.0,3.0,2.0,6,84.0,1,104.0,5.0,90.0,6,61.0,0.000109132
56080019,7.0,3,156,71,12,16.8,3.9,55,2.0,0.0,1.0,0.0,2.0,0.0,1.0,2.0,1.0,1.0,4.0,0.0,1.0,1.0,6.0,30.0,5.0,1.0,1937.0,1.0,2.0,9.0,2.0,9000.0,7.0,1,2,2,2,2,1.0,8.4,5.59,3.0,4.0,2.0,2.0,4.0,4.0,3.0,3.0,4.0,2.0,4.0,3.0,4.0,2.0,4.0,2.0,4.0,3.0,4.0,2.0,3.0,2.0,3.0,2.0,4.0,4.0,3.0,2.0,4.0,4.0,2.0,4.0,3.0,4.0,4.0,3.0,2.0,2.0,2.0,3.0,2.0,4.0,3.0,3.0,3.0,4.0,2.0,4.0,3.0,3.0,3.0,4.0,4.0,3.0,3.0,7,1,2,4,4,1.0,3,1.0,3.0,3.0,3.0,6,41.0,1,73.0,7.0,64.0,6,73.0,0.000125765
56080029,4.0,2,134,57,12,16.4,2.93,40,3.0,1.0,4.0,1.0,4.0,1.0,2.0,2.0,1.0,1.0,3.0,1.0,1.0,1.0,7.0,6.0,6.0,2.0,1961.0,1.0,3.0,1.0,3.0,15000.0,6.0,2,2,2,2,1,1.0,16.4,4.2,3.0,4.0,2.0,3.0,4.0,4.0,4.0,3.0,4.0,4.0,5.0,3.0,2.0,5.0,3.0,2.0,5.0,1.0,3.0,2.0,4.0,3.0,3.0,3.0,4.0,4.0,3.0,3.0,4.0,4.0,1.0,3.0,4.0,2.0,3.0,3.0,3.0,1.0,1.0,5.0,3.0,1.0,4.0,3.0,4.0,3.0,3.0,4.0,3.0,3.0,3.0,3.0,3.0,4.0,3.0,7,1,2,4,4,4.0,4,3.0,2.0,2.0,3.0,6,26.2,1,65.0,5.0,45.0,6,49.0,9.82e-05
56080061,1.0,0,18,8,0,3.8,0.74,9,2.0,0.0,1.0,0.0,1.0,1.0,1.0,2.0,1.0,1.0,1.0,1.0,1.0,1.0,6.0,25.0,5.0,1.0,1951.0,1.0,3.0,1.0,3.0,9000.0,5.0,2,2,2,1,2,1.0,0.0,1.06,4.0,5.0,5.0,2.0,6.0,5.0,5.0,6.0,3.0,5.0,6.0,6.0,3.0,3.0,5.0,6.0,3.0,1.0,1.0,1.0,5.0,4.0,6.0,2.0,5.0,5.0,4.0,4.0,4.0,4.0,1.0,5.0,4.0,1.0,4.0,4.0,3.0,1.0,6.0,6.0,2.0,5.0,5.0,3.0,5.0,4.0,1.0,5.0,3.0,5.0,2.0,3.0,3.0,5.0,1.0,7,1,2,4,4,6.0,1,2.0,1.0,1.0,1.0,6,6.5,0,10.0,5.0,21.0,6,59.0,0.000109132
56080065,7.0,2,166,97,5,24.2,4.88,69,3.0,0.0,2.0,0.0,2.0,0.0,3.0,1.0,1.0,1.0,3.0,0.0,1.0,1.0,5.0,10.0,5.0,2.0,1961.0,1.0,3.0,2.0,6.0,9000.0,6.0,1,2,2,2,1,1.0,12.1,6.99,2.0,4.0,2.0,2.0,2.0,4.0,5.0,2.0,3.0,4.0,4.0,2.0,5.0,1.0,4.0,2.0,5.0,1.0,5.0,4.0,5.0,4.0,4.0,2.0,5.0,4.0,4.0,1.0,5.0,5.0,2.0,2.0,1.0,1.0,4.0,4.0,3.0,1.0,1.0,5.0,4.0,2.0,5.0,4.0,4.0,2.0,1.0,5.0,1.0,2.0,2.0,4.0,1.0,4.0,3.0,7,1,2,4,4,5.0,4,2.0,2.0,2.0,3.0,6,46.5,1,64.0,8.0,65.0,6,49.0,9.82e-05
56080075,9.0,3,147,68,16,35.0,7.43,81,2.0,0.0,2.0,2.0,3.0,0.0,1.0,2.0,1.0,1.0,2.0,0.0,1.0,1.0,6.5,23.0,4.0,1.0,1952.0,1.0,2.0,1.0,6.0,7000.0,3.0,2,2,1,2,2,1.0,0.0,10.65,1.0,4.0,3.0,4.0,4.0,5.0,4.0,3.0,6.0,5.0,4.0,3.0,5.0,2.0,5.0,4.0,4.0,4.0,5.0,4.0,4.0,2.0,3.0,2.0,5.0,5.0,5.0,1.0,5.0,4.0,1.0,4.0,4.0,4.0,4.0,4.0,4.0,1.0,2.0,4.0,2.0,4.0,4.0,4.0,1.0,2.0,2.0,5.0,3.0,4.0,4.0,4.0,5.0,4.0,3.0,7,1,2,4,4,5.0,5,2.0,2.0,2.0,3.0,6,70.5,0,63.0,4.0,144.0,6,58.0,0.000409116
56080089,1.0,5,143,57,5,27.4,3.72,51,4.0,2.0,2.0,0.0,4.0,1.0,2.0,2.0,1.0,1.0,2.0,1.0,1.0,1.0,5.0,6.0,4.0,1.0,1973.0,1.0,3.0,2.0,5.0,7000.0,3.0,2,2,2,2,2,1.0,27.4,5.33,4.0,4.0,4.0,3.0,4.0,4.0,5.0,3.0,2.0,5.0,2.0,4.0,4.0,2.0,3.0,4.0,4.0,1.0,4.0,3.0,4.0,4.0,3.0,2.0,2.0,1.0,4.0,3.0,4.0,2.0,3.0,3.0,3.0,2.0,2.0,4.0,3.0,1.0,2.0,4.0,2.0,2.0,4.0,5.0,5.0,3.0,2.0,5.0,2.0,2.0,2.0,2.0,4.0,4.0,2.0,7,1,2,4,4,5.0,3,4.0,2.0,2.0,3.0,6,36.5,1,81.0,5.0,50.0,6,37.0,0.000967286
56080090,1.0,8,201,49,15,35.4,6.66,69,4.0,2.0,2.0,0.0,4.0,1.0,2.0,2.0,1.0,1.0,2.0,1.0,1.0,1.0,5.0,6.0,4.0,2.0,1974.0,1.0,3.0,2.0,6.0,7000.0,6.0,2,2,2,2,2,1.0,35.4,9.54,4.0,3.0,4.0,3.0,4.0,4.0,5.0,4.0,2.0,5.0,2.0,4.0,5.0,3.0,4.0,4.0,4.0,2.0,4.0,4.0,3.0,4.0,3.0,2.0,2.0,2.0,4.0,1.0,5.0,2.0,2.0,3.0,3.0,2.0,2.0,4.0,3.0,1.0,2.0,4.0,2.0,3.0,4.0,5.0,5.0,3.0,3.0,5.0,2.0,2.0,3.0,2.0,4.0,4.0,1.0,7,1,2,4,4,5.0,2,4.0,1.0,2.0,3.0,6,71.0,1,137.0,5.0,70.0,6,36.0,0.000232084
56080105,1.0,0,54,26,0,11.2,2.6,37,2.0,0.0,1.0,0.0,2.0,0.0,2.0,2.0,1.0,1.0,2.0,0.0,1.0,1.0,4.5,22.0,4.0,2.0,1950.0,1.0,2.0,1.0,1.0,7000.0,4.0,1,1,2,2,2,2.0,5.6,3.73,5.0,4.0,1.0,3.0,5.0,5.0,4.0,4.0,4.0,4.0,3.0,4.0,4.0,6.0,4.0,6.0,4.0,6.0,6.0,2.0,6.0,2.0,4.0,6.0,4.0,4.0,4.0,6.0,4.0,4.0,6.0,2.0,3.0,6.0,4.0,6.0,6.0,6.0,6.0,5.0,4.0,6.0,4.0,4.0,3.0,4.0,2.0,4.0,6.0,6.0,6.0,4.0,4.0,4.0,1.0,7,1,2,4,4,2.0,2,3.0,2.0,3.0,4.0,6,21.0,0,28.0,4.0,35.0,6,60.0,9.82e-05
56080129,1.0,0,0,0,0,0.0,0.14,0,4.0,2.0,0.0,0.0,6.0,4.0,2.0,0.0,1.0,1.0,3.0,1.0,1.0,1.0,4.0,26.0,4.0,1.0,1973.0,1.0,3.0,2.0,5.0,7000.0,5.0,1,2,2,2,2,2.0,2.2,0.2,5.0,5.0,2.0,1.0,5.0,5.0,4.0,3.0,4.0,5.0,5.0,2.0,3.0,2.0,4.0,4.0,3.0,1.0,1.0,1.0,5.0,4.0,1.0,1.0,4.0,4.0,2.0,3.0,5.0,5.0,1.0,4.0,4.0,3.0,5.0,4.0,3.0,2.0,1.0,5.0,4.0,1.0,4.0,4.0,3.0,3.0,4.0,4.0,2.0,2.0,3.0,3.0,3.0,4.0,2.0,7,1,2,4,4,5.0,2,3.0,3.0,3.0,3.0,6,0.6,1,0.0,5.0,35.5,6,37.0,0.000258025
56080130,4.0,0,39,16,0,7.6,1.5,22,4.0,2.0,1.0,0.0,6.0,4.0,2.0,1.0,1.0,1.0,3.0,1.0,1.0,1.0,4.0,9.0,4.0,2.0,1973.0,1.0,3.0,2.0,3.0,7000.0,6.0,1,2,2,2,1,2.0,3.8,2.15,5.0,5.0,1.0,2.0,5.0,5.0,4.0,2.0,5.0,4.0,4.0,3.0,4.0,2.0,5.0,4.0,3.0,1.0,4.0,2.0,4.0,4.0,4.0,2.0,4.0,4.0,3.0,3.0,4.0,4.0,2.0,4.0,4.0,2.0,5.0,4.0,2.0,1.0,1.0,5.0,3.0,3.0,4.0,3.0,2.0,3.0,1.0,4.0,2.0,3.0,3.0,2.0,3.0,4.0,3.0,7,1,2,4,4,5.0,2,3.0,3.0,3.0,3.0,6,15.0,0,23.0,5.0,30.0,6,37.0,0.000232084
56080130,6.0,1,94,62,4,6.6,1.03,13,4.0,2.0,1.0,0.0,6.0,4.0,2.0,1.0,1.0,1.0,3.0,1.0,1.0,1.0,4.0,9.0,4.0,2.0,1973.0,1.0,3.0,2.0,3.0,7000.0,6.0,1,2,2,2,1,2.0,3.3,1.48,5.0,5.0,1.0,2.0,5.0,5.0,4.0,2.0,5.0,4.0,4.0,3.0,4.0,2.0,5.0,4.0,3.0,1.0,4.0,2.0,4.0,4.0,4.0,2.0,4.0,4.0,3.0,3.0,4.0,4.0,2.0,4.0,4.0,2.0,5.0,4.0,2.0,1.0,1.0,5.0,3.0,3.0,4.0,3.0,2.0,3.0,1.0,4.0,2.0,3.0,3.0,2.0,3.0,4.0,3.0,7,1,2,4,4,5.0,2,3.0,3.0,3.0,3.0,6,10.0,0,28.0,5.0,76.0,6,37.0,0.000232084
56080176,1.0,0,26,19,0,2.8,0.4,5,2.0,0.0,2.0,0.0,2.0,0.0,1.0,1.0,1.0,2.0,2.0,0.0,1.0,1.0,5.5,0.0,6.0,1.0,1979.0,1.0,2.0,1.0,5.0,15000.0,6.0,2,2,2,2,2,1.0,2.8,0.57,5.0,5.0,1.0,2.0,3.0,5.0,5.0,2.0,2.0,3.0,4.0,3.0,4.0,3.0,3.0,3.0,5.0,1.0,5.0,3.0,2.0,3.0,2.0,3.0,2.0,1.0,4.0,1.0,5.0,3.0,2.0,3.0,2.0,2.0,4.0,4.0,3.0,1.0,4.0,4.0,4.0,1.0,3.0,5.0,1.0,3.0,2.0,2.0,3.0,1.0,3.0,2.0,3.0,4.0,1.0,7,1,2,4,4,5.0,1,4.0,2.0,2.0,4.0,6,4.0,1,7.0,4.0,10.0,6,31.0,0.000258025
56080245,1.0,0,78,55,0,16.6,1.59,21,4.0,2.0,2.0,0.0,4.0,2.0,1.0,1.0,1.0,2.0,1.0,1.0,1.0,1.0,6.0,13.0,4.0,2.0,1967.0,1.0,3.0,2.0,6.0,7000.0,4.0,2,2,2,2,2,1.0,16.6,2.28,1.0,1.0,1.0,1.0,1.0,4.0,4.0,1.0,4.0,4.0,2.0,4.0,4.0,2.0,4.0,2.0,4.0,2.0,4.0,4.0,4.0,4.0,3.0,3.0,3.0,3.0,2.0,2.0,2.0,4.0,2.0,2.0,2.0,2.0,3.0,3.0,2.0,1.0,1.0,3.0,2.0,2.0,2.0,2.0,2.0,2.0,2.0,4.0,2.0,2.0,2.0,2.0,2.0,4.0,2.0,7,1,2,4,4,5.0,2,2.0,1.0,1.0,3.0,6,17.0,1,23.0,4.0,20.0,6,43.0,9.82e-05
56080246,1.0,5,129,33,25,11.2,2.92,39,4.0,2.0,2.0,0.0,1.0,2.0,1.0,1.0,1.0,2.0,2.0,0.0,1.0,1.0,6.0,13.0,4.0,1.0,1962.0,3.0,3.0,1.0,5.0,7000.0,3.0,2,2,2,2,2,1.0,11.2,4.18,1.0,1.0,1.0,1.0,3.0,5.0,5.0,1.0,5.0,5.0,5.0,5.0,5.0,3.0,3.0,4.0,4.0,3.0,4.0,4.0,4.0,4.0,4.0,2.0,3.0,3.0,3.0,3.0,3.0,4.0,3.0,4.0,4.0,2.0,2.0,2.0,2.0,2.0,2.0,4.0,2.0,2.0,3.0,2.0,2.0,2.0,4.0,4.0,2.0,3.0,3.0,3.0,3.0,4.0,1.0,7,1,2,4,4,5.0,2,2.0,1.0,1.0,3.0,6,27.0,1,71.0,4.0,35.5,6,48.0,0.000409116
56080315,1.0,0,61,54,0,6.8,0.71,9,4.0,1.0,2.0,0.0,4.0,0.0,3.0,1.0,1.0,1.0,4.0,1.0,1.0,1.0,5.5,6.0,6.0,2.0,1965.0,3.0,3.0,2.0,6.0,15000.0,3.0,2,2,2,2,2,1.0,6.8,1.02,4.0,5.0,3.0,3.0,5.0,5.0,4.0,1.0,3.0,5.0,4.0,4.0,5.0,2.0,5.0,1.0,4.0,1.0,4.0,2.0,5.0,2.0,3.0,1.0,3.0,3.0,4.0,5.0,4.0,4.0,1.0,1.0,4.0,3.0,4.0,4.0,4.0,1.0,1.0,5.0,3.0,2.0,5.0,5.0,4.0,1.0,1.0,5.0,2.0,1.0,3.0,4.0,4.0,4.0,1.0,7,1,2,4,4,2.0,2,3.0,2.0,2.0,3.0,6,7.5,1,7.0,4.0,20.0,6,45.0,0.000367986
56080315,4.0,1,52,22,4,11.4,0.64,8,4.0,1.0,2.0,0.0,4.0,0.0,3.0,1.0,1.0,1.0,4.0,1.0,1.0,1.0,5.5,6.0,6.0,2.0,1965.0,3.0,3.0,2.0,6.0,15000.0,3.0,2,2,2,2,2,1.0,11.4,0.92,4.0,5.0,3.0,3.0,5.0,5.0,4.0,1.0,3.0,5.0,4.0,4.0,5.0,2.0,5.0,1.0,4.0,1.0,4.0,2.0,5.0,2.0,3.0,1.0,3.0,3.0,4.0,5.0,4.0,4.0,1.0,1.0,4.0,3.0,4.0,4.0,4.0,1.0,1.0,5.0,3.0,2.0,5.0,5.0,4.0,1.0,1.0,5.0,2.0,1.0,3.0,4.0,4.0,4.0,3.0,7,1,2,4,4,2.0,2,3.0,2.0,2.0,3.0,6,7.0,1,26.0,4.0,20.0,6,45.0,0.000367986
56080316,1.0,7,234,46,47,67.9,11.95,100,4.0,1.0,2.0,0.0,4.0,0.0,3.0,1.0,1.0,1.0,4.0,1.0,1.0,1.0,5.5,6.0,6.0,1.0,1960.0,3.0,3.0,1.0,6.0,15000.0,5.0,2,2,2,2,2,1.0,67.9,17.12,5.0,5.0,2.0,3.0,5.0,5.0,3.0,4.0,2.0,5.0,4.0,4.0,3.0,2.0,4.0,1.0,2.0,1.0,4.0,2.0,4.0,3.0,2.0,2.0,6.0,6.0,4.0,1.0,4.0,3.0,3.0,2.0,1.0,3.0,3.0,2.0,4.0,2.0,2.0,4.0,4.0,2.0,4.0,4.0,4.0,3.0,2.0,5.0,3.0,2.0,3.0,3.0,4.0,4.0,1.0,7,1,2,4,4,1.0,2,3.0,2.0,2.0,3.0,6,131.0,1,141.0,4.0,125.0,6,50.0,0.000109132
56080325,1.0,0,32,28,0,3.8,0.53,7,1.0,0.0,2.0,0.0,0.0,0.0,1.0,3.0,1.0,2.0,1.0,0.0,1.0,2.0,5.0,3.0,3.0,2.0,1949.0,1.0,1.0,1.0,6.0,5000.0,3.0,2,2,2,2,2,1.0,3.8,0.76,1.0,3.0,5.0,5.0,3.0,3.0,5.0,6.0,3.0,4.0,3.0,6.0,5.0,2.0,4.0,6.0,5.0,3.0,5.0,4.0,2.0,5.0,4.0,4.0,3.0,3.0,5.0,4.0,5.0,3.0,5.0,5.0,5.0,5.0,3.0,5.0,3.0,2.0,2.0,5.0,3.0,4.0,4.0,3.0,2.0,2.0,3.0,5.0,2.0,4.0,2.0,4.0,4.0,3.0,1.0,7,1,2,4,4,3.0,1,3.0,2.0,2.0,4.0,6,5.0,1,4.0,4.0,15.0,6,61.0,0.000367986
56080325,4.0,0,60,41,0,9.4,1.63,23,1.0,0.0,2.0,0.0,0.0,0.0,1.0,3.0,1.0,2.0,1.0,0.0,1.0,2.0,5.0,3.0,3.0,2.0,1949.0,1.0,1.0,1.0,6.0,5000.0,3.0,2,2,2,2,2,1.0,9.4,2.34,1.0,3.0,5.0,5.0,3.0,3.0,5.0,6.0,3.0,4.0,3.0,6.0,5.0,2.0,4.0,6.0,5.0,3.0,5.0,4.0,2.0,5.0,4.0,4.0,3.0,3.0,5.0,4.0,5.0,3.0,5.0,5.0,5.0,5.0,3.0,5.0,3.0,2.0,2.0,5.0,3.0,4.0,4.0,3.0,2.0,2.0,3.0,5.0,2.0,4.0,2.0,4.0,4.0,3.0,3.0,7,1,2,4,4,3.0,2,3.0,2.0,2.0,4.0,6,14.0,1,19.0,4.0,45.0,6,61.0,0.000367986
56080562,1.0,1,128,70,18,7.4,2.08,22,4.0,2.0,2.0,1.0,4.0,2.0,1.0,2.0,1.0,2.0,2.0,0.0,2.0,2.0,4.0,11.0,4.0,1.0,1975.0,1.0,3.0,1.0,3.0,7384.0,3.0,2,2,2,2,2,1.0,7.4,2.98,2.0,1.0,3.0,2.0,3.0,4.0,4.0,3.0,3.0,3.0,1.0,5.0,3.0,3.0,2.0,3.0,3.0,2.0,4.0,3.0,4.0,3.0,3.0,2.0,4.0,3.0,4.0,2.0,4.0,3.0,2.0,4.0,3.0,4.0,3.0,4.0,4.0,1.0,1.0,5.0,2.0,4.0,4.0,4.0,4.0,3.0,3.0,4.0,3.0,3.0,2.0,3.0,3.0,3.0,1.0,7,1,2,4,4,5.0,1,2.0,2.0,2.0,4.0,6,23.0,1,40.0,4.0,20.0,6,35.0,0.000967286
56080623,1.0,2,59,27,5,5.6,1.55,22,3.0,0.0,5.0,0.0,5.0,0.0,2.0,2.0,1.0,1.0,3.0,0.0,1.0,1.0,6.0,28.0,6.0,2.0,1963.0,1.0,2.0,1.0,6.0,15000.0,7.0,2,2,2,2,2,1.0,5.6,2.22,1.0,2.0,4.0,2.0,4.0,4.0,2.0,4.0,2.0,5.0,3.0,3.0,5.0,4.0,4.0,6.0,4.0,1.0,5.0,3.0,4.0,4.0,5.0,4.0,2.0,6.0,2.0,3.0,4.0,3.0,1.0,2.0,3.0,2.0,2.0,1.0,3.0,1.0,1.0,5.0,4.0,1.0,3.0,2.0,1.0,4.0,2.0,5.0,1.0,1.0,4.0,3.0,2.0,5.0,1.0,7,1,2,4,4,4.0,1,3.0,2.0,2.0,4.0,6,17.0,1,27.0,4.0,20.0,6,47.0,0.000144039
56080781,3.0,4,149,41,19,31.6,7.09,69,1.0,0.0,1.0,0.0,0.0,0.0,1.0,1.0,2.0,2.0,1.0,0.0,2.0,1.0,4.0,10.0,3.0,2.0,1963.0,1.0,1.0,1.0,1.0,5000.0,6.0,2,2,2,2,2,1.0,31.6,10.16,1.0,1.0,4.0,3.0,3.0,5.0,2.0,4.0,2.0,4.0,3.0,5.0,5.0,3.0,3.0,6.0,4.0,6.0,5.0,4.0,4.0,5.0,3.0,3.0,2.0,6.0,4.0,3.0,1.0,3.0,3.0,1.0,4.0,3.0,4.0,6.0,6.0,1.0,1.0,5.0,2.0,3.0,4.0,5.0,5.0,6.0,3.0,4.0,3.0,3.0,5.0,4.0,5.0,5.0,1.0,7,1,2,4,4,5.0,2,3.0,2.0,2.0,3.0,6,71.0,1,89.0,5.0,35.5,6,47.0,9.82e-05
56080782,3.0,8,196,37,45,35.6,7.45,73,1.0,0.0,1.0,0.0,0.0,0.0,1.0,1.0,2.0,2.0,1.0,0.0,2.0,1.0,4.0,10.0,3.0,2.0,1963.0,1.0,1.0,1.0,1.0,5000.0,6.0,2,2,2,2,2,1.0,35.6,10.68,1.0,1.0,4.0,3.0,3.0,5.0,2.0,4.0,2.0,4.0,3.0,5.0,5.0,3.0,3.0,6.0,4.0,6.0,5.0,4.0,4.0,5.0,3.0,3.0,2.0,6.0,4.0,3.0,1.0,3.0,3.0,1.0,4.0,3.0,4.0,6.0,6.0,1.0,1.0,5.0,2.0,3.0,4.0,5.0,5.0,6.0,3.0,4.0,3.0,3.0,5.0,4.0,5.0,5.0,1.0,7,1,2,4,4,5.0,2,3.0,2.0,2.0,3.0,6,77.0,1,114.0,4.0,140.0,6,47.0,9.82e-05
56080828,1.0,3,176,37,30,40.6,2.82,42,2.0,0.0,2.0,0.0,2.0,0.0,1.0,1.0,1.0,1.0,1.0,0.0,2.0,2.0,4.0,15.0,4.0,1.0,1948.0,1.0,2.0,1.0,6.0,7000.0,3.0,1,2,2,2,2,1.0,20.3,4.04,3.0,4.0,6.0,3.0,4.0,5.0,2.0,3.0,3.0,1.0,2.0,6.0,4.0,4.0,5.0,6.0,5.0,1.0,5.0,2.0,5.0,4.0,6.0,3.0,3.0,2.0,1.0,3.0,4.0,2.0,3.0,2.0,2.0,3.0,4.0,2.0,4.0,1.0,1.0,5.0,2.0,3.0,2.0,5.0,4.0,1.0,1.0,5.0,1.0,3.0,4.0,3.0,4.0,4.0,1.0,7,1,2,4,4,5.0,2,2.0,2.0,2.0,4.0,6,22.0,1,109.0,4.0,90.0,6,62.0,0.000409116
56080897,8.0,1,71,38,16,6.8,0.92,12,4.0,2.0,1.0,0.0,4.0,0.0,3.0,1.0,1.0,1.0,4.0,0.0,1.0,1.0,5.0,13.0,4.0,1.0,1962.0,1.0,3.0,1.0,6.0,7000.0,3.0,1,2,2,2,2,1.0,3.4,1.32,1.0,1.0,1.0,3.0,2.0,3.0,4.0,2.0,4.0,5.0,2.0,5.0,5.0,4.0,4.0,3.0,5.0,2.0,5.0,4.0,5.0,5.0,5.0,5.0,2.0,1.0,2.0,2.0,5.0,4.0,2.0,1.0,5.0,2.0,2.0,4.0,2.0,1.0,1.0,5.0,2.0,4.0,2.0,4.0,5.0,1.0,1.0,5.0,2.0,2.0,2.0,2.0,3.0,2.0,3.0,7,1,2,4,4,5.0,2,2.0,3.0,3.0,2.0,6,7.0,1,17.0,5.0,30.0,6,48.0,0.000409116
56080897,4.0,0,37,20,0,7.6,1.11,16,4.0,2.0,1.0,0.0,4.0,0.0,3.0,1.0,1.0,1.0,4.0,0.0,1.0,1.0,5.0,13.0,4.0,1.0,1962.0,1.0,3.0,1.0,6.0,7000.0,3.0,1,2,2,2,2,1.0,3.8,1.59,1.0,1.0,1.0,3.0,2.0,3.0,4.0,2.0,4.0,5.0,2.0,5.0,5.0,4.0,4.0,3.0,5.0,2.0,5.0,4.0,5.0,5.0,5.0,5.0,2.0,1.0,2.0,2.0,5.0,4.0,2.0,1.0,5.0,2.0,2.0,4.0,2.0,1.0,1.0,5.0,2.0,4.0,2.0,4.0,5.0,1.0,1.0,5.0,2.0,2.0,2.0,2.0,3.0,2.0,3.0,7,1,2,4,4,5.0,2,2.0,3.0,3.0,2.0,6,10.0,1,17.0,5.0,40.0,6,48.0,0.000409116
56080898,1.0,3,106,48,11,46.8,2.15,30,4.0,2.0,1.0,0.0,4.0,0.0,3.0,1.0,1.0,1.0,4.0,0.0,1.0,1.0,5.0,13.0,4.0,2.0,1962.0,1.0,3.0,2.0,3.0,7000.0,4.0,2,2,2,2,2,1.0,46.8,3.08,1.0,2.0,2.0,2.0,1.0,3.0,5.0,3.0,4.0,4.0,1.0,5.0,5.0,2.0,4.0,5.0,5.0,1.0,5.0,4.0,5.0,5.0,4.0,5.0,1.0,2.0,2.0,4.0,5.0,3.0,2.0,1.0,5.0,4.0,2.0,4.0,5.0,2.0,2.0,4.0,3.0,2.0,4.0,5.0,5.0,1.0,1.0,4.0,1.0,5.0,2.0,5.0,5.0,2.0,1.0,7,1,2,4,4,5.0,2,4.0,2.0,1.0,2.0,6,20.0,1,47.0,6.0,35.5,6,48.0,9.82e-05
56080898,8.0,1,54,24,4,7.6,0.88,10,4.0,2.0,1.0,0.0,4.0,0.0,3.0,1.0,1.0,1.0,4.0,0.0,1.0,1.0,5.0,13.0,4.0,2.0,1962.0,1.0,3.0,2.0,3.0,7000.0,4.0,2,2,2,2,2,1.0,7.6,1.26,1.0,2.0,2.0,2.0,1.0,3.0,5.0,3.0,4.0,4.0,1.0,5.0,5.0,2.0,4.0,5.0,5.0,1.0,5.0,4.0,5.0,5.0,4.0,5.0,1.0,2.0,2.0,4.0,5.0,3.0,2.0,1.0,5.0,4.0,2.0,4.0,5.0,2.0,2.0,4.0,3.0,2.0,4.0,5.0,5.0,1.0,1.0,4.0,1.0,5.0,2.0,5.0,5.0,2.0,3.0,7,1,2,4,4,5.0,2,4.0,2.0,1.0,2.0,6,8.0,1,26.0,6.0,16.0,6,48.0,9.82e-05
70130057,4.0,0,44,30,0,9.6,2.31,22,2.0,0.0,1.0,0.0,3.0,0.0,1.0,1.0,2.0,1.0,2.0,0.0,1.0,1.0,4.0,38.0,4.0,1.0,1938.0,1.0,3.0,9.0,6.0,7000.0,6.0,1,2,2,2,2,1.0,4.8,3.31,4.0,2.0,6.0,4.0,4.0,4.0,4.0,2.0,4.0,4.0,5.0,4.0,5.0,5.0,5.0,2.0,2.0,6.0,5.0,4.0,6.0,3.0,2.0,1.0,5.0,4.0,4.0,2.0,4.0,4.0,1.0,4.0,3.0,2.0,4.0,4.0,3.0,1.0,2.0,5.0,2.0,2.0,4.0,4.0,3.0,3.0,2.0,5.0,2.0,3.0,2.0,4.0,4.0,4.0,3.0,2,2,2,2,2,5.0,2,3.0,2.0,2.0,4.0,8,23.0,0,14.0,5.0,30.0,8,72.0,8.57e-05
70130105,1.0,2,83,31,22,15.2,3.12,32,4.0,2.0,2.0,0.0,5.0,2.0,1.0,1.0,1.0,2.0,2.0,2.0,1.0,1.0,5.0,5.0,3.0,1.0,1965.0,3.0,3.0,2.0,6.0,5000.0,3.0,2,2,1,2,2,1.0,0.0,4.47,4.0,3.0,1.0,2.0,3.0,4.0,3.0,3.0,4.0,5.0,5.0,3.0,3.0,2.0,4.0,5.0,3.0,2.0,3.0,3.0,4.0,2.0,4.0,3.0,3.0,3.0,2.0,3.0,4.0,3.0,2.0,3.0,3.0,6.0,4.0,3.0,3.0,2.0,6.0,6.0,2.0,4.0,3.0,4.0,6.0,6.0,6.0,4.0,1.0,6.0,3.0,6.0,4.0,1.0,1.0,2,2,2,2,2,4.0,2,2.0,3.0,2.0,4.0,8,31.5,0,30.0,5.0,61.0,8,45.0,0.000409116
70130106,10.0,2,118,48,7,35.6,6.22,48,4.0,2.0,1.0,0.0,6.0,2.0,2.0,1.0,1.0,2.0,2.0,0.0,1.0,1.0,5.0,5.0,4.0,2.0,1974.0,1.0,3.0,6.0,8.0,7384.0,3.0,1,2,2,2,2,1.0,17.8,8.91,3.0,4.0,2.0,2.0,3.0,4.0,6.0,6.0,3.0,6.0,3.0,4.0,4.0,3.0,4.0,2.0,3.0,6.0,6.0,6.0,6.0,3.0,6.0,3.0,4.0,4.0,2.0,3.0,4.0,5.0,6.0,2.0,4.0,4.0,4.0,2.0,4.0,6.0,4.0,3.0,2.0,4.0,2.0,4.0,6.0,6.0,2.0,4.0,1.0,2.0,6.0,2.0,2.0,6.0,3.0,2,2,2,2,2,5.0,2,4.0,2.0,2.0,3.0,8,68.0,0,63.0,4.0,142.0,8,36.0,0.00087004
70130149,1.0,0,59,37,0,17.4,1.62,22,4.0,0.0,2.0,1.0,6.0,0.0,4.0,4.0,1.0,1.0,4.0,2.0,1.0,1.0,6.5,25.0,5.0,2.0,1957.0,3.0,3.0,2.0,6.0,9000.0,3.0,1,2,2,2,1,1.0,8.7,2.32,3.0,3.0,3.0,3.0,3.0,4.0,4.0,2.0,4.0,5.0,4.0,3.0,4.0,3.0,4.0,4.0,4.0,2.0,3.0,2.0,4.0,3.0,3.0,4.0,4.0,4.0,2.0,3.0,5.0,5.0,2.0,2.0,3.0,2.0,4.0,4.0,3.0,2.0,2.0,4.0,3.0,3.0,4.0,4.0,4.0,2.0,3.0,4.0,3.0,2.0,3.0,2.0,3.0,4.0,2.0,2,2,2,2,2,4.0,2,2.0,2.0,2.0,4.0,8,14.5,0,22.0,4.0,50.0,8,53.0,0.000367986
70130259,10.0,0,50,19,0,9.0,1.42,19,2.0,0.0,1.0,0.0,2.0,0.0,2.0,1.0,1.0,1.0,2.0,0.0,1.0,1.0,5.0,11.0,4.0,1.0,1962.0,1.0,1.0,1.0,6.0,7384.0,3.0,1,2,2,2,2,2.0,4.5,2.03,6.0,2.0,6.0,2.0,3.0,4.0,4.0,3.0,2.0,6.0,5.0,3.0,3.0,2.0,5.0,6.0,3.0,1.0,6.0,6.0,6.0,4.0,3.0,3.0,4.0,3.0,2.0,4.0,6.0,5.0,1.0,5.0,4.0,3.0,5.0,5.0,3.0,1.0,2.0,5.0,2.0,2.0,2.0,3.0,5.0,3.0,3.0,5.0,2.0,3.0,2.0,3.0,4.0,4.0,3.0,2,2,2,2,2,5.0,1,3.0,2.0,3.0,4.0,8,14.0,0,31.0,4.0,15.0,8,48.0,0.000409116
70130259,1.0,0,22,17,0,3.4,0.68,9,2.0,0.0,1.0,0.0,2.0,0.0,2.0,1.0,1.0,1.0,2.0,0.0,1.0,1.0,5.0,11.0,4.0,1.0,1962.0,1.0,1.0,1.0,6.0,7384.0,3.0,1,2,2,2,2,2.0,2.2,0.97,6.0,2.0,6.0,2.0,3.0,4.0,4.0,3.0,2.0,6.0,5.0,3.0,3.0,2.0,5.0,6.0,3.0,1.0,6.0,6.0,6.0,4.0,3.0,3.0,4.0,3.0,2.0,4.0,6.0,5.0,1.0,5.0,4.0,3.0,5.0,5.0,3.0,1.0,2.0,5.0,2.0,2.0,2.0,3.0,5.0,3.0,3.0,5.0,2.0,3.0,2.0,3.0,4.0,4.0,1.0,2,2,2,2,2,5.0,1,3.0,2.0,3.0,4.0,8,6.0,0,5.0,4.0,9.0,8,48.0,0.000409116
70130275,11.0,2,129,14,18,35.2,8.63,57,1.0,0.0,0.0,0.0,1.0,0.0,1.0,1.0,1.0,2.0,1.0,0.0,2.0,2.0,2.0,2.0,4.0,1.0,1969.0,1.0,1.0,1.0,6.0,7000.0,8.0,1,2,2,2,2,3.0,17.6,12.37,6.0,4.0,3.0,3.0,3.0,4.0,6.0,2.0,3.0,4.0,3.0,4.0,4.0,2.0,4.0,6.0,2.0,1.0,6.0,6.0,6.0,3.0,6.0,2.0,4.0,4.0,2.0,2.0,4.0,4.0,4.0,2.0,3.0,3.0,5.0,4.0,4.0,3.0,3.0,3.0,2.0,4.0,3.0,4.0,3.0,6.0,6.0,4.0,3.0,3.0,3.0,3.0,3.0,3.0,3.0,2,2,2,2,2,4.0,1,3.0,2.0,2.0,1.0,8,98.0,0,97.0,3.0,119.0,8,41.0,0.000160139
70130293,10.0,0,32,27,0,6.0,0.49,4,3.0,1.0,1.0,0.0,3.0,0.0,3.0,1.0,1.0,1.0,2.0,0.0,2.0,2.0,4.5,3.0,3.0,2.0,1975.0,1.0,3.0,6.0,8.0,5000.0,4.0,1,2,2,2,2,1.0,3.0,0.7,4.0,4.0,1.0,1.0,4.0,4.0,3.0,3.0,3.0,4.0,3.0,2.0,4.0,2.0,4.0,4.0,4.0,1.0,4.0,4.0,4.0,4.0,4.0,2.0,4.0,6.0,3.0,2.0,4.0,3.0,1.0,4.0,4.0,2.0,4.0,2.0,2.0,1.0,2.0,5.0,2.0,2.0,3.0,4.0,6.0,3.0,2.0,5.0,2.0,3.0,2.0,3.0,4.0,4.0,3.0,2,2,2,2,2,5.0,3,3.0,2.0,2.0,2.0,8,2.6,1,5.0,3.0,30.0,8,35.0,0.000232084
70130294,7.0,3,283,32,12,80.2,1.57,22,3.0,1.0,1.0,0.0,3.0,0.0,3.0,1.0,1.0,1.0,2.0,0.0,2.0,2.0,4.5,3.0,3.0,1.0,1968.0,1.0,3.0,1.0,7.0,5000.0,6.0,2,2,2,2,2,1.0,80.2,2.25,3.0,4.0,2.0,2.0,4.0,5.0,2.0,4.0,1.0,5.0,3.0,2.0,2.0,1.0,3.0,3.0,3.0,2.0,4.0,2.0,3.0,4.0,4.0,4.0,4.0,3.0,2.0,3.0,4.0,4.0,3.0,2.0,2.0,2.0,4.0,4.0,4.0,1.0,2.0,4.0,1.0,4.0,3.0,3.0,2.0,3.0,2.0,5.0,1.0,2.0,2.0,2.0,4.0,4.0,3.0,2,2,2,2,2,4.0,3,3.0,2.0,2.0,3.0,8,15.3,1,239.0,2.0,18.0,8,42.0,0.000109132
70130349,1.0,0,32,28,0,6.0,0.48,6,4.0,2.0,1.0,0.0,7.0,2.0,1.0,0.0,1.0,1.0,3.0,1.0,1.0,1.0,6.0,8.0,4.0,2.0,1966.0,1.0,3.0,2.0,8.0,7000.0,6.0,1,2,2,2,2,1.0,3.0,0.69,4.0,5.0,2.0,1.0,4.0,5.0,4.0,2.0,3.0,4.0,5.0,2.0,2.0,2.0,5.0,1.0,1.0,1.0,5.0,5.0,5.0,1.0,5.0,2.0,5.0,5.0,2.0,1.0,5.0,5.0,1.0,3.0,4.0,3.0,5.0,2.0,4.0,1.0,2.0,4.0,2.0,3.0,4.0,4.0,4.0,3.0,3.0,4.0,2.0,2.0,3.0,4.0,4.0,4.0,1.0,2,2,2,2,2,1.0,2,1.0,2.0,2.0,4.0,8,2.6,2,4.0,4.0,20.0,8,44.0,9.82e-05
70130349,4.0,0,60,46,0,9.6,2.05,24,4.0,2.0,1.0,0.0,7.0,2.0,1.0,0.0,1.0,1.0,3.0,1.0,1.0,1.0,6.0,8.0,4.0,2.0,1966.0,1.0,3.0,2.0,8.0,7000.0,6.0,1,2,2,2,2,1.0,4.8,2.94,4.0,5.0,2.0,1.0,4.0,5.0,4.0,2.0,3.0,4.0,5.0,2.0,2.0,2.0,5.0,1.0,1.0,1.0,5.0,5.0,5.0,1.0,5.0,2.0,5.0,5.0,2.0,1.0,5.0,5.0,1.0,3.0,4.0,3.0,5.0,2.0,4.0,1.0,2.0,4.0,2.0,3.0,4.0,4.0,4.0,3.0,3.0,4.0,2.0,2.0,3.0,4.0,4.0,4.0,3.0,2,2,2,2,2,1.0,2,1.0,2.0,2.0,4.0,8,20.0,0,14.0,4.0,32.0,8,44.0,9.82e-05
70130349,4.0,0,32,26,0,6.0,0.56,6,4.0,2.0,1.0,0.0,7.0,2.0,1.0,0.0,1.0,1.0,3.0,1.0,1.0,1.0,6.0,8.0,4.0,2.0,1966.0,1.0,3.0,2.0,8.0,7000.0,6.0,1,2,2,2,2,1.0,3.0,0.8,4.0,5.0,2.0,1.0,4.0,5.0,4.0,2.0,3.0,4.0,5.0,2.0,2.0,2.0,5.0,1.0,1.0,1.0,5.0,5.0,5.0,1.0,5.0,2.0,5.0,5.0,2.0,1.0,5.0,5.0,1.0,3.0,4.0,3.0,5.0,2.0,4.0,1.0,2.0,4.0,2.0,3.0,4.0,4.0,4.0,3.0,3.0,4.0,2.0,2.0,3.0,4.0,4.0,4.0,3.0,2,2,2,2,2,1.0,2,1.0,2.0,2.0,4.0,8,4.0,2,6.0,4.0,30.0,8,44.0,9.82e-05
70130388,1.0,0,52,31,0,7.0,1.47,17,1.0,0.0,1.0,0.0,1.0,0.0,2.0,0.0,1.0,2.0,2.0,1.0,2.0,2.0,3.0,2.0,5.0,1.0,1958.0,1.0,1.0,1.0,1.0,9000.0,6.0,1,1,2,2,2,1.0,3.5,2.11,3.0,4.0,3.0,2.0,5.0,5.0,5.0,1.0,3.0,5.0,4.0,2.0,3.0,2.0,4.0,6.0,4.0,1.0,4.0,2.0,4.0,5.0,1.0,1.0,5.0,5.0,5.0,1.0,5.0,5.0,2.0,1.0,1.0,1.0,4.0,2.0,3.0,1.0,4.0,3.0,2.0,4.0,3.0,4.0,3.0,2.0,1.0,5.0,1.0,2.0,3.0,3.0,4.0,4.0,1.0,2,2,2,2,2,1.0,2,1.0,3.0,3.0,3.0,8,13.5,0,21.0,2.0,23.0,8,52.0,0.000109132
70130402,10.0,0,32,26,0,6.4,0.52,6,2.0,0.0,1.0,0.0,2.0,0.0,0.0,1.0,2.0,1.0,2.0,0.0,1.0,1.0,6.0,36.0,4.0,1.0,1935.0,1.0,3.0,9.0,1.0,7000.0,6.0,1,2,2,2,2,1.0,3.2,0.75,2.0,3.0,2.0,4.0,3.0,4.0,4.0,3.0,4.0,4.0,5.0,3.0,4.0,5.0,4.0,6.0,4.0,3.0,4.0,3.0,4.0,3.0,3.0,4.0,3.0,2.0,3.0,3.0,6.0,4.0,2.0,2.0,2.0,3.0,5.0,2.0,3.0,1.0,2.0,4.0,2.0,3.0,4.0,3.0,6.0,1.0,1.0,4.0,6.0,4.0,3.0,3.0,4.0,4.0,3.0,2,2,2,2,2,5.0,1,3.0,2.0,2.0,4.0,8,4.5,2,6.0,4.0,20.0,8,75.0,8.57e-05
70130414,7.0,0,21,10,0,2.2,0.68,9,4.0,1.0,2.0,1.0,4.0,0.0,2.0,1.0,1.0,1.0,4.0,0.0,2.0,2.0,4.5,12.0,4.0,2.0,1964.0,1.0,3.0,2.0,6.0,7000.0,3.0,2,2,2,2,2,1.0,2.2,0.97,1.0,4.0,3.0,2.0,3.0,5.0,4.0,3.0,3.0,5.0,4.0,4.0,4.0,4.0,4.0,2.0,4.0,5.0,5.0,2.0,5.0,5.0,3.0,4.0,4.0,2.0,3.0,4.0,4.0,4.0,2.0,2.0,2.0,4.0,4.0,4.0,4.0,2.0,2.0,5.0,1.0,3.0,3.0,4.0,2.0,3.0,2.0,5.0,2.0,3.0,3.0,2.0,2.0,2.0,3.0,2,2,2,2,2,5.0,1,2.0,3.0,3.0,3.0,8,6.5,0,11.0,4.0,72.0,8,46.0,0.000367986
70130414,1.0,0,23,23,0,0.0,0.3,4,4.0,1.0,2.0,1.0,4.0,0.0,2.0,1.0,1.0,1.0,4.0,0.0,2.0,2.0,4.5,12.0,4.0,2.0,1964.0,1.0,3.0,2.0,6.0,7000.0,3.0,2,2,2,2,2,1.0,0.0,0.43,1.0,4.0,3.0,2.0,3.0,5.0,4.0,3.0,3.0,5.0,4.0,4.0,4.0,4.0,4.0,2.0,4.0,5.0,5.0,2.0,5.0,5.0,3.0,4.0,4.0,2.0,3.0,4.0,4.0,4.0,2.0,2.0,2.0,4.0,4.0,4.0,4.0,2.0,2.0,5.0,1.0,3.0,3.0,4.0,2.0,3.0,2.0,5.0,2.0,3.0,3.0,2.0,2.0,2.0,1.0,2,2,2,2,2,5.0,1,2.0,3.0,3.0,3.0,8,1.9,2,0.0,4.0,15.0,8,46.0,0.000367986
70130414,7.0,2,73,15,7,18.0,3.34,45,4.0,1.0,2.0,1.0,4.0,0.0,2.0,1.0,1.0,1.0,4.0,0.0,2.0,2.0,4.5,12.0,4.0,2.0,1964.0,1.0,3.0,2.0,6.0,7000.0,3.0,2,2,2,2,2,1.0,18.0,4.79,1.0,4.0,3.0,2.0,3.0,5.0,4.0,3.0,3.0,5.0,4.0,4.0,4.0,4.0,4.0,2.0,4.0,5.0,5.0,2.0,5.0,5.0,3.0,4.0,4.0,2.0,3.0,4.0,4.0,4.0,2.0,2.0,2.0,4.0,4.0,4.0,4.0,2.0,2.0,5.0,1.0,3.0,3.0,4.0,2.0,3.0,2.0,5.0,2.0,3.0,3.0,2.0,2.0,2.0,3.0,2,2,2,2,2,5.0,1,2.0,3.0,3.0,3.0,8,34.0,1,51.0,4.0,40.0,8,46.0,0.000367986
70130419,11.0,2,143,28,27,31.0,6.51,70,2.0,0.0,1.0,0.0,2.0,0.0,1.0,1.0,1.0,1.0,2.0,0.0,1.0,1.0,5.5,37.0,5.0,2.0,1938.0,1.0,3.0,9.0,6.0,9000.0,3.0,1,2,2,1,2,1.0,15.5,9.33,4.0,4.0,3.0,2.0,4.0,4.0,6.0,6.0,3.0,4.0,5.0,5.0,4.0,2.0,4.0,6.0,4.0,1.0,6.0,6.0,6.0,4.0,4.0,2.0,4.0,4.0,4.0,1.0,4.0,4.0,6.0,3.0,2.0,3.0,5.0,5.0,3.0,2.0,2.0,5.0,3.0,3.0,5.0,6.0,6.0,2.0,1.0,4.0,6.0,2.0,3.0,2.0,4.0,3.0,3.0,2,2,2,2,2,5.0,1,3.0,4.0,2.0,1.0,8,70.0,0,88.0,2.0,80.0,8,72.0,0.000288998
70130507,9.0,1,78,37,12,13.0,2.3,22,2.0,0.0,1.0,1.0,3.0,1.0,3.0,2.0,1.0,1.0,2.0,0.0,1.0,1.0,4.0,30.0,3.0,1.0,1936.0,1.0,2.0,9.0,3.0,5000.0,7.0,1,2,2,2,2,1.0,6.5,3.3,1.0,2.0,4.0,4.0,2.0,3.0,6.0,6.0,4.0,5.0,4.0,3.0,4.0,3.0,4.0,6.0,3.0,1.0,5.0,3.0,4.0,4.0,6.0,3.0,4.0,3.0,4.0,3.0,4.0,6.0,6.0,6.0,4.0,3.0,4.0,4.0,3.0,3.0,3.0,4.0,3.0,5.0,4.0,4.0,6.0,2.0,4.0,5.0,6.0,3.0,4.0,4.0,4.0,4.0,3.0,2,2,2,2,2,2.0,2,3.0,2.0,2.0,3.0,8,24.0,1,29.0,4.0,30.0,8,74.0,0.000125765
70130508,5.0,0,7,0,0,0.0,0.11,1,2.0,0.0,1.0,1.0,3.0,1.0,3.0,1.0,1.0,1.0,2.0,0.0,1.0,1.0,4.0,33.0,3.0,2.0,1938.0,1.0,2.0,9.0,6.0,5000.0,5.0,1,2,2,2,2,1.0,2.2,0.16,1.0,2.0,4.0,4.0,2.0,3.0,6.0,6.0,4.0,4.0,5.0,3.0,4.0,3.0,4.0,4.0,4.0,1.0,4.0,3.0,4.0,4.0,4.0,3.0,4.0,3.0,4.0,5.0,4.0,6.0,6.0,6.0,3.0,2.0,4.0,3.0,3.0,2.0,4.0,6.0,2.0,5.0,4.0,4.0,6.0,2.0,2.0,4.0,6.0,3.0,4.0,4.0,4.0,3.0,3.0,2,2,2,2,2,4.0,1,1.0,2.0,2.0,3.0,8,0.7,2,7.0,5.0,15.0,8,72.0,7.71e-05
70130508,4.0,0,36,33,0,3.0,0.2,2,2.0,0.0,1.0,1.0,3.0,1.0,3.0,1.0,1.0,1.0,2.0,0.0,1.0,1.0,4.0,33.0,3.0,2.0,1938.0,1.0,2.0,9.0,6.0,5000.0,5.0,1,2,2,2,2,1.0,2.2,0.29,1.0,2.0,4.0,4.0,2.0,3.0,6.0,6.0,4.0,4.0,5.0,3.0,4.0,3.0,4.0,4.0,4.0,1.0,4.0,3.0,4.0,4.0,4.0,3.0,4.0,3.0,4.0,5.0,4.0,6.0,6.0,6.0,3.0,2.0,4.0,3.0,3.0,2.0,4.0,6.0,2.0,5.0,4.0,4.0,6.0,2.0,2.0,4.0,6.0,3.0,4.0,4.0,4.0,3.0,3.0,2,2,2,2,2,4.0,1,1.0,2.0,2.0,3.0,8,1.2,2,3.0,5.0,30.0,8,72.0,7.71e-05
70130597,10.0,1,68,43,2,9.6,1.62,21,2.0,0.0,1.0,0.0,1.0,0.0,2.0,1.0,2.0,1.0,2.0,0.0,2.0,2.0,4.0,6.0,4.0,1.0,1932.0,3.0,2.0,9.0,5.0,6101.0,2.0,2,2,2,2,2,1.0,9.6,2.32,4.0,6.0,4.0,2.0,4.0,4.0,4.0,3.0,3.0,5.0,4.0,6.0,4.0,6.0,4.0,6.0,4.0,6.0,4.0,6.0,4.0,5.0,4.0,4.0,4.0,6.0,4.0,2.0,6.0,4.0,6.0,4.0,4.0,2.0,4.0,4.0,3.0,1.0,2.0,5.0,6.0,4.0,4.0,5.0,3.0,3.0,2.0,5.0,6.0,3.0,2.0,4.0,4.0,4.0,3.0,2,2,2,2,2,5.0,2,3.0,2.0,2.0,4.0,8,15.5,0,23.0,4.0,27.0,8,78.0,0.001285365
70130633,11.0,1,193,52,4,77.4,21.85,175,1.0,0.0,1.0,0.0,1.0,0.0,2.0,1.0,1.0,1.0,1.0,0.0,2.0,2.0,4.0,30.0,3.0,1.0,1938.0,1.0,1.0,9.0,1.0,5000.0,6.0,2,2,1,2,2,1.0,0.0,31.31,1.0,4.0,5.0,4.0,2.0,5.0,4.0,3.0,5.0,5.0,5.0,4.0,2.0,2.0,5.0,6.0,4.0,2.0,1.0,3.0,5.0,1.0,2.0,1.0,5.0,5.0,4.0,2.0,5.0,3.0,1.0,2.0,1.0,4.0,5.0,3.0,3.0,1.0,4.0,1.0,1.0,1.0,2.0,3.0,6.0,1.0,1.0,5.0,6.0,3.0,4.0,4.0,5.0,5.0,3.0,2,2,2,2,2,3.0,5,1.0,2.0,2.0,3.0,8,229.2,0,137.0,4.0,117.0,8,72.0,8.57e-05
70130662,1.0,3,139,36,35,16.6,4.94,38,3.0,0.0,2.0,1.0,1.0,0.0,1.0,3.0,1.0,1.0,3.0,0.0,1.0,1.0,5.0,2.0,4.0,2.0,1969.0,1.0,2.0,1.0,6.0,7000.0,3.0,2,2,2,2,2,1.0,16.6,7.08,2.0,1.0,2.0,2.0,3.0,5.0,3.0,3.0,6.0,3.0,6.0,4.0,4.0,2.0,2.0,6.0,4.0,3.0,5.0,4.0,2.0,5.0,6.0,2.0,3.0,6.0,3.0,2.0,6.0,3.0,2.0,6.0,2.0,3.0,2.0,3.0,2.0,1.0,2.0,5.0,3.0,2.0,2.0,4.0,6.0,4.0,1.0,5.0,1.0,4.0,3.0,4.0,5.0,3.0,1.0,2,2,2,2,2,5.0,2,4.0,2.0,1.0,2.0,8,55.0,1,68.0,4.0,90.0,8,41.0,0.000367986
70130662,1.0,3,155,45,63,25.6,4.94,38,3.0,0.0,2.0,1.0,1.0,0.0,1.0,3.0,1.0,1.0,3.0,0.0,1.0,1.0,5.0,2.0,4.0,2.0,1969.0,1.0,2.0,1.0,6.0,7000.0,3.0,2,2,2,2,2,1.0,25.6,7.08,2.0,1.0,2.0,2.0,3.0,5.0,3.0,3.0,6.0,3.0,6.0,4.0,4.0,2.0,2.0,6.0,4.0,3.0,5.0,4.0,2.0,5.0,6.0,2.0,3.0,6.0,3.0,2.0,6.0,3.0,2.0,6.0,2.0,3.0,2.0,3.0,2.0,1.0,2.0,5.0,3.0,2.0,2.0,4.0,6.0,4.0,1.0,5.0,1.0,4.0,3.0,4.0,5.0,3.0,1.0,2,2,2,2,2,5.0,2,4.0,2.0,1.0,2.0,8,55.0,1,47.0,4.0,75.0,8,41.0,0.000367986
70130666,1.0,0,11,8,0,3.0,0.12,1,4.0,0.0,2.0,0.0,4.0,0.0,4.0,3.0,1.0,2.0,4.0,1.0,2.0,2.0,4.0,4.0,5.0,2.0,1992.0,1.0,6.0,8.0,6.0,9000.0,3.0,2,2,2,2,1,3.0,3.0,0.17,4.0,4.0,3.0,2.0,4.0,5.0,4.0,2.0,3.0,3.0,4.0,2.0,4.0,2.0,5.0,3.0,4.0,4.0,4.0,4.0,4.0,5.0,3.0,2.0,4.0,4.0,4.0,4.0,4.0,4.0,4.0,3.0,5.0,4.0,5.0,5.0,4.0,2.0,2.0,4.0,4.0,4.0,3.0,4.0,3.0,4.0,2.0,4.0,1.0,4.0,2.0,4.0,4.0,5.0,1.0,2,2,2,2,2,4.0,1,4.0,3.0,3.0,1.0,8,1.0,0,3.0,5.0,6.0,8,18.0,0.000548793
70130666,3.0,1,28,4,5,4.8,0.68,9,4.0,0.0,2.0,0.0,4.0,0.0,4.0,3.0,1.0,2.0,4.0,1.0,2.0,2.0,4.0,4.0,5.0,2.0,1992.0,1.0,6.0,8.0,6.0,9000.0,3.0,2,2,2,2,1,3.0,4.8,0.97,4.0,4.0,3.0,2.0,4.0,5.0,4.0,2.0,3.0,3.0,4.0,2.0,4.0,2.0,5.0,3.0,4.0,4.0,4.0,4.0,4.0,5.0,3.0,2.0,4.0,4.0,4.0,4.0,4.0,4.0,4.0,3.0,5.0,4.0,5.0,5.0,4.0,2.0,2.0,4.0,4.0,4.0,3.0,4.0,3.0,4.0,2.0,4.0,1.0,4.0,2.0,4.0,4.0,5.0,1.0,2,2,2,2,2,4.0,1,4.0,3.0,3.0,1.0,8,6.5,0,19.0,5.0,10.0,8,18.0,0.000548793
70130723,1.0,1,59,40,8,7.8,1.26,14,2.0,0.0,1.0,0.0,2.0,0.0,2.0,1.0,1.0,1.0,2.0,0.0,2.0,2.0,3.0,10.0,4.0,1.0,1955.0,3.0,3.0,1.0,3.0,7000.0,3.0,1,2,2,2,2,1.0,3.9,1.81,2.0,3.0,4.0,3.0,4.0,4.0,4.0,4.0,4.0,4.0,3.0,5.0,4.0,3.0,4.0,3.0,3.0,2.0,4.0,4.0,4.0,4.0,4.0,4.0,3.0,4.0,3.0,4.0,4.0,3.0,3.0,2.0,4.0,2.0,4.0,2.0,4.0,1.0,1.0,4.0,4.0,2.0,4.0,4.0,4.0,4.0,2.0,4.0,3.0,4.0,4.0,4.0,4.0,4.0,1.0,2,2,2,2,2,5.0,4,2.0,2.0,3.0,4.0,8,9.9,1,11.0,4.0,50.0,8,55.0,0.000409116
70130765,1.0,3,194,54,16,54.6,14.81,113,3.0,1.0,0.0,0.0,1.0,0.0,5.0,0.0,1.0,1.0,2.0,1.0,1.0,1.0,12.0,11.0,6.0,1.0,1970.0,3.0,3.0,1.0,1.0,15000.0,7.0,2,2,1,2,2,2.0,0.0,21.22,5.0,4.0,1.0,2.0,5.0,4.0,4.0,3.0,5.0,5.0,1.0,4.0,4.0,1.0,4.0,3.0,2.0,1.0,1.0,1.0,5.0,2.0,4.0,4.0,5.0,5.0,3.0,1.0,4.0,5.0,2.0,4.0,3.0,4.0,2.0,1.0,4.0,1.0,2.0,3.0,5.0,2.0,2.0,4.0,2.0,1.0,1.0,5.0,4.0,2.0,4.0,4.0,5.0,5.0,2.0,2,2,2,2,2,5.0,2,4.0,1.0,1.0,1.0,8,159.0,0,124.0,2.0,206.0,8,40.0,0.000160139
70130766,10.0,4,284,41,30,82.8,23.03,180,3.0,1.0,0.0,0.0,1.0,0.0,5.0,0.0,1.0,1.0,2.0,1.0,1.0,1.0,12.0,11.0,6.0,2.0,1979.0,1.0,3.0,1.0,2.0,15000.0,7.0,2,2,1,2,2,2.0,0.0,33.0,5.0,5.0,1.0,3.0,3.0,5.0,5.0,2.0,5.0,6.0,2.0,4.0,5.0,2.0,4.0,1.0,2.0,1.0,6.0,1.0,5.0,4.0,1.0,2.0,5.0,5.0,3.0,1.0,5.0,5.0,1.0,5.0,3.0,2.0,5.0,1.0,3.0,4.0,3.0,3.0,4.0,1.0,4.0,3.0,6.0,4.0,2.0,3.0,3.0,1.0,4.0,2.0,4.0,4.0,3.0,2,2,2,2,2,2.0,2,3.0,3.0,2.0,1.0,8,244.0,0,213.0,2.0,241.0,8,31.0,0.000340556
70130777,4.0,0,25,24,0,4.4,0.22,2,5.0,1.0,1.0,0.0,6.0,0.0,3.0,1.0,1.0,1.0,5.0,0.0,1.0,1.0,5.0,14.0,5.0,2.0,1971.0,1.0,3.0,6.0,1.0,9000.0,3.0,1,2,2,2,2,1.0,2.2,0.32,2.0,2.0,3.0,3.0,3.0,4.0,4.0,1.0,4.0,4.0,4.0,3.0,3.0,2.0,3.0,2.0,4.0,1.0,4.0,2.0,5.0,4.0,3.0,2.0,2.0,4.0,2.0,3.0,4.0,4.0,2.0,4.0,2.0,2.0,4.0,3.0,4.0,1.0,2.0,5.0,1.0,5.0,5.0,5.0,4.0,3.0,1.0,5.0,3.0,3.0,4.0,2.0,4.0,3.0,3.0,2,2,2,2,2,6.0,2,3.0,2.0,2.0,3.0,8,1.6,2,1.0,5.0,10.0,8,39.0,0.00087004
70130777,9.0,2,85,32,7,9.6,2.46,24,5.0,1.0,1.0,0.0,6.0,0.0,3.0,1.0,1.0,1.0,5.0,0.0,1.0,1.0,5.0,14.0,5.0,2.0,1971.0,1.0,3.0,6.0,1.0,9000.0,3.0,1,2,2,2,2,1.0,4.8,3.53,2.0,2.0,3.0,3.0,3.0,4.0,4.0,1.0,4.0,4.0,4.0,3.0,3.0,2.0,3.0,2.0,4.0,1.0,4.0,2.0,5.0,4.0,3.0,2.0,2.0,4.0,2.0,3.0,4.0,4.0,2.0,4.0,2.0,2.0,4.0,3.0,4.0,1.0,2.0,5.0,1.0,5.0,5.0,5.0,4.0,3.0,1.0,5.0,3.0,3.0,4.0,2.0,4.0,3.0,3.0,2,2,2,2,2,6.0,2,3.0,2.0,2.0,3.0,8,24.0,1,46.0,5.0,45.0,8,39.0,0.00087004
70130778,1.0,0,20,20,0,0.0,0.48,6,5.0,2.0,1.0,0.0,6.0,0.0,3.0,1.0,1.0,1.0,4.0,0.0,1.0,1.0,5.0,14.0,5.0,1.0,1965.0,1.0,3.0,1.0,3.0,9000.0,6.0,1,2,2,2,2,1.0,2.2,0.69,2.0,2.0,5.0,3.0,3.0,3.0,5.0,1.0,3.0,4.0,3.0,2.0,4.0,2.0,4.0,1.0,4.0,1.0,5.0,4.0,4.0,4.0,4.0,2.0,4.0,3.0,4.0,1.0,5.0,4.0,1.0,2.0,3.0,3.0,4.0,3.0,2.0,1.0,2.0,3.0,2.0,3.0,4.0,4.0,3.0,3.0,2.0,5.0,2.0,3.0,4.0,3.0,4.0,4.0,2.0,2,2,2,2,2,4.0,2,3.0,2.0,2.0,3.0,8,2.6,1,0.0,4.0,8.0,8,45.0,0.000109132
70130778,1.0,0,20,20,0,0.0,0.48,6,5.0,2.0,1.0,0.0,6.0,0.0,3.0,1.0,1.0,1.0,4.0,0.0,1.0,1.0,5.0,14.0,5.0,1.0,1965.0,1.0,3.0,1.0,3.0,9000.0,6.0,1,2,2,2,2,1.0,2.2,0.69,2.0,2.0,5.0,3.0,3.0,3.0,5.0,1.0,3.0,4.0,3.0,2.0,4.0,2.0,4.0,1.0,4.0,1.0,5.0,4.0,4.0,4.0,4.0,2.0,4.0,3.0,4.0,1.0,5.0,4.0,1.0,2.0,3.0,3.0,4.0,3.0,2.0,1.0,2.0,3.0,2.0,3.0,4.0,4.0,3.0,3.0,2.0,5.0,2.0,3.0,4.0,3.0,4.0,4.0,1.0,2,2,2,2,2,4.0,2,3.0,2.0,2.0,3.0,8,2.6,2,0.0,4.0,21.0,8,45.0,0.000109132
70130778,4.0,0,53,35,0,9.6,1.74,14,5.0,2.0,1.0,0.0,6.0,0.0,3.0,1.0,1.0,1.0,4.0,0.0,1.0,1.0,5.0,14.0,5.0,1.0,1965.0,1.0,3.0,1.0,3.0,9000.0,6.0,1,2,2,2,2,1.0,4.8,2.49,2.0,2.0,5.0,3.0,3.0,3.0,5.0,1.0,3.0,4.0,3.0,2.0,4.0,2.0,4.0,1.0,4.0,1.0,5.0,4.0,4.0,4.0,4.0,2.0,4.0,3.0,4.0,1.0,5.0,4.0,1.0,2.0,3.0,3.0,4.0,3.0,2.0,1.0,2.0,3.0,2.0,3.0,4.0,4.0,3.0,3.0,2.0,5.0,2.0,3.0,4.0,3.0,4.0,4.0,3.0,2,2,2,2,2,4.0,2,3.0,2.0,2.0,3.0,8,19.0,1,18.0,4.0,25.0,8,45.0,0.000109132
70130787,9.0,0,12,10,0,3.0,0.12,1,2.0,0.0,1.0,0.0,3.0,0.0,2.0,1.0,1.0,1.0,2.0,0.0,1.0,1.0,5.0,22.0,4.0,1.0,1949.0,1.0,1.0,1.0,3.0,7000.0,8.0,1,2,2,2,2,1.0,2.2,0.17,5.0,5.0,1.0,3.0,5.0,5.0,5.0,1.0,3.0,4.0,4.0,1.0,4.0,1.0,5.0,1.0,2.0,1.0,5.0,3.0,4.0,2.0,3.0,1.0,5.0,2.0,4.0,1.0,4.0,4.0,1.0,3.0,4.0,3.0,4.0,2.0,2.0,1.0,2.0,4.0,3.0,4.0,5.0,4.0,4.0,4.0,1.0,5.0,1.0,2.0,2.0,4.0,5.0,2.0,3.0,2,2,2,2,2,4.0,1,3.0,2.0,1.0,4.0,8,0.9,1,2.0,5.0,5.0,8,61.0,0.000160139
70130792,4.0,0,30,24,0,6.0,0.24,2,2.0,0.0,1.0,0.0,2.0,0.0,1.0,1.0,1.0,1.0,2.0,0.0,1.0,1.0,4.0,37.0,3.0,1.0,1944.0,1.0,2.0,9.0,6.0,5000.0,3.0,1,2,2,2,2,1.0,3.0,0.34,3.0,3.0,3.0,3.0,3.0,3.0,6.0,6.0,6.0,4.0,6.0,3.0,5.0,5.0,3.0,3.0,5.0,1.0,5.0,3.0,3.0,3.0,5.0,3.0,2.0,3.0,5.0,5.0,4.0,3.0,1.0,1.0,3.0,1.0,1.0,3.0,3.0,1.0,1.0,5.0,3.0,3.0,5.0,3.0,6.0,6.0,1.0,5.0,6.0,1.0,3.0,3.0,2.0,4.0,3.0,2,2,2,2,2,5.0,2,1.0,2.0,1.0,3.0,8,1.6,2,6.0,5.0,9.0,8,66.0,0.0003213
70130805,1.0,0,32,16,0,4.8,0.92,13,2.0,0.0,1.0,1.0,6.0,0.0,1.0,1.0,1.0,1.0,2.0,0.0,2.0,2.0,6.0,28.0,3.0,2.0,1952.0,1.0,3.0,2.0,6.0,5000.0,3.0,1,2,2,2,2,2.0,2.4,1.32,5.0,4.0,1.0,1.0,4.0,5.0,5.0,5.0,5.0,5.0,5.0,5.0,5.0,3.0,4.0,1.0,1.0,1.0,5.0,2.0,5.0,1.0,3.0,5.0,5.0,5.0,5.0,3.0,4.0,5.0,6.0,5.0,5.0,3.0,5.0,3.0,3.0,1.0,3.0,5.0,3.0,3.0,4.0,3.0,3.0,1.0,1.0,5.0,4.0,3.0,4.0,4.0,4.0,3.0,1.0,2,2,2,2,2,2.0,1,3.0,3.0,3.0,4.0,8,8.0,0,16.0,4.0,19.0,8,58.0,0.000367986
70130807,11.0,0,16,15,0,3.0,0.29,3,2.0,0.0,2.0,2.0,6.0,0.0,2.0,2.0,1.0,1.0,2.0,0.0,1.0,1.0,5.0,8.0,5.0,1.0,1970.0,1.0,2.0,1.0,3.0,9000.0,6.0,1,2,2,2,2,1.0,2.2,0.42,2.0,2.0,2.0,1.0,3.0,4.0,4.0,3.0,3.0,4.0,3.0,3.0,4.0,2.0,4.0,3.0,4.0,3.0,4.0,2.0,3.0,2.0,2.0,4.0,2.0,2.0,4.0,2.0,4.0,2.0,2.0,2.0,3.0,3.0,3.0,4.0,3.0,2.0,2.0,4.0,3.0,3.0,4.0,4.0,4.0,3.0,3.0,3.0,2.0,3.0,2.0,2.0,4.0,4.0,3.0,2,2,2,2,2,5.0,2,2.0,3.0,3.0,1.0,8,1.6,2,1.0,4.0,10.0,8,40.0,0.000109132
70130807,1.0,0,12,12,0,0.0,0.34,2,2.0,0.0,2.0,2.0,6.0,0.0,2.0,2.0,1.0,1.0,2.0,0.0,1.0,1.0,5.0,8.0,5.0,1.0,1970.0,1.0,2.0,1.0,3.0,9000.0,6.0,1,2,2,2,2,1.0,2.2,0.49,2.0,2.0,2.0,1.0,3.0,4.0,4.0,3.0,3.0,4.0,3.0,3.0,4.0,2.0,4.0,3.0,4.0,3.0,4.0,2.0,3.0,2.0,2.0,4.0,2.0,2.0,4.0,2.0,4.0,2.0,2.0,2.0,3.0,3.0,3.0,4.0,3.0,2.0,2.0,4.0,3.0,3.0,4.0,4.0,4.0,3.0,3.0,3.0,2.0,3.0,2.0,2.0,4.0,4.0,2.0,2,2,2,2,2,5.0,2,2.0,3.0,3.0,1.0,8,1.2,1,0.0,4.0,12.0,8,40.0,0.000109132
70130807,1.0,0,20,20,0,0.0,0.34,2,2.0,0.0,2.0,2.0,6.0,0.0,2.0,2.0,1.0,1.0,2.0,0.0,1.0,1.0,5.0,8.0,5.0,1.0,1970.0,1.0,2.0,1.0,3.0,9000.0,6.0,1,2,2,2,2,1.0,2.2,0.49,2.0,2.0,2.0,1.0,3.0,4.0,4.0,3.0,3.0,4.0,3.0,3.0,4.0,2.0,4.0,3.0,4.0,3.0,4.0,2.0,3.0,2.0,2.0,4.0,2.0,2.0,4.0,2.0,4.0,2.0,2.0,2.0,3.0,3.0,3.0,4.0,3.0,2.0,2.0,4.0,3.0,3.0,4.0,4.0,4.0,3.0,3.0,3.0,2.0,3.0,2.0,2.0,4.0,4.0,2.0,2,2,2,2,2,5.0,2,2.0,3.0,3.0,1.0,8,1.2,2,0.0,4.0,20.0,8,40.0,0.000109132
70130808,1.0,2,186,90,8,35.6,9.43,78,2.0,0.0,2.0,1.0,6.0,0.0,2.0,2.0,1.0,1.0,2.0,0.0,2.0,1.0,5.0,4.0,5.0,2.0,1976.0,3.0,2.0,2.0,6.0,9000.0,3.0,2,2,2,2,2,1.0,35.6,13.51,2.0,4.0,3.0,2.0,3.0,5.0,2.0,4.0,2.0,6.0,6.0,5.0,5.0,2.0,5.0,6.0,4.0,2.0,5.0,3.0,4.0,4.0,3.0,4.0,3.0,6.0,4.0,4.0,4.0,4.0,3.0,3.0,3.0,3.0,3.0,2.0,3.0,1.0,1.0,5.0,4.0,4.0,4.0,5.0,5.0,2.0,3.0,4.0,1.0,3.0,2.0,4.0,3.0,4.0,3.0,2,2,2,2,2,5.0,5,4.0,1.0,1.0,4.0,8,100.7,1,88.0,4.0,85.0,8,34.0,0.00087004
70130813,1.0,0,32,26,0,3.4,0.62,8,2.0,0.0,1.0,0.0,4.0,0.0,1.0,2.0,1.0,1.0,2.0,0.0,3.0,2.0,4.0,32.0,3.0,1.0,1953.0,3.0,2.0,1.0,5.0,5000.0,3.0,2,2,2,2,2,1.0,3.4,0.89,3.0,3.0,4.0,2.0,4.0,5.0,5.0,4.0,4.0,5.0,4.0,4.0,5.0,3.0,4.0,4.0,3.0,1.0,5.0,4.0,3.0,4.0,4.0,4.0,3.0,3.0,3.0,4.0,3.0,3.0,3.0,5.0,3.0,3.0,4.0,5.0,3.0,2.0,3.0,3.0,2.0,3.0,4.0,3.0,3.0,4.0,3.0,4.0,3.0,3.0,3.0,3.0,4.0,4.0,2.0,2,2,2,2,2,4.0,2,1.0,2.0,2.0,3.0,8,4.8,1,6.0,4.0,351.0,8,57.0,0.000409116
70130835,1.0,0,71,55,0,9.6,1.78,19,3.0,1.0,2.0,0.0,2.0,0.0,1.0,1.0,1.0,1.0,2.0,0.0,2.0,2.0,3.5,5.0,5.0,1.0,1977.0,1.0,3.0,1.0,6.0,9000.0,4.0,1,2,2,2,2,1.0,4.8,2.55,1.0,3.0,2.0,2.0,1.0,5.0,5.0,1.0,3.0,4.0,3.0,3.0,5.0,3.0,3.0,3.0,2.0,3.0,5.0,4.0,4.0,3.0,2.0,2.0,5.0,4.0,5.0,2.0,5.0,5.0,3.0,4.0,2.0,3.0,4.0,5.0,3.0,1.0,2.0,3.0,2.0,2.0,4.0,3.0,4.0,4.0,1.0,1.0,1.0,3.0,1.0,2.0,3.0,4.0,3.0,2,2,2,2,2,4.0,3,2.0,3.0,3.0,3.0,8,17.7,1,16.0,4.0,32.0,8,33.0,0.000258025
70130867,1.0,0,25,22,0,6.0,0.25,2,4.0,0.0,2.0,0.0,4.0,0.0,5.0,2.0,1.0,1.0,4.0,1.0,1.0,2.0,4.0,19.0,1.0,1.0,1990.0,1.0,6.0,8.0,8.0,2000.0,3.0,2,2,1,2,2,1.0,0.0,0.36,1.0,3.0,4.0,3.0,2.0,4.0,4.0,3.0,3.0,6.0,3.0,6.0,4.0,4.0,4.0,6.0,4.0,6.0,4.0,3.0,4.0,4.0,4.0,2.0,4.0,5.0,4.0,2.0,4.0,4.0,3.0,2.0,4.0,3.0,4.0,4.0,4.0,3.0,4.0,2.0,3.0,4.0,4.0,3.0,4.0,4.0,6.0,4.0,2.0,6.0,3.0,3.0,4.0,4.0,1.0,2,2,2,2,2,4.0,2,3.0,2.0,2.0,4.0,8,1.6,0,3.0,2.0,6.0,8,20.0,0.000967286
70130867,3.0,3,124,14,25,32.8,8.68,62,4.0,0.0,2.0,0.0,4.0,0.0,5.0,2.0,1.0,1.0,4.0,1.0,1.0,2.0,4.0,19.0,1.0,1.0,1990.0,1.0,6.0,8.0,8.0,2000.0,3.0,2,2,1,2,2,1.0,0.0,12.44,1.0,3.0,4.0,3.0,2.0,4.0,4.0,3.0,3.0,6.0,3.0,6.0,4.0,4.0,4.0,6.0,4.0,6.0,4.0,3.0,4.0,4.0,4.0,2.0,4.0,5.0,4.0,2.0,4.0,4.0,3.0,2.0,4.0,3.0,4.0,4.0,4.0,3.0,4.0,2.0,3.0,4.0,4.0,3.0,4.0,4.0,6.0,4.0,2.0,6.0,3.0,3.0,4.0,4.0,1.0,2,2,2,2,2,4.0,1,3.0,2.0,2.0,4.0,8,92.0,0,85.0,2.0,107.0,8,20.0,0.000967286
70130868,1.0,0,68,18,0,18.0,2.69,35,4.0,0.0,2.0,0.0,4.0,0.0,5.0,2.0,1.0,1.0,4.0,1.0,1.0,2.0,4.0,17.0,1.0,2.0,1992.0,1.0,6.0,8.0,8.0,2000.0,3.0,2,2,2,2,1,3.0,18.0,3.85,2.0,3.0,4.0,3.0,2.0,5.0,4.0,3.0,3.0,6.0,6.0,5.0,4.0,3.0,4.0,6.0,4.0,2.0,6.0,6.0,6.0,4.0,4.0,3.0,5.0,4.0,5.0,3.0,4.0,4.0,4.0,3.0,2.0,3.0,4.0,5.0,3.0,3.0,2.0,2.0,2.0,2.0,3.0,4.0,3.0,4.0,3.0,3.0,2.0,2.0,2.0,2.0,3.0,4.0,1.0,2,2,2,2,2,4.0,2,3.0,2.0,2.0,1.0,8,27.0,0,50.0,4.0,47.0,8,18.0,0.000548793
70130905,1.0,4,96,31,15,23.6,2.58,22,4.0,2.0,1.0,0.0,1.0,1.0,3.0,0.0,1.0,2.0,2.0,0.0,1.0,2.0,7.0,5.0,6.0,1.0,1966.0,1.0,3.0,1.0,1.0,15000.0,8.0,1,2,2,2,2,1.0,11.8,3.7,4.0,4.0,3.0,1.0,4.0,4.0,3.0,4.0,4.0,4.0,4.0,5.0,3.0,1.0,4.0,4.0,4.0,2.0,4.0,3.0,4.0,3.0,4.0,4.0,3.0,3.0,4.0,1.0,5.0,4.0,3.0,2.0,4.0,2.0,4.0,2.0,3.0,1.0,2.0,5.0,3.0,1.0,2.0,5.0,3.0,6.0,6.0,4.0,1.0,3.0,3.0,4.0,3.0,2.0,2.0,2,2,2,2,2,2.0,2,3.0,2.0,1.0,3.0,8,23.0,1,50.0,4.0,30.0,8,44.0,0.000160139
70130905,1.0,4,90,34,7,23.6,2.58,22,4.0,2.0,1.0,0.0,1.0,1.0,3.0,0.0,1.0,2.0,2.0,0.0,1.0,2.0,7.0,5.0,6.0,1.0,1966.0,1.0,3.0,1.0,1.0,15000.0,8.0,1,2,2,2,2,1.0,11.8,3.7,4.0,4.0,3.0,1.0,4.0,4.0,3.0,4.0,4.0,4.0,4.0,5.0,3.0,1.0,4.0,4.0,4.0,2.0,4.0,3.0,4.0,3.0,4.0,4.0,3.0,3.0,4.0,1.0,5.0,4.0,3.0,2.0,4.0,2.0,4.0,2.0,3.0,1.0,2.0,5.0,3.0,1.0,2.0,5.0,3.0,6.0,6.0,4.0,1.0,3.0,3.0,4.0,3.0,2.0,1.0,2,2,2,2,2,2.0,2,3.0,2.0,1.0,3.0,8,23.0,1,49.0,4.0,30.0,8,44.0,0.000160139
70130947,1.0,0,70,36,0,14.2,1.96,21,5.0,0.0,1.0,0.0,5.0,0.0,3.0,1.0,1.0,1.0,4.0,0.0,2.0,2.0,5.0,14.0,5.0,1.0,1961.0,1.0,3.0,1.0,2.0,9000.0,7.0,1,1,2,2,2,2.0,7.1,2.81,5.0,4.0,1.0,2.0,4.0,5.0,4.0,3.0,3.0,5.0,4.0,2.0,4.0,1.0,5.0,1.0,1.0,1.0,5.0,4.0,4.0,4.0,4.0,3.0,4.0,4.0,2.0,2.0,5.0,5.0,1.0,3.0,4.0,4.0,5.0,5.0,4.0,2.0,1.0,3.0,4.0,4.0,2.0,4.0,4.0,4.0,1.0,5.0,1.0,5.0,3.0,4.0,5.0,4.0,2.0,2,2,2,2,2,4.0,3,1.0,3.0,3.0,4.0,8,19.1,0,34.0,2.0,44.0,8,49.0,0.000160139
70130947,1.0,1,74,36,11,13.4,2.33,23,5.0,0.0,1.0,0.0,5.0,0.0,3.0,1.0,1.0,1.0,4.0,0.0,2.0,2.0,5.0,14.0,5.0,1.0,1961.0,1.0,3.0,1.0,2.0,9000.0,7.0,1,1,2,2,2,2.0,6.7,3.34,5.0,4.0,1.0,2.0,4.0,5.0,4.0,3.0,3.0,5.0,4.0,2.0,4.0,1.0,5.0,1.0,1.0,1.0,5.0,4.0,4.0,4.0,4.0,3.0,4.0,4.0,2.0,2.0,5.0,5.0,1.0,3.0,4.0,4.0,5.0,5.0,4.0,2.0,1.0,3.0,4.0,4.0,2.0,4.0,4.0,4.0,1.0,5.0,1.0,5.0,3.0,4.0,5.0,4.0,1.0,2,2,2,2,2,4.0,2,1.0,3.0,3.0,4.0,8,24.0,2,27.0,2.0,65.0,8,49.0,0.000160139
70130948,9.0,0,148,97,0,28.2,5.01,50,2.0,0.0,1.0,0.0,2.0,0.0,2.0,1.0,1.0,1.0,2.0,0.0,1.0,1.0,5.0,11.0,4.0,1.0,1962.0,1.0,3.0,1.0,6.0,7000.0,3.0,2,2,2,2,2,1.0,28.2,7.18,5.0,5.0,1.0,2.0,5.0,5.0,4.0,6.0,4.0,5.0,4.0,3.0,2.0,1.0,5.0,1.0,4.0,1.0,4.0,1.0,4.0,3.0,4.0,3.0,4.0,4.0,4.0,2.0,4.0,4.0,1.0,4.0,3.0,2.0,4.0,4.0,3.0,1.0,2.0,5.0,2.0,2.0,4.0,4.0,3.0,3.0,2.0,5.0,2.0,3.0,2.0,4.0,4.0,4.0,3.0,2,2,2,2,2,5.0,7,3.0,2.0,2.0,3.0,8,50.7,0,51.0,4.0,148.0,8,48.0,0.000967286
70130951,9.0,0,39,22,0,7.0,1.1,14,2.0,0.0,1.0,1.0,4.0,0.0,2.0,3.0,1.0,2.0,2.0,0.0,1.0,1.0,5.0,25.0,4.0,1.0,1942.0,1.0,3.0,9.0,6.0,7000.0,6.0,2,2,2,2,2,1.0,7.0,1.58,1.0,2.0,2.0,3.0,4.0,3.0,6.0,6.0,1.0,5.0,1.0,1.0,5.0,3.0,4.0,6.0,3.0,2.0,5.0,4.0,3.0,2.0,2.0,2.0,3.0,2.0,2.0,2.0,4.0,2.0,1.0,1.0,1.0,3.0,4.0,4.0,2.0,1.0,1.0,4.0,2.0,2.0,4.0,3.0,6.0,2.0,2.0,4.0,2.0,2.0,2.0,3.0,4.0,4.0,3.0,2,2,2,2,2,3.0,2,3.0,2.0,2.0,4.0,8,10.0,1,17.0,4.0,30.0,8,68.0,8.57e-05
70130952,9.0,1,83,15,10,25.8,2.9,38,2.0,0.0,1.0,1.0,4.0,0.0,2.0,3.0,1.0,2.0,2.0,0.0,1.0,1.0,5.0,25.0,4.0,1.0,1942.0,1.0,3.0,9.0,6.0,7000.0,6.0,2,2,2,2,2,1.0,25.8,4.16,1.0,2.0,2.0,3.0,4.0,3.0,6.0,6.0,2.0,5.0,2.0,2.0,5.0,3.0,4.0,6.0,3.0,2.0,5.0,4.0,3.0,2.0,2.0,2.0,3.0,2.0,2.0,2.0,4.0,2.0,1.0,1.0,1.0,3.0,4.0,4.0,2.0,1.0,1.0,4.0,2.0,2.0,4.0,3.0,6.0,2.0,2.0,4.0,2.0,2.0,2.0,3.0,4.0,4.0,3.0,2,2,2,2,2,3.0,2,3.0,2.0,2.0,4.0,8,29.0,1,58.0,4.0,40.0,8,68.0,8.57e-05
70130969,10.0,0,27,19,0,4.8,0.87,12,4.0,2.0,1.0,0.0,4.0,2.0,1.0,1.0,1.0,1.0,2.0,1.0,2.0,1.0,4.5,2.0,6.0,2.0,1970.0,1.0,3.0,6.0,6.0,15000.0,3.0,2,2,2,2,2,1.0,4.8,1.25,2.0,2.0,2.0,2.0,2.0,4.0,5.0,2.0,2.0,5.0,2.0,2.0,5.0,2.0,4.0,2.0,2.0,3.0,5.0,4.0,5.0,2.0,2.0,2.0,5.0,4.0,4.0,5.0,1.0,4.0,2.0,1.0,2.0,4.0,4.0,4.0,2.0,2.0,4.0,4.0,2.0,2.0,4.0,4.0,6.0,2.0,1.0,5.0,1.0,2.0,2.0,2.0,4.0,5.0,3.0,2,2,2,2,2,5.0,1,3.0,2.0,1.0,3.0,8,7.5,0,8.0,4.0,9.0,8,40.0,0.000367986
70130969,4.0,0,30,11,0,8.6,0.87,12,4.0,2.0,1.0,0.0,4.0,2.0,1.0,1.0,1.0,1.0,2.0,1.0,2.0,1.0,4.5,2.0,6.0,2.0,1970.0,1.0,3.0,6.0,6.0,15000.0,3.0,2,2,2,2,2,1.0,8.6,1.25,2.0,2.0,2.0,2.0,2.0,4.0,5.0,2.0,2.0,5.0,2.0,2.0,5.0,2.0,4.0,2.0,2.0,3.0,5.0,4.0,5.0,2.0,2.0,2.0,5.0,4.0,4.0,5.0,1.0,4.0,2.0,1.0,2.0,4.0,4.0,4.0,2.0,2.0,4.0,4.0,2.0,2.0,4.0,4.0,6.0,2.0,1.0,5.0,1.0,2.0,2.0,2.0,4.0,5.0,3.0,2,2,2,2,2,5.0,1,3.0,2.0,1.0,3.0,8,7.5,1,19.0,4.0,15.0,8,40.0,0.000367986
70130969,4.0,4,170,15,19,44.0,11.56,81,4.0,2.0,1.0,0.0,4.0,2.0,1.0,1.0,1.0,1.0,2.0,1.0,2.0,1.0,4.5,2.0,6.0,2.0,1970.0,1.0,3.0,6.0,6.0,15000.0,3.0,2,2,2,2,2,1.0,44.0,16.57,2.0,2.0,2.0,2.0,2.0,4.0,5.0,2.0,2.0,5.0,2.0,2.0,5.0,2.0,4.0,2.0,2.0,3.0,5.0,4.0,5.0,2.0,2.0,2.0,5.0,4.0,4.0,5.0,1.0,4.0,2.0,1.0,2.0,4.0,4.0,4.0,2.0,2.0,4.0,4.0,2.0,2.0,4.0,4.0,6.0,2.0,1.0,5.0,1.0,2.0,2.0,2.0,4.0,5.0,3.0,2,2,2,2,2,5.0,1,3.0,2.0,1.0,3.0,8,125.0,0,136.0,4.0,100.0,8,40.0,0.000367986
70130998,3.0,4,251,50,13,91.6,24.03,166,4.0,0.0,1.0,0.0,4.0,0.0,4.0,3.0,1.0,1.0,4.0,0.0,1.0,2.0,5.0,23.0,5.0,1.0,1987.0,1.0,6.0,8.0,2.0,9000.0,5.0,2,2,1,2,2,2.0,0.0,34.43,2.0,3.0,2.0,2.0,4.0,5.0,3.0,4.0,3.0,6.0,3.0,3.0,4.0,2.0,3.0,6.0,5.0,2.0,6.0,3.0,5.0,3.0,4.0,4.0,5.0,5.0,4.0,4.0,5.0,5.0,3.0,1.0,1.0,3.0,4.0,4.0,4.0,4.0,2.0,4.0,3.0,3.0,4.0,3.0,6.0,3.0,2.0,5.0,2.0,2.0,2.0,2.0,3.0,3.0,1.0,2,2,2,2,2,4.0,2,3.0,3.0,2.0,4.0,8,262.0,0,188.0,5.0,189.0,8,23.0,0.000258025
70131013,1.0,2,451,19,344,33.8,8.44,57,3.0,1.0,2.0,0.0,5.0,0.0,4.0,1.0,1.0,1.0,2.0,0.0,2.0,2.0,4.0,3.0,5.0,1.0,1975.0,1.0,3.0,1.0,6.0,9000.0,4.0,1,2,2,2,2,1.0,16.9,12.09,1.0,3.0,4.0,2.0,4.0,4.0,3.0,4.0,2.0,5.0,1.0,5.0,5.0,1.0,1.0,3.0,4.0,1.0,4.0,2.0,4.0,4.0,2.0,3.0,2.0,1.0,3.0,4.0,4.0,4.0,4.0,1.0,2.0,3.0,1.0,5.0,3.0,1.0,2.0,5.0,2.0,3.0,4.0,4.0,3.0,2.0,1.0,4.0,2.0,3.0,2.0,2.0,3.0,3.0,1.0,2,2,2,2,2,5.0,1,4.0,2.0,1.0,3.0,8,92.0,1,88.0,4.0,55.0,8,35.0,0.000258025
70131063,4.0,0,27,18,0,4.8,0.79,11,2.0,0.0,1.0,0.0,3.0,0.0,2.0,0.0,1.0,1.0,2.0,0.0,1.0,1.0,5.5,30.0,4.0,1.0,1951.0,1.0,3.0,1.0,8.0,7000.0,4.0,2,2,1,2,2,1.0,0.0,1.13,3.0,5.0,3.0,3.0,3.0,4.0,3.0,3.0,2.0,2.0,3.0,3.0,5.0,3.0,4.0,4.0,4.0,1.0,5.0,2.0,2.0,3.0,3.0,4.0,5.0,4.0,1.0,2.0,4.0,4.0,3.0,4.0,4.0,3.0,4.0,4.0,3.0,3.0,3.0,3.0,2.0,4.0,4.0,4.0,3.0,3.0,3.0,5.0,3.0,3.0,3.0,3.0,4.0,3.0,3.0,2,2,2,2,2,5.0,1,2.0,2.0,2.0,3.0,8,7.5,0,9.0,2.0,8.0,8,59.0,0.000109132
70131064,1.0,0,48,34,0,9.6,1.56,22,2.0,0.0,1.0,0.0,3.0,0.0,2.0,1.0,1.0,1.0,2.0,0.0,1.0,1.0,5.5,30.0,4.0,1.0,1951.0,1.0,3.0,1.0,8.0,7000.0,4.0,2,2,1,2,2,1.0,0.0,2.24,3.0,4.0,3.0,3.0,3.0,4.0,3.0,3.0,3.0,4.0,3.0,3.0,4.0,3.0,4.0,4.0,4.0,2.0,4.0,2.0,4.0,4.0,3.0,4.0,4.0,4.0,2.0,2.0,4.0,4.0,3.0,4.0,4.0,3.0,4.0,4.0,3.0,3.0,3.0,3.0,3.0,4.0,4.0,4.0,3.0,3.0,3.0,4.0,2.0,3.0,3.0,4.0,3.0,3.0,2.0,2,2,2,2,2,4.0,2,3.0,2.0,2.0,4.0,8,14.0,0,14.0,4.0,16.0,8,59.0,0.000109132
70140005,3.0,2,156,32,15,42.4,10.46,72,1.0,0.0,0.0,0.0,4.0,0.0,1.0,1.0,1.0,2.0,1.0,0.0,1.0,2.0,4.0,6.0,1.0,1.0,1975.0,3.0,1.0,8.0,6.0,2000.0,3.0,2,2,1,2,2,2.0,0.0,14.99,5.0,5.0,1.0,1.0,3.0,5.0,3.0,2.0,4.0,2.0,4.0,4.0,3.0,1.0,4.0,6.0,1.0,1.0,3.0,3.0,3.0,3.0,1.0,2.0,5.0,3.0,2.0,2.0,4.0,4.0,1.0,4.0,4.0,1.0,4.0,4.0,3.0,1.0,1.0,5.0,3.0,4.0,4.0,4.0,4.0,4.0,2.0,4.0,2.0,3.0,2.0,5.0,5.0,3.0,1.0,4,2,2,2,3,5.0,1,2.0,2.0,2.0,1.0,8,114.0,0,109.0,3.0,129.0,8,35.0,0.000967286
70140006,4.0,0,36,9,0,9.0,1.37,14,1.0,0.0,2.0,0.0,0.0,0.0,1.0,1.0,2.0,1.0,1.0,0.0,1.0,1.0,5.0,32.0,2.0,2.0,1943.0,3.0,1.0,9.0,6.0,3250.0,3.0,2,2,2,2,2,1.0,9.0,1.96,2.0,1.0,3.0,2.0,2.0,4.0,6.0,6.0,3.0,4.0,2.0,3.0,4.0,5.0,4.0,6.0,5.0,3.0,5.0,4.0,2.0,4.0,4.0,2.0,6.0,6.0,4.0,2.0,3.0,2.0,1.0,1.0,3.0,1.0,1.0,4.0,3.0,1.0,2.0,5.0,4.0,5.0,4.0,5.0,6.0,3.0,2.0,4.0,6.0,1.0,4.0,3.0,2.0,4.0,3.0,4,2,2,2,3,5.0,1,3.0,2.0,2.0,3.0,8,14.0,1,27.0,4.0,20.0,8,67.0,0.000288998
70140010,11.0,0,43,16,0,9.0,1.37,16,2.0,0.0,1.0,0.0,1.0,0.0,1.0,2.0,1.0,1.0,2.0,0.0,1.0,1.0,5.0,27.0,3.0,2.0,1949.0,1.0,3.0,7.0,6.0,5000.0,2.0,2,2,1,2,2,1.0,0.0,1.96,3.0,2.0,3.0,3.0,3.0,4.0,5.0,3.0,3.0,4.0,2.0,2.0,5.0,5.0,4.0,4.0,4.0,1.0,1.0,1.0,1.0,5.0,1.0,5.0,5.0,5.0,5.0,1.0,2.0,5.0,1.0,5.0,4.0,2.0,5.0,5.0,2.0,1.0,1.0,4.0,3.0,3.0,4.0,3.0,3.0,3.0,1.0,4.0,3.0,3.0,3.0,4.0,1.0,3.0,3.0,4,2,2,2,3,5.0,1,3.0,2.0,2.0,4.0,8,14.0,0,27.0,4.0,32.0,8,61.0,0.001472131
70140027,1.0,1,76,16,16,17.6,2.77,23,4.0,2.0,1.0,0.0,5.0,3.0,2.0,2.0,1.0,1.0,3.0,0.0,1.0,1.0,5.0,12.0,1.0,2.0,1969.0,1.0,3.0,2.0,6.0,2000.0,3.0,1,2,2,2,1,1.0,8.8,3.97,3.0,4.0,3.0,4.0,3.0,4.0,4.0,6.0,6.0,4.0,5.0,4.0,5.0,3.0,4.0,3.0,5.0,2.0,4.0,3.0,4.0,4.0,4.0,3.0,4.0,4.0,4.0,3.0,5.0,4.0,3.0,2.0,4.0,3.0,4.0,4.0,4.0,2.0,4.0,4.0,3.0,3.0,4.0,4.0,3.0,6.0,6.0,4.0,2.0,3.0,3.0,3.0,4.0,4.0,1.0,4,2,2,2,3,5.0,1,3.0,2.0,2.0,4.0,8,31.0,1,44.0,5.0,20.0,8,41.0,0.000367986
70140027,1.0,1,67,10,11,18.8,1.66,22,4.0,2.0,1.0,0.0,5.0,3.0,2.0,2.0,1.0,1.0,3.0,0.0,1.0,1.0,5.0,12.0,1.0,2.0,1969.0,1.0,3.0,2.0,6.0,2000.0,3.0,1,2,2,2,1,1.0,9.4,2.38,3.0,4.0,3.0,4.0,3.0,4.0,4.0,6.0,6.0,4.0,5.0,4.0,5.0,3.0,4.0,3.0,5.0,2.0,4.0,3.0,4.0,4.0,4.0,3.0,4.0,4.0,4.0,3.0,5.0,4.0,3.0,2.0,4.0,3.0,4.0,4.0,4.0,2.0,4.0,4.0,3.0,3.0,4.0,4.0,3.0,6.0,6.0,4.0,2.0,3.0,3.0,3.0,4.0,4.0,1.0,4,2,2,2,3,5.0,1,3.0,2.0,2.0,4.0,8,17.0,1,46.0,5.0,25.0,8,41.0,0.000367986
70140059,1.0,2,96,40,1,19.2,3.03,32,2.0,0.0,2.0,0.0,2.0,0.0,1.0,1.0,1.0,1.0,2.0,0.0,1.0,1.0,6.0,24.0,6.0,1.0,1951.0,3.0,3.0,1.0,1.0,15000.0,6.0,1,2,2,2,2,1.0,9.6,4.34,3.0,2.0,2.0,4.0,3.0,4.0,2.0,2.0,2.0,4.0,2.0,4.0,4.0,2.0,3.0,2.0,4.0,2.0,3.0,4.0,3.0,4.0,2.0,2.0,3.0,4.0,3.0,2.0,3.0,2.0,2.0,4.0,4.0,4.0,3.0,4.0,3.0,2.0,2.0,4.0,3.0,2.0,3.0,3.0,2.0,2.0,2.0,4.0,2.0,2.0,2.0,4.0,4.0,4.0,1.0,4,2,2,2,3,5.0,2,1.0,1.0,2.0,4.0,8,30.0,1,55.0,4.0,40.0,8,59.0,0.000109132
70140060,9.0,0,50,20,0,9.6,1.32,18,2.0,0.0,2.0,0.0,2.0,0.0,1.0,1.0,1.0,1.0,2.0,0.0,1.0,1.0,6.0,24.0,6.0,1.0,1951.0,3.0,3.0,1.0,1.0,15000.0,6.0,1,2,2,2,2,1.0,4.8,1.89,3.0,2.0,2.0,4.0,3.0,4.0,2.0,2.0,2.0,4.0,2.0,4.0,4.0,2.0,3.0,2.0,4.0,2.0,3.0,4.0,3.0,4.0,2.0,2.0,3.0,4.0,3.0,2.0,3.0,2.0,2.0,4.0,4.0,4.0,3.0,4.0,3.0,2.0,2.0,4.0,3.0,2.0,3.0,3.0,2.0,2.0,2.0,4.0,2.0,2.0,2.0,4.0,4.0,4.0,3.0,4,2,2,2,3,5.0,2,1.0,1.0,2.0,4.0,8,13.0,1,30.0,4.0,25.0,8,59.0,0.000109132
70140078,1.0,1,65,26,3,32.8,2.24,30,5.0,1.0,2.0,0.0,7.0,1.0,2.0,0.0,1.0,1.0,5.0,0.0,1.0,1.0,5.5,5.0,4.0,2.0,1963.0,1.0,5.0,2.0,2.0,7000.0,4.0,2,2,1,2,2,1.0,0.0,3.21,5.0,4.0,3.0,1.0,4.0,5.0,4.0,2.0,1.0,5.0,5.0,5.0,5.0,4.0,5.0,1.0,4.0,1.0,5.0,1.0,5.0,5.0,5.0,3.0,5.0,5.0,4.0,1.0,1.0,5.0,2.0,5.0,5.0,3.0,5.0,1.0,1.0,1.0,1.0,5.0,4.0,2.0,5.0,5.0,5.0,3.0,1.0,5.0,1.0,5.0,1.0,5.0,4.0,5.0,1.0,4,2,2,2,3,4.0,2,3.0,2.0,2.0,4.0,8,22.0,0,36.0,2.0,67.0,8,47.0,9.82e-05
70140103,9.0,0,26,22,0,6.0,0.6,6,5.0,3.0,1.0,1.0,5.0,3.0,1.0,1.0,1.0,1.0,2.0,0.0,1.0,1.0,4.0,3.0,4.0,2.0,1974.0,3.0,3.0,6.0,8.0,7000.0,3.0,1,2,2,2,2,2.0,3.0,0.86,3.0,4.0,2.0,6.0,4.0,4.0,4.0,2.0,3.0,5.0,4.0,2.0,4.0,2.0,3.0,4.0,4.0,1.0,2.0,2.0,4.0,5.0,4.0,2.0,3.0,4.0,2.0,3.0,4.0,4.0,1.0,4.0,4.0,1.0,4.0,2.0,4.0,1.0,2.0,5.0,2.0,2.0,5.0,5.0,5.0,2.0,2.0,4.0,1.0,3.0,3.0,3.0,3.0,1.0,3.0,4,2,2,2,3,5.0,2,3.0,2.0,3.0,4.0,8,5.3,2,4.0,4.0,44.0,8,36.0,0.00087004
70140103,9.0,1,115,76,6,24.2,2.83,29,5.0,3.0,1.0,1.0,5.0,3.0,1.0,1.0,1.0,1.0,2.0,0.0,1.0,1.0,4.0,3.0,4.0,2.0,1974.0,3.0,3.0,6.0,8.0,7000.0,3.0,1,2,2,2,2,2.0,12.1,4.06,3.0,4.0,2.0,6.0,4.0,4.0,4.0,2.0,3.0,5.0,4.0,2.0,4.0,2.0,3.0,4.0,4.0,1.0,2.0,2.0,4.0,5.0,4.0,2.0,3.0,4.0,2.0,3.0,4.0,4.0,1.0,4.0,4.0,1.0,4.0,2.0,4.0,1.0,2.0,5.0,2.0,2.0,5.0,5.0,5.0,2.0,2.0,4.0,1.0,3.0,3.0,3.0,3.0,1.0,3.0,4,2,2,2,3,5.0,2,3.0,2.0,3.0,4.0,8,27.0,1,33.0,4.0,43.0,8,36.0,0.00087004
70140136,3.0,0,64,21,0,21.6,2.73,28,5.0,1.0,2.0,0.0,5.0,0.0,3.0,1.0,1.0,1.0,5.0,0.0,1.0,2.0,7.0,17.0,5.0,2.0,1991.0,1.0,6.0,8.0,8.0,9000.0,5.0,1,2,2,2,1,1.0,10.8,3.91,5.0,4.0,3.0,1.0,3.0,5.0,4.0,3.0,5.0,4.0,1.0,5.0,5.0,3.0,4.0,6.0,1.0,1.0,6.0,1.0,5.0,3.0,1.0,1.0,5.0,5.0,2.0,2.0,4.0,5.0,1.0,4.0,4.0,4.0,5.0,4.0,3.0,3.0,3.0,3.0,4.0,1.0,5.0,3.0,2.0,1.0,1.0,1.0,3.0,2.0,3.0,3.0,2.0,4.0,1.0,4,2,2,2,3,5.0,2,3.0,2.0,2.0,1.0,8,28.0,0,43.0,3.0,52.0,8,19.0,0.000146391
70140141,2.0,4,365,29,46,106.0,28.67,171,3.0,0.0,1.0,0.0,2.0,0.0,5.0,1.0,1.0,1.0,3.0,0.0,1.0,1.0,4.0,3.0,5.0,1.0,1949.0,1.0,3.0,1.0,1.0,9000.0,8.0,1,2,2,2,2,1.0,53.0,41.08,3.0,4.0,1.0,1.0,4.0,4.0,6.0,3.0,4.0,5.0,4.0,2.0,3.0,2.0,4.0,2.0,4.0,1.0,4.0,2.0,5.0,2.0,3.0,1.0,3.0,4.0,2.0,2.0,5.0,5.0,1.0,1.0,1.0,1.0,4.0,2.0,2.0,1.0,2.0,4.0,3.0,2.0,4.0,3.0,4.0,1.0,1.0,5.0,1.0,3.0,4.0,4.0,4.0,3.0,1.0,4,2,2,2,3,3.0,2,2.0,2.0,3.0,3.0,8,312.0,0,290.0,3.0,349.0,8,61.0,0.000160139
70140142,4.0,0,81,31,0,21.6,2.93,31,2.0,0.0,1.0,0.0,2.0,0.0,3.0,1.0,1.0,1.0,2.0,0.0,1.0,1.0,5.0,3.0,3.0,2.0,1959.0,1.0,4.0,2.0,8.0,5000.0,6.0,1,2,2,2,2,1.0,10.8,4.2,4.0,5.0,1.0,5.0,5.0,5.0,6.0,6.0,5.0,5.0,2.0,5.0,5.0,1.0,5.0,6.0,4.0,1.0,4.0,2.0,4.0,1.0,4.0,1.0,5.0,5.0,2.0,4.0,5.0,5.0,5.0,4.0,5.0,1.0,5.0,3.0,4.0,1.0,2.0,5.0,3.0,4.0,4.0,3.0,4.0,4.0,2.0,5.0,4.0,1.0,2.0,4.0,2.0,1.0,3.0,4,2,2,2,3,4.0,2,1.0,3.0,4.0,3.0,8,29.0,0,50.0,5.0,65.0,8,51.0,9.82e-05
70140190,1.0,1,36,10,3,12.8,0.75,10,4.0,2.0,1.0,0.0,4.0,1.0,2.0,1.0,1.0,1.0,3.0,0.0,1.0,1.0,7.0,12.0,4.0,1.0,1963.0,1.0,3.0,1.0,3.0,9035.0,6.0,1,2,2,2,1,2.0,6.4,1.07,2.0,5.0,1.0,1.0,5.0,4.0,5.0,4.0,3.0,5.0,6.0,6.0,4.0,1.0,5.0,1.0,5.0,3.0,5.0,5.0,3.0,4.0,5.0,2.0,4.0,5.0,5.0,1.0,5.0,2.0,2.0,5.0,3.0,2.0,4.0,3.0,5.0,1.0,2.0,5.0,1.0,6.0,5.0,5.0,5.0,1.0,3.0,4.0,3.0,1.0,2.0,5.0,5.0,4.0,1.0,4,2,2,2,3,4.0,1,3.0,2.0,2.0,3.0,8,7.5,0,23.0,2.0,14.0,8,47.0,0.000109132
70140229,10.0,8,400,52,61,92.0,17.93,159,2.0,0.0,1.0,0.0,4.0,0.0,1.0,2.0,1.0,1.0,2.0,0.0,1.0,1.0,5.0,2.0,4.0,1.0,1943.0,1.0,2.0,2.0,4.0,7000.0,3.0,2,2,2,2,2,1.0,92.0,25.69,5.0,1.0,4.0,1.0,3.0,5.0,4.0,3.0,6.0,5.0,2.0,4.0,4.0,2.0,4.0,3.0,4.0,2.0,5.0,4.0,5.0,5.0,5.0,1.0,5.0,1.0,2.0,1.0,1.0,1.0,1.0,1.0,1.0,3.0,4.0,3.0,2.0,1.0,2.0,5.0,4.0,2.0,4.0,3.0,6.0,1.0,4.0,4.0,6.0,4.0,2.0,5.0,4.0,4.0,3.0,4,2,2,2,3,5.0,2,1.0,2.0,2.0,3.0,8,190.0,1,287.0,4.0,195.0,8,67.0,0.0003213
70140237,1.0,0,71,30,0,26.8,3.03,32,2.0,0.0,1.0,1.0,0.0,0.0,1.0,1.0,1.0,1.0,2.0,0.0,2.0,1.0,3.0,18.0,2.0,2.0,1950.0,1.0,2.0,1.0,7.0,3250.0,3.0,1,2,2,2,2,1.0,13.4,4.34,6.0,6.0,3.0,3.0,3.0,5.0,3.0,3.0,3.0,3.0,3.0,3.0,3.0,3.0,3.0,4.0,5.0,1.0,3.0,2.0,5.0,5.0,5.0,3.0,3.0,3.0,2.0,3.0,3.0,4.0,2.0,4.0,4.0,2.0,4.0,3.0,4.0,1.0,2.0,5.0,1.0,5.0,2.0,5.0,3.0,1.0,1.0,5.0,3.0,2.0,4.0,5.0,4.0,4.0,1.0,4,2,2,2,3,5.0,2,4.0,2.0,2.0,1.0,8,30.0,1,41.0,8.0,19.0,8,60.0,0.000367986
70140247,4.0,1,44,14,6,10.8,1.63,18,2.0,0.0,2.0,0.0,0.0,0.0,2.0,1.0,1.0,1.0,1.0,0.0,1.0,1.0,4.0,20.0,4.0,2.0,1946.0,1.0,2.0,6.0,6.0,7000.0,3.0,2,2,2,2,2,1.0,10.8,2.34,2.0,1.0,3.0,4.0,4.0,4.0,4.0,3.0,4.0,4.0,3.0,3.0,4.0,3.0,4.0,4.0,5.0,4.0,4.0,4.0,5.0,4.0,4.0,4.0,4.0,4.0,4.0,3.0,3.0,4.0,1.0,3.0,4.0,4.0,3.0,4.0,3.0,3.0,3.0,4.0,4.0,3.0,4.0,3.0,3.0,2.0,2.0,3.0,4.0,3.0,2.0,4.0,5.0,3.0,3.0,4,2,2,2,3,4.0,1,1.0,2.0,3.0,2.0,8,15.0,0,24.0,5.0,30.0,8,64.0,0.000367986
70140248,4.0,1,44,14,6,10.8,1.63,18,2.0,0.0,2.0,0.0,0.0,0.0,2.0,1.0,1.0,1.0,1.0,0.0,1.0,1.0,4.0,20.0,4.0,1.0,1944.0,1.0,2.0,4.0,3.0,7000.0,5.0,2,2,2,2,2,1.0,10.8,2.34,2.0,1.0,3.0,5.0,3.0,3.0,4.0,3.0,4.0,5.0,3.0,2.0,5.0,2.0,4.0,4.0,5.0,3.0,5.0,5.0,4.0,5.0,5.0,5.0,3.0,3.0,3.0,4.0,4.0,3.0,2.0,4.0,4.0,3.0,2.0,3.0,2.0,1.0,1.0,4.0,4.0,2.0,5.0,3.0,3.0,2.0,1.0,4.0,3.0,3.0,2.0,5.0,5.0,3.0,3.0,4,2,2,2,3,5.0,1,1.0,2.0,2.0,2.0,8,15.0,0,24.0,4.0,30.0,8,66.0,8.57e-05
70140251,9.0,0,19,10,0,3.4,0.81,11,2.0,0.0,1.0,0.0,4.0,0.0,1.0,1.0,1.0,1.0,2.0,0.0,1.0,1.0,4.0,3.0,4.0,2.0,1969.0,1.0,2.0,2.0,6.0,7384.0,3.0,1,2,2,2,1,1.0,2.2,1.16,2.0,3.0,3.0,2.0,4.0,5.0,5.0,2.0,3.0,5.0,6.0,5.0,5.0,1.0,5.0,6.0,5.0,1.0,5.0,5.0,5.0,5.0,5.0,3.0,4.0,5.0,5.0,2.0,5.0,4.0,1.0,4.0,3.0,3.0,2.0,4.0,4.0,2.0,5.0,5.0,2.0,5.0,5.0,5.0,5.0,2.0,1.0,5.0,1.0,2.0,1.0,2.0,3.0,5.0,3.0,4,2,2,2,3,4.0,1,3.0,2.0,4.0,3.0,8,7.5,0,9.0,4.0,11.0,8,41.0,0.000367986
70140251,1.0,1,47,18,16,5.6,1.05,14,2.0,0.0,1.0,0.0,4.0,0.0,1.0,1.0,1.0,1.0,2.0,0.0,1.0,1.0,4.0,3.0,4.0,2.0,1969.0,1.0,2.0,2.0,6.0,7384.0,3.0,1,2,2,2,1,1.0,2.8,1.5,2.0,3.0,3.0,2.0,4.0,5.0,5.0,2.0,3.0,5.0,6.0,5.0,5.0,1.0,5.0,6.0,5.0,1.0,5.0,5.0,5.0,5.0,5.0,3.0,4.0,5.0,5.0,2.0,5.0,4.0,1.0,4.0,3.0,3.0,2.0,4.0,4.0,2.0,5.0,5.0,2.0,5.0,5.0,5.0,5.0,2.0,1.0,5.0,1.0,2.0,1.0,2.0,3.0,5.0,1.0,4,2,2,2,3,4.0,1,3.0,2.0,4.0,3.0,8,9.0,0,13.0,4.0,24.0,8,41.0,0.000367986
70140251,1.0,1,82,20,16,13.2,2.32,21,2.0,0.0,1.0,0.0,4.0,0.0,1.0,1.0,1.0,1.0,2.0,0.0,1.0,1.0,4.0,3.0,4.0,2.0,1969.0,1.0,2.0,2.0,6.0,7384.0,3.0,1,2,2,2,1,1.0,6.6,3.32,2.0,3.0,3.0,2.0,4.0,5.0,5.0,2.0,3.0,5.0,6.0,5.0,5.0,1.0,5.0,6.0,5.0,1.0,5.0,5.0,5.0,5.0,5.0,3.0,4.0,5.0,5.0,2.0,5.0,4.0,1.0,4.0,3.0,3.0,2.0,4.0,4.0,2.0,5.0,5.0,2.0,5.0,5.0,5.0,5.0,2.0,1.0,5.0,1.0,2.0,1.0,2.0,3.0,5.0,1.0,4,2,2,2,3,4.0,1,3.0,2.0,4.0,3.0,8,22.0,0,46.0,4.0,64.0,8,41.0,0.000367986
70140281,1.0,3,180,23,31,53.0,13.63,102,4.0,0.0,2.0,0.0,2.0,2.0,3.0,2.0,1.0,1.0,2.0,1.0,1.0,1.0,6.0,8.0,6.0,1.0,1966.0,1.0,3.0,1.0,1.0,15000.0,6.0,1,2,2,2,2,1.0,26.5,19.53,2.0,2.0,2.0,4.0,3.0,5.0,4.0,4.0,4.0,5.0,4.0,4.0,4.0,2.0,3.0,2.0,5.0,2.0,5.0,2.0,4.0,4.0,4.0,4.0,4.0,6.0,2.0,2.0,4.0,2.0,6.0,6.0,2.0,2.0,4.0,4.0,3.0,1.0,1.0,5.0,2.0,2.0,2.0,3.0,3.0,2.0,2.0,4.0,3.0,2.0,4.0,3.0,4.0,5.0,1.0,4,2,2,2,3,5.0,1,3.0,1.0,2.0,4.0,8,145.0,1,126.0,3.0,90.0,8,44.0,0.000109132
70140294,1.0,1,41,16,6,8.0,1.76,22,1.0,0.0,1.0,0.0,3.0,0.0,1.0,1.0,1.0,1.0,1.0,0.0,2.0,2.0,2.0,7.0,3.0,1.0,1963.0,1.0,1.0,1.0,6.0,5000.0,3.0,2,2,2,2,2,1.0,8.0,2.52,3.0,3.0,3.0,2.0,4.0,4.0,3.0,2.0,3.0,3.0,6.0,3.0,4.0,2.0,3.0,6.0,6.0,2.0,4.0,4.0,3.0,4.0,6.0,3.0,3.0,4.0,4.0,2.0,3.0,6.0,2.0,4.0,3.0,2.0,3.0,2.0,6.0,1.0,2.0,5.0,1.0,3.0,3.0,3.0,2.0,6.0,2.0,4.0,2.0,3.0,4.0,2.0,3.0,4.0,1.0,4,2,2,2,3,3.0,2,3.0,2.0,2.0,4.0,8,16.0,1,19.0,4.0,20.0,8,47.0,0.000409116
70140295,1.0,1,65,24,2,39.2,3.48,38,4.0,2.0,1.0,0.0,4.0,2.0,2.0,1.0,1.0,2.0,2.0,1.0,2.0,2.0,4.0,4.0,4.0,1.0,1970.0,1.0,3.0,1.0,6.0,7000.0,6.0,1,2,2,2,1,1.0,19.6,4.99,4.0,4.0,2.0,1.0,4.0,5.0,2.0,4.0,2.0,5.0,2.0,3.0,3.0,2.0,5.0,2.0,2.0,1.0,5.0,3.0,4.0,3.0,4.0,4.0,4.0,4.0,4.0,4.0,2.0,2.0,2.0,4.0,3.0,1.0,5.0,2.0,2.0,1.0,2.0,4.0,4.0,1.0,4.0,4.0,3.0,3.0,1.0,5.0,2.0,3.0,2.0,3.0,4.0,4.0,2.0,4,2,2,2,3,4.0,2,3.0,3.0,2.0,3.0,8,36.0,0,39.0,5.0,49.0,8,40.0,0.000109132
70140295,1.0,0,81,32,0,39.2,3.48,38,4.0,2.0,1.0,0.0,4.0,2.0,2.0,1.0,1.0,2.0,2.0,1.0,2.0,2.0,4.0,4.0,4.0,1.0,1970.0,1.0,3.0,1.0,6.0,7000.0,6.0,1,2,2,2,1,1.0,19.6,4.99,4.0,4.0,2.0,1.0,4.0,5.0,2.0,4.0,2.0,5.0,2.0,3.0,3.0,2.0,5.0,2.0,2.0,1.0,5.0,3.0,4.0,3.0,4.0,4.0,4.0,4.0,4.0,4.0,2.0,2.0,2.0,4.0,3.0,1.0,5.0,2.0,2.0,1.0,2.0,4.0,4.0,1.0,4.0,4.0,3.0,3.0,1.0,5.0,2.0,3.0,2.0,3.0,4.0,4.0,1.0,4,2,2,2,3,4.0,2,3.0,3.0,2.0,3.0,8,36.0,0,49.0,5.0,49.0,8,40.0,0.000109132
70140357,11.0,8,364,20,76,133.8,36.36,255,1.0,0.0,1.0,0.0,0.0,0.0,1.0,1.0,1.0,2.0,1.0,0.0,2.0,2.0,3.0,2.0,2.0,2.0,1956.0,1.0,1.0,4.0,8.0,3250.0,4.0,1,2,2,2,2,1.0,66.9,52.1,1.0,3.0,1.0,2.0,4.0,5.0,6.0,3.0,4.0,5.0,5.0,3.0,4.0,3.0,5.0,6.0,3.0,1.0,5.0,3.0,3.0,2.0,4.0,1.0,4.0,2.0,1.0,2.0,5.0,4.0,1.0,1.0,1.0,1.0,5.0,1.0,3.0,1.0,2.0,5.0,2.0,2.0,4.0,4.0,3.0,3.0,2.0,5.0,2.0,3.0,2.0,4.0,4.0,4.0,3.0,4,2,2,2,3,3.0,2,2.0,2.0,3.0,4.0,8,396.0,0,268.0,4.0,384.0,8,54.0,9.82e-05
70640218,4.0,0,62,44,0,4.8,1.76,24,2.0,0.0,1.0,0.0,0.0,0.0,2.0,2.0,1.0,1.0,2.0,1.0,2.0,1.0,2.0,24.0,6.0,2.0,1949.0,1.0,2.0,2.0,6.0,15000.0,3.0,1,2,2,2,2,3.0,2.4,2.52,1.0,3.0,5.0,4.0,3.0,3.0,3.0,4.0,6.0,5.0,3.0,3.0,2.0,3.0,4.0,6.0,5.0,2.0,5.0,4.0,4.0,3.0,4.0,1.0,5.0,5.0,5.0,4.0,2.0,4.0,1.0,5.0,4.0,3.0,2.0,1.0,3.0,4.0,2.0,3.0,4.0,4.0,2.0,2.0,3.0,5.0,5.0,2.0,3.0,3.0,4.0,4.0,4.0,4.0,3.0,5,1,2,2,2,3.0,1,3.0,2.0,2.0,3.0,8,12.0,0,18.0,4.0,30.0,8,61.0,0.000367986
70740007,1.0,2,107,16,27,27.6,10.08,124,4.0,0.0,1.0,0.0,6.0,0.0,3.0,2.0,1.0,1.0,4.0,0.0,1.0,1.0,5.5,27.0,2.0,2.0,1962.0,1.0,3.0,2.0,8.0,3250.0,4.0,2,2,2,2,1,2.0,27.6,14.44,2.0,2.0,2.0,3.0,2.0,4.0,4.0,3.0,4.0,4.0,4.0,4.0,4.0,1.0,5.0,4.0,4.0,1.0,4.0,3.0,4.0,3.0,4.0,4.0,4.0,4.0,4.0,1.0,5.0,4.0,3.0,3.0,3.0,2.0,4.0,3.0,3.0,1.0,2.0,4.0,2.0,4.0,4.0,3.0,3.0,2.0,1.0,4.0,1.0,3.0,3.0,2.0,4.0,3.0,2.0,6,2,2,2,3,5.0,2,4.0,1.0,1.0,3.0,8,108.0,0,64.0,4.0,209.0,8,48.0,9.82e-05
70740029,8.0,0,42,29,0,6.8,1.05,13,2.0,0.0,2.0,0.0,0.0,0.0,1.0,1.0,2.0,1.0,1.0,0.0,2.0,2.0,3.0,4.0,2.0,1.0,1934.0,1.0,2.0,9.0,3.0,3250.0,4.0,1,1,2,2,2,1.0,3.4,1.5,2.0,4.0,2.0,4.0,2.0,5.0,6.0,6.0,6.0,3.0,5.0,6.0,5.0,1.0,5.0,6.0,5.0,1.0,5.0,4.0,4.0,3.0,1.0,1.0,5.0,2.0,5.0,4.0,6.0,4.0,1.0,4.0,3.0,2.0,2.0,5.0,1.0,1.0,1.0,5.0,4.0,2.0,5.0,6.0,6.0,1.0,2.0,5.0,4.0,1.0,5.0,4.0,4.0,5.0,3.0,6,2,2,2,3,5.0,2,1.0,2.0,3.0,1.0,8,9.0,1,13.0,3.0,20.0,8,76.0,8.57e-05
70740047,1.0,4,254,48,10,83.6,24.78,187,2.0,0.0,1.0,0.0,0.0,0.0,1.0,1.0,1.0,1.0,2.0,0.0,2.0,2.0,5.0,2.0,4.0,2.0,1953.0,1.0,2.0,2.0,5.0,8418.0,4.0,1,2,2,2,2,1.0,41.8,35.51,4.0,4.0,2.0,2.0,4.0,4.0,4.0,3.0,4.0,2.0,3.0,2.0,3.0,3.0,4.0,3.0,2.0,3.0,5.0,2.0,4.0,2.0,4.0,2.0,5.0,4.0,4.0,2.0,4.0,4.0,2.0,3.0,4.0,2.0,3.0,2.0,3.0,2.0,2.0,4.0,3.0,3.0,4.0,4.0,3.0,3.0,2.0,4.0,2.0,4.0,2.0,4.0,4.0,3.0,1.0,6,2,2,2,3,4.0,2,2.0,2.0,2.0,3.0,8,261.0,0,196.0,4.0,213.0,8,57.0,9.82e-05
70740079,6.0,0,30,13,0,6.2,1.2,16,1.0,0.0,1.0,0.0,2.0,0.0,0.0,0.0,2.0,1.0,1.0,0.0,2.0,2.0,2.0,4.0,2.0,2.0,1979.0,1.0,1.0,1.0,5.0,3250.0,3.0,2,2,2,2,2,1.0,6.2,1.72,1.0,5.0,3.0,1.0,4.0,5.0,4.0,2.0,3.0,4.0,4.0,2.0,4.0,2.0,6.0,3.0,2.0,1.0,5.0,5.0,4.0,4.0,4.0,4.0,4.0,4.0,4.0,4.0,2.0,4.0,2.0,3.0,4.0,1.0,4.0,4.0,5.0,1.0,4.0,5.0,1.0,2.0,5.0,5.0,5.0,4.0,2.0,5.0,1.0,3.0,2.0,4.0,5.0,5.0,3.0,6,2,2,2,3,4.0,1,3.0,2.0,2.0,4.0,8,9.5,1,17.0,5.0,15.0,8,31.0,0.00087004
70740120,1.0,0,40,17,0,3.4,1.43,20,1.0,0.0,1.0,0.0,1.0,0.0,1.0,1.0,1.0,1.0,1.0,0.0,1.0,1.0,5.0,4.0,3.0,2.0,1973.0,1.0,1.0,1.0,6.0,5000.0,3.0,1,2,2,2,2,1.0,2.2,2.05,1.0,1.0,1.0,2.0,3.0,3.0,4.0,3.0,2.0,3.0,3.0,4.0,4.0,3.0,3.0,3.0,3.0,1.0,4.0,3.0,3.0,3.0,3.0,2.0,4.0,3.0,3.0,3.0,4.0,4.0,2.0,4.0,3.0,3.0,3.0,3.0,3.0,2.0,2.0,4.0,2.0,4.0,4.0,3.0,3.0,3.0,2.0,4.0,3.0,3.0,2.0,3.0,4.0,3.0,1.0,6,2,2,2,3,6.0,1,4.0,2.0,1.0,4.0,8,12.0,1,23.0,5.0,20.0,8,37.0,0.00087004
70740127,10.0,0,4,0,0,0.0,0.26,2,5.0,3.0,1.0,0.0,2.0,2.0,2.0,1.0,1.0,1.0,2.0,0.0,1.0,2.0,4.5,7.0,4.0,2.0,1971.0,3.0,3.0,2.0,2.0,7000.0,6.0,1,2,2,2,1,2.0,2.2,0.37,2.0,3.0,3.0,2.0,1.0,4.0,3.0,2.0,1.0,5.0,4.0,2.0,2.0,1.0,3.0,4.0,3.0,1.0,5.0,5.0,5.0,5.0,5.0,1.0,2.0,4.0,1.0,4.0,5.0,1.0,1.0,1.0,3.0,1.0,5.0,1.0,1.0,1.0,1.0,5.0,1.0,4.0,2.0,5.0,5.0,4.0,1.0,4.0,1.0,1.0,5.0,3.0,4.0,1.0,3.0,6,2,2,2,3,5.0,2,3.0,1.0,1.0,2.0,8,1.4,1,4.0,4.0,35.5,8,39.0,0.000232084
70740128,8.0,0,115,88,0,14.0,2.26,30,5.0,3.0,1.0,0.0,2.0,2.0,2.0,1.0,1.0,1.0,2.0,0.0,1.0,2.0,4.5,7.0,4.0,2.0,1971.0,3.0,3.0,2.0,2.0,7000.0,4.0,1,2,2,2,2,2.0,7.0,3.24,2.0,3.0,2.0,2.0,2.0,2.0,3.0,2.0,2.0,4.0,4.0,4.0,4.0,2.0,3.0,4.0,6.0,1.0,5.0,4.0,4.0,4.0,4.0,2.0,3.0,3.0,2.0,4.0,4.0,1.0,1.0,1.0,2.0,2.0,4.0,2.0,2.0,1.0,3.0,4.0,1.0,4.0,2.0,4.0,4.0,4.0,2.0,4.0,2.0,2.0,4.0,4.0,2.0,2.0,3.0,6,2,2,2,3,5.0,4,3.0,1.0,1.0,2.0,8,17.3,1,27.0,4.0,50.0,8,39.0,0.000232084
70740134,4.0,0,75,42,0,9.6,2.0,22,4.0,2.0,1.0,0.0,3.0,2.0,1.0,2.0,1.0,1.0,2.0,0.0,2.0,2.0,4.0,8.0,3.0,2.0,1971.0,1.0,3.0,5.0,8.0,5000.0,3.0,2,2,2,2,2,1.0,9.6,2.87,2.0,2.0,4.0,3.0,3.0,4.0,6.0,6.0,3.0,4.0,4.0,4.0,4.0,3.0,4.0,2.0,4.0,4.0,5.0,4.0,4.0,4.0,3.0,4.0,4.0,2.0,3.0,5.0,3.0,6.0,2.0,3.0,4.0,2.0,2.0,4.0,3.0,2.0,2.0,4.0,2.0,4.0,4.0,4.0,3.0,3.0,4.0,4.0,3.0,2.0,3.0,2.0,4.0,4.0,3.0,6,2,2,2,3,2.0,2,4.0,2.0,2.0,4.0,8,14.5,1,33.0,4.0,30.0,8,39.0,0.00087004
70740135,8.0,3,179,82,18,22.8,5.62,56,4.0,2.0,1.0,0.0,4.0,1.0,1.0,1.0,1.0,1.0,3.0,0.0,1.0,1.0,6.0,7.0,4.0,2.0,1971.0,1.0,3.0,2.0,6.0,7000.0,4.0,2,2,2,2,2,2.0,22.8,8.05,2.0,2.0,3.0,2.0,4.0,4.0,4.0,3.0,3.0,4.0,4.0,3.0,4.0,4.0,3.0,2.0,4.0,4.0,5.0,4.0,4.0,4.0,4.0,2.0,4.0,3.0,4.0,5.0,3.0,4.0,2.0,4.0,4.0,3.0,3.0,3.0,2.0,2.0,3.0,5.0,2.0,4.0,4.0,4.0,3.0,3.0,4.0,4.0,3.0,2.0,4.0,2.0,4.0,4.0,3.0,6,2,2,2,3,2.0,4,3.0,2.0,2.0,3.0,8,54.5,1,79.0,5.0,60.0,8,39.0,0.000232084
70740171,4.0,0,92,78,0,8.8,1.77,24,3.0,0.0,2.0,0.0,4.0,0.0,3.0,1.0,1.0,1.0,3.0,0.0,1.0,1.0,7.0,13.0,6.0,2.0,1958.0,1.0,3.0,2.0,6.0,15000.0,6.0,2,2,1,2,2,2.0,0.0,2.54,4.0,3.0,2.0,3.0,4.0,4.0,3.0,5.0,4.0,6.0,4.0,6.0,1.0,1.0,5.0,6.0,4.0,1.0,3.0,2.0,4.0,1.0,4.0,2.0,4.0,2.0,6.0,3.0,5.0,5.0,1.0,4.0,3.0,2.0,4.0,2.0,3.0,1.0,4.0,4.0,4.0,1.0,4.0,3.0,6.0,4.0,2.0,4.0,1.0,3.0,2.0,4.0,4.0,4.0,3.0,6,2,2,2,3,4.0,2,3.0,1.0,2.0,3.0,8,13.0,1,14.0,2.0,30.0,8,52.0,9.82e-05
70740172,1.0,1,54,34,11,10.4,1.85,29,5.0,0.0,2.0,0.0,7.0,0.0,5.0,1.0,1.0,1.0,5.0,1.0,1.0,1.0,7.0,13.0,6.0,1.0,1956.0,3.0,3.0,1.0,2.0,15000.0,7.0,1,2,2,2,1,1.0,5.2,2.65,4.0,4.0,4.0,2.0,5.0,5.0,5.0,1.0,4.0,5.0,3.0,1.0,5.0,2.0,5.0,4.0,4.0,3.0,5.0,2.0,5.0,3.0,4.0,4.0,4.0,4.0,4.0,5.0,4.0,5.0,1.0,5.0,4.0,4.0,5.0,4.0,3.0,4.0,2.0,4.0,2.0,2.0,3.0,4.0,4.0,2.0,4.0,5.0,2.0,2.0,2.0,4.0,4.0,4.0,1.0,6,2,2,2,3,5.0,2,3.0,3.0,4.0,3.0,8,14.0,0,9.0,2.0,55.0,8,54.0,0.000160139
70740182,9.0,2,116,38,38,10.4,4.1,40,2.0,0.0,2.0,0.0,2.0,0.0,1.0,1.0,1.0,1.0,2.0,1.0,1.0,1.0,4.0,8.0,4.0,1.0,1964.0,1.0,2.0,2.0,5.0,7384.0,3.0,2,2,2,2,2,1.0,10.4,5.88,1.0,1.0,3.0,1.0,3.0,4.0,6.0,6.0,6.0,5.0,3.0,5.0,6.0,5.0,3.0,6.0,5.0,3.0,5.0,1.0,5.0,5.0,6.0,5.0,1.0,6.0,5.0,3.0,6.0,1.0,1.0,6.0,4.0,1.0,1.0,1.0,1.0,1.0,2.0,5.0,4.0,2.0,4.0,4.0,4.0,1.0,1.0,4.0,2.0,2.0,4.0,4.0,4.0,5.0,3.0,6,2,2,2,3,6.0,2,3.0,2.0,3.0,1.0,8,38.0,1,40.0,3.0,55.0,8,46.0,0.000409116
70740186,4.0,1,33,12,5,5.6,0.97,13,1.0,0.0,1.0,0.0,0.0,0.0,1.0,1.0,1.0,2.0,2.0,0.0,2.0,1.0,4.0,1.0,1.0,1.0,1943.0,3.0,1.0,9.0,6.0,2000.0,3.0,2,2,2,2,2,1.0,5.6,1.39,1.0,2.0,3.0,2.0,3.0,2.0,6.0,6.0,6.0,1.0,6.0,3.0,4.0,3.0,6.0,6.0,4.0,4.0,4.0,3.0,5.0,5.0,6.0,3.0,3.0,6.0,3.0,2.0,3.0,6.0,6.0,6.0,6.0,1.0,1.0,1.0,1.0,1.0,1.0,5.0,3.0,3.0,5.0,6.0,6.0,6.0,6.0,5.0,6.0,3.0,3.0,3.0,3.0,3.0,3.0,6,2,2,2,3,3.0,1,3.0,2.0,2.0,3.0,8,8.0,1,16.0,5.0,10.0,8,67.0,0.0003213
70740215,1.0,2,57,24,7,12.4,1.89,24,4.0,2.0,1.0,0.0,4.0,2.0,1.0,1.0,1.0,1.0,3.0,0.0,1.0,1.0,5.0,6.0,4.0,1.0,1970.0,1.0,3.0,1.0,3.0,7000.0,3.0,2,2,2,2,2,1.0,12.4,2.71,1.0,3.0,3.0,4.0,4.0,5.0,4.0,3.0,3.0,4.0,4.0,4.0,5.0,2.0,3.0,2.0,4.0,2.0,4.0,4.0,3.0,4.0,4.0,3.0,3.0,3.0,4.0,2.0,4.0,4.0,2.0,4.0,3.0,3.0,2.0,3.0,4.0,1.0,2.0,4.0,2.0,4.0,3.0,4.0,3.0,3.0,2.0,4.0,3.0,3.0,3.0,4.0,3.0,4.0,2.0,6,2,2,2,3,3.0,2,2.0,2.0,2.0,3.0,8,15.0,1,26.0,5.0,30.0,8,40.0,0.000409116
70740215,1.0,2,63,24,9,12.4,1.89,24,4.0,2.0,1.0,0.0,4.0,2.0,1.0,1.0,1.0,1.0,3.0,0.0,1.0,1.0,5.0,6.0,4.0,1.0,1970.0,1.0,3.0,1.0,3.0,7000.0,3.0,2,2,2,2,2,1.0,12.4,2.71,1.0,3.0,3.0,4.0,4.0,5.0,4.0,3.0,3.0,4.0,4.0,4.0,5.0,2.0,3.0,2.0,4.0,2.0,4.0,4.0,3.0,4.0,4.0,3.0,3.0,3.0,4.0,2.0,4.0,4.0,2.0,4.0,3.0,3.0,2.0,3.0,4.0,1.0,2.0,4.0,2.0,4.0,3.0,4.0,3.0,3.0,2.0,4.0,3.0,3.0,3.0,4.0,3.0,4.0,1.0,6,2,2,2,3,3.0,2,2.0,2.0,2.0,3.0,8,15.0,1,30.0,5.0,30.0,8,40.0,0.000409116
70740257,7.0,0,10,0,0,0.0,0.13,1,2.0,0.0,1.0,1.0,2.0,0.0,1.0,1.0,2.0,2.0,1.0,0.0,1.0,1.0,5.0,20.0,3.0,2.0,1956.0,1.0,7.0,2.0,6.0,5000.0,3.0,1,2,2,2,2,2.0,2.2,0.19,4.0,1.0,3.0,1.0,3.0,5.0,5.0,2.0,3.0,5.0,4.0,2.0,4.0,1.0,4.0,3.0,4.0,1.0,5.0,2.0,5.0,1.0,1.0,4.0,3.0,2.0,3.0,1.0,2.0,2.0,1.0,4.0,3.0,1.0,3.0,4.0,2.0,1.0,4.0,4.0,2.0,3.0,4.0,4.0,4.0,2.0,3.0,5.0,1.0,3.0,1.0,5.0,1.0,4.0,3.0,6,2,2,2,3,4.0,1,4.0,2.0,2.0,1.0,8,1.0,2,10.0,3.0,10.0,8,54.0,0.000367986
70740257,6.0,1,75,28,3,17.2,3.2,29,2.0,0.0,1.0,1.0,2.0,0.0,1.0,1.0,2.0,2.0,1.0,0.0,1.0,1.0,5.0,20.0,3.0,2.0,1956.0,1.0,7.0,2.0,6.0,5000.0,3.0,1,2,2,2,2,2.0,8.6,4.59,4.0,1.0,3.0,1.0,3.0,5.0,5.0,2.0,3.0,5.0,4.0,2.0,4.0,1.0,4.0,3.0,4.0,1.0,5.0,2.0,5.0,1.0,1.0,4.0,3.0,2.0,3.0,1.0,2.0,2.0,1.0,4.0,3.0,1.0,3.0,4.0,2.0,1.0,4.0,4.0,2.0,3.0,4.0,4.0,4.0,2.0,3.0,5.0,1.0,3.0,1.0,5.0,1.0,4.0,3.0,6,2,2,2,3,4.0,1,4.0,2.0,2.0,1.0,8,32.0,1,44.0,3.0,30.0,8,54.0,0.000367986
70740258,1.0,0,17,5,0,6.2,0.68,11,2.0,0.0,1.0,0.0,2.0,0.0,2.0,1.0,1.0,1.0,2.0,0.0,1.0,1.0,5.0,11.0,4.0,1.0,1962.0,1.0,3.0,1.0,6.0,7000.0,3.0,2,2,2,2,2,1.0,6.2,0.97,2.0,4.0,3.0,2.0,4.0,5.0,4.0,3.0,3.0,5.0,4.0,5.0,4.0,2.0,4.0,6.0,4.0,1.0,5.0,4.0,4.0,4.0,4.0,2.0,4.0,4.0,4.0,2.0,4.0,4.0,1.0,4.0,3.0,2.0,4.0,4.0,3.0,1.0,2.0,5.0,2.0,2.0,4.0,4.0,3.0,3.0,2.0,5.0,2.0,3.0,2.0,4.0,4.0,4.0,1.0,6,2,2,2,3,5.0,1,3.0,2.0,2.0,3.0,8,6.0,1,12.0,4.0,15.0,8,48.0,0.00115614
70740266,4.0,4,279,35,80,65.6,38.8,494,2.0,0.0,1.0,0.0,0.0,0.0,3.0,3.0,1.0,1.0,2.0,0.0,1.0,1.0,7.0,12.0,3.0,2.0,1944.0,1.0,2.0,9.0,3.0,5000.0,6.0,1,2,2,2,2,1.0,32.8,55.6,4.0,3.0,4.0,2.0,4.0,4.0,6.0,6.0,4.0,4.0,5.0,2.0,4.0,2.0,4.0,6.0,2.0,1.0,4.0,4.0,5.0,2.0,2.0,1.0,4.0,5.0,6.0,1.0,5.0,4.0,1.0,1.0,1.0,2.0,4.0,1.0,2.0,1.0,1.0,5.0,5.0,1.0,5.0,4.0,6.0,6.0,1.0,4.0,6.0,2.0,3.0,4.0,1.0,4.0,3.0,6,2,2,2,3,3.0,2,1.0,3.0,3.0,4.0,8,418.0,1,164.0,4.0,145.0,8,66.0,7.71e-05
70740299,1.0,0,40,20,0,12.4,1.64,21,2.0,0.0,1.0,0.0,1.0,0.0,1.0,1.0,1.0,1.0,2.0,0.0,1.0,1.0,5.0,17.0,4.0,1.0,1948.0,1.0,2.0,1.0,6.0,7000.0,3.0,2,1,2,2,2,1.0,0.0,2.35,4.0,4.0,3.0,3.0,4.0,4.0,5.0,2.0,3.0,4.0,4.0,2.0,2.0,2.0,4.0,2.0,2.0,1.0,4.0,2.0,5.0,2.0,2.0,1.0,5.0,5.0,2.0,4.0,4.0,2.0,1.0,3.0,3.0,3.0,4.0,2.0,3.0,2.0,3.0,3.0,3.0,2.0,3.0,3.0,4.0,2.0,2.0,4.0,2.0,3.0,2.0,3.0,4.0,4.0,2.0,6,2,2,2,3,6.0,2,3.0,2.0,2.0,4.0,8,12.0,0,20.0,3.0,34.0,8,62.0,0.000409116
70740299,1.0,0,44,20,0,12.4,1.64,21,2.0,0.0,1.0,0.0,1.0,0.0,1.0,1.0,1.0,1.0,2.0,0.0,1.0,1.0,5.0,17.0,4.0,1.0,1948.0,1.0,2.0,1.0,6.0,7000.0,3.0,2,1,2,2,2,1.0,0.0,2.35,4.0,4.0,3.0,3.0,4.0,4.0,5.0,2.0,3.0,4.0,4.0,2.0,2.0,2.0,4.0,2.0,2.0,1.0,4.0,2.0,5.0,2.0,2.0,1.0,5.0,5.0,2.0,4.0,4.0,2.0,1.0,3.0,3.0,3.0,4.0,2.0,3.0,2.0,3.0,3.0,3.0,2.0,3.0,3.0,4.0,2.0,2.0,4.0,2.0,3.0,2.0,3.0,4.0,4.0,2.0,6,2,2,2,3,6.0,2,3.0,2.0,2.0,4.0,8,12.0,0,24.0,3.0,14.0,8,62.0,0.000409116
70740427,6.0,3,126,60,19,20.6,3.46,47,2.0,0.0,1.0,0.0,3.0,0.0,2.0,1.0,1.0,1.0,2.0,1.0,1.0,1.0,3.5,20.0,3.0,1.0,1944.0,1.0,2.0,9.0,1.0,5000.0,6.0,1,2,2,2,2,1.0,10.3,4.96,2.0,4.0,4.0,3.0,3.0,5.0,6.0,6.0,4.0,4.0,4.0,3.0,5.0,2.0,4.0,6.0,4.0,1.0,4.0,4.0,4.0,2.0,2.0,2.0,4.0,4.0,4.0,4.0,4.0,4.0,1.0,2.0,4.0,2.0,2.0,2.0,4.0,2.0,4.0,4.0,2.0,3.0,4.0,3.0,6.0,4.0,2.0,5.0,6.0,4.0,4.0,4.0,4.0,3.0,3.0,6,2,2,2,3,3.0,3,1.0,3.0,3.0,3.0,8,29.0,1,47.0,5.0,55.0,8,66.0,8.57e-05
80630371,1.0,0,57,48,0,3.0,0.76,10,2.0,0.0,2.0,1.0,4.0,0.0,1.0,1.0,1.0,1.0,2.0,0.0,1.0,1.0,5.5,2.0,4.0,1.0,1960.0,1.0,2.0,1.0,1.0,7000.0,3.0,1,2,2,2,2,1.0,2.2,1.09,2.0,2.0,2.0,2.0,4.0,4.0,3.0,3.0,3.0,4.0,3.0,4.0,4.0,3.0,4.0,3.0,3.0,2.0,4.0,4.0,3.0,4.0,4.0,4.0,3.0,3.0,2.0,3.0,4.0,4.0,2.0,2.0,3.0,2.0,4.0,4.0,3.0,2.0,2.0,4.0,3.0,3.0,4.0,4.0,4.0,3.0,2.0,4.0,3.0,3.0,3.0,4.0,4.0,4.0,1.0,6,2,2,4,4,5.0,1,3.0,2.0,1.0,1.0,7,6.5,1,9.0,4.0,10.0,7,50.0,0.000409116
80630371,9.0,0,77,35,0,3.0,0.82,12,2.0,0.0,2.0,1.0,4.0,0.0,1.0,1.0,1.0,1.0,2.0,0.0,1.0,1.0,5.5,2.0,4.0,1.0,1960.0,1.0,2.0,1.0,1.0,7000.0,3.0,1,2,2,2,2,1.0,2.2,1.18,2.0,2.0,2.0,2.0,4.0,4.0,3.0,3.0,3.0,4.0,3.0,4.0,4.0,3.0,4.0,3.0,3.0,2.0,4.0,4.0,3.0,4.0,4.0,4.0,3.0,3.0,2.0,3.0,4.0,4.0,2.0,2.0,3.0,2.0,4.0,4.0,3.0,2.0,2.0,4.0,3.0,3.0,4.0,4.0,4.0,3.0,2.0,4.0,3.0,3.0,3.0,4.0,4.0,4.0,3.0,6,2,2,4,4,5.0,1,3.0,2.0,1.0,1.0,7,7.5,1,42.0,4.0,10.0,7,50.0,0.000409116
90300005,1.0,1,57,31,9,4.4,0.84,11,1.0,0.0,1.0,0.0,1.0,0.0,1.0,1.0,1.0,1.0,1.0,0.0,2.0,2.0,3.5,14.0,4.0,1.0,1955.0,1.0,1.0,1.0,6.0,7000.0,4.0,1,2,2,1,2,1.0,2.2,1.2,6.0,1.0,1.0,6.0,5.0,5.0,5.0,1.0,3.0,5.0,5.0,1.0,5.0,2.0,3.0,1.0,3.0,6.0,4.0,1.0,1.0,5.0,1.0,5.0,2.0,1.0,5.0,4.0,4.0,5.0,2.0,3.0,3.0,3.0,4.0,3.0,4.0,1.0,4.0,5.0,4.0,3.0,5.0,5.0,4.0,5.0,3.0,3.0,2.0,4.0,5.0,5.0,5.0,4.0,1.0,2,2,2,2,3,5.0,2,1.0,2.0,2.0,4.0,7,7.5,2,17.0,5.0,24.0,7,55.0,0.000109132
90300011,1.0,0,99,43,0,12.0,3.55,39,3.0,0.0,2.0,0.0,2.0,0.0,3.0,3.0,1.0,1.0,3.0,0.0,2.0,2.0,5.5,20.0,5.0,1.0,1953.0,1.0,3.0,1.0,6.0,9000.0,3.0,2,1,2,2,2,1.0,0.0,5.09,1.0,2.0,3.0,3.0,3.0,4.0,5.0,6.0,4.0,5.0,4.0,4.0,5.0,4.0,2.0,6.0,4.0,6.0,4.0,3.0,5.0,5.0,3.0,6.0,6.0,6.0,3.0,2.0,2.0,2.0,1.0,4.0,4.0,2.0,5.0,3.0,2.0,1.0,4.0,3.0,4.0,2.0,4.0,4.0,5.0,3.0,3.0,4.0,2.0,3.0,3.0,6.0,4.0,4.0,1.0,2,2,2,2,3,2.0,4,3.0,2.0,2.0,4.0,7,31.5,0,56.0,4.0,56.0,7,57.0,0.000409116
90300012,1.0,1,103,55,0,12.0,3.52,38,3.0,0.0,2.0,0.0,2.0,0.0,3.0,3.0,1.0,1.0,3.0,0.0,2.0,2.0,5.5,20.0,5.0,1.0,1953.0,1.0,3.0,1.0,6.0,9000.0,3.0,2,1,2,2,2,1.0,0.0,5.04,2.0,2.0,3.0,1.0,3.0,4.0,5.0,6.0,4.0,5.0,4.0,4.0,5.0,4.0,2.0,6.0,4.0,6.0,4.0,3.0,5.0,5.0,3.0,6.0,6.0,6.0,3.0,3.0,2.0,2.0,6.0,4.0,4.0,2.0,5.0,4.0,2.0,1.0,5.0,4.0,4.0,2.0,4.0,4.0,5.0,3.0,3.0,4.0,2.0,2.0,3.0,3.0,4.0,4.0,1.0,2,2,2,2,3,2.0,4,3.0,2.0,2.0,4.0,7,31.0,0,48.0,4.0,79.0,7,57.0,0.000409116
90300013,7.0,1,36,12,0,3.0,0.84,12,1.0,0.0,1.0,0.0,3.0,0.0,1.0,0.0,1.0,2.0,1.0,0.0,2.0,1.0,4.0,9.0,3.0,2.0,1948.0,1.0,1.0,9.0,3.0,5000.0,2.0,1,2,2,2,2,1.0,2.2,1.2,4.0,3.0,1.0,2.0,4.0,5.0,6.0,6.0,3.0,5.0,5.0,3.0,4.0,3.0,5.0,6.0,4.0,1.0,5.0,1.0,5.0,2.0,1.0,3.0,4.0,1.0,1.0,3.0,3.0,5.0,6.0,4.0,4.0,1.0,5.0,5.0,1.0,1.0,3.0,3.0,2.0,2.0,4.0,3.0,6.0,3.0,2.0,5.0,1.0,1.0,4.0,3.0,3.0,4.0,3.0,2,2,2,2,3,3.0,1,1.0,3.0,2.0,4.0,7,5.5,0,24.0,4.0,20.0,7,62.0,0.001472131
90300068,1.0,1,78,32,0,6.0,1.91,22,1.0,0.0,1.0,0.0,1.0,0.0,1.0,1.0,1.0,1.0,1.0,0.0,2.0,1.0,4.5,12.0,2.0,2.0,1941.0,1.0,1.0,9.0,6.0,3250.0,2.0,1,2,2,2,2,1.0,3.0,2.74,3.0,4.0,3.0,3.0,3.0,5.0,4.0,3.0,3.0,5.0,4.0,5.0,4.0,3.0,5.0,6.0,3.0,2.0,4.0,4.0,4.0,4.0,3.0,3.0,4.0,4.0,4.0,4.0,4.0,4.0,2.0,2.0,3.0,3.0,5.0,5.0,3.0,2.0,2.0,4.0,3.0,2.0,5.0,4.0,3.0,3.0,1.0,5.0,2.0,3.0,2.0,4.0,4.0,4.0,3.0,2,2,2,2,3,4.0,2,3.0,2.0,2.0,1.0,7,17.5,0,46.0,3.0,60.0,7,69.0,0.00115614
90300075,1.0,2,108,54,8,82.0,2.32,24,5.0,0.0,2.0,0.0,3.0,0.0,1.0,3.0,1.0,1.0,5.0,0.0,1.0,1.0,7.0,8.0,4.0,2.0,1962.0,1.0,5.0,1.0,6.0,7000.0,3.0,2,2,2,2,2,1.0,82.0,3.32,1.0,3.0,3.0,3.0,3.0,3.0,3.0,3.0,2.0,3.0,3.0,5.0,5.0,3.0,4.0,3.0,4.0,2.0,5.0,4.0,2.0,3.0,3.0,3.0,4.0,1.0,3.0,3.0,5.0,3.0,1.0,2.0,3.0,3.0,3.0,4.0,3.0,1.0,2.0,3.0,3.0,3.0,3.0,3.0,3.0,3.0,3.0,5.0,3.0,3.0,3.0,3.0,3.0,3.0,2.0,2,2,2,2,3,4.0,2,4.0,2.0,2.0,3.0,7,22.0,1,46.0,4.0,20.0,7,48.0,0.000367986
90300075,1.0,1,124,89,2,82.0,2.4,24,5.0,0.0,2.0,0.0,3.0,0.0,1.0,3.0,1.0,1.0,5.0,0.0,1.0,1.0,7.0,8.0,4.0,2.0,1962.0,1.0,5.0,1.0,6.0,7000.0,3.0,2,2,2,2,2,1.0,82.0,3.44,1.0,3.0,3.0,3.0,3.0,3.0,3.0,3.0,2.0,3.0,3.0,5.0,5.0,3.0,4.0,3.0,4.0,2.0,5.0,4.0,2.0,3.0,3.0,3.0,4.0,1.0,3.0,3.0,5.0,3.0,1.0,2.0,3.0,3.0,3.0,4.0,3.0,1.0,2.0,3.0,3.0,3.0,3.0,3.0,3.0,3.0,3.0,5.0,3.0,3.0,3.0,3.0,3.0,3.0,2.0,2,2,2,2,3,4.0,2,4.0,2.0,2.0,3.0,7,23.0,1,33.0,4.0,45.0,7,48.0,0.000367986
90300088,1.0,1,96,44,3,11.2,2.35,31,4.0,0.0,3.0,0.0,4.0,0.0,2.0,1.0,1.0,2.0,4.0,0.0,2.0,1.0,4.5,4.0,4.0,2.0,1988.0,1.0,6.0,1.0,6.0,7384.0,3.0,2,2,2,2,2,1.0,11.2,3.37,1.0,3.0,3.0,2.0,2.0,4.0,2.0,3.0,4.0,5.0,4.0,2.0,5.0,2.0,4.0,6.0,4.0,1.0,5.0,4.0,5.0,5.0,5.0,5.0,4.0,4.0,3.0,3.0,4.0,4.0,3.0,4.0,4.0,4.0,4.0,4.0,3.0,1.0,5.0,1.0,3.0,3.0,5.0,5.0,5.0,4.0,1.0,2.0,2.0,3.0,4.0,4.0,5.0,5.0,1.0,2,2,2,2,3,4.0,3,4.0,1.0,2.0,4.0,7,22.0,1,49.0,3.0,45.0,7,22.0,0.00087004
90300114,1.0,2,111,22,12,8.4,3.17,27,4.0,0.0,2.0,1.0,4.0,0.0,3.0,2.0,1.0,1.0,4.0,0.0,2.0,2.0,5.0,10.0,6.0,1.0,1956.0,1.0,3.0,1.0,1.0,15000.0,6.0,1,2,2,2,2,1.0,4.2,4.54,1.0,3.0,4.0,2.0,6.0,5.0,2.0,3.0,2.0,4.0,3.0,2.0,4.0,3.0,4.0,2.0,3.0,2.0,5.0,3.0,4.0,4.0,4.0,3.0,4.0,4.0,4.0,2.0,4.0,3.0,2.0,6.0,2.0,4.0,4.0,3.0,3.0,2.0,4.0,2.0,2.0,2.0,3.0,3.0,3.0,3.0,2.0,3.0,3.0,4.0,4.0,4.0,4.0,4.0,1.0,2,2,2,2,3,3.0,2,3.0,2.0,2.0,3.0,7,35.0,1,77.0,5.0,45.0,7,54.0,0.000109132
90300114,4.0,1,85,52,0,72.0,1.35,19,4.0,0.0,2.0,1.0,4.0,0.0,3.0,2.0,1.0,1.0,4.0,0.0,2.0,2.0,5.0,10.0,6.0,1.0,1956.0,1.0,3.0,1.0,1.0,15000.0,6.0,1,2,2,2,2,1.0,36.0,1.93,1.0,3.0,4.0,2.0,6.0,5.0,2.0,3.0,2.0,4.0,3.0,2.0,4.0,3.0,4.0,2.0,3.0,2.0,5.0,3.0,4.0,4.0,4.0,3.0,4.0,4.0,4.0,2.0,4.0,3.0,2.0,6.0,2.0,4.0,4.0,3.0,3.0,2.0,4.0,2.0,2.0,2.0,3.0,3.0,3.0,3.0,2.0,3.0,3.0,4.0,4.0,4.0,4.0,4.0,3.0,2,2,2,2,3,3.0,2,3.0,2.0,2.0,3.0,7,12.0,1,33.0,5.0,30.0,7,54.0,0.000109132
90300122,2.0,1,53,15,8,7.2,0.53,7,2.0,1.0,1.0,0.0,4.0,2.0,1.0,1.0,1.0,2.0,1.0,0.0,2.0,2.0,5.0,15.0,2.0,2.0,1971.0,1.0,4.0,2.0,8.0,3250.0,3.0,2,2,2,2,2,1.0,7.2,0.76,4.0,2.0,4.0,3.0,4.0,5.0,4.0,2.0,3.0,5.0,3.0,4.0,4.0,5.0,4.0,2.0,5.0,1.0,5.0,3.0,4.0,5.0,4.0,4.0,2.0,3.0,2.0,5.0,3.0,2.0,1.0,3.0,5.0,2.0,4.0,4.0,3.0,1.0,1.0,5.0,2.0,4.0,5.0,4.0,4.0,3.0,2.0,4.0,3.0,3.0,3.0,3.0,3.0,5.0,1.0,2,2,2,2,3,5.0,1,2.0,2.0,2.0,3.0,7,5.0,1,30.0,4.0,15.0,7,39.0,0.00087004
90300138,10.0,0,53,47,0,6.0,0.68,8,2.0,0.0,1.0,1.0,3.0,0.0,1.0,2.0,1.0,1.0,2.0,0.0,1.0,1.0,5.5,30.0,4.0,1.0,1943.0,1.0,2.0,9.0,6.0,7000.0,3.0,1,2,2,2,2,1.0,3.0,0.97,3.0,2.0,3.0,4.0,4.0,5.0,6.0,6.0,6.0,5.0,5.0,6.0,4.0,4.0,4.0,6.0,5.0,4.0,4.0,4.0,5.0,5.0,4.0,4.0,4.0,6.0,6.0,2.0,4.0,2.0,1.0,6.0,2.0,2.0,4.0,4.0,2.0,1.0,4.0,2.0,2.0,4.0,4.0,4.0,6.0,4.0,4.0,2.0,6.0,4.0,2.0,4.0,4.0,2.0,3.0,2,2,2,2,3,3.0,2,1.0,2.0,2.0,3.0,7,5.0,1,6.0,4.0,12.0,7,67.0,0.0003213
90300157,7.0,2,96,54,0,123.0,0.84,30,2.0,0.0,2.0,0.0,2.0,0.0,1.0,2.0,1.0,1.0,2.0,0.0,1.0,1.0,5.0,30.0,3.0,1.0,1937.0,1.0,2.0,9.0,6.0,5000.0,2.0,2,2,2,2,2,1.0,123.0,1.2,3.0,3.0,3.0,3.0,3.0,4.0,6.0,6.0,6.0,4.0,6.0,3.0,5.0,3.0,2.0,6.0,6.0,1.0,5.0,5.0,4.0,4.0,6.0,6.0,6.0,6.0,4.0,3.0,4.0,1.0,1.0,6.0,6.0,1.0,6.0,6.0,6.0,6.0,6.0,6.0,3.0,4.0,3.0,3.0,6.0,3.0,6.0,5.0,6.0,6.0,3.0,2.0,3.0,6.0,3.0,2,2,2,2,3,3.0,3,1.0,2.0,3.0,3.0,7,6.7,1,42.0,4.0,45.0,7,73.0,0.001285365
90300158,7.0,2,101,60,0,82.0,2.08,27,2.0,0.0,2.0,0.0,2.0,0.0,1.0,2.0,1.0,1.0,2.0,0.0,1.0,1.0,5.0,30.0,3.0,2.0,1936.0,1.0,2.0,9.0,6.0,5000.0,2.0,2,2,2,2,2,1.0,82.0,2.98,3.0,3.0,3.0,3.0,3.0,4.0,6.0,6.0,6.0,4.0,6.0,3.0,5.0,2.0,3.0,6.0,3.0,1.0,5.0,5.0,4.0,4.0,6.0,6.0,6.0,3.0,4.0,4.0,6.0,3.0,1.0,2.0,2.0,3.0,3.0,4.0,3.0,6.0,6.0,6.0,3.0,4.0,3.0,3.0,6.0,3.0,6.0,5.0,6.0,6.0,4.0,2.0,3.0,3.0,3.0,2,2,2,2,3,1.0,3,1.0,2.0,3.0,3.0,7,17.0,1,41.0,4.0,51.0,7,74.0,0.00115614
90300161,7.0,3,134,30,18,23.6,4.61,36,2.0,0.0,1.0,1.0,2.0,0.0,1.0,1.0,1.0,1.0,1.0,1.0,1.0,1.0,5.0,23.0,3.0,1.0,1946.0,1.0,2.0,9.0,6.0,5000.0,3.0,2,2,2,2,2,1.0,23.6,6.61,1.0,2.0,3.0,3.0,3.0,3.0,3.0,3.0,4.0,4.0,3.0,3.0,3.0,2.0,3.0,3.0,2.0,3.0,4.0,4.0,4.0,4.0,4.0,4.0,3.0,4.0,2.0,3.0,4.0,2.0,2.0,3.0,2.0,3.0,4.0,4.0,3.0,2.0,4.0,5.0,3.0,4.0,4.0,5.0,5.0,3.0,4.0,5.0,3.0,3.0,2.0,2.0,3.0,3.0,3.0,2,2,2,2,3,5.0,2,1.0,4.0,3.0,1.0,7,50.5,1,86.0,4.0,75.0,7,64.0,0.000409116
90300284,1.0,3,157,67,8,11.4,3.8,36,1.0,0.0,1.0,0.0,2.0,0.0,1.0,1.0,1.0,1.0,1.0,0.0,2.0,1.0,3.5,9.0,4.0,1.0,1957.0,1.0,1.0,1.0,6.0,7000.0,4.0,2,2,2,2,2,1.0,11.4,5.45,2.0,2.0,2.0,3.0,2.0,5.0,4.0,2.0,3.0,5.0,4.0,2.0,4.0,3.0,4.0,6.0,4.0,3.0,5.0,3.0,2.0,4.0,5.0,4.0,4.0,1.0,3.0,1.0,4.0,3.0,2.0,2.0,3.0,4.0,4.0,4.0,3.0,2.0,4.0,3.0,3.0,3.0,4.0,4.0,4.0,3.0,3.0,2.0,1.0,3.0,3.0,4.0,5.0,4.0,2.0,2,2,2,2,3,3.0,3,2.0,3.0,3.0,4.0,7,38.0,1,82.0,4.0,45.0,7,53.0,0.000109132
90300309,1.0,0,91,34,0,6.0,2.11,20,1.0,0.0,1.0,0.0,3.0,0.0,1.0,1.0,1.0,1.0,1.0,0.0,2.0,2.0,3.0,11.0,3.0,1.0,1975.0,1.0,1.0,1.0,6.0,5000.0,6.0,1,2,2,1,2,1.0,3.0,3.02,2.0,4.0,3.0,4.0,4.0,5.0,4.0,6.0,3.0,6.0,6.0,3.0,3.0,3.0,3.0,6.0,4.0,3.0,4.0,3.0,4.0,3.0,4.0,3.0,5.0,4.0,2.0,3.0,4.0,5.0,1.0,4.0,3.0,3.0,4.0,4.0,3.0,2.0,4.0,4.0,3.0,2.0,4.0,3.0,4.0,3.0,1.0,4.0,2.0,3.0,3.0,2.0,4.0,4.0,1.0,2,2,2,2,3,3.0,2,2.0,3.0,3.0,4.0,7,18.5,0,57.0,4.0,53.0,7,35.0,0.000258025
90300331,1.0,0,106,55,0,12.0,2.11,21,2.0,0.0,2.0,0.0,2.0,0.0,1.0,1.0,1.0,1.0,2.0,0.0,2.0,1.0,4.5,7.0,4.0,1.0,1943.0,1.0,2.0,4.0,3.0,7000.0,3.0,2,2,2,2,1,1.0,12.0,3.02,4.0,2.0,4.0,3.0,3.0,4.0,4.0,2.0,2.0,3.0,2.0,1.0,1.0,2.0,3.0,2.0,3.0,1.0,4.0,4.0,3.0,3.0,3.0,3.0,3.0,2.0,4.0,3.0,4.0,2.0,2.0,2.0,4.0,2.0,4.0,4.0,2.0,1.0,2.0,3.0,4.0,1.0,3.0,2.0,2.0,2.0,2.0,4.0,3.0,2.0,3.0,2.0,3.0,4.0,3.0,2,2,2,2,3,5.0,5,3.0,2.0,2.0,4.0,7,17.8,1,51.0,5.0,125.0,7,67.0,0.0003213
90300336,1.0,0,68,53,0,172.0,1.04,8,1.0,0.0,0.0,0.0,1.0,0.0,2.0,1.0,1.0,1.0,2.0,0.0,2.0,2.0,2.0,13.0,3.0,1.0,1970.0,1.0,1.0,1.0,8.0,5000.0,3.0,1,2,2,2,2,3.0,86.0,1.49,3.0,5.0,4.0,3.0,2.0,5.0,4.0,3.0,6.0,5.0,4.0,5.0,3.0,3.0,5.0,6.0,5.0,6.0,6.0,6.0,6.0,5.0,3.0,5.0,4.0,3.0,5.0,3.0,5.0,5.0,1.0,1.0,1.0,1.0,5.0,4.0,2.0,1.0,5.0,1.0,1.0,5.0,1.0,3.0,5.0,6.0,4.0,6.0,1.0,1.0,1.0,1.0,1.0,3.0,3.0,2,2,2,2,3,4.0,4,4.0,1.0,2.0,1.0,7,4.8,2,15.0,4.0,50.0,7,40.0,0.000409116
90300336,11.0,0,84,78,0,46.0,1.2,16,1.0,0.0,0.0,0.0,1.0,0.0,2.0,1.0,1.0,1.0,2.0,0.0,2.0,2.0,2.0,13.0,3.0,1.0,1970.0,1.0,1.0,1.0,8.0,5000.0,3.0,1,2,2,2,2,3.0,23.0,1.72,3.0,5.0,4.0,3.0,2.0,5.0,4.0,3.0,6.0,5.0,4.0,5.0,3.0,3.0,5.0,6.0,5.0,6.0,6.0,6.0,6.0,5.0,3.0,5.0,4.0,3.0,5.0,3.0,5.0,5.0,1.0,1.0,1.0,1.0,5.0,4.0,2.0,1.0,5.0,1.0,1.0,5.0,1.0,3.0,5.0,6.0,4.0,6.0,1.0,1.0,1.0,1.0,1.0,3.0,3.0,2,2,2,2,3,4.0,2,4.0,1.0,2.0,1.0,7,11.5,1,6.0,4.0,55.0,7,40.0,0.000409116
90300344,1.0,1,137,65,3,8.4,3.6,43,1.0,0.0,1.0,0.0,0.0,0.0,1.0,0.0,1.0,1.0,1.0,0.0,2.0,1.0,4.5,13.0,3.0,2.0,1947.0,1.0,1.0,1.0,3.0,5000.0,6.0,1,2,2,2,1,1.0,4.2,5.16,3.0,3.0,2.0,2.0,3.0,4.0,3.0,2.0,3.0,3.0,4.0,5.0,4.0,3.0,5.0,6.0,3.0,2.0,4.0,4.0,4.0,3.0,6.0,3.0,4.0,4.0,4.0,3.0,2.0,6.0,1.0,3.0,2.0,2.0,4.0,3.0,3.0,2.0,2.0,2.0,3.0,3.0,5.0,6.0,3.0,6.0,1.0,4.0,3.0,3.0,3.0,2.0,3.0,4.0,1.0,2,2,2,2,3,2.0,2,3.0,2.0,3.0,1.0,7,35.0,1,69.0,4.0,40.0,7,63.0,9.82e-05
90300344,9.0,1,155,88,14,6.0,2.79,35,1.0,0.0,1.0,0.0,0.0,0.0,1.0,0.0,1.0,1.0,1.0,0.0,2.0,1.0,4.5,13.0,3.0,2.0,1947.0,1.0,1.0,1.0,3.0,5000.0,6.0,1,2,2,2,1,1.0,3.0,4.0,3.0,3.0,2.0,2.0,3.0,4.0,3.0,2.0,3.0,3.0,4.0,5.0,4.0,3.0,5.0,6.0,3.0,2.0,4.0,4.0,4.0,3.0,6.0,3.0,4.0,4.0,4.0,3.0,2.0,6.0,1.0,3.0,2.0,2.0,4.0,3.0,3.0,2.0,2.0,2.0,3.0,3.0,5.0,6.0,3.0,6.0,1.0,4.0,3.0,3.0,3.0,2.0,3.0,4.0,3.0,2,2,2,2,3,2.0,2,3.0,2.0,3.0,1.0,7,24.0,1,53.0,4.0,30.0,7,63.0,9.82e-05
90300345,1.0,0,70,49,0,6.0,2.07,23,4.0,0.0,1.0,1.0,5.0,0.0,3.0,0.0,1.0,1.0,4.0,1.0,1.0,1.0,6.0,22.0,5.0,1.0,1959.0,1.0,3.0,1.0,3.0,9000.0,6.0,1,2,2,2,2,2.0,3.0,2.97,4.0,5.0,2.0,2.0,3.0,5.0,5.0,1.0,4.0,5.0,5.0,2.0,4.0,2.0,5.0,1.0,2.0,1.0,4.0,1.0,4.0,3.0,2.0,2.0,4.0,3.0,2.0,2.0,4.0,5.0,1.0,2.0,3.0,2.0,5.0,3.0,3.0,3.0,3.0,3.0,4.0,2.0,4.0,4.0,4.0,3.0,2.0,4.0,3.0,1.0,2.0,4.0,4.0,1.0,1.0,2,2,2,2,3,1.0,2,2.0,1.0,3.0,3.0,7,17.0,2,21.0,5.0,20.0,7,51.0,0.000109132
90300346,1.0,2,69,41,2,6.0,2.07,23,4.0,0.0,1.0,1.0,5.0,0.0,3.0,0.0,1.0,1.0,4.0,1.0,1.0,1.0,6.0,22.0,5.0,1.0,1959.0,1.0,3.0,1.0,3.0,9000.0,6.0,1,2,2,2,2,2.0,3.0,2.97,4.0,5.0,2.0,2.0,3.0,5.0,5.0,1.0,4.0,5.0,4.0,2.0,4.0,2.0,5.0,1.0,2.0,1.0,4.0,1.0,4.0,3.0,2.0,2.0,4.0,3.0,2.0,2.0,4.0,5.0,1.0,2.0,3.0,2.0,5.0,3.0,3.0,3.0,3.0,3.0,4.0,2.0,5.0,4.0,4.0,3.0,2.0,4.0,3.0,1.0,2.0,4.0,5.0,1.0,1.0,2,2,2,2,3,1.0,2,2.0,1.0,3.0,3.0,7,17.0,1,26.0,5.0,10.0,7,51.0,0.000109132
90300354,1.0,0,17,14,0,2.2,0.53,2,2.0,0.0,1.0,0.0,2.0,0.0,2.0,1.0,1.0,1.0,2.0,0.0,1.0,1.0,5.0,11.0,4.0,1.0,1962.0,1.0,3.0,1.0,6.0,7000.0,3.0,2,2,2,2,2,1.0,2.2,0.76,2.0,4.0,3.0,2.0,4.0,5.0,4.0,3.0,3.0,5.0,4.0,5.0,4.0,2.0,4.0,6.0,4.0,1.0,5.0,4.0,4.0,4.0,4.0,2.0,4.0,4.0,4.0,2.0,4.0,4.0,1.0,4.0,3.0,2.0,4.0,4.0,3.0,1.0,2.0,5.0,2.0,2.0,4.0,4.0,3.0,3.0,2.0,5.0,2.0,3.0,2.0,4.0,4.0,4.0,2.0,2,2,2,2,3,5.0,2,3.0,2.0,2.0,3.0,7,1.0,2,3.0,4.0,10.0,7,48.0,0.001636675
90300354,1.0,0,30,24,0,4.4,0.26,2,2.0,0.0,1.0,0.0,2.0,0.0,2.0,1.0,1.0,1.0,2.0,0.0,1.0,1.0,5.0,11.0,4.0,1.0,1962.0,1.0,3.0,1.0,6.0,7000.0,3.0,2,2,2,2,2,1.0,4.4,0.37,2.0,4.0,3.0,2.0,4.0,5.0,4.0,3.0,3.0,5.0,4.0,5.0,4.0,2.0,4.0,6.0,4.0,1.0,5.0,4.0,4.0,4.0,4.0,2.0,4.0,4.0,4.0,2.0,4.0,4.0,1.0,4.0,3.0,2.0,4.0,4.0,3.0,1.0,2.0,5.0,2.0,2.0,4.0,4.0,3.0,3.0,2.0,5.0,2.0,3.0,2.0,4.0,4.0,4.0,1.0,2,2,2,2,3,5.0,2,3.0,2.0,2.0,3.0,7,1.8,2,6.0,4.0,10.0,7,48.0,0.000367986
90300367,1.0,1,177,52,11,9.0,2.95,34,1.0,0.0,1.0,0.0,1.0,0.0,1.0,1.0,1.0,1.0,1.0,0.0,2.0,1.0,4.5,21.0,4.0,2.0,1950.0,1.0,1.0,1.0,3.0,7000.0,2.0,2,2,2,2,2,1.0,9.0,4.23,3.0,4.0,4.0,4.0,2.0,4.0,4.0,1.0,3.0,4.0,3.0,3.0,4.0,4.0,4.0,3.0,4.0,1.0,4.0,4.0,4.0,3.0,4.0,3.0,4.0,2.0,2.0,4.0,2.0,3.0,3.0,4.0,4.0,2.0,4.0,4.0,2.0,2.0,4.0,4.0,2.0,2.0,4.0,4.0,2.0,2.0,2.0,4.0,2.0,1.0,4.0,1.0,4.0,4.0,1.0,2,2,2,2,3,5.0,3,1.0,2.0,1.0,3.0,7,25.0,1,114.0,5.0,35.0,7,60.0,0.001472131
90300375,1.0,1,58,20,0,4.4,1.52,19,4.0,0.0,2.0,0.0,4.0,0.0,3.0,3.0,1.0,1.0,4.0,0.0,2.0,2.0,4.0,25.0,6.0,1.0,1962.0,1.0,3.0,1.0,3.0,15000.0,4.0,1,1,2,2,2,1.0,2.2,2.18,2.0,4.0,3.0,4.0,3.0,4.0,4.0,3.0,4.0,5.0,3.0,3.0,3.0,3.0,4.0,3.0,4.0,2.0,4.0,3.0,4.0,2.0,4.0,3.0,4.0,4.0,4.0,2.0,4.0,3.0,1.0,2.0,3.0,2.0,4.0,4.0,4.0,2.0,4.0,3.0,3.0,4.0,4.0,4.0,4.0,6.0,3.0,4.0,2.0,2.0,4.0,3.0,4.0,4.0,1.0,2,2,2,2,3,5.0,2,1.0,1.0,2.0,1.0,7,12.0,0,38.0,5.0,60.0,7,48.0,0.000109132
90300385,1.0,10,562,107,67,171.0,47.21,338,2.0,0.0,2.0,1.0,2.0,0.0,3.0,1.0,1.0,2.0,3.0,1.0,1.0,2.0,5.0,1.0,5.0,2.0,1987.0,1.0,3.0,1.0,8.0,9000.0,3.0,1,2,2,2,2,1.0,85.5,67.65,3.0,2.0,4.0,1.0,3.0,4.0,5.0,6.0,1.0,2.0,3.0,3.0,4.0,2.0,4.0,6.0,5.0,3.0,5.0,4.0,3.0,3.0,4.0,2.0,3.0,6.0,1.0,4.0,6.0,3.0,1.0,1.0,3.0,3.0,1.0,1.0,4.0,1.0,2.0,5.0,2.0,4.0,3.0,4.0,2.0,1.0,3.0,4.0,3.0,3.0,2.0,3.0,3.0,4.0,2.0,2,2,2,2,3,6.0,5,4.0,1.0,2.0,4.0,7,519.0,1,388.0,4.0,209.0,7,23.0,0.00087004
90300423,4.0,1,36,10,0,3.0,0.94,13,2.0,0.0,1.0,0.0,2.0,0.0,1.0,2.0,1.0,1.0,2.0,0.0,2.0,1.0,4.0,9.0,5.0,1.0,1931.0,1.0,2.0,9.0,3.0,9000.0,3.0,2,2,2,2,2,1.0,3.0,1.35,2.0,2.0,3.0,3.0,3.0,4.0,6.0,6.0,6.0,6.0,3.0,6.0,4.0,6.0,4.0,6.0,4.0,3.0,4.0,4.0,4.0,4.0,3.0,6.0,4.0,3.0,6.0,4.0,4.0,4.0,1.0,1.0,3.0,2.0,5.0,2.0,3.0,2.0,2.0,4.0,2.0,4.0,4.0,3.0,6.0,1.0,3.0,5.0,6.0,2.0,4.0,2.0,4.0,3.0,3.0,2,2,2,2,3,5.0,1,3.0,3.0,2.0,1.0,7,5.5,1,26.0,4.0,10.0,7,79.0,0.0003213
90300470,1.0,2,86,44,0,7.4,1.65,23,4.0,2.0,1.0,1.0,4.0,2.0,1.0,1.0,1.0,1.0,2.0,1.0,2.0,1.0,5.5,2.0,5.0,1.0,1968.0,1.0,3.0,1.0,3.0,9000.0,6.0,1,2,2,2,2,1.0,3.7,2.36,4.0,3.0,4.0,2.0,4.0,5.0,3.0,2.0,2.0,4.0,4.0,2.0,2.0,1.0,3.0,1.0,4.0,1.0,4.0,2.0,3.0,2.0,1.0,4.0,3.0,3.0,3.0,3.0,5.0,4.0,1.0,3.0,4.0,3.0,5.0,4.0,2.0,2.0,2.0,4.0,3.0,3.0,4.0,4.0,3.0,2.0,1.0,5.0,1.0,1.0,1.0,3.0,5.0,2.0,2.0,2,2,2,2,3,1.0,3,1.0,2.0,2.0,1.0,7,10.5,1,42.0,5.0,30.0,7,42.0,0.000109132
90300470,2.0,3,185,55,29,49.0,3.82,53,4.0,2.0,1.0,1.0,4.0,2.0,1.0,1.0,1.0,1.0,2.0,1.0,2.0,1.0,5.5,2.0,5.0,1.0,1968.0,1.0,3.0,1.0,3.0,9000.0,6.0,1,2,2,2,2,1.0,24.5,5.47,4.0,3.0,4.0,2.0,4.0,5.0,3.0,2.0,2.0,4.0,4.0,2.0,2.0,1.0,3.0,1.0,4.0,1.0,4.0,2.0,3.0,2.0,1.0,4.0,3.0,3.0,3.0,3.0,5.0,4.0,1.0,3.0,4.0,3.0,5.0,4.0,2.0,2.0,2.0,4.0,3.0,3.0,4.0,4.0,3.0,2.0,1.0,5.0,1.0,1.0,1.0,3.0,5.0,2.0,1.0,2,2,2,2,3,1.0,3,1.0,2.0,2.0,1.0,7,29.5,1,101.0,5.0,50.0,7,42.0,0.000109132
90300496,3.0,0,61,32,0,86.0,1.82,24,4.0,2.0,1.0,1.0,4.0,2.0,1.0,1.0,1.0,1.0,2.0,1.0,2.0,1.0,5.0,2.0,5.0,2.0,1971.0,3.0,3.0,6.0,8.0,9000.0,6.0,2,2,2,2,2,2.0,86.0,2.61,2.0,3.0,2.0,1.0,5.0,5.0,3.0,6.0,1.0,5.0,4.0,4.0,2.0,1.0,5.0,2.0,4.0,1.0,5.0,3.0,5.0,2.0,6.0,6.0,5.0,1.0,3.0,4.0,4.0,4.0,2.0,4.0,4.0,3.0,3.0,4.0,2.0,1.0,4.0,2.0,2.0,2.0,4.0,2.0,6.0,4.0,1.0,5.0,3.0,3.0,1.0,4.0,4.0,4.0,1.0,2,2,2,2,3,3.0,2,3.0,1.0,2.0,3.0,7,10.0,1,29.0,3.0,30.0,7,39.0,0.000232084
90300496,10.0,3,97,20,20,46.0,2.31,32,4.0,2.0,1.0,1.0,4.0,2.0,1.0,1.0,1.0,1.0,2.0,1.0,2.0,1.0,5.0,2.0,5.0,2.0,1971.0,3.0,3.0,6.0,8.0,9000.0,6.0,2,2,2,2,2,2.0,46.0,3.31,2.0,3.0,2.0,1.0,5.0,5.0,3.0,6.0,1.0,5.0,4.0,4.0,2.0,1.0,5.0,2.0,4.0,1.0,5.0,3.0,5.0,2.0,6.0,6.0,5.0,1.0,3.0,4.0,4.0,4.0,2.0,4.0,4.0,3.0,3.0,4.0,2.0,1.0,4.0,2.0,2.0,2.0,4.0,2.0,6.0,4.0,1.0,5.0,3.0,3.0,1.0,4.0,4.0,4.0,3.0,2,2,2,2,3,3.0,2,3.0,1.0,2.0,3.0,7,17.0,1,57.0,3.0,30.0,7,39.0,0.000232084
90300555,1.0,0,33,15,0,6.4,1.05,13,2.0,0.0,1.0,0.0,2.0,0.0,1.0,1.0,1.0,1.0,2.0,0.0,2.0,1.0,4.0,4.0,4.0,1.0,1954.0,1.0,3.0,1.0,6.0,7384.0,3.0,1,2,2,1,2,1.0,3.2,1.5,2.0,4.0,3.0,2.0,4.0,5.0,5.0,3.0,3.0,5.0,3.0,3.0,4.0,2.0,4.0,6.0,4.0,3.0,4.0,2.0,4.0,3.0,2.0,4.0,4.0,4.0,4.0,1.0,4.0,4.0,2.0,4.0,4.0,3.0,5.0,4.0,3.0,1.0,4.0,5.0,2.0,4.0,4.0,3.0,3.0,3.0,3.0,4.0,3.0,2.0,4.0,4.0,4.0,4.0,1.0,2,2,2,2,3,5.0,1,3.0,2.0,2.0,3.0,7,9.0,0,18.0,5.0,17.0,7,56.0,0.000409116
90300557,4.0,1,58,25,0,6.0,1.64,18,2.0,0.0,1.0,0.0,0.0,0.0,1.0,1.0,1.0,1.0,2.0,0.0,2.0,1.0,4.5,5.0,3.0,1.0,1930.0,1.0,1.0,3.0,6.0,5000.0,3.0,1,2,2,2,2,1.0,3.0,2.35,1.0,3.0,4.0,3.0,6.0,4.0,6.0,6.0,4.0,4.0,4.0,6.0,4.0,6.0,4.0,6.0,5.0,3.0,4.0,4.0,4.0,3.0,6.0,4.0,4.0,6.0,3.0,4.0,3.0,4.0,6.0,6.0,4.0,3.0,4.0,4.0,6.0,1.0,4.0,4.0,3.0,2.0,4.0,3.0,6.0,4.0,1.0,5.0,6.0,4.0,3.0,3.0,4.0,3.0,3.0,2,2,2,2,3,5.0,2,1.0,2.0,2.0,3.0,7,15.0,0,33.0,4.0,40.0,7,80.0,0.000758481
90300557,9.0,3,150,92,9,12.6,1.96,28,2.0,0.0,1.0,0.0,0.0,0.0,1.0,1.0,1.0,1.0,2.0,0.0,2.0,1.0,4.5,5.0,3.0,1.0,1930.0,1.0,1.0,3.0,6.0,5000.0,3.0,1,2,2,2,2,1.0,6.3,2.81,1.0,3.0,4.0,3.0,6.0,4.0,6.0,6.0,4.0,4.0,4.0,6.0,4.0,6.0,4.0,6.0,5.0,3.0,4.0,4.0,4.0,3.0,6.0,4.0,4.0,6.0,3.0,4.0,3.0,4.0,6.0,6.0,4.0,3.0,4.0,4.0,6.0,1.0,4.0,4.0,3.0,2.0,4.0,3.0,6.0,4.0,1.0,5.0,6.0,4.0,3.0,3.0,4.0,3.0,3.0,2,2,2,2,3,5.0,2,1.0,2.0,2.0,3.0,7,19.0,1,49.0,4.0,35.0,7,80.0,0.000758481
90300602,1.0,0,21,16,0,43.0,0.25,3,1.0,0.0,1.0,0.0,1.0,0.0,1.0,1.0,1.0,1.0,1.0,0.0,2.0,1.0,3.5,10.0,3.0,2.0,1962.0,1.0,1.0,2.0,6.0,5000.0,3.0,1,2,2,2,2,1.0,21.5,0.36,2.0,2.0,3.0,3.0,3.0,4.0,4.0,3.0,3.0,4.0,3.0,2.0,4.0,3.0,3.0,3.0,4.0,3.0,4.0,4.0,4.0,4.0,3.0,3.0,3.0,3.0,4.0,4.0,4.0,6.0,6.0,3.0,3.0,4.0,3.0,3.0,3.0,2.0,2.0,5.0,3.0,3.0,3.0,3.0,3.0,4.0,2.0,3.0,3.0,3.0,3.0,2.0,3.0,3.0,1.0,2,2,2,2,3,6.0,1,3.0,2.0,2.0,1.0,7,1.7,1,5.0,5.0,10.0,7,48.0,0.00087004
90300602,1.0,1,57,16,5,4.2,1.19,12,1.0,0.0,1.0,0.0,1.0,0.0,1.0,1.0,1.0,1.0,1.0,0.0,2.0,1.0,3.5,10.0,3.0,2.0,1962.0,1.0,1.0,2.0,6.0,5000.0,3.0,1,2,2,2,2,1.0,2.2,1.71,2.0,2.0,3.0,3.0,3.0,4.0,4.0,3.0,3.0,4.0,3.0,2.0,4.0,3.0,3.0,3.0,4.0,3.0,4.0,4.0,4.0,4.0,3.0,3.0,3.0,3.0,4.0,4.0,4.0,6.0,6.0,3.0,3.0,4.0,3.0,3.0,3.0,2.0,2.0,5.0,3.0,3.0,3.0,3.0,3.0,4.0,2.0,3.0,3.0,3.0,3.0,2.0,3.0,3.0,3.0,2,2,2,2,3,6.0,1,3.0,2.0,2.0,1.0,7,11.0,1,36.0,5.0,16.0,7,48.0,0.000367986
90300715,1.0,4,240,79,12,70.2,11.9,80,2.0,0.0,1.0,0.0,2.0,0.0,2.0,1.0,1.0,1.0,2.0,0.0,1.0,1.0,5.0,11.0,4.0,1.0,1962.0,1.0,3.0,1.0,6.0,7000.0,3.0,2,2,2,2,2,1.0,70.2,17.05,2.0,4.0,3.0,2.0,4.0,5.0,4.0,3.0,3.0,5.0,4.0,5.0,4.0,2.0,4.0,6.0,4.0,1.0,5.0,4.0,4.0,4.0,4.0,2.0,4.0,4.0,4.0,2.0,4.0,4.0,1.0,4.0,3.0,2.0,4.0,4.0,3.0,1.0,2.0,5.0,2.0,2.0,4.0,4.0,3.0,3.0,2.0,5.0,2.0,3.0,2.0,4.0,4.0,4.0,2.0,2,2,2,2,3,5.0,3,3.0,2.0,2.0,3.0,7,108.0,1,149.0,4.0,75.0,7,48.0,7.71e-05
90300745,2.0,2,69,22,8,6.0,1.08,15,2.0,0.0,1.0,0.0,2.0,0.0,2.0,1.0,1.0,1.0,2.0,0.0,1.0,1.0,5.0,11.0,4.0,1.0,1962.0,1.0,3.0,1.0,6.0,7000.0,3.0,2,2,2,2,2,1.0,6.0,1.55,2.0,4.0,3.0,2.0,4.0,5.0,4.0,3.0,3.0,5.0,4.0,5.0,4.0,2.0,4.0,6.0,4.0,1.0,5.0,4.0,4.0,4.0,4.0,2.0,4.0,4.0,4.0,2.0,4.0,4.0,1.0,4.0,3.0,2.0,4.0,4.0,3.0,1.0,2.0,5.0,2.0,2.0,4.0,4.0,3.0,3.0,2.0,5.0,2.0,3.0,2.0,4.0,4.0,4.0,1.0,2,2,2,2,3,5.0,2,3.0,2.0,2.0,3.0,7,8.5,0,39.0,4.0,55.0,7,48.0,9.82e-05
90300795,9.0,3,97,38,11,12.8,3.57,43,3.0,0.0,3.0,1.0,5.0,0.0,2.0,2.0,1.0,1.0,3.0,1.0,1.0,1.0,6.0,10.0,5.0,1.0,1962.0,1.0,3.0,1.0,6.0,9000.0,3.0,2,2,2,2,2,1.0,12.8,5.12,4.0,3.0,1.0,1.0,3.0,4.0,4.0,3.0,2.0,6.0,3.0,4.0,4.0,2.0,5.0,3.0,4.0,3.0,5.0,2.0,4.0,4.0,4.0,4.0,3.0,1.0,2.0,2.0,5.0,4.0,1.0,2.0,3.0,4.0,4.0,4.0,2.0,4.0,4.0,2.0,2.0,4.0,4.0,4.0,3.0,6.0,6.0,4.0,2.0,3.0,3.0,4.0,3.0,3.0,3.0,2,2,2,2,3,3.0,2,3.0,2.0,1.0,1.0,7,33.0,1,48.0,4.0,37.0,7,48.0,0.000367986
90300795,1.0,5,365,75,40,91.2,23.19,170,3.0,0.0,3.0,1.0,5.0,0.0,2.0,2.0,1.0,1.0,3.0,1.0,1.0,1.0,6.0,10.0,5.0,1.0,1962.0,1.0,3.0,1.0,6.0,9000.0,3.0,2,2,2,2,2,1.0,91.2,33.23,4.0,3.0,1.0,1.0,3.0,4.0,4.0,3.0,2.0,6.0,3.0,4.0,4.0,2.0,5.0,3.0,4.0,3.0,5.0,2.0,4.0,4.0,4.0,4.0,3.0,1.0,2.0,2.0,5.0,4.0,1.0,2.0,3.0,4.0,4.0,4.0,2.0,4.0,4.0,2.0,2.0,4.0,4.0,4.0,3.0,6.0,6.0,4.0,2.0,3.0,3.0,4.0,3.0,3.0,2.0,2,2,2,2,3,3.0,4,3.0,2.0,1.0,1.0,7,254.5,1,250.0,4.0,135.0,7,48.0,0.000258025
90300827,8.0,0,45,21,0,7.4,1.13,13,2.0,0.0,2.0,0.0,0.0,0.0,3.0,2.0,1.0,1.0,2.0,1.0,1.0,1.0,5.5,11.0,6.0,1.0,1951.0,1.0,3.0,1.0,3.0,15000.0,6.0,1,2,2,2,2,1.0,3.7,1.62,3.0,4.0,2.0,2.0,2.0,4.0,6.0,2.0,4.0,2.0,4.0,4.0,4.0,2.0,4.0,6.0,4.0,3.0,5.0,2.0,3.0,4.0,4.0,2.0,5.0,1.0,5.0,1.0,5.0,4.0,2.0,1.0,4.0,4.0,5.0,4.0,3.0,2.0,4.0,1.0,4.0,1.0,3.0,3.0,2.0,2.0,3.0,4.0,2.0,4.0,3.0,4.0,1.0,4.0,3.0,2,2,2,2,3,3.0,2,3.0,2.0,2.0,4.0,7,9.5,1,24.0,4.0,30.0,7,59.0,0.000109132
90300827,1.0,7,268,59,22,70.4,21.86,163,2.0,0.0,2.0,0.0,0.0,0.0,3.0,2.0,1.0,1.0,2.0,1.0,1.0,1.0,5.5,11.0,6.0,1.0,1951.0,1.0,3.0,1.0,3.0,15000.0,6.0,1,2,2,2,2,1.0,35.2,31.33,3.0,4.0,2.0,2.0,2.0,4.0,6.0,2.0,4.0,2.0,4.0,4.0,4.0,2.0,4.0,6.0,4.0,3.0,5.0,2.0,3.0,4.0,4.0,2.0,5.0,1.0,5.0,1.0,5.0,4.0,2.0,1.0,4.0,4.0,5.0,4.0,3.0,2.0,4.0,1.0,4.0,1.0,3.0,3.0,2.0,2.0,3.0,4.0,2.0,4.0,3.0,4.0,1.0,4.0,3.0,2,2,2,2,3,3.0,4,3.0,2.0,2.0,4.0,7,236.5,1,187.0,4.0,110.0,7,59.0,0.000109132
90300837,1.0,2,88,36,8,4.4,1.45,19,2.0,0.0,2.0,0.0,2.0,0.0,1.0,1.0,1.0,1.0,2.0,0.0,1.0,1.0,5.5,11.0,6.0,2.0,1953.0,1.0,2.0,1.0,6.0,15000.0,4.0,1,2,2,2,2,1.0,2.2,2.08,2.0,2.0,3.0,2.0,4.0,4.0,5.0,2.0,2.0,4.0,3.0,4.0,4.0,2.0,4.0,2.0,4.0,1.0,4.0,4.0,5.0,4.0,4.0,4.0,2.0,2.0,4.0,5.0,4.0,4.0,3.0,4.0,4.0,4.0,4.0,5.0,3.0,3.0,5.0,4.0,5.0,2.0,4.0,4.0,5.0,2.0,2.0,5.0,1.0,3.0,4.0,2.0,4.0,4.0,2.0,2,2,2,2,3,3.0,2,3.0,2.0,3.0,3.0,7,12.0,1,44.0,4.0,30.0,7,57.0,9.82e-05
90300838,1.0,3,207,89,16,17.0,5.49,45,2.0,0.0,2.0,0.0,2.0,0.0,1.0,1.0,1.0,1.0,2.0,0.0,1.0,1.0,5.5,11.0,6.0,1.0,1952.0,1.0,3.0,1.0,1.0,15000.0,6.0,1,2,2,2,2,1.0,8.5,7.87,2.0,4.0,2.0,3.0,3.0,5.0,5.0,2.0,2.0,5.0,2.0,5.0,4.0,2.0,5.0,1.0,1.0,1.0,4.0,5.0,4.0,3.0,4.0,2.0,2.0,4.0,1.0,1.0,4.0,4.0,1.0,2.0,3.0,3.0,4.0,2.0,3.0,2.0,4.0,4.0,1.0,4.0,4.0,4.0,5.0,2.0,2.0,4.0,1.0,3.0,4.0,4.0,1.0,4.0,3.0,2,2,2,2,3,4.0,4,1.0,2.0,2.0,3.0,7,55.6,1,102.0,4.0,75.0,7,58.0,0.000109132
90300909,9.0,0,19,13,0,4.4,0.32,4,2.0,0.0,2.0,0.0,2.0,0.0,2.0,2.0,1.0,1.0,2.0,1.0,2.0,1.0,4.5,15.0,6.0,2.0,1969.0,1.0,2.0,1.0,2.0,15000.0,7.0,2,2,2,2,2,1.0,4.4,0.46,2.0,3.0,3.0,4.0,3.0,4.0,5.0,2.0,4.0,5.0,2.0,2.0,4.0,3.0,4.0,4.0,4.0,2.0,4.0,2.0,5.0,3.0,4.0,3.0,2.0,2.0,2.0,2.0,4.0,4.0,2.0,1.0,2.0,2.0,4.0,4.0,3.0,2.0,2.0,4.0,2.0,2.0,4.0,3.0,2.0,2.0,2.0,4.0,2.0,2.0,4.0,3.0,4.0,4.0,3.0,2,2,2,2,3,5.0,2,3.0,2.0,2.0,3.0,7,2.0,2,6.0,4.0,10.0,7,41.0,0.000144039
90300909,1.0,4,130,47,14,10.6,3.67,35,2.0,0.0,2.0,0.0,2.0,0.0,2.0,2.0,1.0,1.0,2.0,1.0,2.0,1.0,4.5,15.0,6.0,2.0,1969.0,1.0,2.0,1.0,2.0,15000.0,7.0,2,2,2,2,2,1.0,10.6,5.26,2.0,3.0,3.0,4.0,3.0,4.0,5.0,2.0,4.0,5.0,2.0,2.0,4.0,3.0,4.0,4.0,4.0,2.0,4.0,2.0,5.0,3.0,4.0,3.0,2.0,2.0,2.0,2.0,4.0,4.0,2.0,1.0,2.0,2.0,4.0,4.0,3.0,2.0,2.0,4.0,2.0,2.0,4.0,3.0,2.0,2.0,2.0,4.0,2.0,2.0,4.0,3.0,4.0,4.0,2.0,2,2,2,2,3,5.0,2,3.0,2.0,2.0,3.0,7,39.0,1,69.0,4.0,40.0,7,41.0,0.000144039
90300910,9.0,0,19,13,0,4.4,0.3,4,2.0,0.0,2.0,0.0,2.0,0.0,2.0,2.0,1.0,1.0,2.0,1.0,2.0,1.0,4.5,15.0,6.0,2.0,1969.0,1.0,2.0,1.0,2.0,15000.0,7.0,2,2,2,2,2,1.0,4.4,0.43,2.0,3.0,3.0,4.0,3.0,4.0,5.0,2.0,4.0,5.0,2.0,2.0,4.0,3.0,4.0,4.0,4.0,2.0,4.0,2.0,5.0,3.0,4.0,3.0,2.0,2.0,2.0,2.0,4.0,4.0,2.0,1.0,2.0,2.0,4.0,4.0,3.0,2.0,2.0,4.0,2.0,2.0,4.0,3.0,2.0,2.0,2.0,4.0,2.0,2.0,4.0,3.0,4.0,4.0,3.0,2,2,2,2,3,5.0,2,3.0,2.0,2.0,3.0,7,1.9,2,6.0,4.0,10.0,7,41.0,0.000144039
90300943,3.0,1,68,23,3,3.0,1.32,19,1.0,0.0,1.0,0.0,0.0,0.0,1.0,1.0,2.0,1.0,1.0,0.0,1.0,1.0,3.0,6.0,1.0,1.0,1962.0,1.0,3.0,1.0,6.0,2000.0,3.0,2,2,2,2,2,1.0,3.0,1.89,3.0,3.0,3.0,3.0,4.0,3.0,3.0,3.0,3.0,3.0,3.0,3.0,3.0,3.0,3.0,3.0,4.0,3.0,3.0,3.0,3.0,3.0,3.0,3.0,3.0,3.0,3.0,3.0,6.0,3.0,6.0,3.0,3.0,6.0,4.0,4.0,4.0,5.0,3.0,3.0,5.0,5.0,3.0,5.0,3.0,3.0,5.0,3.0,5.0,5.0,5.0,5.0,3.0,5.0,1.0,2,2,2,2,3,5.0,1,3.0,2.0,2.0,1.0,7,9.0,1,42.0,7.0,510.0,7,48.0,0.0003213
90300953,1.0,2,84,36,2,9.0,1.91,23,2.0,0.0,1.0,0.0,2.0,0.0,2.0,2.0,1.0,1.0,2.0,0.0,1.0,1.0,7.0,22.0,4.0,2.0,1951.0,1.0,2.0,2.0,6.0,7000.0,3.0,1,2,2,2,2,1.0,4.5,2.74,4.0,5.0,3.0,2.0,4.0,4.0,5.0,1.0,3.0,3.0,6.0,3.0,4.0,1.0,5.0,1.0,4.0,1.0,3.0,1.0,4.0,2.0,1.0,2.0,4.0,4.0,1.0,3.0,5.0,4.0,1.0,4.0,4.0,3.0,4.0,2.0,3.0,4.0,3.0,2.0,4.0,3.0,2.0,2.0,2.0,3.0,1.0,4.0,3.0,1.0,3.0,4.0,4.0,3.0,2.0,2,2,2,2,3,5.0,3,1.0,2.0,1.0,1.0,7,14.9,0,46.0,5.0,45.0,7,59.0,0.000367986
90300953,1.0,0,32,27,0,6.0,0.28,3,2.0,0.0,1.0,0.0,2.0,0.0,2.0,2.0,1.0,1.0,2.0,0.0,1.0,1.0,7.0,22.0,4.0,2.0,1951.0,1.0,2.0,2.0,6.0,7000.0,3.0,1,2,2,2,2,1.0,3.0,0.4,4.0,5.0,3.0,2.0,4.0,4.0,5.0,1.0,3.0,3.0,6.0,3.0,4.0,1.0,5.0,1.0,4.0,1.0,3.0,1.0,4.0,2.0,1.0,2.0,4.0,4.0,1.0,3.0,5.0,4.0,1.0,4.0,4.0,3.0,4.0,2.0,3.0,4.0,3.0,2.0,4.0,3.0,2.0,2.0,2.0,3.0,1.0,4.0,3.0,1.0,3.0,4.0,4.0,3.0,1.0,2,2,2,2,3,5.0,3,1.0,2.0,1.0,1.0,7,1.2,2,5.0,5.0,12.0,7,59.0,0.000367986
90300998,11.0,0,42,12,0,3.0,1.06,10,2.0,0.0,1.0,0.0,2.0,0.0,2.0,1.0,1.0,1.0,2.0,0.0,1.0,1.0,5.0,11.0,4.0,1.0,1962.0,1.0,3.0,1.0,6.0,7000.0,3.0,2,2,2,2,2,1.0,3.0,1.52,2.0,4.0,3.0,2.0,4.0,5.0,4.0,3.0,3.0,5.0,4.0,5.0,4.0,2.0,4.0,6.0,4.0,1.0,5.0,4.0,4.0,4.0,4.0,2.0,4.0,4.0,4.0,2.0,4.0,4.0,1.0,4.0,3.0,2.0,4.0,4.0,3.0,1.0,2.0,5.0,2.0,2.0,4.0,4.0,3.0,3.0,2.0,5.0,2.0,3.0,2.0,4.0,4.0,4.0,3.0,2,2,2,2,3,5.0,1,3.0,2.0,2.0,3.0,7,9.5,1,30.0,4.0,20.0,7,48.0,9.82e-05
90301009,4.0,1,12,12,5,3.0,0.46,6,1.0,0.0,2.0,1.0,4.0,0.0,1.0,1.0,1.0,1.0,2.0,1.0,2.0,1.0,4.0,5.0,6.0,1.0,1950.0,1.0,2.0,1.0,1.0,15000.0,6.0,1,2,2,2,2,1.0,2.2,0.66,2.0,2.0,2.0,2.0,5.0,5.0,4.0,2.0,4.0,5.0,2.0,3.0,4.0,2.0,2.0,3.0,4.0,2.0,5.0,2.0,5.0,4.0,5.0,3.0,4.0,2.0,2.0,2.0,4.0,2.0,2.0,4.0,3.0,2.0,2.0,4.0,3.0,1.0,3.0,5.0,3.0,3.0,1.0,3.0,2.0,2.0,1.0,4.0,2.0,3.0,3.0,4.0,1.0,4.0,3.0,2,2,2,2,3,3.0,1,1.0,1.0,1.0,4.0,7,4.5,1,40.0,5.0,15.0,7,60.0,0.000109132
90301010,1.0,8,423,105,58,115.0,26.89,196,1.0,0.0,2.0,1.0,4.0,0.0,1.0,1.0,1.0,1.0,2.0,1.0,2.0,1.0,4.0,5.0,6.0,1.0,1950.0,1.0,2.0,1.0,1.0,15000.0,6.0,1,2,2,2,2,1.0,57.5,38.53,2.0,2.0,2.0,2.0,5.0,5.0,4.0,2.0,4.0,5.0,2.0,3.0,4.0,2.0,2.0,3.0,4.0,2.0,5.0,2.0,4.0,4.0,5.0,3.0,4.0,2.0,2.0,2.0,4.0,2.0,2.0,4.0,3.0,2.0,2.0,4.0,3.0,1.0,2.0,4.0,3.0,3.0,1.0,3.0,2.0,2.0,1.0,4.0,2.0,3.0,3.0,4.0,1.0,4.0,3.0,2,2,2,2,3,3.0,4,1.0,1.0,1.0,4.0,7,297.5,1,260.0,5.0,210.0,7,60.0,0.000109132
90301034,11.0,0,65,30,0,6.0,1.96,22,2.0,0.0,1.0,0.0,1.0,0.0,1.0,1.0,1.0,1.0,2.0,0.0,2.0,1.0,4.5,18.0,3.0,1.0,1944.0,1.0,2.0,9.0,3.0,5000.0,3.0,1,2,2,1,2,1.0,3.0,2.81,3.0,5.0,6.0,6.0,4.0,5.0,6.0,6.0,6.0,4.0,5.0,2.0,4.0,1.0,5.0,6.0,2.0,2.0,4.0,2.0,5.0,2.0,2.0,2.0,5.0,4.0,2.0,2.0,4.0,4.0,1.0,4.0,4.0,1.0,4.0,4.0,4.0,1.0,2.0,4.0,2.0,2.0,4.0,6.0,6.0,2.0,2.0,4.0,6.0,4.0,2.0,4.0,5.0,4.0,3.0,2,2,2,2,3,3.0,2,2.0,3.0,4.0,3.0,7,17.0,0,35.0,5.0,53.0,7,66.0,0.0003213
90301035,4.0,0,33,20,0,4.4,0.4,5,2.0,0.0,1.0,0.0,1.0,0.0,1.0,1.0,1.0,1.0,1.0,0.0,2.0,1.0,4.5,15.0,3.0,1.0,1944.0,1.0,2.0,9.0,3.0,5000.0,8.0,1,2,2,2,2,1.0,2.2,0.57,4.0,3.0,2.0,2.0,4.0,4.0,6.0,6.0,2.0,5.0,3.0,4.0,4.0,2.0,4.0,6.0,4.0,1.0,5.0,2.0,4.0,4.0,4.0,3.0,2.0,1.0,4.0,2.0,4.0,2.0,1.0,1.0,3.0,4.0,4.0,3.0,3.0,1.0,1.0,4.0,2.0,4.0,4.0,3.0,6.0,2.0,3.0,4.0,2.0,2.0,3.0,3.0,4.0,4.0,3.0,2,2,2,2,3,3.0,2,3.0,2.0,2.0,3.0,7,2.9,1,13.0,5.0,10.0,7,66.0,0.000125765
90301035,7.0,0,92,54,0,4.4,2.11,25,2.0,0.0,1.0,0.0,1.0,0.0,1.0,1.0,1.0,1.0,1.0,0.0,2.0,1.0,4.5,15.0,3.0,1.0,1944.0,1.0,2.0,9.0,3.0,5000.0,8.0,1,2,2,2,2,1.0,2.2,3.02,4.0,3.0,2.0,2.0,4.0,4.0,6.0,6.0,2.0,5.0,3.0,4.0,4.0,2.0,4.0,6.0,4.0,1.0,5.0,2.0,4.0,4.0,4.0,3.0,2.0,1.0,4.0,2.0,4.0,2.0,1.0,1.0,3.0,4.0,4.0,3.0,3.0,1.0,1.0,4.0,2.0,4.0,4.0,3.0,6.0,2.0,3.0,4.0,2.0,2.0,3.0,3.0,4.0,4.0,3.0,2,2,2,2,3,3.0,2,3.0,2.0,2.0,3.0,7,17.5,1,38.0,5.0,30.0,7,66.0,0.000125765
90301060,9.0,0,25,7,0,2.2,1.18,17,1.0,0.0,1.0,0.0,0.0,0.0,1.0,1.0,1.0,1.0,1.0,0.0,1.0,1.0,4.5,31.0,2.0,2.0,1943.0,1.0,1.0,9.0,6.0,3250.0,3.0,2,2,2,2,2,1.0,2.2,1.69,2.0,3.0,4.0,3.0,3.0,5.0,3.0,3.0,3.0,4.0,4.0,3.0,3.0,2.0,4.0,3.0,4.0,2.0,3.0,2.0,3.0,4.0,4.0,3.0,3.0,3.0,3.0,3.0,3.0,3.0,3.0,3.0,3.0,3.0,4.0,3.0,3.0,3.0,4.0,2.0,3.0,3.0,4.0,3.0,4.0,3.0,2.0,4.0,3.0,3.0,4.0,4.0,3.0,3.0,3.0,2,2,2,2,3,1.0,1,2.0,2.0,2.0,3.0,7,10.0,1,18.0,4.0,15.0,7,67.0,0.000288998
90301084,2.0,2,115,32,10,12.8,3.96,48,2.0,0.0,2.0,0.0,2.0,0.0,1.0,1.0,1.0,1.0,2.0,0.0,1.0,1.0,5.5,28.0,4.0,1.0,1943.0,1.0,2.0,9.0,3.0,7000.0,3.0,1,2,2,2,2,1.0,6.4,5.67,3.0,1.0,3.0,3.0,4.0,4.0,4.0,2.0,3.0,4.0,4.0,3.0,2.0,2.0,5.0,2.0,3.0,2.0,4.0,2.0,2.0,2.0,4.0,3.0,4.0,4.0,4.0,2.0,5.0,5.0,1.0,3.0,4.0,2.0,5.0,4.0,3.0,2.0,4.0,3.0,2.0,4.0,4.0,4.0,4.0,2.0,2.0,5.0,2.0,2.0,3.0,3.0,4.0,4.0,2.0,2,2,2,2,3,4.0,2,3.0,3.0,3.0,3.0,7,35.0,0,73.0,4.0,119.0,7,67.0,0.0003213
90301094,10.0,1,21,10,0,3.0,0.56,8,1.0,0.0,1.0,0.0,1.0,0.0,2.0,1.0,2.0,1.0,1.0,1.0,1.0,1.0,6.0,37.0,3.0,1.0,1933.0,1.0,1.0,9.0,6.0,5000.0,6.0,1,2,2,2,2,2.0,2.2,0.8,3.0,4.0,3.0,2.0,3.0,5.0,6.0,6.0,6.0,5.0,5.0,4.0,4.0,5.0,5.0,6.0,5.0,1.0,4.0,3.0,4.0,5.0,4.0,5.0,4.0,4.0,5.0,5.0,6.0,6.0,6.0,6.0,1.0,2.0,4.0,4.0,2.0,1.0,1.0,5.0,4.0,4.0,4.0,6.0,6.0,6.0,4.0,4.0,6.0,4.0,4.0,6.0,4.0,4.0,3.0,2,2,2,2,3,5.0,1,3.0,2.0,4.0,4.0,7,4.0,1,11.0,3.0,12.0,7,77.0,8.57e-05
90301094,4.0,1,29,10,2,3.0,0.73,10,1.0,0.0,1.0,0.0,1.0,0.0,2.0,1.0,2.0,1.0,1.0,1.0,1.0,1.0,6.0,37.0,3.0,1.0,1933.0,1.0,1.0,9.0,6.0,5000.0,6.0,1,2,2,2,2,2.0,2.2,1.05,3.0,4.0,3.0,2.0,3.0,5.0,6.0,6.0,6.0,5.0,5.0,4.0,4.0,5.0,5.0,6.0,5.0,1.0,4.0,3.0,4.0,5.0,4.0,5.0,4.0,4.0,5.0,5.0,6.0,6.0,6.0,6.0,1.0,2.0,4.0,4.0,2.0,1.0,1.0,5.0,4.0,4.0,4.0,6.0,6.0,6.0,4.0,4.0,6.0,4.0,4.0,6.0,4.0,4.0,3.0,2,2,2,2,3,5.0,1,3.0,2.0,4.0,4.0,7,6.5,1,17.0,3.0,10.0,7,77.0,8.57e-05
90301125,1.0,1,35,11,0,4.4,1.0,11,1.0,0.0,1.0,0.0,0.0,0.0,0.0,1.0,2.0,1.0,1.0,0.0,2.0,1.0,3.5,21.0,4.0,2.0,1934.0,1.0,1.0,9.0,3.0,7000.0,4.0,1,2,2,1,2,1.0,2.2,1.43,3.0,6.0,3.0,3.0,2.0,5.0,4.0,2.0,2.0,4.0,3.0,4.0,4.0,3.0,5.0,6.0,3.0,2.0,4.0,3.0,4.0,4.0,3.0,3.0,4.0,4.0,6.0,3.0,2.0,4.0,6.0,3.0,3.0,2.0,5.0,4.0,3.0,2.0,3.0,4.0,3.0,3.0,4.0,3.0,6.0,2.0,2.0,4.0,2.0,3.0,2.0,3.0,4.0,4.0,1.0,2,2,2,2,3,1.0,1,3.0,2.0,2.0,4.0,7,8.5,0,24.0,4.0,24.0,7,76.0,7.71e-05
90301125,1.0,0,40,14,0,2.2,1.11,13,1.0,0.0,1.0,0.0,0.0,0.0,0.0,1.0,2.0,1.0,1.0,0.0,2.0,1.0,3.5,21.0,4.0,2.0,1934.0,1.0,1.0,9.0,3.0,7000.0,4.0,1,2,2,1,2,1.0,2.2,1.59,3.0,6.0,3.0,3.0,2.0,5.0,4.0,2.0,2.0,4.0,3.0,4.0,4.0,3.0,5.0,6.0,3.0,2.0,4.0,3.0,4.0,4.0,3.0,3.0,4.0,4.0,6.0,3.0,2.0,4.0,6.0,3.0,3.0,2.0,5.0,4.0,3.0,2.0,3.0,4.0,3.0,3.0,4.0,3.0,6.0,2.0,2.0,4.0,2.0,3.0,2.0,3.0,4.0,4.0,1.0,2,2,2,2,3,1.0,1,3.0,2.0,2.0,4.0,7,9.5,0,26.0,4.0,29.0,7,76.0,7.71e-05
90301139,1.0,4,144,23,4,31.2,9.38,78,2.0,0.0,2.0,0.0,3.0,0.0,1.0,1.0,1.0,1.0,2.0,0.0,2.0,1.0,5.5,8.0,4.0,1.0,1956.0,1.0,5.0,1.0,3.0,7000.0,3.0,2,2,2,2,2,1.0,31.2,13.44,2.0,2.0,5.0,3.0,4.0,4.0,4.0,6.0,5.0,4.0,4.0,4.0,4.0,4.0,5.0,3.0,2.0,3.0,4.0,5.0,4.0,4.0,4.0,6.0,2.0,1.0,1.0,2.0,5.0,4.0,4.0,2.0,1.0,2.0,4.0,4.0,2.0,1.0,2.0,4.0,4.0,4.0,4.0,4.0,4.0,4.0,2.0,4.0,4.0,4.0,2.0,4.0,4.0,4.0,1.0,2,2,2,2,3,4.0,2,4.0,2.0,2.0,1.0,7,102.0,1,117.0,2.0,60.0,7,54.0,0.000409116
90301145,9.0,0,75,28,0,6.0,1.66,19,2.0,0.0,1.0,0.0,2.0,0.0,2.0,1.0,1.0,1.0,2.0,0.0,1.0,1.0,5.0,11.0,4.0,1.0,1962.0,1.0,3.0,1.0,6.0,7000.0,3.0,2,2,2,2,2,1.0,6.0,2.38,2.0,4.0,3.0,2.0,4.0,5.0,4.0,3.0,3.0,5.0,4.0,5.0,4.0,2.0,4.0,6.0,4.0,1.0,5.0,4.0,4.0,4.0,4.0,2.0,4.0,4.0,4.0,2.0,4.0,4.0,1.0,4.0,3.0,2.0,4.0,4.0,3.0,1.0,2.0,5.0,2.0,2.0,4.0,4.0,3.0,3.0,2.0,5.0,2.0,3.0,2.0,4.0,4.0,4.0,3.0,2,2,2,2,3,5.0,2,3.0,2.0,2.0,3.0,7,13.8,0,47.0,4.0,45.0,7,48.0,0.000109132
90302015,1.0,1,32,10,1,3.0,0.95,12,4.0,0.0,1.0,0.0,2.0,0.0,3.0,4.0,1.0,2.0,7.0,0.0,2.0,2.0,4.0,5.0,5.0,2.0,1990.0,3.0,6.0,8.0,8.0,9000.0,3.0,2,2,2,2,1,3.0,3.0,1.36,2.0,3.0,3.0,3.0,3.0,3.0,5.0,3.0,4.0,5.0,3.0,5.0,3.0,3.0,3.0,4.0,5.0,3.0,2.0,2.0,2.0,2.0,3.0,5.0,4.0,5.0,4.0,2.0,2.0,3.0,2.0,3.0,3.0,2.0,3.0,5.0,3.0,3.0,3.0,3.0,3.0,3.0,4.0,4.0,4.0,2.0,3.0,2.0,1.0,3.0,3.0,3.0,3.0,5.0,1.0,2,2,2,2,3,4.0,1,3.0,1.0,1.0,1.0,7,9.0,0,21.0,4.0,22.0,7,20.0,0.00087004
90302016,4.0,2,68,14,1,13.2,1.73,15,4.0,0.0,1.0,0.0,2.0,0.0,3.0,4.0,1.0,2.0,7.0,0.0,2.0,2.0,4.0,5.0,5.0,1.0,1966.0,3.0,3.0,1.0,6.0,9000.0,3.0,2,2,2,2,2,1.0,13.2,2.48,3.0,3.0,3.0,3.0,3.0,3.0,4.0,4.0,4.0,3.0,3.0,4.0,3.0,1.0,3.0,3.0,4.0,4.0,3.0,3.0,3.0,4.0,3.0,3.0,3.0,3.0,3.0,3.0,3.0,1.0,3.0,2.0,3.0,4.0,4.0,3.0,3.0,3.0,3.0,4.0,4.0,4.0,4.0,4.0,4.0,4.0,3.0,3.0,3.0,4.0,3.0,4.0,3.0,3.0,3.0,2,2,2,2,3,5.0,1,2.0,1.0,1.0,3.0,7,19.0,1,53.0,4.0,35.5,7,44.0,0.000409116
90302017,1.0,0,20,10,0,3.0,0.49,7,4.0,0.0,1.0,0.0,2.0,0.0,3.0,4.0,1.0,2.0,7.0,0.0,2.0,2.0,4.0,5.0,5.0,1.0,1991.0,3.0,6.0,8.0,7.0,9000.0,3.0,2,2,2,2,1,2.0,3.0,0.7,3.0,3.0,3.0,3.0,3.0,3.0,4.0,3.0,4.0,5.0,3.0,4.0,3.0,3.0,3.0,4.0,4.0,3.0,2.0,3.0,2.0,2.0,3.0,5.0,4.0,4.0,4.0,2.0,2.0,3.0,2.0,3.0,2.0,3.0,3.0,5.0,3.0,3.0,3.0,2.0,3.0,3.0,4.0,4.0,4.0,2.0,3.0,2.0,3.0,3.0,3.0,4.0,3.0,5.0,1.0,2,2,2,2,3,4.0,1,3.0,1.0,1.0,1.0,7,4.0,0,10.0,4.0,35.5,7,19.0,0.000610133
90302018,1.0,0,17,11,0,3.0,0.24,3,4.0,0.0,1.0,0.0,2.0,0.0,3.0,3.0,1.0,2.0,7.0,0.0,2.0,2.0,4.0,5.0,5.0,2.0,1968.0,3.0,3.0,1.0,6.0,9000.0,3.0,2,2,2,2,1,3.0,3.0,0.34,2.0,3.0,3.0,3.0,3.0,3.0,5.0,3.0,4.0,5.0,3.0,5.0,3.0,3.0,3.0,3.0,4.0,5.0,3.0,2.0,2.0,2.0,2.0,3.0,4.0,5.0,4.0,2.0,2.0,3.0,2.0,3.0,3.0,2.0,3.0,5.0,3.0,3.0,3.0,3.0,3.0,3.0,4.0,4.0,4.0,2.0,3.0,2.0,1.0,3.0,3.0,3.0,3.0,5.0,1.0,2,2,2,2,3,5.0,1,2.0,1.0,2.0,1.0,7,2.5,0,6.0,4.0,35.5,7,42.0,9.82e-05
90320070,9.0,3,205,16,49,55.0,0.0,0,1.0,0.0,1.0,0.0,1.0,0.0,1.0,1.0,1.0,1.0,1.0,0.0,1.0,1.0,6.0,31.0,4.0,2.0,1942.0,1.0,1.0,9.0,6.0,6101.0,2.0,1,2,2,1,2,3.0,27.5,0.0,3.0,4.0,5.0,3.0,2.0,4.0,3.0,4.0,4.0,5.0,5.0,4.0,4.0,3.0,5.0,3.0,4.0,1.0,1.0,3.0,3.0,3.0,2.0,3.0,4.0,4.0,4.0,4.0,6.0,4.0,6.0,4.0,4.0,2.0,4.0,3.0,3.0,2.0,2.0,4.0,3.0,4.0,4.0,4.0,6.0,3.0,3.0,4.0,3.0,3.0,4.0,4.0,4.0,4.0,3.0,2,2,2,2,3,5.0,1,3.0,2.0,2.0,4.0,7,0.0,0,140.0,4.0,45.0,7,68.0,0.00115614
90320178,2.0,4,382,46,15,138.0,36.33,262,5.0,3.0,1.0,0.0,5.0,2.0,2.0,1.0,1.0,1.0,2.0,1.0,1.0,1.0,5.0,4.0,4.0,1.0,1974.0,1.0,3.0,1.0,6.0,7000.0,4.0,2,2,1,2,2,1.0,0.0,52.06,5.0,3.0,1.0,1.0,4.0,4.0,4.0,4.0,4.0,4.0,4.0,2.0,6.0,2.0,4.0,2.0,2.0,1.0,3.0,2.0,4.0,2.0,3.0,2.0,5.0,3.0,3.0,2.0,5.0,5.0,2.0,4.0,3.0,2.0,4.0,4.0,2.0,1.0,2.0,4.0,4.0,2.0,3.0,4.0,4.0,2.0,1.0,5.0,3.0,3.0,2.0,4.0,4.0,3.0,1.0,2,2,2,2,3,4.0,2,3.0,2.0,2.0,4.0,7,404.0,0,321.0,4.0,390.0,7,36.0,0.000258025
90320178,9.0,0,21,20,0,6.0,0.11,0,5.0,3.0,1.0,0.0,5.0,2.0,2.0,1.0,1.0,1.0,2.0,1.0,1.0,1.0,5.0,4.0,4.0,1.0,1974.0,1.0,3.0,1.0,6.0,7000.0,4.0,2,2,1,2,2,1.0,0.0,0.16,5.0,3.0,1.0,1.0,4.0,4.0,4.0,4.0,4.0,4.0,4.0,2.0,6.0,2.0,4.0,2.0,2.0,1.0,3.0,2.0,4.0,2.0,3.0,2.0,5.0,3.0,3.0,2.0,5.0,5.0,2.0,4.0,3.0,2.0,4.0,4.0,2.0,1.0,2.0,4.0,4.0,2.0,3.0,4.0,4.0,2.0,1.0,5.0,3.0,3.0,2.0,4.0,4.0,3.0,3.0,2,2,2,2,3,4.0,2,3.0,2.0,2.0,4.0,7,0.7,2,1.0,4.0,20.0,7,36.0,0.000258025
90320344,4.0,0,41,16,0,6.0,1.02,15,5.0,2.0,2.0,0.0,5.0,0.0,3.0,1.0,1.0,1.0,5.0,0.0,1.0,1.0,7.0,16.0,5.0,2.0,1964.0,1.0,3.0,2.0,2.0,9000.0,6.0,1,2,2,2,2,1.0,3.0,1.46,4.0,4.0,2.0,3.0,3.0,5.0,4.0,2.0,4.0,4.0,3.0,2.0,4.0,2.0,4.0,1.0,5.0,2.0,4.0,5.0,4.0,2.0,4.0,4.0,4.0,4.0,2.0,2.0,5.0,4.0,1.0,4.0,2.0,2.0,3.0,4.0,2.0,1.0,2.0,4.0,2.0,2.0,3.0,4.0,5.0,2.0,2.0,4.0,2.0,2.0,3.0,4.0,4.0,4.0,3.0,2,2,2,2,3,5.0,2,3.0,2.0,2.0,3.0,7,7.1,0,25.0,4.0,27.0,7,46.0,9.82e-05
90320350,1.0,1,264,42,16,73.0,20.72,161,2.0,0.0,2.0,1.0,2.0,0.0,2.0,2.0,1.0,1.0,2.0,0.0,1.0,1.0,6.0,26.0,1.0,1.0,1943.0,1.0,2.0,9.0,2.0,2000.0,7.0,2,2,1,2,2,1.0,0.0,29.69,5.0,5.0,2.0,3.0,4.0,5.0,3.0,3.0,3.0,5.0,4.0,2.0,3.0,3.0,4.0,6.0,4.0,3.0,4.0,2.0,5.0,3.0,3.0,5.0,4.0,5.0,2.0,4.0,4.0,4.0,2.0,4.0,5.0,3.0,5.0,4.0,3.0,4.0,2.0,4.0,2.0,4.0,4.0,3.0,6.0,2.0,4.0,4.0,6.0,4.0,2.0,4.0,1.0,4.0,1.0,2,2,2,2,3,5.0,4,3.0,2.0,2.0,3.0,7,221.5,0,206.0,4.0,164.0,7,67.0,0.000125765
90320365,4.0,0,27,14,0,3.0,0.88,15,2.0,0.0,1.0,0.0,2.0,0.0,1.0,1.0,1.0,1.0,2.0,2.0,2.0,2.0,4.5,1.0,6.0,1.0,1929.0,1.0,2.0,9.0,1.0,15000.0,3.0,2,1,2,2,2,1.0,0.0,1.26,1.0,2.0,4.0,4.0,2.0,4.0,4.0,3.0,3.0,5.0,5.0,5.0,5.0,5.0,5.0,5.0,5.0,4.0,4.0,4.0,4.0,4.0,4.0,3.0,4.0,3.0,4.0,4.0,4.0,3.0,4.0,3.0,3.0,3.0,3.0,3.0,3.0,1.0,2.0,3.0,3.0,2.0,3.0,3.0,3.0,3.0,3.0,4.0,4.0,4.0,4.0,4.0,4.0,4.0,3.0,2,2,2,2,3,1.0,1,1.0,2.0,2.0,3.0,7,6.5,0,13.0,3.0,15.0,7,81.0,0.000758481
90320365,7.0,0,27,14,0,3.0,0.88,15,2.0,0.0,1.0,0.0,2.0,0.0,1.0,1.0,1.0,1.0,2.0,2.0,2.0,2.0,4.5,1.0,6.0,1.0,1929.0,1.0,2.0,9.0,1.0,15000.0,3.0,2,1,2,2,2,1.0,0.0,1.26,1.0,2.0,4.0,4.0,2.0,4.0,4.0,3.0,3.0,5.0,5.0,5.0,5.0,5.0,5.0,5.0,5.0,4.0,4.0,4.0,4.0,4.0,4.0,3.0,4.0,3.0,4.0,4.0,4.0,3.0,4.0,3.0,3.0,3.0,3.0,3.0,3.0,1.0,2.0,3.0,3.0,2.0,3.0,3.0,3.0,3.0,3.0,4.0,4.0,4.0,4.0,4.0,4.0,4.0,3.0,2,2,2,2,3,1.0,1,1.0,2.0,2.0,3.0,7,6.5,0,13.0,3.0,0.0,7,81.0,0.000758481
90320365,4.0,0,27,14,0,3.0,0.88,15,2.0,0.0,1.0,0.0,2.0,0.0,1.0,1.0,1.0,1.0,2.0,2.0,2.0,2.0,4.5,1.0,6.0,1.0,1929.0,1.0,2.0,9.0,1.0,15000.0,3.0,2,1,2,2,2,1.0,0.0,1.26,1.0,2.0,4.0,4.0,2.0,4.0,4.0,3.0,3.0,5.0,5.0,5.0,5.0,5.0,5.0,5.0,5.0,4.0,4.0,4.0,4.0,4.0,4.0,3.0,4.0,3.0,4.0,4.0,4.0,3.0,4.0,3.0,3.0,3.0,3.0,3.0,3.0,1.0,2.0,3.0,3.0,2.0,3.0,3.0,3.0,3.0,3.0,4.0,4.0,4.0,4.0,4.0,4.0,4.0,3.0,2,2,2,2,3,1.0,1,1.0,2.0,2.0,3.0,7,6.5,0,13.0,3.0,0.0,7,81.0,0.000758481
90320388,1.0,2,107,30,10,12.8,4.39,45,5.0,3.0,2.0,0.0,2.0,0.0,2.0,1.0,1.0,2.0,2.0,1.0,2.0,2.0,5.5,22.0,6.0,1.0,1976.0,1.0,3.0,1.0,3.0,15000.0,6.0,1,2,2,2,2,1.0,6.4,6.29,2.0,3.0,4.0,2.0,3.0,4.0,5.0,3.0,2.0,5.0,4.0,3.0,3.0,2.0,2.0,4.0,4.0,1.0,4.0,6.0,4.0,4.0,4.0,2.0,5.0,3.0,1.0,2.0,5.0,2.0,2.0,2.0,2.0,2.0,3.0,4.0,4.0,3.0,4.0,1.0,2.0,2.0,4.0,4.0,2.0,2.0,2.0,5.0,4.0,4.0,2.0,4.0,4.0,4.0,1.0,2,2,2,2,3,3.0,2,2.0,2.0,2.0,3.0,7,45.0,1,67.0,5.0,50.0,7,34.0,0.000258025
90320388,11.0,0,17,14,0,3.0,0.16,2,5.0,3.0,2.0,0.0,2.0,0.0,2.0,1.0,1.0,2.0,2.0,1.0,2.0,2.0,5.5,22.0,6.0,1.0,1976.0,1.0,3.0,1.0,3.0,15000.0,6.0,1,2,2,2,2,1.0,2.2,0.23,2.0,3.0,4.0,2.0,3.0,4.0,5.0,3.0,2.0,5.0,4.0,3.0,3.0,2.0,2.0,4.0,4.0,1.0,4.0,6.0,4.0,4.0,4.0,2.0,5.0,3.0,1.0,2.0,5.0,2.0,2.0,2.0,2.0,2.0,3.0,4.0,4.0,3.0,4.0,1.0,2.0,2.0,4.0,4.0,2.0,2.0,2.0,5.0,4.0,4.0,2.0,4.0,4.0,4.0,3.0,2,2,2,2,3,3.0,1,2.0,2.0,2.0,3.0,7,1.2,1,3.0,5.0,5.0,7,34.0,0.000258025
90320388,11.0,0,15,14,0,3.0,0.16,2,5.0,3.0,2.0,0.0,2.0,0.0,2.0,1.0,1.0,2.0,2.0,1.0,2.0,2.0,5.5,22.0,6.0,1.0,1976.0,1.0,3.0,1.0,3.0,15000.0,6.0,1,2,2,2,2,1.0,2.2,0.23,2.0,3.0,4.0,2.0,3.0,4.0,5.0,3.0,2.0,5.0,4.0,3.0,3.0,2.0,2.0,4.0,4.0,1.0,4.0,6.0,4.0,4.0,4.0,2.0,5.0,3.0,1.0,2.0,5.0,2.0,2.0,2.0,2.0,2.0,3.0,4.0,4.0,3.0,4.0,1.0,2.0,2.0,4.0,4.0,2.0,2.0,2.0,5.0,4.0,4.0,2.0,4.0,4.0,4.0,3.0,2,2,2,2,3,3.0,1,2.0,2.0,2.0,3.0,7,1.2,1,1.0,5.0,5.0,7,34.0,0.000258025
90320388,1.0,3,123,28,21,12.8,4.39,45,5.0,3.0,2.0,0.0,2.0,0.0,2.0,1.0,1.0,2.0,2.0,1.0,2.0,2.0,5.5,22.0,6.0,1.0,1976.0,1.0,3.0,1.0,3.0,15000.0,6.0,1,2,2,2,2,1.0,6.4,6.29,2.0,3.0,4.0,2.0,3.0,4.0,5.0,3.0,2.0,5.0,4.0,3.0,3.0,2.0,2.0,4.0,4.0,1.0,4.0,6.0,4.0,4.0,4.0,2.0,5.0,3.0,1.0,2.0,5.0,2.0,2.0,2.0,2.0,2.0,3.0,4.0,4.0,3.0,4.0,1.0,2.0,2.0,4.0,4.0,2.0,2.0,2.0,5.0,4.0,4.0,2.0,4.0,4.0,4.0,1.0,2,2,2,2,3,3.0,2,2.0,2.0,2.0,3.0,7,45.0,1,74.0,5.0,55.0,7,34.0,0.000258025
90320450,6.0,1,45,20,4,3.0,0.69,10,1.0,0.0,1.0,0.0,1.0,0.0,1.0,1.0,1.0,1.0,1.0,0.0,2.0,2.0,3.0,20.0,3.0,1.0,1954.0,1.0,1.0,3.0,6.0,5000.0,3.0,1,2,2,2,2,1.0,2.2,0.99,1.0,1.0,6.0,6.0,6.0,4.0,3.0,3.0,3.0,5.0,3.0,5.0,5.0,3.0,3.0,6.0,5.0,1.0,5.0,5.0,5.0,5.0,5.0,3.0,3.0,5.0,3.0,2.0,4.0,6.0,6.0,6.0,3.0,3.0,3.0,3.0,3.0,1.0,3.0,4.0,1.0,3.0,3.0,4.0,3.0,3.0,3.0,5.0,1.0,3.0,3.0,3.0,3.0,3.0,3.0,2,2,2,2,3,4.0,1,3.0,2.0,2.0,2.0,7,5.0,1,21.0,5.0,10.0,7,56.0,0.000409116
90320450,9.0,1,64,29,3,4.2,13.38,99,1.0,0.0,1.0,0.0,1.0,0.0,1.0,1.0,1.0,1.0,1.0,0.0,2.0,2.0,3.0,20.0,3.0,1.0,1954.0,1.0,1.0,3.0,6.0,5000.0,3.0,1,2,2,2,2,1.0,2.2,19.17,1.0,1.0,6.0,6.0,6.0,4.0,3.0,3.0,3.0,5.0,3.0,5.0,5.0,3.0,3.0,6.0,5.0,1.0,5.0,5.0,5.0,5.0,5.0,3.0,3.0,5.0,3.0,2.0,4.0,6.0,6.0,6.0,3.0,3.0,3.0,3.0,3.0,1.0,3.0,4.0,1.0,3.0,3.0,4.0,3.0,3.0,3.0,5.0,1.0,3.0,3.0,3.0,3.0,3.0,3.0,2,2,2,2,3,4.0,1,3.0,2.0,2.0,2.0,7,141.0,1,32.0,5.0,35.5,7,56.0,0.000409116
90320450,4.0,1,45,20,4,3.0,0.69,10,1.0,0.0,1.0,0.0,1.0,0.0,1.0,1.0,1.0,1.0,1.0,0.0,2.0,2.0,3.0,20.0,3.0,1.0,1954.0,1.0,1.0,3.0,6.0,5000.0,3.0,1,2,2,2,2,1.0,2.2,0.99,1.0,1.0,6.0,6.0,6.0,4.0,3.0,3.0,3.0,5.0,3.0,5.0,5.0,3.0,3.0,6.0,5.0,1.0,5.0,5.0,5.0,5.0,5.0,3.0,3.0,5.0,3.0,2.0,4.0,6.0,6.0,6.0,3.0,3.0,3.0,3.0,3.0,1.0,3.0,4.0,1.0,3.0,3.0,4.0,3.0,3.0,3.0,5.0,1.0,3.0,3.0,3.0,3.0,3.0,3.0,2,2,2,2,3,4.0,1,3.0,2.0,2.0,2.0,7,5.0,1,21.0,5.0,10.0,7,56.0,0.000409116
90320560,9.0,0,49,22,0,6.0,1.8,26,2.0,0.0,1.0,0.0,5.0,0.0,1.0,1.0,1.0,1.0,2.0,0.0,2.0,1.0,5.5,14.0,4.0,1.0,1958.0,1.0,2.0,1.0,3.0,7000.0,4.0,1,2,2,2,2,1.0,3.0,2.58,5.0,4.0,1.0,1.0,3.0,5.0,5.0,6.0,5.0,6.0,5.0,6.0,4.0,1.0,5.0,1.0,1.0,1.0,3.0,1.0,3.0,3.0,1.0,1.0,5.0,5.0,3.0,1.0,1.0,5.0,1.0,5.0,4.0,3.0,4.0,4.0,3.0,3.0,3.0,3.0,2.0,2.0,4.0,3.0,5.0,3.0,4.0,4.0,3.0,2.0,2.0,4.0,3.0,4.0,3.0,2,2,2,2,3,5.0,2,1.0,3.0,2.0,4.0,7,13.0,1,27.0,4.0,30.0,7,52.0,0.000109132
90320560,1.0,1,75,23,4,6.0,1.98,30,2.0,0.0,1.0,0.0,5.0,0.0,1.0,1.0,1.0,1.0,2.0,0.0,2.0,1.0,5.5,14.0,4.0,1.0,1958.0,1.0,2.0,1.0,3.0,7000.0,4.0,1,2,2,2,2,1.0,3.0,2.84,5.0,4.0,1.0,1.0,3.0,5.0,5.0,6.0,5.0,6.0,5.0,6.0,4.0,1.0,5.0,1.0,1.0,1.0,3.0,1.0,3.0,3.0,1.0,1.0,5.0,5.0,3.0,1.0,1.0,5.0,1.0,5.0,4.0,3.0,4.0,4.0,3.0,3.0,3.0,3.0,2.0,2.0,4.0,3.0,5.0,3.0,4.0,4.0,3.0,2.0,2.0,4.0,3.0,4.0,2.0,2,2,2,2,3,5.0,2,1.0,3.0,2.0,4.0,7,14.0,0,48.0,4.0,56.0,7,52.0,0.000109132
90320623,2.0,1,55,16,2,4.2,1.89,24,2.0,1.0,1.0,0.0,2.0,1.0,1.0,1.0,1.0,2.0,1.0,0.0,2.0,2.0,4.0,3.0,2.0,2.0,1963.0,1.0,4.0,2.0,6.0,3250.0,3.0,1,2,2,2,2,1.0,2.2,2.71,3.0,4.0,3.0,3.0,6.0,5.0,4.0,1.0,2.0,5.0,1.0,1.0,5.0,3.0,4.0,3.0,4.0,1.0,5.0,4.0,5.0,5.0,1.0,3.0,5.0,4.0,1.0,1.0,5.0,5.0,1.0,4.0,2.0,1.0,4.0,5.0,1.0,1.0,1.0,5.0,1.0,3.0,4.0,3.0,2.0,1.0,1.0,4.0,1.0,1.0,2.0,3.0,4.0,5.0,1.0,2,2,2,2,3,4.0,1,3.0,2.0,1.0,4.0,7,17.0,0,37.0,2.0,46.0,7,47.0,0.000367986
90320643,4.0,2,54,21,4,6.0,1.8,26,1.0,0.0,1.0,0.0,1.0,0.0,1.0,2.0,1.0,1.0,1.0,0.0,2.0,1.0,4.5,29.0,3.0,2.0,1953.0,1.0,1.0,2.0,6.0,5000.0,3.0,1,2,2,2,2,1.0,3.0,2.58,4.0,4.0,3.0,3.0,3.0,4.0,4.0,2.0,3.0,3.0,4.0,2.0,4.0,2.0,4.0,6.0,2.0,1.0,4.0,2.0,4.0,2.0,2.0,2.0,4.0,4.0,3.0,4.0,4.0,4.0,2.0,4.0,3.0,2.0,4.0,2.0,2.0,2.0,3.0,3.0,2.0,4.0,4.0,4.0,3.0,2.0,2.0,4.0,2.0,2.0,4.0,3.0,4.0,4.0,3.0,2,2,2,2,3,2.0,2,3.0,2.0,2.0,3.0,7,12.5,0,29.0,4.0,41.0,7,57.0,0.000367986
90320647,3.0,0,9,8,0,3.0,0.48,5,3.0,0.0,1.0,1.0,3.0,0.0,2.0,1.0,1.0,1.0,2.0,1.0,2.0,1.0,4.0,20.0,5.0,2.0,1958.0,1.0,3.0,4.0,4.0,9000.0,3.0,1,2,2,2,2,2.0,2.2,0.69,4.0,3.0,3.0,3.0,5.0,5.0,3.0,3.0,3.0,4.0,3.0,5.0,5.0,3.0,5.0,3.0,4.0,2.0,3.0,4.0,4.0,2.0,3.0,4.0,2.0,4.0,3.0,4.0,4.0,4.0,1.0,4.0,4.0,3.0,4.0,2.0,3.0,1.0,1.0,4.0,2.0,2.0,4.0,4.0,4.0,3.0,2.0,5.0,2.0,3.0,3.0,4.0,4.0,3.0,2.0,2,2,2,2,3,4.0,2,1.0,3.0,3.0,3.0,7,3.6,2,1.0,3.0,35.5,7,52.0,0.000367986
90320647,10.0,1,76,32,2,51.8,1.27,18,3.0,0.0,1.0,1.0,3.0,0.0,2.0,1.0,1.0,1.0,2.0,1.0,2.0,1.0,4.0,20.0,5.0,2.0,1958.0,1.0,3.0,4.0,4.0,9000.0,3.0,1,2,2,2,2,2.0,25.9,1.82,4.0,3.0,3.0,3.0,5.0,5.0,3.0,3.0,3.0,4.0,3.0,5.0,5.0,3.0,5.0,3.0,4.0,2.0,3.0,4.0,4.0,2.0,3.0,4.0,2.0,4.0,3.0,4.0,4.0,4.0,1.0,4.0,4.0,3.0,4.0,2.0,3.0,1.0,1.0,4.0,2.0,2.0,4.0,4.0,4.0,3.0,2.0,5.0,2.0,3.0,3.0,4.0,4.0,3.0,3.0,2,2,2,2,3,4.0,2,1.0,3.0,3.0,3.0,7,10.5,0,42.0,3.0,49.0,7,52.0,0.000367986
90320660,10.0,1,99,35,5,61.8,2.81,32,2.0,0.0,3.0,0.0,0.0,0.0,2.0,4.0,1.0,1.0,3.0,0.0,2.0,1.0,5.5,2.0,6.0,1.0,1945.0,1.0,5.0,9.0,1.0,15000.0,3.0,2,2,2,2,2,1.0,61.8,4.03,5.0,5.0,1.0,1.0,3.0,5.0,5.0,3.0,3.0,3.0,2.0,3.0,5.0,2.0,2.0,3.0,3.0,2.0,5.0,3.0,5.0,5.0,5.0,4.0,2.0,1.0,3.0,2.0,1.0,3.0,3.0,4.0,3.0,4.0,5.0,5.0,3.0,1.0,5.0,3.0,4.0,1.0,3.0,3.0,3.0,3.0,4.0,5.0,2.0,3.0,2.0,3.0,4.0,4.0,3.0,2,2,2,2,3,5.0,5,1.0,2.0,2.0,4.0,7,24.4,1,59.0,2.0,55.0,7,65.0,0.0003213
90320676,4.0,3,198,40,36,27.6,11.21,90,5.0,0.0,1.0,0.0,4.0,0.0,4.0,1.0,1.0,1.0,5.0,0.0,1.0,2.0,6.5,21.0,6.0,1.0,1988.0,1.0,6.0,8.0,6.0,15000.0,5.0,2,2,1,2,2,2.0,0.0,16.06,4.0,5.0,2.0,6.0,2.0,5.0,2.0,4.0,2.0,6.0,2.0,5.0,5.0,2.0,3.0,6.0,4.0,1.0,6.0,2.0,4.0,4.0,2.0,2.0,4.0,4.0,2.0,5.0,4.0,5.0,2.0,4.0,2.0,4.0,5.0,4.0,3.0,3.0,3.0,3.0,4.0,2.0,2.0,3.0,6.0,2.0,2.0,4.0,2.0,2.0,1.0,3.0,4.0,4.0,3.0,2,2,2,2,3,4.0,2,2.0,2.0,3.0,1.0,7,119.0,0,122.0,3.0,129.0,7,22.0,0.000258025
90320677,1.0,0,55,25,0,6.0,1.74,25,5.0,0.0,1.0,0.0,4.0,0.0,4.0,1.0,1.0,1.0,5.0,0.0,1.0,1.0,6.5,22.0,6.0,1.0,1951.0,1.0,3.0,1.0,3.0,15000.0,7.0,2,2,1,2,2,1.0,0.0,2.49,4.0,4.0,1.0,2.0,4.0,5.0,5.0,1.0,2.0,4.0,5.0,3.0,4.0,1.0,5.0,6.0,4.0,1.0,5.0,3.0,5.0,1.0,1.0,3.0,5.0,4.0,6.0,2.0,5.0,4.0,1.0,4.0,3.0,1.0,5.0,3.0,1.0,1.0,2.0,4.0,2.0,4.0,3.0,2.0,2.0,1.0,1.0,5.0,1.0,3.0,2.0,2.0,4.0,5.0,2.0,2,2,2,2,3,1.0,2,1.0,2.0,2.0,4.0,7,12.0,0,30.0,4.0,40.0,7,59.0,0.000160139
90320677,1.0,0,55,25,0,6.0,1.74,25,5.0,0.0,1.0,0.0,4.0,0.0,4.0,1.0,1.0,1.0,5.0,0.0,1.0,1.0,6.5,22.0,6.0,1.0,1951.0,1.0,3.0,1.0,3.0,15000.0,7.0,2,2,1,2,2,1.0,0.0,2.49,4.0,4.0,1.0,2.0,4.0,5.0,5.0,1.0,2.0,4.0,5.0,3.0,4.0,1.0,5.0,6.0,4.0,1.0,5.0,3.0,5.0,1.0,1.0,3.0,5.0,4.0,6.0,2.0,5.0,4.0,1.0,4.0,3.0,1.0,5.0,3.0,1.0,1.0,2.0,4.0,2.0,4.0,3.0,2.0,2.0,1.0,1.0,5.0,1.0,3.0,2.0,2.0,4.0,5.0,1.0,2,2,2,2,3,1.0,2,1.0,2.0,2.0,4.0,7,12.0,0,30.0,4.0,50.0,7,59.0,0.000160139
90320680,11.0,1,52,22,2,6.0,1.68,28,2.0,0.0,1.0,0.0,1.0,0.0,2.0,0.0,1.0,1.0,2.0,0.0,1.0,1.0,6.0,23.0,5.0,2.0,1943.0,1.0,2.0,9.0,2.0,9000.0,7.0,1,1,2,1,2,1.0,3.0,2.41,1.0,2.0,4.0,3.0,1.0,3.0,5.0,1.0,4.0,5.0,5.0,1.0,5.0,1.0,4.0,6.0,2.0,1.0,4.0,3.0,2.0,2.0,2.0,2.0,5.0,5.0,3.0,1.0,5.0,4.0,1.0,4.0,3.0,2.0,5.0,2.0,2.0,3.0,3.0,3.0,1.0,4.0,5.0,4.0,6.0,1.0,1.0,5.0,6.0,2.0,4.0,4.0,4.0,4.0,3.0,2,2,2,2,3,6.0,2,1.0,3.0,3.0,3.0,7,12.0,0,28.0,4.0,35.0,7,67.0,0.000113121
90320680,2.0,0,56,40,0,6.0,1.26,18,2.0,0.0,1.0,0.0,1.0,0.0,2.0,0.0,1.0,1.0,2.0,0.0,1.0,1.0,6.0,23.0,5.0,2.0,1943.0,1.0,2.0,9.0,2.0,9000.0,7.0,1,1,2,1,2,1.0,3.0,1.81,1.0,2.0,4.0,3.0,1.0,3.0,5.0,1.0,4.0,5.0,5.0,1.0,5.0,1.0,4.0,6.0,2.0,1.0,4.0,3.0,2.0,2.0,2.0,2.0,5.0,5.0,3.0,1.0,5.0,4.0,1.0,4.0,3.0,2.0,5.0,2.0,2.0,3.0,3.0,3.0,1.0,4.0,5.0,4.0,6.0,1.0,1.0,5.0,6.0,2.0,4.0,4.0,4.0,4.0,1.0,2,2,2,2,3,6.0,2,1.0,3.0,3.0,3.0,7,10.5,0,16.0,4.0,34.0,7,67.0,0.000113121
90320689,7.0,0,53,19,0,6.0,1.75,25,5.0,3.0,1.0,0.0,5.0,2.0,2.0,1.0,1.0,1.0,2.0,0.0,1.0,1.0,5.0,3.0,4.0,2.0,1968.0,1.0,3.0,2.0,3.0,8418.0,4.0,1,2,2,1,2,2.0,3.0,2.51,3.0,3.0,3.0,3.0,4.0,4.0,4.0,3.0,4.0,4.0,4.0,2.0,2.0,2.0,4.0,4.0,4.0,1.0,4.0,2.0,5.0,3.0,4.0,4.0,4.0,4.0,2.0,4.0,2.0,2.0,2.0,4.0,3.0,4.0,4.0,4.0,3.0,2.0,3.0,4.0,2.0,3.0,3.0,4.0,4.0,3.0,2.0,5.0,3.0,3.0,3.0,3.0,3.0,3.0,3.0,2,2,2,2,3,6.0,2,4.0,2.0,1.0,3.0,7,14.0,0,34.0,4.0,37.0,7,42.0,9.82e-05
90320692,1.0,1,116,55,2,14.2,2.53,38,4.0,0.0,2.0,0.0,2.0,0.0,4.0,0.0,1.0,1.0,4.0,0.0,1.0,2.0,6.0,20.0,6.0,2.0,1990.0,1.0,6.0,8.0,6.0,15000.0,2.0,1,1,2,2,1,2.0,7.1,3.63,1.0,6.0,5.0,1.0,5.0,5.0,4.0,1.0,4.0,5.0,3.0,5.0,4.0,1.0,4.0,6.0,2.0,1.0,2.0,2.0,5.0,5.0,3.0,4.0,5.0,1.0,5.0,1.0,5.0,5.0,1.0,4.0,4.0,2.0,5.0,5.0,1.0,3.0,1.0,4.0,3.0,2.0,5.0,4.0,4.0,4.0,2.0,2.0,1.0,3.0,2.0,5.0,5.0,4.0,3.0,2,2,2,2,3,4.0,5,3.0,2.0,4.0,4.0,7,17.6,0,59.0,4.0,87.0,7,20.0,0.003480603
90320693,1.0,9,57,24,0,6.0,1.71,25,4.0,0.0,2.0,0.0,3.0,3.0,4.0,1.0,1.0,1.0,4.0,1.0,1.0,1.0,6.0,22.0,6.0,1.0,1955.0,1.0,3.0,1.0,3.0,15000.0,4.0,1,2,2,1,2,1.0,3.0,2.45,3.0,4.0,2.0,3.0,4.0,5.0,5.0,2.0,3.0,4.0,2.0,2.0,4.0,2.0,2.0,2.0,5.0,3.0,5.0,5.0,4.0,2.0,3.0,4.0,4.0,5.0,3.0,2.0,4.0,4.0,1.0,5.0,4.0,3.0,4.0,4.0,5.0,1.0,2.0,4.0,2.0,4.0,4.0,4.0,5.0,4.0,4.0,2.0,2.0,3.0,3.0,4.0,4.0,4.0,2.0,2,2,2,2,3,4.0,2,2.0,3.0,3.0,4.0,7,12.5,0,33.0,5.0,32.0,7,55.0,0.000109132
90320693,1.0,0,54,24,0,6.0,1.71,25,4.0,0.0,2.0,0.0,3.0,3.0,4.0,1.0,1.0,1.0,4.0,1.0,1.0,1.0,6.0,22.0,6.0,1.0,1955.0,1.0,3.0,1.0,3.0,15000.0,4.0,1,2,2,1,2,1.0,3.0,2.45,3.0,4.0,2.0,3.0,4.0,5.0,5.0,2.0,3.0,4.0,2.0,2.0,4.0,2.0,2.0,2.0,5.0,3.0,5.0,5.0,4.0,2.0,3.0,4.0,4.0,5.0,3.0,2.0,4.0,4.0,1.0,5.0,4.0,3.0,4.0,4.0,5.0,1.0,2.0,4.0,2.0,4.0,4.0,4.0,5.0,4.0,4.0,2.0,2.0,3.0,3.0,4.0,4.0,4.0,1.0,2,2,2,2,3,4.0,2,2.0,3.0,3.0,4.0,7,12.5,0,30.0,5.0,36.0,7,55.0,0.000109132
90320700,1.0,2,28,9,4,3.0,1.17,16,2.0,1.0,1.0,0.0,1.0,1.0,2.0,1.0,1.0,2.0,1.0,0.0,1.0,1.0,6.0,2.0,4.0,2.0,1968.0,1.0,4.0,6.0,4.0,7000.0,4.0,2,2,2,1,2,1.0,0.0,1.68,2.0,3.0,2.0,2.0,3.0,5.0,4.0,2.0,3.0,4.0,3.0,2.0,4.0,3.0,4.0,2.0,5.0,1.0,5.0,5.0,4.0,4.0,1.0,2.0,5.0,4.0,4.0,4.0,4.0,4.0,1.0,4.0,3.0,3.0,5.0,4.0,3.0,2.0,3.0,4.0,2.0,3.0,4.0,4.0,3.0,3.0,3.0,5.0,1.0,1.0,4.0,3.0,4.0,4.0,1.0,2,2,2,2,3,2.0,1,1.0,2.0,3.0,3.0,7,9.5,0,15.0,4.0,26.0,7,42.0,9.82e-05
90320710,6.0,2,59,11,8,4.4,1.69,26,2.0,0.0,1.0,0.0,2.0,0.0,2.0,1.0,1.0,1.0,2.0,0.0,1.0,1.0,5.5,23.0,4.0,2.0,1944.0,1.0,2.0,9.0,5.0,7384.0,3.0,1,2,2,2,2,1.0,2.2,2.42,4.0,3.0,3.0,3.0,6.0,5.0,6.0,6.0,6.0,4.0,5.0,5.0,4.0,1.0,5.0,6.0,4.0,1.0,2.0,4.0,1.0,3.0,2.0,2.0,4.0,3.0,4.0,4.0,6.0,5.0,6.0,2.0,4.0,4.0,5.0,2.0,3.0,2.0,4.0,3.0,6.0,4.0,5.0,3.0,6.0,2.0,2.0,5.0,3.0,2.0,3.0,4.0,5.0,4.0,3.0,2,2,2,2,3,4.0,2,1.0,2.0,2.0,1.0,7,12.5,0,40.0,4.0,52.0,7,66.0,0.000288998
90320713,1.0,4,190,67,29,12.8,4.37,48,1.0,0.0,1.0,0.0,1.0,0.0,1.0,0.0,1.0,2.0,1.0,0.0,2.0,2.0,3.0,1.0,3.0,2.0,1979.0,1.0,1.0,1.0,6.0,5000.0,6.0,2,2,2,2,2,1.0,12.8,6.26,2.0,3.0,3.0,2.0,3.0,4.0,5.0,2.0,3.0,3.0,2.0,4.0,4.0,2.0,4.0,3.0,4.0,2.0,5.0,3.0,4.0,4.0,3.0,2.0,4.0,4.0,3.0,2.0,5.0,1.0,4.0,3.0,3.0,2.0,3.0,4.0,3.0,1.0,4.0,4.0,2.0,3.0,4.0,5.0,3.0,2.0,1.0,3.0,2.0,2.0,2.0,3.0,3.0,4.0,1.0,2,2,2,2,3,3.0,2,4.0,1.0,2.0,3.0,7,46.0,1,94.0,4.0,40.0,7,31.0,0.000232084
90320748,1.0,1,79,41,7,6.0,2.05,30,2.0,0.0,1.0,0.0,2.0,0.0,2.0,1.0,1.0,1.0,2.0,0.0,1.0,1.0,5.0,11.0,4.0,1.0,1962.0,1.0,3.0,1.0,6.0,7000.0,3.0,2,2,2,2,2,1.0,6.0,2.94,1.0,4.0,2.0,3.0,4.0,5.0,5.0,5.0,3.0,5.0,1.0,5.0,5.0,2.0,5.0,6.0,5.0,1.0,4.0,3.0,4.0,3.0,4.0,1.0,5.0,4.0,5.0,1.0,1.0,5.0,1.0,3.0,5.0,1.0,5.0,4.0,3.0,3.0,5.0,5.0,3.0,2.0,5.0,3.0,5.0,3.0,1.0,5.0,2.0,2.0,4.0,3.0,1.0,5.0,1.0,2,2,2,2,3,5.0,2,3.0,2.0,2.0,3.0,7,14.0,0,31.0,4.0,78.0,7,48.0,0.000238822
90320760,7.0,4,508,98,70,113.4,31.37,303,2.0,0.0,0.0,0.0,0.0,0.0,1.0,1.0,1.0,1.0,0.0,0.0,1.0,1.0,6.0,4.0,4.0,1.0,1938.0,1.0,5.0,9.0,6.0,7000.0,3.0,2,2,1,2,2,3.0,0.0,44.95,5.0,4.0,1.0,3.0,5.0,5.0,6.0,6.0,4.0,6.0,6.0,4.0,4.0,2.0,4.0,6.0,2.0,6.0,6.0,6.0,6.0,3.0,6.0,2.0,4.0,4.0,3.0,2.0,4.0,4.0,6.0,3.0,4.0,2.0,5.0,3.0,3.0,2.0,2.0,4.0,3.0,2.0,4.0,3.0,3.0,6.0,2.0,6.0,6.0,3.0,3.0,3.0,4.0,4.0,3.0,2,2,2,2,3,4.0,2,1.0,3.0,3.0,3.0,7,344.0,0,340.0,4.0,416.0,7,72.0,0.0003213
90320770,1.0,1,55,23,4,6.0,1.57,25,4.0,1.0,1.0,0.0,3.0,0.0,4.0,3.0,1.0,2.0,5.0,0.0,2.0,2.0,5.0,7.0,4.0,2.0,1991.0,1.0,6.0,8.0,6.0,7000.0,3.0,1,1,2,2,2,3.0,3.0,2.25,4.0,2.0,3.0,3.0,2.0,4.0,5.0,2.0,4.0,5.0,6.0,5.0,6.0,1.0,3.0,6.0,2.0,1.0,4.0,3.0,3.0,5.0,6.0,2.0,4.0,4.0,4.0,2.0,1.0,5.0,1.0,3.0,3.0,5.0,2.0,5.0,2.0,1.0,1.0,3.0,2.0,2.0,3.0,4.0,4.0,3.0,3.0,5.0,3.0,2.0,3.0,4.0,4.0,4.0,2.0,2,2,2,2,3,5.0,2,2.0,3.0,3.0,1.0,7,12.0,0,28.0,3.0,36.0,7,19.0,0.000548793
90320828,4.0,0,50,24,15,6.0,1.8,27,1.0,0.0,0.0,0.0,0.0,0.0,0.0,0.0,2.0,2.0,0.0,0.0,1.0,1.0,6.0,22.0,1.0,2.0,1937.0,1.0,1.0,9.0,6.0,2000.0,3.0,1,2,2,2,2,3.0,3.0,2.58,6.0,6.0,3.0,5.0,5.0,4.0,6.0,6.0,3.0,6.0,6.0,4.0,4.0,3.0,3.0,6.0,3.0,6.0,6.0,6.0,6.0,3.0,6.0,3.0,6.0,4.0,3.0,6.0,6.0,4.0,6.0,3.0,3.0,3.0,3.0,3.0,3.0,6.0,6.0,3.0,3.0,6.0,3.0,6.0,6.0,6.0,3.0,6.0,3.0,6.0,6.0,3.0,3.0,3.0,3.0,2,2,2,2,3,1.0,2,3.0,2.0,2.0,1.0,7,13.0,0,11.0,4.0,35.5,7,73.0,0.000288998
90320844,3.0,0,25,11,0,3.0,0.88,15,3.0,0.0,2.0,0.0,6.0,0.0,2.0,1.0,1.0,1.0,3.0,0.0,1.0,1.0,7.0,49.0,3.0,2.0,1936.0,1.0,3.0,9.0,6.0,5000.0,6.0,1,2,2,2,2,3.0,2.2,1.26,2.0,3.0,2.0,4.0,3.0,4.0,4.0,3.0,3.0,5.0,4.0,4.0,4.0,2.0,4.0,6.0,4.0,1.0,5.0,4.0,4.0,2.0,4.0,3.0,4.0,2.0,2.0,2.0,4.0,4.0,1.0,3.0,3.0,2.0,5.0,3.0,3.0,1.0,3.0,4.0,2.0,4.0,3.0,3.0,3.0,3.0,2.0,3.0,3.0,3.0,4.0,3.0,3.0,3.0,1.0,2,2,2,2,3,1.0,1,1.0,2.0,3.0,1.0,7,6.5,0,14.0,3.0,16.0,7,74.0,7.71e-05
90320845,7.0,1,42,11,4,3.0,1.22,17,3.0,0.0,2.0,0.0,6.0,0.0,0.0,1.0,1.0,1.0,3.0,0.0,1.0,1.0,7.0,49.0,3.0,1.0,1936.0,1.0,3.0,9.0,6.0,5000.0,6.0,1,2,2,2,2,1.0,2.2,1.75,3.0,4.0,4.0,4.0,3.0,4.0,4.0,3.0,3.0,4.0,4.0,5.0,4.0,3.0,4.0,3.0,4.0,3.0,3.0,3.0,4.0,4.0,3.0,3.0,4.0,2.0,2.0,2.0,4.0,4.0,1.0,3.0,3.0,2.0,5.0,3.0,3.0,1.0,3.0,4.0,2.0,4.0,3.0,3.0,3.0,3.0,2.0,3.0,3.0,3.0,4.0,3.0,3.0,3.0,3.0,2,2,2,2,3,3.0,1,2.0,2.0,2.0,3.0,7,10.0,1,27.0,5.0,15.0,7,74.0,8.57e-05
90320850,4.0,2,54,26,4,6.0,1.66,24,2.0,0.0,1.0,0.0,1.0,0.0,1.0,1.0,1.0,1.0,2.0,0.0,1.0,1.0,6.0,20.0,5.0,1.0,1943.0,1.0,2.0,9.0,6.0,9000.0,7.0,2,2,1,2,2,1.0,0.0,2.38,6.0,4.0,2.0,2.0,4.0,4.0,4.0,2.0,4.0,4.0,4.0,2.0,4.0,2.0,4.0,6.0,4.0,1.0,4.0,2.0,4.0,2.0,2.0,2.0,4.0,4.0,2.0,2.0,4.0,4.0,1.0,4.0,2.0,4.0,5.0,2.0,3.0,2.0,2.0,4.0,3.0,2.0,2.0,3.0,6.0,2.0,2.0,4.0,6.0,4.0,2.0,4.0,4.0,2.0,3.0,2,2,2,2,3,4.0,2,3.0,2.0,1.0,3.0,7,11.5,2,24.0,5.0,35.5,7,67.0,0.000125765
90321032,10.0,1,73,15,14,3.0,3.33,31,2.0,0.0,1.0,0.0,2.0,0.0,2.0,2.0,1.0,1.0,2.0,0.0,1.0,1.0,6.0,36.0,4.0,1.0,1939.0,1.0,2.0,9.0,3.0,7000.0,3.0,1,2,2,2,2,1.0,2.2,4.77,1.0,5.0,5.0,3.0,3.0,4.0,6.0,6.0,6.0,4.0,3.0,6.0,4.0,3.0,5.0,6.0,5.0,4.0,4.0,3.0,4.0,3.0,3.0,4.0,4.0,3.0,3.0,4.0,4.0,3.0,1.0,4.0,4.0,4.0,4.0,4.0,3.0,1.0,1.0,5.0,3.0,3.0,2.0,4.0,6.0,3.0,1.0,4.0,6.0,3.0,2.0,2.0,4.0,4.0,3.0,2,2,2,2,3,5.0,1,1.0,2.0,3.0,4.0,7,34.0,0,44.0,3.0,105.0,7,71.0,0.0003213
90321063,1.0,1,50,48,2,6.0,1.69,24,1.0,0.0,1.0,1.0,0.0,0.0,1.0,1.0,1.0,2.0,1.0,0.0,2.0,1.0,3.5,10.0,3.0,1.0,1964.0,1.0,1.0,1.0,3.0,5000.0,6.0,1,2,2,1,2,1.0,3.0,2.42,3.0,4.0,2.0,3.0,4.0,4.0,4.0,2.0,3.0,4.0,3.0,2.0,5.0,2.0,4.0,6.0,4.0,2.0,4.0,2.0,3.0,3.0,3.0,2.0,4.0,4.0,2.0,4.0,4.0,2.0,1.0,4.0,2.0,2.0,4.0,4.0,2.0,2.0,4.0,4.0,3.0,1.0,3.0,4.0,4.0,3.0,2.0,4.0,2.0,3.0,3.0,4.0,3.0,4.0,2.0,2,2,2,2,3,5.0,2,1.0,1.0,1.0,4.0,7,12.0,0,0.0,4.0,40.0,7,46.0,0.000109132
90321110,2.0,3,337,43,0,136.8,37.01,260,2.0,0.0,1.0,0.0,4.0,0.0,4.0,4.0,1.0,1.0,2.0,2.0,1.0,1.0,5.0,2.0,6.0,1.0,1952.0,1.0,3.0,1.0,1.0,15000.0,8.0,1,2,2,2,2,1.0,68.4,53.04,5.0,5.0,1.0,1.0,5.0,5.0,3.0,1.0,1.0,6.0,5.0,3.0,1.0,1.0,5.0,1.0,3.0,1.0,4.0,1.0,5.0,3.0,1.0,2.0,4.0,4.0,4.0,2.0,4.0,5.0,1.0,5.0,5.0,3.0,5.0,1.0,3.0,2.0,3.0,3.0,1.0,1.0,5.0,5.0,2.0,3.0,4.0,4.0,3.0,2.0,3.0,4.0,5.0,4.0,2.0,2,2,2,2,3,6.0,2,4.0,2.0,2.0,4.0,7,408.0,0,294.0,3.0,436.0,7,58.0,0.000160139
90321111,1.0,1,57,39,4,6.0,0.7,10,2.0,0.0,1.0,0.0,4.0,0.0,4.0,2.0,1.0,1.0,2.0,2.0,1.0,1.0,5.0,2.0,6.0,2.0,1952.0,1.0,3.0,2.0,6.0,15000.0,7.0,1,2,2,2,2,1.0,3.0,1.0,4.0,3.0,2.0,2.0,4.0,4.0,4.0,2.0,3.0,4.0,3.0,3.0,4.0,2.0,4.0,3.0,3.0,1.0,4.0,3.0,3.0,2.0,2.0,1.0,5.0,2.0,4.0,2.0,5.0,3.0,2.0,3.0,4.0,3.0,3.0,2.0,2.0,2.0,4.0,3.0,3.0,3.0,5.0,4.0,5.0,3.0,2.0,5.0,1.0,3.0,3.0,5.0,5.0,4.0,1.0,2,2,2,2,3,3.0,2,4.0,1.0,2.0,1.0,7,5.3,1,14.0,3.0,30.0,7,58.0,0.000144039
90321235,2.0,2,84,22,4,10.4,3.74,28,2.0,0.0,2.0,0.0,2.0,0.0,3.0,1.0,1.0,1.0,3.0,0.0,1.0,1.0,7.0,33.0,6.0,1.0,1942.0,1.0,3.0,1.0,1.0,15000.0,6.0,1,1,2,2,2,1.0,5.2,5.36,4.0,5.0,3.0,2.0,4.0,5.0,3.0,3.0,4.0,5.0,4.0,3.0,2.0,2.0,4.0,2.0,4.0,3.0,2.0,4.0,4.0,3.0,3.0,4.0,4.0,4.0,2.0,2.0,5.0,3.0,2.0,4.0,3.0,4.0,5.0,3.0,3.0,1.0,4.0,5.0,4.0,3.0,4.0,4.0,4.0,2.0,3.0,5.0,3.0,3.0,2.0,4.0,4.0,3.0,1.0,2,2,2,2,3,5.0,1,1.0,2.0,2.0,1.0,7,41.0,1,58.0,5.0,30.0,7,68.0,8.57e-05
90321235,10.0,1,81,31,4,6.0,1.74,25,2.0,0.0,2.0,0.0,2.0,0.0,3.0,1.0,1.0,1.0,3.0,0.0,1.0,1.0,7.0,33.0,6.0,1.0,1942.0,1.0,3.0,1.0,1.0,15000.0,6.0,1,1,2,2,2,1.0,3.0,2.49,4.0,5.0,3.0,2.0,4.0,5.0,3.0,3.0,4.0,5.0,4.0,3.0,2.0,2.0,4.0,2.0,4.0,3.0,2.0,4.0,4.0,3.0,3.0,4.0,4.0,4.0,2.0,2.0,5.0,3.0,2.0,4.0,3.0,4.0,5.0,3.0,3.0,1.0,4.0,5.0,4.0,3.0,4.0,4.0,4.0,2.0,3.0,5.0,3.0,3.0,2.0,4.0,4.0,3.0,3.0,2,2,2,2,3,5.0,2,1.0,2.0,2.0,1.0,7,14.5,1,46.0,5.0,27.0,7,68.0,8.57e-05
90321290,11.0,4,96,43,4,9.0,2.56,33,1.0,0.0,1.0,2.0,1.0,0.0,1.0,1.0,1.0,2.0,1.0,0.0,2.0,2.0,2.0,4.0,3.0,1.0,1975.0,1.0,1.0,1.0,5.0,5000.0,3.0,2,2,2,2,2,1.0,9.0,3.67,2.0,4.0,2.0,2.0,4.0,5.0,3.0,3.0,6.0,5.0,3.0,2.0,5.0,3.0,3.0,6.0,4.0,2.0,5.0,4.0,4.0,4.0,4.0,2.0,2.0,2.0,4.0,2.0,4.0,2.0,2.0,4.0,3.0,2.0,3.0,4.0,3.0,1.0,2.0,5.0,2.0,2.0,5.0,3.0,5.0,4.0,2.0,4.0,2.0,4.0,2.0,5.0,4.0,4.0,3.0,2,2,2,2,3,5.0,3,4.0,2.0,2.0,1.0,7,22.5,1,49.0,4.0,34.0,7,35.0,0.000967286
90321290,10.0,4,204,22,27,66.6,1.2,15,1.0,0.0,1.0,2.0,1.0,0.0,1.0,1.0,1.0,2.0,1.0,0.0,2.0,2.0,2.0,4.0,3.0,1.0,1975.0,1.0,1.0,1.0,5.0,5000.0,3.0,2,2,2,2,2,1.0,66.6,1.72,2.0,4.0,2.0,2.0,4.0,5.0,3.0,3.0,6.0,5.0,3.0,2.0,5.0,3.0,3.0,6.0,4.0,2.0,5.0,4.0,4.0,4.0,4.0,2.0,2.0,2.0,4.0,2.0,4.0,2.0,2.0,4.0,3.0,2.0,3.0,4.0,3.0,1.0,2.0,5.0,2.0,2.0,5.0,3.0,5.0,4.0,2.0,4.0,2.0,4.0,2.0,5.0,4.0,4.0,3.0,2,2,2,2,3,5.0,2,4.0,2.0,2.0,1.0,7,9.5,1,155.0,4.0,29.0,7,35.0,0.000967286
90321321,8.0,1,60,16,5,6.0,1.38,20,4.0,1.0,1.0,0.0,4.0,11.0,4.0,1.0,1.0,1.0,4.0,1.0,1.0,1.0,9.0,10.0,6.0,2.0,1961.0,1.0,3.0,2.0,1.0,15000.0,7.0,1,1,2,2,2,1.0,3.0,1.98,5.0,5.0,1.0,2.0,1.0,5.0,5.0,1.0,3.0,5.0,4.0,2.0,3.0,1.0,5.0,1.0,4.0,1.0,1.0,1.0,5.0,1.0,1.0,1.0,5.0,5.0,2.0,1.0,5.0,5.0,1.0,5.0,5.0,1.0,5.0,1.0,1.0,3.0,1.0,4.0,4.0,1.0,2.0,4.0,1.0,3.0,1.0,5.0,2.0,1.0,1.0,5.0,5.0,5.0,3.0,2,2,2,2,3,5.0,2,4.0,1.0,2.0,3.0,7,11.0,1,39.0,3.0,30.0,7,49.0,0.000144039
90321321,4.0,0,4,4,0,0.0,0.32,2,4.0,1.0,1.0,0.0,4.0,11.0,4.0,1.0,1.0,1.0,4.0,1.0,1.0,1.0,9.0,10.0,6.0,2.0,1961.0,1.0,3.0,2.0,1.0,15000.0,7.0,1,1,2,2,2,1.0,2.2,0.46,5.0,5.0,1.0,2.0,1.0,5.0,5.0,1.0,3.0,5.0,4.0,2.0,3.0,1.0,5.0,1.0,4.0,1.0,1.0,1.0,5.0,1.0,1.0,1.0,5.0,5.0,2.0,1.0,5.0,5.0,1.0,5.0,5.0,1.0,5.0,1.0,1.0,3.0,1.0,4.0,4.0,1.0,2.0,4.0,1.0,3.0,1.0,5.0,2.0,1.0,1.0,5.0,5.0,5.0,3.0,2,2,2,2,3,5.0,2,4.0,1.0,2.0,3.0,7,2.4,2,0.0,3.0,25.0,7,49.0,0.000144039
90321322,1.0,2,57,23,2,6.0,1.9,28,4.0,1.0,1.0,0.0,4.0,1.0,4.0,1.0,1.0,1.0,4.0,1.0,1.0,1.0,9.0,10.0,6.0,1.0,1960.0,1.0,3.0,2.0,2.0,15000.0,8.0,1,1,2,2,2,1.0,3.0,2.72,5.0,5.0,1.0,2.0,1.0,5.0,5.0,1.0,3.0,5.0,4.0,2.0,3.0,1.0,5.0,1.0,4.0,1.0,1.0,1.0,5.0,1.0,1.0,1.0,5.0,5.0,2.0,1.0,5.0,5.0,1.0,5.0,5.0,1.0,5.0,1.0,1.0,3.0,1.0,4.0,4.0,1.0,2.0,4.0,1.0,3.0,1.0,5.0,2.0,1.0,1.0,5.0,5.0,5.0,2.0,2,2,2,2,3,5.0,2,4.0,1.0,3.0,3.0,7,13.0,0,32.0,5.0,35.0,7,50.0,0.000160139
90321322,7.0,2,90,37,5,6.0,2.02,28,4.0,1.0,1.0,0.0,4.0,1.0,4.0,1.0,1.0,1.0,4.0,1.0,1.0,1.0,9.0,10.0,6.0,1.0,1960.0,1.0,3.0,2.0,2.0,15000.0,8.0,1,1,2,2,2,1.0,3.0,2.89,5.0,5.0,1.0,2.0,1.0,5.0,5.0,1.0,3.0,5.0,4.0,2.0,3.0,1.0,5.0,1.0,4.0,1.0,1.0,1.0,5.0,1.0,1.0,1.0,5.0,5.0,2.0,1.0,5.0,5.0,1.0,5.0,5.0,1.0,5.0,1.0,1.0,3.0,1.0,4.0,4.0,1.0,2.0,4.0,1.0,3.0,1.0,5.0,2.0,1.0,1.0,5.0,5.0,5.0,3.0,2,2,2,2,3,5.0,2,4.0,1.0,3.0,3.0,7,14.0,1,48.0,5.0,30.0,7,50.0,0.000160139
90321326,4.0,0,78,45,0,8.2,2.17,30,3.0,2.0,0.0,0.0,3.0,2.0,1.0,1.0,1.0,2.0,2.0,0.0,1.0,1.0,5.0,10.0,3.0,2.0,1965.0,1.0,4.0,2.0,1.0,5000.0,6.0,1,2,2,2,2,3.0,4.1,3.11,5.0,4.0,2.0,1.0,1.0,5.0,3.0,1.0,3.0,4.0,4.0,4.0,1.0,1.0,5.0,1.0,1.0,1.0,1.0,2.0,5.0,1.0,1.0,1.0,5.0,5.0,5.0,4.0,1.0,5.0,1.0,5.0,5.0,3.0,5.0,1.0,1.0,3.0,5.0,1.0,1.0,5.0,5.0,5.0,5.0,2.0,4.0,5.0,1.0,4.0,1.0,5.0,5.0,5.0,3.0,2,2,2,2,3,3.0,3,2.0,3.0,3.0,1.0,7,14.1,0,33.0,2.0,32.0,7,45.0,9.82e-05
92460013,1.0,5,166,35,60,10.6,1.8,25,3.0,0.0,4.0,0.0,3.0,0.0,2.0,2.0,1.0,1.0,3.0,0.0,1.0,2.0,7.0,20.0,4.0,2.0,1989.0,1.0,6.0,1.0,6.0,7384.0,3.0,1,2,2,2,1,1.0,5.3,2.58,1.0,3.0,3.0,2.0,3.0,4.0,3.0,2.0,6.0,6.0,2.0,5.0,5.0,1.0,4.0,6.0,2.0,2.0,5.0,4.0,4.0,3.0,4.0,3.0,4.0,4.0,4.0,2.0,4.0,4.0,2.0,6.0,6.0,6.0,6.0,4.0,4.0,3.0,3.0,3.0,2.0,3.0,3.0,3.0,2.0,2.0,3.0,4.0,2.0,2.0,3.0,3.0,4.0,4.0,1.0,8,1,2,4,2,5.0,2,4.0,2.0,2.0,4.0,7,15.5,1,71.0,5.0,25.0,7,21.0,0.00087004
92460014,1.0,0,0,0,0,0.0,0.28,2,3.0,0.0,4.0,0.0,3.0,0.0,3.0,2.0,1.0,1.0,3.0,1.0,1.0,1.0,7.0,23.0,4.0,2.0,1956.0,1.0,3.0,2.0,6.0,7384.0,3.0,2,2,2,2,2,1.0,0.0,0.4,2.0,5.0,2.0,2.0,3.0,4.0,4.0,2.0,3.0,5.0,3.0,3.0,5.0,1.0,5.0,6.0,4.0,2.0,5.0,2.0,5.0,4.0,5.0,2.0,4.0,1.0,2.0,5.0,5.0,2.0,1.0,4.0,1.0,3.0,4.0,4.0,5.0,1.0,3.0,4.0,2.0,2.0,2.0,3.0,3.0,1.0,1.0,4.0,2.0,2.0,1.0,2.0,3.0,4.0,1.0,8,1,2,4,2,6.0,2,1.0,2.0,2.0,2.0,7,1.6,2,0.0,5.0,20.0,7,54.0,0.000367986
92460014,1.0,0,65,40,0,12.6,1.52,20,3.0,0.0,4.0,0.0,3.0,0.0,3.0,2.0,1.0,1.0,3.0,1.0,1.0,1.0,7.0,23.0,4.0,2.0,1956.0,1.0,3.0,2.0,6.0,7384.0,3.0,2,2,2,2,2,1.0,12.6,2.18,2.0,5.0,2.0,2.0,3.0,4.0,4.0,2.0,3.0,5.0,3.0,3.0,5.0,1.0,5.0,6.0,4.0,2.0,5.0,2.0,5.0,4.0,5.0,2.0,4.0,1.0,2.0,5.0,5.0,2.0,1.0,4.0,1.0,3.0,4.0,4.0,5.0,1.0,3.0,4.0,2.0,2.0,2.0,3.0,3.0,1.0,1.0,4.0,2.0,2.0,1.0,2.0,3.0,4.0,1.0,8,1,2,4,2,6.0,3,1.0,2.0,2.0,2.0,7,16.5,1,25.0,5.0,15.0,7,54.0,0.000367986
92460014,10.0,2,86,26,30,8.4,1.69,17,3.0,0.0,4.0,0.0,3.0,0.0,3.0,2.0,1.0,1.0,3.0,1.0,1.0,1.0,7.0,23.0,4.0,2.0,1956.0,1.0,3.0,2.0,6.0,7384.0,3.0,2,2,2,2,2,1.0,8.4,2.42,2.0,5.0,2.0,2.0,3.0,4.0,4.0,2.0,3.0,5.0,3.0,3.0,5.0,1.0,5.0,6.0,4.0,2.0,5.0,2.0,5.0,4.0,5.0,2.0,4.0,1.0,2.0,5.0,5.0,2.0,1.0,4.0,1.0,3.0,4.0,4.0,5.0,1.0,3.0,4.0,2.0,2.0,2.0,3.0,3.0,1.0,1.0,4.0,2.0,2.0,1.0,2.0,3.0,4.0,3.0,8,1,2,4,2,6.0,1,1.0,2.0,2.0,2.0,7,19.0,1,30.0,5.0,20.0,7,54.0,0.000367986
92460049,3.0,0,37,10,0,8.4,1.56,20,4.0,0.0,1.0,2.0,4.0,0.0,2.0,2.0,1.0,1.0,3.0,0.0,1.0,1.0,5.0,14.0,5.0,2.0,1991.0,1.0,6.0,8.0,6.0,9000.0,2.0,1,2,2,2,2,3.0,4.2,2.24,1.0,2.0,4.0,5.0,1.0,3.0,4.0,2.0,2.0,4.0,2.0,4.0,4.0,2.0,2.0,6.0,3.0,6.0,6.0,6.0,6.0,3.0,6.0,3.0,4.0,4.0,4.0,3.0,4.0,3.0,4.0,4.0,3.0,4.0,4.0,4.0,4.0,2.0,2.0,4.0,3.0,2.0,5.0,4.0,1.0,6.0,3.0,6.0,2.0,2.0,2.0,3.0,2.0,4.0,1.0,8,1,2,4,2,5.0,2,4.0,2.0,2.0,4.0,7,15.0,0,27.0,3.0,32.0,7,19.0,0.002195453
92460083,11.0,3,258,107,47,7.2,1.41,17,5.0,3.0,1.0,0.0,9.0,7.0,1.0,1.0,1.0,1.0,1.0,0.0,1.0,1.0,6.0,4.0,2.0,2.0,1970.0,1.0,3.0,6.0,2.0,3250.0,4.0,2,2,2,2,2,1.0,7.2,2.02,3.0,5.0,5.0,1.0,5.0,5.0,6.0,1.0,3.0,6.0,6.0,5.0,5.0,1.0,6.0,6.0,6.0,1.0,5.0,6.0,6.0,6.0,6.0,6.0,6.0,6.0,6.0,6.0,6.0,2.0,3.0,6.0,6.0,1.0,1.0,5.0,1.0,1.0,1.0,5.0,1.0,4.0,4.0,1.0,6.0,3.0,1.0,5.0,1.0,1.0,1.0,1.0,3.0,1.0,3.0,8,1,2,4,2,5.0,2,4.0,1.0,2.0,3.0,7,12.0,1,104.0,5.0,15.0,7,40.0,9.82e-05
92460117,9.0,4,218,27,44,7.2,5.92,50,4.0,2.0,2.0,1.0,4.0,2.0,1.0,2.0,1.0,1.0,2.0,1.0,1.0,1.0,5.5,10.0,5.0,2.0,1970.0,1.0,3.0,2.0,6.0,9000.0,3.0,1,2,2,2,2,1.0,3.6,8.48,4.0,4.0,3.0,2.0,4.0,5.0,3.0,1.0,2.0,2.0,2.0,5.0,4.0,1.0,6.0,2.0,2.0,2.0,4.0,3.0,5.0,3.0,2.0,2.0,5.0,3.0,3.0,3.0,5.0,2.0,1.0,1.0,3.0,3.0,3.0,4.0,3.0,1.0,2.0,5.0,3.0,1.0,4.0,4.0,4.0,3.0,1.0,5.0,2.0,3.0,3.0,4.0,5.0,3.0,3.0,8,1,2,4,2,5.0,2,1.0,2.0,2.0,3.0,7,65.5,1,147.0,5.0,30.0,7,40.0,0.000367986
92460119,7.0,2,113,30,42,10.4,2.37,33,4.0,2.0,1.0,2.0,6.0,3.0,1.0,2.0,1.0,1.0,2.0,0.0,1.0,2.0,5.5,5.0,4.0,2.0,1964.0,1.0,3.0,6.0,6.0,7000.0,7.0,2,2,2,2,2,1.0,10.4,3.4,3.0,4.0,2.0,6.0,4.0,5.0,3.0,2.0,3.0,4.0,4.0,4.0,3.0,2.0,4.0,4.0,4.0,2.0,4.0,3.0,4.0,3.0,6.0,3.0,2.0,6.0,2.0,2.0,2.0,3.0,2.0,6.0,4.0,3.0,4.0,2.0,3.0,2.0,2.0,4.0,3.0,2.0,5.0,4.0,6.0,3.0,4.0,4.0,3.0,3.0,2.0,3.0,3.0,4.0,3.0,8,1,2,4,2,5.0,1,3.0,1.0,2.0,3.0,7,25.0,1,41.0,5.0,30.0,7,46.0,0.000144039
92460119,8.0,1,48,18,3,8.4,1.47,15,4.0,2.0,1.0,2.0,6.0,3.0,1.0,2.0,1.0,1.0,2.0,0.0,1.0,2.0,5.5,5.0,4.0,2.0,1964.0,1.0,3.0,6.0,6.0,7000.0,7.0,2,2,2,2,2,1.0,8.4,2.11,3.0,4.0,2.0,6.0,4.0,5.0,3.0,2.0,3.0,4.0,4.0,4.0,3.0,2.0,4.0,4.0,4.0,2.0,4.0,3.0,4.0,3.0,6.0,3.0,2.0,6.0,2.0,2.0,2.0,3.0,2.0,6.0,4.0,3.0,4.0,2.0,3.0,2.0,2.0,4.0,3.0,2.0,5.0,4.0,6.0,3.0,4.0,4.0,3.0,3.0,2.0,3.0,3.0,4.0,3.0,8,1,2,4,2,5.0,1,3.0,1.0,2.0,3.0,7,16.0,1,27.0,5.0,20.0,7,46.0,0.000144039
92460121,1.0,3,179,81,22,31.0,32.96,61,4.0,2.0,6.0,2.0,6.0,3.0,1.0,1.0,1.0,1.0,2.0,0.0,1.0,1.0,5.5,5.0,5.0,1.0,1962.0,1.0,3.0,1.0,6.0,9000.0,6.0,2,2,2,2,2,1.0,31.0,47.23,1.0,2.0,4.0,3.0,2.0,4.0,4.0,1.0,5.0,4.0,4.0,2.0,5.0,3.0,3.0,5.0,5.0,4.0,3.0,3.0,4.0,5.0,6.0,6.0,6.0,6.0,3.0,2.0,3.0,2.0,1.0,1.0,3.0,2.0,2.0,4.0,1.0,1.0,1.0,5.0,3.0,3.0,5.0,3.0,3.0,2.0,1.0,2.0,2.0,2.0,3.0,3.0,4.0,4.0,2.0,8,1,2,4,2,4.0,3,3.0,2.0,2.0,3.0,7,62.5,1,76.0,5.0,39.0,7,48.0,0.000109132
92460123,1.0,2,101,44,3,10.6,3.52,32,6.0,3.0,1.0,0.0,6.0,2.0,3.0,1.0,1.0,1.0,4.0,1.0,1.0,1.0,5.0,10.0,5.0,1.0,1967.0,1.0,3.0,1.0,3.0,9000.0,6.0,1,2,2,1,2,1.0,5.3,5.04,5.0,4.0,5.0,1.0,4.0,5.0,5.0,2.0,5.0,5.0,3.0,2.0,5.0,1.0,3.0,1.0,4.0,1.0,5.0,1.0,5.0,1.0,4.0,2.0,5.0,2.0,2.0,2.0,5.0,5.0,2.0,3.0,5.0,2.0,4.0,3.0,4.0,2.0,4.0,5.0,3.0,4.0,3.0,5.0,5.0,4.0,2.0,5.0,1.0,2.0,2.0,3.0,2.0,4.0,1.0,8,1,2,4,2,3.0,2,3.0,2.0,1.0,3.0,7,39.0,0,54.0,4.0,73.0,7,43.0,0.000109132
92460171,1.0,0,0,0,0,0.0,0.08,0,2.0,0.0,1.0,0.0,2.0,0.0,1.0,1.0,1.0,1.0,1.0,0.0,1.0,1.0,5.0,12.0,3.0,1.0,1946.0,1.0,3.0,2.0,6.0,5000.0,3.0,1,2,2,2,2,1.0,2.2,0.11,3.0,3.0,6.0,2.0,4.0,4.0,4.0,4.0,5.0,5.0,2.0,4.0,3.0,2.0,4.0,6.0,4.0,1.0,4.0,2.0,4.0,2.0,4.0,2.0,4.0,2.0,3.0,2.0,5.0,3.0,2.0,2.0,2.0,2.0,3.0,4.0,3.0,2.0,2.0,4.0,4.0,1.0,5.0,4.0,4.0,2.0,1.0,5.0,2.0,1.0,3.0,4.0,4.0,4.0,1.0,8,1,2,4,2,6.0,2,1.0,2.0,2.0,4.0,7,0.4,2,0.0,5.0,10.0,7,64.0,0.000409116
92460171,8.0,2,145,54,61,8.4,2.1,28,2.0,0.0,1.0,0.0,2.0,0.0,1.0,1.0,1.0,1.0,1.0,0.0,1.0,1.0,5.0,12.0,3.0,1.0,1946.0,1.0,3.0,2.0,6.0,5000.0,3.0,1,2,2,2,2,1.0,4.2,3.01,3.0,3.0,6.0,2.0,4.0,4.0,4.0,4.0,5.0,5.0,2.0,4.0,3.0,2.0,4.0,6.0,4.0,1.0,4.0,2.0,4.0,2.0,4.0,2.0,4.0,2.0,3.0,2.0,5.0,3.0,2.0,2.0,2.0,2.0,3.0,4.0,3.0,2.0,2.0,4.0,4.0,1.0,5.0,4.0,4.0,2.0,1.0,5.0,2.0,1.0,3.0,4.0,4.0,4.0,3.0,8,1,2,4,2,6.0,2,1.0,2.0,2.0,4.0,7,22.0,1,30.0,5.0,30.0,7,64.0,0.000409116
92460172,4.0,1,92,42,14,8.4,1.79,24,2.0,0.0,1.0,0.0,2.0,0.0,1.0,1.0,1.0,1.0,1.0,0.0,1.0,1.0,6.0,12.0,3.0,2.0,1952.0,1.0,3.0,2.0,6.0,5000.0,3.0,1,2,2,2,2,1.0,4.2,2.57,3.0,3.0,2.0,2.0,4.0,4.0,4.0,4.0,3.0,4.0,2.0,4.0,3.0,2.0,4.0,6.0,4.0,1.0,4.0,2.0,4.0,2.0,4.0,2.0,4.0,3.0,4.0,4.0,4.0,4.0,1.0,2.0,2.0,1.0,3.0,4.0,3.0,1.0,3.0,4.0,2.0,1.0,4.0,4.0,4.0,2.0,1.0,5.0,2.0,1.0,3.0,4.0,4.0,4.0,3.0,8,1,2,4,2,5.0,2,1.0,2.0,1.0,4.0,7,16.5,1,36.0,4.0,30.0,7,58.0,0.000367986
92460172,1.0,0,0,0,0,0.0,0.08,0,2.0,0.0,1.0,0.0,2.0,0.0,1.0,1.0,1.0,1.0,1.0,0.0,1.0,1.0,6.0,12.0,3.0,2.0,1952.0,1.0,3.0,2.0,6.0,5000.0,3.0,1,2,2,2,2,1.0,2.2,0.11,3.0,3.0,2.0,2.0,4.0,4.0,4.0,4.0,3.0,4.0,2.0,4.0,3.0,2.0,4.0,6.0,4.0,1.0,4.0,2.0,4.0,2.0,4.0,2.0,4.0,3.0,4.0,4.0,4.0,4.0,1.0,2.0,2.0,1.0,3.0,4.0,3.0,1.0,3.0,4.0,2.0,1.0,4.0,4.0,4.0,2.0,1.0,5.0,2.0,1.0,3.0,4.0,4.0,4.0,1.0,8,1,2,4,2,5.0,2,1.0,2.0,1.0,4.0,7,0.4,2,0.0,4.0,10.0,7,58.0,0.000367986
92460172,9.0,0,57,38,0,7.2,1.11,15,2.0,0.0,1.0,0.0,2.0,0.0,1.0,1.0,1.0,1.0,1.0,0.0,1.0,1.0,6.0,12.0,3.0,2.0,1952.0,1.0,3.0,2.0,6.0,5000.0,3.0,1,2,2,2,2,1.0,3.6,1.59,3.0,3.0,2.0,2.0,4.0,4.0,4.0,4.0,3.0,4.0,2.0,4.0,3.0,2.0,4.0,6.0,4.0,1.0,4.0,2.0,4.0,2.0,4.0,2.0,4.0,3.0,4.0,4.0,4.0,4.0,1.0,2.0,2.0,1.0,3.0,4.0,3.0,1.0,3.0,4.0,2.0,1.0,4.0,4.0,4.0,2.0,1.0,5.0,2.0,1.0,3.0,4.0,4.0,4.0,3.0,8,1,2,4,2,5.0,2,1.0,2.0,1.0,4.0,7,9.1,1,19.0,4.0,30.0,7,58.0,0.000367986
92460177,4.0,0,27,14,0,6.0,1.0,12,4.0,2.0,1.0,0.0,5.0,1.0,2.0,1.0,1.0,1.0,3.0,1.0,2.0,1.0,4.5,16.0,5.0,2.0,1962.0,1.0,3.0,2.0,6.0,9000.0,3.0,2,2,2,2,2,2.0,6.0,1.43,2.0,4.0,5.0,2.0,3.0,4.0,6.0,6.0,3.0,6.0,2.0,6.0,4.0,2.0,4.0,2.0,2.0,1.0,5.0,5.0,4.0,4.0,4.0,5.0,3.0,3.0,5.0,4.0,5.0,3.0,6.0,3.0,5.0,3.0,5.0,5.0,5.0,1.0,1.0,5.0,5.0,3.0,5.0,4.0,4.0,3.0,3.0,5.0,3.0,3.0,3.0,4.0,4.0,3.0,3.0,8,1,2,4,2,5.0,2,2.0,2.0,1.0,4.0,7,10.0,0,13.0,4.0,35.5,7,48.0,0.000367986
92460263,8.0,0,30,24,0,4.2,0.7,9,4.0,2.0,2.0,3.0,6.0,2.0,2.0,1.0,1.0,2.0,3.0,0.0,1.0,1.0,8.0,14.0,3.0,2.0,1974.0,1.0,3.0,6.0,8.0,5000.0,5.0,2,2,2,2,2,1.0,4.2,1.0,3.0,3.0,3.0,3.0,4.0,5.0,4.0,3.0,4.0,5.0,2.0,4.0,4.0,4.0,4.0,4.0,5.0,2.0,4.0,3.0,4.0,4.0,4.0,3.0,4.0,4.0,3.0,4.0,4.0,3.0,2.0,2.0,4.0,2.0,4.0,2.0,2.0,1.0,2.0,4.0,2.0,4.0,4.0,3.0,2.0,4.0,2.0,4.0,2.0,2.0,4.0,2.0,2.0,4.0,3.0,8,1,2,4,2,5.0,1,4.0,1.0,1.0,3.0,7,6.0,1,6.0,3.0,14.0,7,36.0,0.000232084
92460281,9.0,4,147,55,41,15.4,1.91,26,2.0,0.0,2.0,0.0,2.0,0.0,2.0,2.0,1.0,1.0,2.0,0.0,1.0,1.0,5.0,11.0,4.0,2.0,1971.0,1.0,2.0,4.0,6.0,7000.0,4.0,2,2,2,2,2,1.0,15.4,2.74,1.0,4.0,2.0,3.0,2.0,1.0,5.0,2.0,3.0,2.0,1.0,5.0,5.0,5.0,2.0,6.0,5.0,4.0,5.0,5.0,4.0,5.0,5.0,6.0,6.0,6.0,6.0,4.0,4.0,2.0,2.0,1.0,1.0,1.0,2.0,5.0,2.0,1.0,1.0,5.0,1.0,1.0,4.0,5.0,5.0,6.0,4.0,2.0,1.0,2.0,2.0,2.0,2.0,4.0,3.0,8,1,2,4,2,5.0,3,3.0,1.0,2.0,3.0,7,17.0,1,51.0,4.0,27.0,7,39.0,0.000232084
92460281,3.0,4,175,77,8,12.8,4.72,45,2.0,0.0,2.0,0.0,2.0,0.0,2.0,2.0,1.0,1.0,2.0,0.0,1.0,1.0,5.0,11.0,4.0,2.0,1971.0,1.0,2.0,4.0,6.0,7000.0,4.0,2,2,2,2,2,1.0,12.8,6.76,1.0,4.0,2.0,3.0,2.0,1.0,5.0,2.0,3.0,2.0,1.0,5.0,5.0,5.0,2.0,6.0,5.0,4.0,5.0,5.0,4.0,5.0,5.0,6.0,6.0,6.0,6.0,4.0,4.0,2.0,2.0,1.0,1.0,1.0,2.0,5.0,2.0,1.0,1.0,5.0,1.0,1.0,4.0,5.0,5.0,6.0,4.0,2.0,1.0,2.0,2.0,2.0,2.0,4.0,1.0,8,1,2,4,2,5.0,2,3.0,1.0,2.0,3.0,7,49.0,1,90.0,4.0,60.0,7,39.0,0.000232084
92460282,1.0,4,148,49,24,12.8,5.18,48,2.0,0.0,2.0,0.0,2.0,0.0,2.0,2.0,1.0,1.0,2.0,0.0,1.0,1.0,5.0,11.0,4.0,1.0,1964.0,1.0,2.0,1.0,6.0,7000.0,4.0,1,2,2,2,2,1.0,6.4,7.42,1.0,2.0,2.0,2.0,1.0,5.0,4.0,1.0,3.0,4.0,1.0,3.0,4.0,4.0,1.0,6.0,6.0,4.0,5.0,5.0,3.0,5.0,5.0,5.0,1.0,1.0,3.0,4.0,5.0,2.0,1.0,6.0,6.0,1.0,1.0,5.0,1.0,1.0,1.0,5.0,3.0,1.0,4.0,5.0,5.0,4.0,3.0,1.0,1.0,2.0,5.0,2.0,3.0,5.0,1.0,8,1,2,4,2,3.0,2,1.0,3.0,3.0,3.0,7,51.0,1,75.0,4.0,50.0,7,46.0,0.000109132
92460355,1.0,4,163,67,38,16.8,3.27,34,4.0,0.0,4.0,1.0,4.0,0.0,2.0,1.0,1.0,1.0,4.0,0.0,1.0,2.0,8.0,21.0,6.0,2.0,1989.0,1.0,6.0,1.0,6.0,15000.0,3.0,2,2,2,2,2,1.0,16.8,4.69,2.0,3.0,3.0,2.0,3.0,4.0,2.0,2.0,2.0,3.0,2.0,4.0,4.0,3.0,4.0,6.0,3.0,2.0,4.0,4.0,4.0,3.0,3.0,6.0,6.0,6.0,4.0,3.0,4.0,3.0,3.0,1.0,4.0,3.0,3.0,4.0,4.0,1.0,2.0,4.0,2.0,3.0,4.0,4.0,3.0,3.0,2.0,4.0,2.0,2.0,3.0,2.0,2.0,4.0,1.0,8,1,2,4,2,6.0,2,3.0,1.0,1.0,4.0,7,35.0,1,58.0,5.0,40.0,7,21.0,0.00087004
92460355,9.0,1,119,73,5,11.4,1.26,14,4.0,0.0,4.0,1.0,4.0,0.0,2.0,1.0,1.0,1.0,4.0,0.0,1.0,2.0,8.0,21.0,6.0,2.0,1989.0,1.0,6.0,1.0,6.0,15000.0,3.0,2,2,2,2,2,1.0,11.4,1.81,2.0,3.0,3.0,2.0,3.0,4.0,2.0,2.0,2.0,3.0,2.0,4.0,4.0,3.0,4.0,6.0,3.0,2.0,4.0,4.0,4.0,3.0,3.0,6.0,6.0,6.0,4.0,3.0,4.0,3.0,3.0,1.0,4.0,3.0,3.0,4.0,4.0,1.0,2.0,4.0,2.0,3.0,4.0,4.0,3.0,3.0,2.0,4.0,2.0,2.0,3.0,2.0,2.0,4.0,3.0,8,1,2,4,2,6.0,3,3.0,1.0,1.0,4.0,7,11.0,1,41.0,5.0,38.0,7,21.0,0.00087004
92460361,8.0,1,150,89,14,17.4,22.91,184,5.0,3.0,1.0,1.0,4.0,2.0,1.0,2.0,1.0,1.0,3.0,0.0,2.0,2.0,4.0,10.0,3.0,2.0,1972.0,1.0,3.0,6.0,2.0,5000.0,6.0,1,2,2,2,2,2.0,8.7,32.83,2.0,4.0,3.0,2.0,4.0,4.0,3.0,3.0,3.0,4.0,3.0,5.0,4.0,3.0,3.0,2.0,5.0,3.0,4.0,3.0,4.0,4.0,2.0,2.0,4.0,3.0,3.0,1.0,3.0,4.0,3.0,6.0,6.0,3.0,4.0,3.0,4.0,2.0,4.0,4.0,2.0,3.0,4.0,3.0,3.0,6.0,6.0,4.0,4.0,3.0,3.0,4.0,4.0,4.0,3.0,8,1,2,4,2,3.0,5,2.0,3.0,3.0,3.0,7,236.9,1,47.0,5.0,45.0,7,38.0,0.000232084
92460391,1.0,0,53,22,0,8.4,1.42,20,4.0,1.0,1.0,3.0,4.0,2.0,2.0,2.0,1.0,2.0,3.0,0.0,1.0,1.0,5.0,12.0,4.0,2.0,1966.0,1.0,3.0,2.0,6.0,7384.0,3.0,2,2,2,2,2,2.0,8.4,2.03,1.0,3.0,1.0,4.0,2.0,4.0,3.0,3.0,2.0,2.0,2.0,4.0,2.0,4.0,4.0,2.0,5.0,2.0,5.0,3.0,3.0,3.0,3.0,2.0,2.0,1.0,3.0,3.0,5.0,2.0,2.0,2.0,2.0,2.0,2.0,4.0,4.0,2.0,4.0,4.0,2.0,3.0,4.0,4.0,2.0,2.0,2.0,4.0,3.0,2.0,3.0,4.0,4.0,3.0,1.0,8,1,2,4,2,5.0,2,4.0,1.0,1.0,3.0,7,14.0,1,31.0,4.0,90.0,7,44.0,0.000367986
92460392,4.0,0,67,23,0,15.4,2.13,30,4.0,1.0,1.0,3.0,4.0,2.0,2.0,2.0,1.0,2.0,3.0,0.0,1.0,1.0,5.0,12.0,4.0,2.0,1966.0,1.0,3.0,2.0,6.0,7384.0,3.0,2,2,2,2,2,2.0,15.4,3.05,1.0,3.0,1.0,4.0,2.0,4.0,3.0,3.0,2.0,2.0,2.0,4.0,2.0,4.0,4.0,2.0,5.0,2.0,5.0,3.0,3.0,3.0,3.0,2.0,2.0,1.0,3.0,3.0,5.0,2.0,2.0,2.0,2.0,2.0,2.0,4.0,4.0,2.0,4.0,4.0,2.0,3.0,4.0,4.0,2.0,2.0,2.0,4.0,3.0,2.0,3.0,4.0,4.0,3.0,3.0,8,1,2,4,2,5.0,2,4.0,1.0,1.0,3.0,7,18.5,1,44.0,4.0,30.0,7,44.0,0.000367986
92460392,1.0,0,62,30,0,8.4,1.42,20,4.0,1.0,1.0,3.0,4.0,2.0,2.0,2.0,1.0,2.0,3.0,0.0,1.0,1.0,5.0,12.0,4.0,2.0,1966.0,1.0,3.0,2.0,6.0,7384.0,3.0,2,2,2,2,2,2.0,8.4,2.03,1.0,3.0,1.0,4.0,2.0,4.0,3.0,3.0,2.0,2.0,2.0,4.0,2.0,4.0,4.0,2.0,5.0,2.0,5.0,3.0,3.0,3.0,3.0,2.0,2.0,1.0,3.0,3.0,5.0,2.0,2.0,2.0,2.0,2.0,2.0,4.0,4.0,2.0,4.0,4.0,2.0,3.0,4.0,4.0,2.0,2.0,2.0,4.0,3.0,2.0,3.0,4.0,4.0,3.0,1.0,8,1,2,4,2,5.0,2,4.0,1.0,1.0,3.0,7,14.0,1,32.0,4.0,74.0,7,44.0,0.000367986
92460438,1.0,1,150,86,23,8.4,1.79,24,2.0,0.0,2.0,0.0,4.0,0.0,1.0,1.0,1.0,1.0,2.0,0.0,1.0,1.0,6.0,4.0,1.0,2.0,1967.0,1.0,7.0,1.0,3.0,2000.0,4.0,1,2,2,2,2,1.0,4.2,2.57,3.0,3.0,2.0,3.0,4.0,4.0,4.0,2.0,3.0,6.0,4.0,5.0,4.0,1.0,5.0,6.0,4.0,1.0,4.0,2.0,4.0,4.0,4.0,3.0,3.0,6.0,3.0,2.0,4.0,1.0,1.0,6.0,3.0,1.0,3.0,4.0,2.0,1.0,2.0,4.0,3.0,1.0,4.0,3.0,3.0,2.0,1.0,5.0,1.0,2.0,3.0,3.0,4.0,4.0,2.0,8,1,2,4,2,3.0,3,4.0,2.0,2.0,3.0,7,15.5,1,41.0,4.0,14.0,7,43.0,9.82e-05
92460449,1.0,3,112,41,13,10.6,3.27,27,4.0,2.0,1.0,1.0,5.0,1.0,2.0,1.0,1.0,1.0,4.0,1.0,1.0,1.0,5.0,19.0,4.0,1.0,1943.0,1.0,3.0,1.0,5.0,7000.0,3.0,1,2,2,2,2,1.0,5.3,4.69,3.0,5.0,4.0,3.0,3.0,5.0,4.0,3.0,2.0,4.0,4.0,2.0,4.0,2.0,5.0,2.0,3.0,2.0,2.0,2.0,5.0,3.0,3.0,2.0,5.0,4.0,4.0,4.0,5.0,1.0,1.0,2.0,3.0,2.0,4.0,4.0,4.0,1.0,2.0,5.0,2.0,4.0,4.0,3.0,2.0,3.0,2.0,5.0,2.0,3.0,2.0,4.0,4.0,4.0,2.0,8,1,2,4,2,6.0,2,4.0,1.0,1.0,3.0,7,36.0,1,58.0,5.0,30.0,7,67.0,0.0003213
92460449,1.0,4,121,41,27,10.6,3.27,27,4.0,2.0,1.0,1.0,5.0,1.0,2.0,1.0,1.0,1.0,4.0,1.0,1.0,1.0,5.0,19.0,4.0,1.0,1943.0,1.0,3.0,1.0,5.0,7000.0,3.0,1,2,2,2,2,1.0,5.3,4.69,3.0,5.0,4.0,3.0,3.0,5.0,4.0,3.0,2.0,4.0,4.0,2.0,4.0,2.0,5.0,2.0,3.0,2.0,2.0,2.0,5.0,3.0,3.0,2.0,5.0,4.0,4.0,4.0,5.0,1.0,1.0,2.0,3.0,2.0,4.0,4.0,4.0,1.0,2.0,5.0,2.0,4.0,4.0,3.0,2.0,3.0,2.0,5.0,2.0,3.0,2.0,4.0,4.0,4.0,1.0,8,1,2,4,2,6.0,2,4.0,1.0,1.0,3.0,7,36.0,1,53.0,5.0,25.0,7,67.0,0.0003213
92460601,11.0,0,19,30,0,3.0,0.55,3,3.0,1.0,2.0,0.0,2.0,0.0,1.0,1.0,1.0,2.0,3.0,0.0,2.0,2.0,4.0,5.0,4.0,2.0,1979.0,1.0,3.0,1.0,2.0,7000.0,4.0,2,2,2,2,2,1.0,3.0,0.79,2.0,3.0,3.0,1.0,3.0,4.0,6.0,6.0,2.0,6.0,6.0,5.0,5.0,1.0,6.0,3.0,4.0,2.0,5.0,5.0,2.0,4.0,5.0,1.0,5.0,6.0,4.0,1.0,5.0,1.0,5.0,3.0,3.0,2.0,1.0,5.0,4.0,1.0,1.0,5.0,1.0,3.0,5.0,5.0,6.0,6.0,1.0,5.0,6.0,1.0,3.0,2.0,3.0,4.0,3.0,8,1,2,4,2,5.0,5,4.0,2.0,2.0,2.0,7,2.8,1,40.0,4.0,22.0,7,31.0,0.000232084
92460602,9.0,0,22,35,0,3.0,0.59,3,3.0,1.0,2.0,0.0,3.0,0.0,1.0,1.0,1.0,2.0,3.0,0.0,2.0,2.0,4.0,5.0,4.0,1.0,1978.0,1.0,3.0,1.0,3.0,7000.0,4.0,2,2,2,2,2,1.0,3.0,0.85,2.0,2.0,2.0,2.0,4.0,4.0,3.0,3.0,2.0,4.0,2.0,5.0,5.0,2.0,4.0,5.0,3.0,1.0,4.0,2.0,4.0,4.0,6.0,2.0,1.0,1.0,4.0,2.0,1.0,3.0,2.0,1.0,2.0,3.0,1.0,5.0,2.0,1.0,1.0,5.0,3.0,2.0,2.0,4.0,1.0,3.0,1.0,5.0,2.0,5.0,2.0,2.0,4.0,2.0,3.0,8,1,2,4,2,5.0,4,3.0,1.0,2.0,4.0,7,2.3,1,40.0,5.0,8.0,7,32.0,0.000258025
92460612,1.0,4,224,72,23,33.6,5.62,54,6.0,4.0,3.0,4.0,12.0,8.0,2.0,1.0,1.0,2.0,2.0,0.0,1.0,1.0,6.0,15.0,4.0,1.0,1967.0,1.0,3.0,1.0,5.0,7000.0,3.0,2,2,2,2,2,1.0,33.6,8.05,1.0,1.0,6.0,6.0,2.0,6.0,4.0,6.0,6.0,4.0,6.0,5.0,5.0,5.0,6.0,5.0,5.0,1.0,4.0,6.0,4.0,3.0,5.0,4.0,3.0,3.0,5.0,1.0,6.0,3.0,1.0,6.0,6.0,1.0,6.0,3.0,6.0,6.0,6.0,3.0,6.0,6.0,3.0,6.0,6.0,3.0,2.0,5.0,3.0,3.0,6.0,4.0,5.0,6.0,3.0,8,1,2,4,2,6.0,4,2.0,1.0,1.0,4.0,7,58.0,1,129.0,6.0,63.0,7,43.0,0.000409116
92460615,1.0,7,228,38,46,20.8,5.07,70,5.0,1.0,2.0,1.0,7.0,1.0,3.0,2.0,1.0,2.0,4.0,1.0,1.0,2.0,4.0,20.0,4.0,2.0,1992.0,1.0,6.0,8.0,2.0,7000.0,3.0,2,2,1,2,2,3.0,0.0,7.27,1.0,4.0,3.0,2.0,2.0,4.0,1.0,4.0,4.0,3.0,3.0,5.0,3.0,1.0,3.0,3.0,4.0,2.0,4.0,3.0,3.0,4.0,4.0,2.0,4.0,5.0,5.0,2.0,5.0,4.0,4.0,3.0,3.0,3.0,4.0,4.0,4.0,1.0,1.0,4.0,1.0,4.0,5.0,5.0,3.0,2.0,2.0,4.0,1.0,3.0,3.0,2.0,4.0,5.0,1.0,8,1,2,4,2,5.0,2,3.0,2.0,2.0,1.0,7,52.0,0,144.0,2.0,160.0,7,18.0,0.000548793
92460616,3.0,4,149,26,60,8.4,1.95,28,5.0,1.0,2.0,1.0,7.0,1.0,3.0,2.0,1.0,1.0,4.0,1.0,1.0,2.0,4.0,20.0,4.0,1.0,1993.0,1.0,6.0,8.0,8.0,7000.0,1.0,2,1,2,2,2,3.0,0.0,2.79,1.0,4.0,3.0,2.0,1.0,4.0,3.0,1.0,1.0,5.0,3.0,5.0,4.0,1.0,3.0,1.0,4.0,2.0,5.0,3.0,3.0,3.0,1.0,3.0,5.0,3.0,5.0,5.0,3.0,4.0,3.0,5.0,5.0,3.0,3.0,3.0,4.0,1.0,1.0,5.0,3.0,4.0,5.0,4.0,3.0,3.0,3.0,4.0,2.0,4.0,2.0,4.0,4.0,4.0,1.0,8,1,2,4,2,5.0,2,3.0,2.0,2.0,1.0,7,20.0,0,63.0,3.0,75.0,7,17.0,0.004776402
92460638,4.0,0,31,18,0,8.4,0.6,8,2.0,0.0,1.0,0.0,2.0,0.0,1.0,0.0,2.0,1.0,2.0,0.0,1.0,1.0,5.0,35.0,4.0,2.0,1950.0,1.0,2.0,2.0,6.0,7000.0,3.0,1,2,2,2,2,1.0,4.2,0.86,5.0,5.0,4.0,2.0,3.0,4.0,2.0,2.0,2.0,3.0,2.0,4.0,4.0,2.0,5.0,6.0,2.0,1.0,5.0,3.0,4.0,3.0,1.0,2.0,1.0,2.0,3.0,4.0,1.0,4.0,2.0,5.0,4.0,2.0,4.0,2.0,2.0,1.0,1.0,4.0,4.0,1.0,4.0,4.0,4.0,2.0,4.0,5.0,2.0,2.0,2.0,4.0,4.0,4.0,3.0,8,1,2,4,2,5.0,2,2.0,2.0,3.0,3.0,7,7.0,1,13.0,4.0,15.0,7,60.0,0.000367986
92460665,1.0,4,174,76,12,43.2,8.67,70,3.0,1.0,3.0,1.0,3.0,1.0,3.0,2.0,1.0,1.0,3.0,2.0,2.0,2.0,5.5,5.0,4.0,1.0,1964.0,1.0,3.0,1.0,1.0,8418.0,4.0,1,2,2,2,2,1.0,21.6,12.42,1.0,4.0,1.0,1.0,3.0,5.0,3.0,5.0,1.0,5.0,5.0,5.0,5.0,1.0,4.0,3.0,3.0,1.0,5.0,1.0,5.0,4.0,4.0,3.0,3.0,2.0,3.0,2.0,5.0,1.0,2.0,1.0,3.0,1.0,5.0,1.0,4.0,1.0,2.0,5.0,4.0,2.0,3.0,5.0,3.0,3.0,3.0,4.0,1.0,3.0,2.0,4.0,5.0,3.0,1.0,8,1,2,4,2,5.0,2,4.0,2.0,2.0,3.0,7,92.0,1,86.0,3.0,89.0,7,46.0,0.000109132
92460717,2.0,4,86,13,30,4.2,1.2,16,2.0,0.0,1.0,0.0,2.0,0.0,0.0,1.0,2.0,1.0,1.0,0.0,1.0,1.0,5.0,41.0,2.0,1.0,1935.0,1.0,2.0,9.0,5.0,3250.0,2.0,1,2,2,2,2,1.0,2.2,1.72,4.0,4.0,3.0,1.0,4.0,5.0,6.0,6.0,4.0,4.0,4.0,4.0,3.0,3.0,2.0,6.0,4.0,3.0,4.0,4.0,4.0,3.0,2.0,3.0,2.0,1.0,2.0,4.0,6.0,2.0,4.0,2.0,3.0,1.0,4.0,4.0,5.0,1.0,2.0,5.0,3.0,2.0,4.0,4.0,6.0,4.0,2.0,4.0,2.0,3.0,2.0,2.0,3.0,3.0,1.0,8,1,2,4,2,6.0,1,2.0,2.0,2.0,4.0,7,12.0,1,43.0,4.0,20.0,7,75.0,0.001285365
92460719,1.0,4,115,37,2,12.8,4.68,41,3.0,1.0,2.0,1.0,3.0,1.0,2.0,1.0,1.0,2.0,2.0,1.0,1.0,2.0,5.5,1.0,6.0,1.0,1973.0,1.0,3.0,1.0,6.0,15000.0,3.0,1,2,2,2,2,1.0,6.4,6.71,2.0,4.0,6.0,3.0,4.0,5.0,4.0,3.0,2.0,2.0,2.0,5.0,4.0,2.0,4.0,4.0,5.0,4.0,5.0,2.0,4.0,2.0,4.0,3.0,4.0,4.0,1.0,1.0,5.0,3.0,1.0,1.0,1.0,2.0,5.0,2.0,5.0,1.0,2.0,5.0,2.0,2.0,3.0,5.0,3.0,4.0,1.0,5.0,2.0,1.0,3.0,2.0,4.0,5.0,1.0,8,1,2,4,2,5.0,2,4.0,2.0,2.0,4.0,7,48.0,1,76.0,4.0,50.0,7,37.0,0.000967286
92460779,7.0,0,65,30,0,16.8,1.32,18,1.0,0.0,1.0,0.0,2.0,0.0,1.0,2.0,1.0,1.0,1.0,0.0,1.0,1.0,5.0,25.0,3.0,2.0,1954.0,1.0,1.0,2.0,4.0,5000.0,2.0,1,2,2,1,2,1.0,8.4,1.89,3.0,4.0,3.0,2.0,2.0,5.0,6.0,6.0,4.0,5.0,3.0,4.0,4.0,5.0,4.0,6.0,3.0,2.0,4.0,2.0,4.0,4.0,2.0,2.0,5.0,4.0,4.0,2.0,4.0,4.0,2.0,4.0,4.0,3.0,4.0,3.0,2.0,2.0,3.0,4.0,3.0,4.0,4.0,3.0,6.0,3.0,2.0,4.0,2.0,2.0,3.0,4.0,4.0,2.0,3.0,8,1,2,4,2,5.0,2,1.0,2.0,2.0,1.0,7,13.0,0,35.0,4.0,35.5,7,56.0,0.001472131
92460819,7.0,7,236,95,76,8.4,1.52,20,1.0,0.0,1.0,0.0,1.0,0.0,0.0,1.0,2.0,1.0,0.0,0.0,2.0,2.0,4.0,44.0,1.0,2.0,1941.0,1.0,1.0,9.0,6.0,2000.0,2.0,2,2,2,2,2,1.0,8.4,2.18,2.0,4.0,3.0,2.0,3.0,4.0,6.0,6.0,6.0,3.0,6.0,3.0,3.0,2.0,5.0,6.0,4.0,1.0,3.0,2.0,4.0,3.0,6.0,2.0,6.0,6.0,4.0,3.0,4.0,2.0,1.0,1.0,1.0,3.0,1.0,3.0,3.0,1.0,1.0,5.0,3.0,3.0,5.0,3.0,6.0,6.0,1.0,5.0,6.0,3.0,2.0,3.0,3.0,4.0,3.0,8,1,2,4,2,6.0,2,2.0,2.0,2.0,4.0,7,15.5,1,65.0,4.0,14.0,7,69.0,0.00115614
92460819,10.0,3,155,98,21,15.4,2.37,27,1.0,0.0,1.0,0.0,1.0,0.0,0.0,1.0,2.0,1.0,0.0,0.0,2.0,2.0,4.0,44.0,1.0,2.0,1941.0,1.0,1.0,9.0,6.0,2000.0,2.0,2,2,2,2,2,1.0,15.4,3.4,2.0,4.0,3.0,2.0,3.0,4.0,6.0,6.0,6.0,3.0,6.0,3.0,3.0,2.0,5.0,6.0,4.0,1.0,3.0,2.0,4.0,3.0,6.0,2.0,6.0,6.0,4.0,3.0,4.0,2.0,1.0,1.0,1.0,3.0,1.0,3.0,3.0,1.0,1.0,5.0,3.0,3.0,5.0,3.0,6.0,6.0,1.0,5.0,6.0,3.0,2.0,3.0,3.0,4.0,3.0,8,1,2,4,2,6.0,2,2.0,2.0,2.0,4.0,7,22.5,1,36.0,4.0,16.0,7,69.0,0.00115614
95240035,1.0,2,59,16,5,22.6,3.58,31,5.0,0.0,3.0,0.0,3.0,0.0,3.0,3.0,1.0,1.0,5.0,3.0,1.0,1.0,5.0,21.0,4.0,1.0,1961.0,3.0,3.0,1.0,6.0,7000.0,3.0,2,2,2,2,2,1.0,22.6,5.13,1.0,1.0,1.0,1.0,3.0,2.0,3.0,2.0,2.0,4.0,3.0,5.0,5.0,3.0,3.0,6.0,5.0,6.0,5.0,5.0,3.0,5.0,5.0,5.0,5.0,5.0,5.0,5.0,5.0,2.0,5.0,1.0,4.0,3.0,3.0,4.0,3.0,3.0,3.0,4.0,3.0,3.0,5.0,3.0,3.0,3.0,6.0,3.0,5.0,3.0,5.0,1.0,5.0,5.0,1.0,6,2,2,4,4,5.0,1,4.0,1.0,4.0,3.0,7,38.0,1,38.0,3.0,45.0,7,49.0,0.000409116
95240036,1.0,0,27,15,0,4.2,0.49,7,5.0,0.0,3.0,0.0,3.0,0.0,3.0,3.0,1.0,1.0,5.0,3.0,1.0,1.0,5.0,21.0,1.0,2.0,1961.0,1.0,3.0,2.0,6.0,2000.0,3.0,2,2,2,2,2,1.0,4.2,0.7,1.0,1.0,1.0,1.0,1.0,1.0,5.0,2.0,5.0,3.0,5.0,2.0,5.0,3.0,3.0,3.0,5.0,6.0,5.0,5.0,3.0,5.0,5.0,5.0,2.0,3.0,5.0,5.0,5.0,3.0,5.0,2.0,2.0,2.0,5.0,4.0,3.0,2.0,4.0,5.0,3.0,3.0,5.0,3.0,3.0,3.0,6.0,4.0,4.0,3.0,3.0,3.0,5.0,5.0,1.0,6,2,2,4,4,5.0,1,2.0,1.0,2.0,3.0,7,5.0,1,12.0,4.0,10.0,7,49.0,0.000367986
95240129,1.0,3,275,120,57,36.6,6.35,71,1.0,0.0,1.0,0.0,2.0,0.0,1.0,1.0,1.0,1.0,1.0,0.0,2.0,2.0,4.5,4.0,3.0,2.0,1948.0,1.0,1.0,2.0,6.0,5000.0,4.0,1,2,2,2,2,1.0,18.3,9.1,2.0,4.0,3.0,2.0,4.0,5.0,4.0,3.0,2.0,5.0,6.0,6.0,5.0,2.0,5.0,2.0,4.0,1.0,5.0,1.0,2.0,2.0,3.0,2.0,3.0,2.0,2.0,4.0,5.0,3.0,1.0,1.0,3.0,2.0,3.0,2.0,4.0,1.0,4.0,4.0,3.0,1.0,4.0,3.0,3.0,1.0,1.0,5.0,3.0,4.0,2.0,2.0,4.0,4.0,3.0,6,2,2,4,4,5.0,6,2.0,2.0,2.0,3.0,7,58.0,1,98.0,4.0,115.0,7,62.0,9.82e-05
95240137,1.0,1,35,7,1,4.2,0.74,7,4.0,0.0,3.0,2.0,3.0,0.0,3.0,4.0,1.0,2.0,4.0,0.0,1.0,1.0,7.0,7.0,3.0,2.0,1963.0,1.0,3.0,2.0,6.0,5000.0,3.0,2,2,1,2,2,1.0,0.0,1.06,3.0,2.0,3.0,5.0,5.0,5.0,4.0,6.0,2.0,5.0,2.0,5.0,5.0,5.0,5.0,6.0,6.0,6.0,5.0,5.0,6.0,5.0,5.0,5.0,5.0,5.0,5.0,5.0,5.0,2.0,2.0,2.0,5.0,5.0,5.0,5.0,5.0,2.0,2.0,5.0,2.0,5.0,5.0,5.0,5.0,2.0,2.0,5.0,2.0,2.0,5.0,5.0,5.0,5.0,1.0,6,2,2,4,4,5.0,1,3.0,3.0,3.0,1.0,7,5.5,1,27.0,5.0,15.0,7,47.0,0.000367986
95240138,1.0,0,42,13,0,4.2,0.56,7,4.0,0.0,4.0,2.0,2.0,0.0,3.0,4.0,1.0,2.0,4.0,0.0,1.0,1.0,7.5,7.0,3.0,1.0,1966.0,1.0,2.0,1.0,6.0,5000.0,3.0,2,2,2,2,2,3.0,4.2,0.8,2.0,2.0,5.0,5.0,5.0,5.0,5.0,6.0,6.0,5.0,5.0,5.0,5.0,6.0,6.0,6.0,6.0,6.0,6.0,5.0,6.0,6.0,6.0,6.0,6.0,6.0,5.0,6.0,5.0,5.0,6.0,6.0,6.0,5.0,5.0,5.0,5.0,5.0,3.0,5.0,5.0,5.0,5.0,5.0,5.0,3.0,3.0,5.0,3.0,5.0,5.0,5.0,5.0,5.0,1.0,6,2,2,4,4,2.0,1,1.0,1.0,1.0,1.0,7,5.5,1,29.0,4.0,15.0,7,44.0,0.000409116
95240219,1.0,4,194,52,7,60.2,11.76,97,2.0,0.0,2.0,0.0,2.0,1.0,2.0,1.0,1.0,1.0,2.0,1.0,1.0,1.0,6.0,16.0,4.0,1.0,1955.0,1.0,2.0,1.0,6.0,7000.0,4.0,2,2,1,2,2,1.0,0.0,16.85,1.0,2.0,3.0,6.0,2.0,4.0,2.0,4.0,4.0,5.0,3.0,3.0,4.0,2.0,2.0,6.0,4.0,3.0,5.0,3.0,4.0,3.0,5.0,4.0,4.0,4.0,4.0,4.0,5.0,3.0,2.0,3.0,4.0,2.0,4.0,4.0,3.0,1.0,1.0,4.0,2.0,5.0,4.0,4.0,6.0,6.0,1.0,4.0,1.0,6.0,3.0,1.0,3.0,5.0,1.0,6,2,2,4,4,5.0,2,4.0,1.0,1.0,4.0,7,127.0,0,135.0,4.0,170.0,7,55.0,0.000109132
95240220,1.0,4,194,52,9,60.2,12.36,109,2.0,0.0,2.0,0.0,2.0,1.0,2.0,1.0,1.0,1.0,2.0,1.0,1.0,1.0,6.0,16.0,4.0,1.0,1955.0,1.0,2.0,1.0,6.0,7000.0,4.0,2,2,1,2,2,1.0,0.0,17.71,1.0,2.0,3.0,6.0,2.0,4.0,2.0,4.0,4.0,5.0,3.0,3.0,4.0,2.0,2.0,6.0,4.0,3.0,5.0,3.0,4.0,3.0,5.0,4.0,4.0,4.0,4.0,4.0,5.0,3.0,2.0,3.0,4.0,2.0,4.0,4.0,3.0,1.0,1.0,4.0,2.0,5.0,4.0,4.0,6.0,6.0,1.0,4.0,1.0,6.0,3.0,1.0,3.0,5.0,1.0,6,2,2,4,4,5.0,2,4.0,1.0,1.0,4.0,7,130.0,0,133.0,4.0,150.0,7,55.0,0.000109132
95240253,1.0,1,45,21,1,4.2,0.43,6,1.0,0.0,1.0,0.0,1.0,0.0,1.0,1.0,1.0,1.0,1.0,0.0,2.0,2.0,5.5,9.0,4.0,2.0,1948.0,1.0,1.0,1.0,6.0,7000.0,3.0,2,2,2,2,2,1.0,4.2,0.62,1.0,1.0,4.0,3.0,1.0,2.0,4.0,1.0,1.0,5.0,1.0,1.0,5.0,2.0,2.0,6.0,6.0,2.0,5.0,3.0,5.0,5.0,6.0,6.0,6.0,6.0,2.0,1.0,6.0,6.0,1.0,6.0,6.0,2.0,4.0,4.0,2.0,2.0,4.0,4.0,5.0,1.0,4.0,5.0,2.0,1.0,4.0,2.0,2.0,1.0,1.0,4.0,5.0,5.0,1.0,6,2,2,4,4,2.0,1,1.0,2.0,1.0,4.0,7,4.5,1,23.0,4.0,20.0,7,62.0,0.000367986
95240283,1.0,3,88,21,10,8.4,2.04,30,4.0,0.0,1.0,2.0,4.0,2.0,2.0,1.0,1.0,1.0,4.0,2.0,2.0,2.0,4.0,1.0,3.0,1.0,1961.0,1.0,3.0,1.0,6.0,5000.0,3.0,2,1,2,2,2,1.0,0.0,2.92,6.0,3.0,2.0,3.0,3.0,5.0,4.0,3.0,6.0,4.0,6.0,5.0,3.0,5.0,5.0,5.0,3.0,4.0,4.0,2.0,2.0,2.0,2.0,3.0,4.0,4.0,4.0,2.0,4.0,4.0,5.0,1.0,4.0,4.0,5.0,6.0,6.0,2.0,1.0,5.0,6.0,1.0,5.0,5.0,5.0,6.0,6.0,3.0,6.0,1.0,2.0,4.0,4.0,5.0,1.0,6,2,2,4,4,5.0,1,4.0,2.0,1.0,3.0,7,20.0,0,57.0,4.0,65.0,7,49.0,0.000409116
95240293,4.0,0,64,37,0,8.4,1.25,17,4.0,2.0,1.0,0.0,3.0,0.0,1.0,1.0,1.0,2.0,2.0,0.0,2.0,2.0,4.0,1.0,3.0,2.0,1980.0,1.0,3.0,2.0,6.0,5000.0,6.0,1,2,2,2,2,1.0,4.2,1.79,5.0,3.0,3.0,3.0,2.0,5.0,5.0,3.0,4.0,5.0,5.0,5.0,1.0,1.0,5.0,4.0,4.0,1.0,4.0,1.0,4.0,1.0,3.0,1.0,5.0,5.0,1.0,5.0,5.0,5.0,1.0,4.0,3.0,3.0,4.0,1.0,4.0,1.0,4.0,5.0,2.0,4.0,1.0,5.0,3.0,1.0,1.0,5.0,1.0,4.0,1.0,4.0,5.0,4.0,3.0,6,2,2,4,4,5.0,2,3.0,2.0,2.0,3.0,7,11.5,1,27.0,2.0,30.0,7,30.0,0.000232084
95240294,10.0,6,315,73,18,43.6,11.36,138,4.0,2.0,1.0,0.0,3.0,0.0,1.0,1.0,1.0,2.0,2.0,0.0,2.0,2.0,4.0,1.0,3.0,2.0,1980.0,1.0,3.0,2.0,6.0,5000.0,6.0,1,2,2,2,2,1.0,21.8,16.28,5.0,3.0,3.0,3.0,2.0,5.0,5.0,3.0,4.0,5.0,5.0,5.0,1.0,1.0,5.0,4.0,4.0,1.0,4.0,1.0,4.0,1.0,3.0,1.0,5.0,5.0,1.0,5.0,5.0,5.0,1.0,4.0,3.0,3.0,4.0,1.0,4.0,1.0,4.0,5.0,2.0,4.0,1.0,5.0,3.0,1.0,1.0,5.0,1.0,4.0,1.0,4.0,5.0,4.0,3.0,6,2,2,4,4,5.0,4,3.0,2.0,2.0,3.0,7,112.0,1,224.0,2.0,105.0,7,30.0,0.000232084
95240296,9.0,2,58,19,3,6.4,1.52,20,4.0,2.0,1.0,0.0,4.0,2.0,2.0,1.0,1.0,1.0,2.0,0.0,2.0,2.0,4.5,1.0,3.0,2.0,1975.0,1.0,3.0,6.0,5.0,5000.0,4.0,1,2,2,2,2,2.0,3.2,2.18,1.0,4.0,1.0,3.0,1.0,5.0,6.0,6.0,5.0,3.0,5.0,6.0,4.0,1.0,5.0,4.0,5.0,5.0,5.0,4.0,4.0,1.0,5.0,5.0,5.0,5.0,1.0,1.0,5.0,2.0,1.0,1.0,3.0,5.0,5.0,1.0,5.0,5.0,1.0,1.0,1.0,3.0,2.0,3.0,6.0,4.0,1.0,1.0,6.0,5.0,1.0,5.0,5.0,4.0,3.0,6,2,2,4,4,4.0,1,4.0,2.0,1.0,3.0,7,16.0,1,36.0,5.0,20.0,7,35.0,0.000232084
95240328,7.0,4,304,30,23,137.6,33.09,233,2.0,0.0,1.0,1.0,2.0,0.0,1.0,0.0,1.0,1.0,2.0,0.0,1.0,1.0,4.5,3.0,5.0,1.0,1944.0,1.0,3.0,9.0,6.0,9000.0,4.0,1,2,2,2,2,1.0,68.8,47.42,2.0,3.0,3.0,2.0,2.0,4.0,4.0,3.0,4.0,4.0,4.0,3.0,3.0,2.0,4.0,4.0,2.0,2.0,4.0,2.0,4.0,2.0,2.0,2.0,4.0,4.0,4.0,2.0,2.0,3.0,2.0,3.0,3.0,2.0,4.0,4.0,2.0,2.0,2.0,4.0,3.0,3.0,4.0,3.0,3.0,3.0,2.0,4.0,3.0,2.0,2.0,4.0,4.0,3.0,3.0,6,2,2,4,4,5.0,2,1.0,3.0,3.0,2.0,7,367.0,0,251.0,4.0,185.0,7,66.0,8.57e-05
95240344,1.0,1,72,30,2,6.0,1.22,16,3.0,1.0,1.0,0.0,2.0,1.0,1.0,2.0,1.0,2.0,2.0,1.0,2.0,2.0,4.5,2.0,3.0,1.0,1983.0,1.0,3.0,1.0,6.0,5000.0,3.0,2,2,2,2,2,1.0,6.0,1.75,1.0,3.0,4.0,3.0,3.0,4.0,5.0,4.0,6.0,4.0,3.0,3.0,5.0,4.0,3.0,5.0,5.0,5.0,5.0,4.0,3.0,5.0,5.0,3.0,4.0,6.0,4.0,1.0,5.0,6.0,3.0,6.0,4.0,4.0,3.0,4.0,3.0,6.0,4.0,6.0,3.0,3.0,4.0,5.0,3.0,4.0,4.0,3.0,3.0,3.0,4.0,4.0,5.0,5.0,2.0,6,2,2,4,4,4.0,2,4.0,2.0,2.0,3.0,7,12.0,1,40.0,4.0,30.0,7,27.0,0.000967286
95240344,8.0,2,138,44,9,25.2,4.85,69,3.0,1.0,1.0,0.0,2.0,1.0,1.0,2.0,1.0,2.0,2.0,1.0,2.0,2.0,4.5,2.0,3.0,1.0,1983.0,1.0,3.0,1.0,6.0,5000.0,3.0,2,2,2,2,2,1.0,25.2,6.95,1.0,3.0,4.0,3.0,3.0,4.0,5.0,4.0,6.0,4.0,3.0,3.0,5.0,4.0,3.0,5.0,5.0,5.0,5.0,4.0,3.0,5.0,5.0,3.0,4.0,6.0,4.0,1.0,5.0,6.0,3.0,6.0,4.0,4.0,3.0,4.0,3.0,6.0,4.0,6.0,3.0,3.0,4.0,5.0,3.0,4.0,4.0,3.0,3.0,3.0,4.0,4.0,5.0,5.0,3.0,6,2,2,4,4,4.0,4,4.0,2.0,2.0,3.0,7,52.0,1,85.0,4.0,90.0,7,27.0,0.000967286
95240363,1.0,4,213,52,42,20.8,8.35,76,2.0,0.0,1.0,0.0,2.0,0.0,2.0,1.0,1.0,1.0,2.0,0.0,2.0,2.0,4.0,2.0,5.0,1.0,1983.0,1.0,2.0,2.0,2.0,9000.0,7.0,1,2,2,1,2,2.0,10.4,11.97,4.0,4.0,3.0,2.0,3.0,4.0,5.0,4.0,3.0,5.0,2.0,2.0,3.0,2.0,4.0,6.0,4.0,1.0,4.0,3.0,4.0,2.0,4.0,2.0,4.0,4.0,3.0,2.0,5.0,4.0,2.0,2.0,4.0,2.0,4.0,4.0,3.0,1.0,2.0,4.0,3.0,3.0,4.0,4.0,4.0,2.0,2.0,4.0,2.0,2.0,3.0,4.0,4.0,4.0,1.0,6,2,2,4,4,4.0,2,3.0,2.0,2.0,2.0,7,93.0,0,119.0,8.0,195.0,7,27.0,0.000378621
95240420,1.0,4,114,26,7,16.8,5.1,44,4.0,3.0,1.0,0.0,4.0,3.0,2.0,2.0,1.0,2.0,3.0,0.0,1.0,2.0,6.0,3.0,2.0,2.0,1970.0,1.0,4.0,2.0,6.0,3250.0,3.0,1,2,2,1,2,1.0,8.4,7.31,2.0,3.0,2.0,2.0,3.0,4.0,3.0,3.0,3.0,4.0,4.0,5.0,5.0,3.0,4.0,3.0,3.0,3.0,4.0,3.0,3.0,3.0,3.0,2.0,5.0,4.0,2.0,3.0,5.0,5.0,2.0,5.0,4.0,3.0,4.0,3.0,3.0,2.0,4.0,3.0,1.0,5.0,4.0,3.0,3.0,3.0,3.0,3.0,3.0,3.0,5.0,3.0,4.0,3.0,2.0,6,2,2,4,4,1.0,2,3.0,2.0,2.0,3.0,7,53.0,0,81.0,3.0,108.0,7,40.0,0.000367986
95240420,8.0,2,287,22,16,110.2,27.93,198,4.0,3.0,1.0,0.0,4.0,3.0,2.0,2.0,1.0,2.0,3.0,0.0,1.0,2.0,6.0,3.0,2.0,2.0,1970.0,1.0,4.0,2.0,6.0,3250.0,3.0,1,2,2,1,2,1.0,55.1,40.02,2.0,3.0,2.0,2.0,3.0,4.0,3.0,3.0,3.0,4.0,4.0,5.0,5.0,3.0,4.0,3.0,3.0,3.0,4.0,3.0,3.0,3.0,3.0,2.0,5.0,4.0,2.0,3.0,5.0,5.0,2.0,5.0,4.0,3.0,4.0,3.0,3.0,2.0,4.0,3.0,1.0,5.0,4.0,3.0,3.0,3.0,3.0,3.0,3.0,3.0,5.0,3.0,4.0,3.0,3.0,6,2,2,4,4,1.0,2,3.0,2.0,2.0,3.0,7,311.0,0,249.0,3.0,275.0,7,40.0,0.000367986
95240423,4.0,5,176,41,43,20.0,3.67,41,2.0,0.0,1.0,0.0,4.0,0.0,3.0,1.0,1.0,2.0,2.0,1.0,2.0,2.0,4.5,3.0,4.0,2.0,1985.0,1.0,7.0,2.0,6.0,7000.0,6.0,1,2,2,1,2,1.0,10.0,5.26,3.0,2.0,4.0,2.0,4.0,5.0,4.0,1.0,3.0,5.0,5.0,1.0,1.0,1.0,4.0,6.0,4.0,1.0,5.0,1.0,5.0,4.0,2.0,4.0,4.0,4.0,4.0,2.0,5.0,5.0,2.0,2.0,4.0,2.0,4.0,4.0,4.0,1.0,3.0,5.0,3.0,2.0,4.0,4.0,4.0,2.0,2.0,5.0,2.0,2.0,2.0,4.0,4.0,2.0,3.0,6,2,2,4,4,5.0,2,2.0,2.0,3.0,3.0,7,39.0,1,92.0,3.0,50.0,7,25.0,0.000232084
95240423,1.0,1,48,21,2,6.4,1.29,17,2.0,0.0,1.0,0.0,4.0,0.0,3.0,1.0,1.0,2.0,2.0,1.0,2.0,2.0,4.5,3.0,4.0,2.0,1985.0,1.0,7.0,2.0,6.0,7000.0,6.0,1,2,2,1,2,1.0,3.2,1.85,3.0,2.0,4.0,2.0,4.0,5.0,4.0,1.0,3.0,5.0,5.0,1.0,1.0,1.0,4.0,6.0,4.0,1.0,5.0,1.0,5.0,4.0,2.0,4.0,4.0,4.0,4.0,2.0,5.0,5.0,2.0,2.0,4.0,2.0,4.0,4.0,4.0,1.0,3.0,5.0,3.0,2.0,4.0,4.0,4.0,2.0,2.0,5.0,2.0,2.0,2.0,4.0,4.0,2.0,1.0,6,2,2,4,4,5.0,1,2.0,2.0,3.0,3.0,7,15.0,1,25.0,3.0,20.0,7,25.0,0.000232084
95240424,1.0,4,137,34,8,22.8,4.1,40,2.0,0.0,1.0,0.0,3.0,0.0,3.0,1.0,1.0,1.0,2.0,1.0,2.0,2.0,4.5,3.0,5.0,1.0,1983.0,1.0,5.0,1.0,6.0,9000.0,3.0,1,2,2,1,2,2.0,11.4,5.88,2.0,2.0,4.0,2.0,3.0,4.0,4.0,4.0,4.0,4.0,3.0,4.0,5.0,1.0,4.0,6.0,5.0,4.0,2.0,4.0,4.0,3.0,4.0,2.0,4.0,4.0,4.0,2.0,5.0,5.0,1.0,1.0,1.0,2.0,5.0,4.0,3.0,1.0,2.0,4.0,3.0,3.0,4.0,5.0,1.0,6.0,4.0,4.0,3.0,2.0,3.0,4.0,4.0,4.0,1.0,6,2,2,4,4,4.0,2,2.0,3.0,3.0,3.0,7,43.0,0,95.0,5.0,130.0,7,27.0,0.000967286
95240431,4.0,0,33,29,0,6.0,0.28,2,1.0,0.0,1.0,0.0,1.0,0.0,1.0,0.0,1.0,2.0,2.0,0.0,2.0,2.0,4.5,3.0,1.0,2.0,1957.0,1.0,1.0,3.0,6.0,2000.0,3.0,2,2,2,2,2,1.0,6.0,0.4,4.0,4.0,2.0,5.0,4.0,4.0,3.0,3.0,4.0,4.0,3.0,5.0,4.0,3.0,4.0,3.0,4.0,1.0,4.0,3.0,4.0,4.0,3.0,4.0,4.0,3.0,4.0,2.0,4.0,3.0,1.0,3.0,2.0,3.0,3.0,3.0,4.0,1.0,3.0,4.0,3.0,1.0,4.0,4.0,4.0,3.0,1.0,5.0,4.0,3.0,4.0,4.0,4.0,4.0,3.0,6,2,2,4,4,5.0,2,2.0,2.0,2.0,3.0,7,2.0,1,4.0,5.0,10.0,7,53.0,0.000367986
95240431,4.0,2,170,54,40,19.8,1.78,24,1.0,0.0,1.0,0.0,1.0,0.0,1.0,0.0,1.0,2.0,2.0,0.0,2.0,2.0,4.5,3.0,1.0,2.0,1957.0,1.0,1.0,3.0,6.0,2000.0,3.0,2,2,2,2,2,1.0,19.8,2.55,4.0,4.0,2.0,5.0,4.0,4.0,3.0,3.0,4.0,4.0,3.0,5.0,4.0,3.0,4.0,3.0,4.0,1.0,4.0,3.0,4.0,4.0,3.0,4.0,4.0,3.0,4.0,2.0,4.0,3.0,1.0,3.0,2.0,3.0,3.0,3.0,4.0,1.0,3.0,4.0,3.0,1.0,4.0,4.0,4.0,3.0,1.0,5.0,4.0,3.0,4.0,4.0,4.0,4.0,3.0,6,2,2,4,4,5.0,3,2.0,2.0,2.0,3.0,7,17.0,1,76.0,5.0,57.0,7,53.0,0.000367986
95240431,10.0,2,53,21,8,4.2,1.58,19,1.0,0.0,1.0,0.0,1.0,0.0,1.0,0.0,1.0,2.0,2.0,0.0,2.0,2.0,4.5,3.0,1.0,2.0,1957.0,1.0,1.0,3.0,6.0,2000.0,3.0,2,2,2,2,2,1.0,4.2,2.26,4.0,4.0,2.0,5.0,4.0,4.0,3.0,3.0,4.0,4.0,3.0,5.0,4.0,3.0,4.0,3.0,4.0,1.0,4.0,3.0,4.0,4.0,3.0,4.0,4.0,3.0,4.0,2.0,4.0,3.0,1.0,3.0,2.0,3.0,3.0,3.0,4.0,1.0,3.0,4.0,3.0,1.0,4.0,4.0,4.0,3.0,1.0,5.0,4.0,3.0,4.0,4.0,4.0,4.0,3.0,6,2,2,4,4,5.0,1,2.0,2.0,2.0,3.0,7,16.0,1,24.0,5.0,20.0,7,53.0,0.000367986
95240439,1.0,3,189,90,13,15.8,4.07,50,2.0,0.0,3.0,1.0,3.0,0.0,2.0,2.0,1.0,1.0,2.0,2.0,2.0,2.0,3.0,3.0,6.0,1.0,1978.0,1.0,5.0,1.0,6.0,15000.0,6.0,1,2,2,2,2,1.0,7.9,5.83,1.0,1.0,5.0,5.0,1.0,1.0,1.0,1.0,1.0,6.0,3.0,5.0,5.0,5.0,1.0,6.0,5.0,2.0,5.0,5.0,5.0,5.0,5.0,1.0,6.0,6.0,2.0,2.0,4.0,1.0,2.0,1.0,6.0,1.0,1.0,2.0,1.0,1.0,1.0,4.0,2.0,4.0,2.0,2.0,1.0,1.0,1.0,5.0,2.0,2.0,2.0,2.0,4.0,5.0,2.0,6,2,2,4,4,6.0,3,2.0,2.0,2.0,3.0,7,40.0,1,86.0,5.0,180.0,7,32.0,0.000258025
95240444,1.0,6,225,121,17,16.8,5.81,78,6.0,4.0,2.0,0.0,6.0,5.0,3.0,2.0,1.0,1.0,3.0,1.0,2.0,2.0,5.5,3.0,5.0,1.0,1977.0,1.0,3.0,1.0,3.0,9000.0,5.0,2,2,2,2,2,1.0,16.8,8.33,2.0,4.0,2.0,1.0,4.0,5.0,2.0,2.0,2.0,5.0,4.0,4.0,4.0,1.0,4.0,2.0,4.0,2.0,5.0,1.0,4.0,2.0,6.0,3.0,4.0,3.0,4.0,2.0,5.0,4.0,1.0,2.0,3.0,4.0,4.0,4.0,2.0,4.0,2.0,3.0,1.0,2.0,4.0,5.0,4.0,3.0,2.0,4.0,1.0,1.0,2.0,4.0,4.0,4.0,3.0,6,2,2,4,4,3.0,4,3.0,2.0,2.0,3.0,7,56.0,1,87.0,5.0,104.0,7,33.0,0.000258025
95240444,10.0,3,122,18,14,16.4,5.48,42,6.0,4.0,2.0,0.0,6.0,5.0,3.0,2.0,1.0,1.0,3.0,1.0,2.0,2.0,5.5,3.0,5.0,1.0,1977.0,1.0,3.0,1.0,3.0,9000.0,5.0,2,2,2,2,2,1.0,16.4,7.85,2.0,4.0,2.0,1.0,4.0,5.0,2.0,2.0,2.0,5.0,4.0,4.0,4.0,1.0,4.0,2.0,4.0,2.0,5.0,1.0,4.0,2.0,6.0,3.0,4.0,3.0,4.0,2.0,5.0,4.0,1.0,2.0,3.0,4.0,4.0,4.0,2.0,4.0,2.0,3.0,1.0,2.0,4.0,5.0,4.0,3.0,2.0,4.0,1.0,1.0,2.0,4.0,4.0,4.0,3.0,6,2,2,4,4,3.0,1,3.0,2.0,2.0,3.0,7,60.0,1,90.0,5.0,43.0,7,33.0,0.000258025
95240547,1.0,5,335,103,48,56.2,12.61,110,4.0,2.0,2.0,0.0,4.0,2.0,1.0,2.0,1.0,1.0,2.0,2.0,2.0,1.0,5.0,5.0,6.0,1.0,1968.0,1.0,3.0,1.0,1.0,15000.0,7.0,1,2,2,2,2,1.0,28.1,18.07,4.0,4.0,2.0,1.0,3.0,5.0,2.0,4.0,2.0,5.0,4.0,5.0,4.0,1.0,4.0,2.0,4.0,1.0,5.0,3.0,2.0,4.0,2.0,2.0,4.0,1.0,3.0,2.0,4.0,4.0,1.0,1.0,3.0,3.0,4.0,2.0,3.0,3.0,2.0,4.0,2.0,2.0,3.0,5.0,5.0,4.0,2.0,5.0,1.0,3.0,4.0,4.0,4.0,4.0,2.0,6,2,2,4,4,5.0,4,2.0,2.0,2.0,3.0,7,134.5,1,184.0,2.0,150.0,7,42.0,0.000160139
95240554,8.0,1,184,94,0,24.0,6.62,60,3.0,1.0,2.0,0.0,3.0,1.0,1.0,2.0,1.0,1.0,2.0,1.0,1.0,1.0,7.0,4.0,4.0,2.0,1970.0,1.0,3.0,2.0,2.0,9035.0,6.0,1,2,2,2,2,1.0,12.0,9.49,4.0,5.0,3.0,3.0,5.0,5.0,2.0,5.0,3.0,5.0,3.0,5.0,5.0,1.0,6.0,5.0,5.0,1.0,5.0,3.0,5.0,5.0,1.0,1.0,5.0,4.0,2.0,3.0,5.0,5.0,1.0,1.0,4.0,2.0,5.0,1.0,2.0,1.0,3.0,4.0,3.0,3.0,5.0,3.0,4.0,2.0,1.0,5.0,1.0,2.0,2.0,3.0,3.0,4.0,3.0,6,2,2,4,4,5.0,4,3.0,2.0,1.0,3.0,7,67.0,1,90.0,5.0,69.0,7,40.0,9.82e-05
95240585,7.0,8,354,34,100,52.2,18.84,119,2.0,0.0,1.0,0.0,0.0,0.0,1.0,1.0,1.0,1.0,0.0,0.0,2.0,1.0,3.5,5.0,2.0,1.0,1937.0,1.0,2.0,9.0,6.0,3250.0,3.0,1,2,2,2,2,1.0,26.1,27.0,2.0,4.0,4.0,3.0,2.0,4.0,6.0,6.0,6.0,3.0,4.0,3.0,4.0,3.0,4.0,6.0,3.0,6.0,3.0,3.0,3.0,6.0,6.0,2.0,4.0,4.0,4.0,4.0,4.0,2.0,6.0,3.0,4.0,2.0,5.0,4.0,2.0,1.0,3.0,3.0,3.0,4.0,4.0,6.0,6.0,6.0,6.0,4.0,6.0,3.0,3.0,3.0,3.0,4.0,3.0,6,2,2,4,4,5.0,2,3.0,2.0,2.0,4.0,7,204.0,0,220.0,5.0,315.0,7,73.0,0.0003213
95240586,7.0,10,290,26,72,58.4,18.8,129,2.0,0.0,1.0,0.0,0.0,0.0,1.0,1.0,1.0,1.0,0.0,0.0,2.0,1.0,3.5,5.0,2.0,2.0,1939.0,1.0,2.0,6.0,6.0,3250.0,2.0,1,2,2,2,2,3.0,29.2,26.94,2.0,4.0,4.0,4.0,2.0,4.0,6.0,6.0,6.0,6.0,4.0,4.0,4.0,2.0,4.0,6.0,6.0,1.0,6.0,6.0,6.0,6.0,2.0,2.0,4.0,4.0,4.0,2.0,2.0,4.0,1.0,3.0,4.0,2.0,5.0,4.0,2.0,2.0,1.0,4.0,3.0,4.0,4.0,2.0,2.0,1.0,2.0,4.0,2.0,2.0,2.0,2.0,2.0,4.0,3.0,6,2,2,4,4,5.0,2,1.0,2.0,2.0,1.0,7,211.0,0,192.0,4.0,315.0,7,71.0,0.00115614
95240597,10.0,1,44,9,7,4.2,1.13,12,2.0,0.0,1.0,0.0,2.0,0.0,1.0,1.0,1.0,1.0,2.0,0.0,1.0,1.0,3.0,6.0,2.0,1.0,1940.0,1.0,2.0,9.0,6.0,3250.0,2.0,1,2,2,2,2,2.0,2.2,1.62,2.0,3.0,3.0,3.0,6.0,3.0,4.0,3.0,3.0,3.0,3.0,3.0,3.0,3.0,5.0,3.0,3.0,2.0,3.0,3.0,3.0,3.0,3.0,4.0,3.0,3.0,3.0,3.0,6.0,4.0,6.0,6.0,3.0,6.0,6.0,6.0,6.0,6.0,6.0,5.0,3.0,3.0,6.0,6.0,6.0,6.0,6.0,6.0,6.0,6.0,6.0,6.0,6.0,6.0,3.0,6,2,2,4,4,6.0,1,1.0,1.0,1.0,3.0,7,12.0,1,28.0,4.0,15.0,7,70.0,0.001285365
95240643,8.0,3,120,21,32,12.4,3.33,29,1.0,0.0,1.0,0.0,1.0,0.0,1.0,1.0,1.0,1.0,1.0,0.0,2.0,1.0,4.5,6.0,3.0,2.0,1944.0,1.0,1.0,9.0,6.0,5000.0,4.0,1,2,2,2,2,1.0,6.2,4.77,3.0,4.0,4.0,3.0,4.0,3.0,6.0,6.0,4.0,3.0,5.0,4.0,4.0,2.0,4.0,6.0,5.0,3.0,4.0,3.0,4.0,4.0,4.0,5.0,4.0,3.0,3.0,3.0,4.0,2.0,2.0,4.0,4.0,3.0,4.0,4.0,3.0,2.0,3.0,4.0,4.0,2.0,4.0,6.0,6.0,3.0,3.0,4.0,6.0,4.0,2.0,4.0,4.0,3.0,3.0,6,2,2,4,4,5.0,1,3.0,2.0,1.0,3.0,7,36.0,1,67.0,4.0,30.0,7,66.0,7.71e-05
95240671,1.0,0,87,53,0,7.2,1.12,14,2.0,0.0,1.0,0.0,2.0,0.0,1.0,1.0,1.0,2.0,2.0,0.0,2.0,2.0,4.5,3.0,5.0,2.0,1983.0,1.0,7.0,1.0,6.0,9000.0,3.0,2,2,2,2,2,1.0,7.2,1.6,2.0,2.0,1.0,1.0,4.0,5.0,4.0,1.0,3.0,4.0,2.0,3.0,5.0,3.0,4.0,6.0,3.0,2.0,5.0,2.0,4.0,3.0,3.0,2.0,4.0,4.0,4.0,4.0,4.0,4.0,2.0,2.0,2.0,2.0,3.0,3.0,2.0,1.0,1.0,5.0,1.0,4.0,4.0,4.0,3.0,2.0,2.0,4.0,2.0,2.0,4.0,4.0,4.0,4.0,2.0,6,2,2,4,4,4.0,2,3.0,2.0,2.0,3.0,7,11.0,1,34.0,5.0,10.0,7,27.0,0.00087004
95240671,1.0,3,191,108,23,14.8,3.38,34,2.0,0.0,1.0,0.0,2.0,0.0,1.0,1.0,1.0,2.0,2.0,0.0,2.0,2.0,4.5,3.0,5.0,2.0,1983.0,1.0,7.0,1.0,6.0,9000.0,3.0,2,2,2,2,2,1.0,14.8,4.84,2.0,2.0,1.0,1.0,4.0,5.0,4.0,1.0,3.0,4.0,2.0,3.0,5.0,3.0,4.0,6.0,3.0,2.0,5.0,2.0,4.0,3.0,3.0,2.0,4.0,4.0,4.0,4.0,4.0,4.0,2.0,2.0,2.0,2.0,3.0,3.0,2.0,1.0,1.0,5.0,1.0,4.0,4.0,4.0,3.0,2.0,2.0,4.0,2.0,2.0,4.0,4.0,4.0,4.0,2.0,6,2,2,4,4,4.0,3,3.0,2.0,2.0,3.0,7,36.5,1,60.0,5.0,33.0,7,27.0,0.00087004
95240673,1.0,0,26,14,0,4.2,0.62,8,2.0,0.0,1.0,0.0,2.0,0.0,1.0,1.0,1.0,1.0,2.0,0.0,2.0,2.0,5.0,7.0,4.0,2.0,1960.0,1.0,4.0,2.0,6.0,7000.0,3.0,1,1,2,2,2,1.0,2.2,0.89,1.0,3.0,3.0,3.0,3.0,5.0,4.0,1.0,3.0,3.0,4.0,1.0,4.0,2.0,3.0,2.0,2.0,3.0,4.0,4.0,3.0,2.0,2.0,2.0,4.0,4.0,4.0,3.0,4.0,3.0,2.0,3.0,3.0,3.0,3.0,3.0,3.0,1.0,2.0,4.0,2.0,5.0,4.0,3.0,5.0,3.0,2.0,5.0,3.0,3.0,3.0,3.0,4.0,3.0,1.0,6,2,2,4,4,5.0,1,3.0,2.0,2.0,3.0,7,5.5,0,12.0,5.0,13.0,7,50.0,9.82e-05
95240679,7.0,3,113,25,16,14.4,4.96,58,3.0,1.0,2.0,0.0,2.0,0.0,1.0,2.0,1.0,2.0,2.0,0.0,2.0,2.0,4.5,5.0,4.0,1.0,1968.0,1.0,3.0,1.0,6.0,7000.0,6.0,1,2,2,2,2,1.0,7.2,7.11,1.0,2.0,3.0,4.0,5.0,4.0,3.0,2.0,1.0,2.0,3.0,4.0,5.0,4.0,3.0,2.0,1.0,2.0,3.0,5.0,4.0,3.0,2.0,1.0,2.0,1.0,2.0,3.0,4.0,5.0,4.0,3.0,2.0,1.0,2.0,3.0,4.0,5.0,4.0,3.0,2.0,1.0,2.0,3.0,4.0,5.0,4.0,3.0,2.0,1.0,2.0,3.0,4.0,3.0,3.0,6,2,2,4,4,5.0,1,4.0,1.0,1.0,1.0,7,55.0,1,72.0,5.0,50.0,7,42.0,0.000109132
95240835,4.0,0,26,14,0,4.2,0.71,8,1.0,0.0,1.0,0.0,1.0,0.0,0.0,1.0,2.0,1.0,1.0,0.0,1.0,1.0,5.0,36.0,2.0,2.0,1950.0,1.0,1.0,2.0,4.0,3250.0,3.0,1,2,2,2,2,1.0,2.2,1.02,2.0,6.0,2.0,6.0,6.0,6.0,4.0,3.0,3.0,6.0,6.0,3.0,3.0,3.0,3.0,6.0,6.0,6.0,6.0,6.0,6.0,6.0,6.0,3.0,3.0,6.0,6.0,6.0,6.0,6.0,6.0,6.0,6.0,6.0,3.0,3.0,6.0,6.0,6.0,3.0,6.0,3.0,3.0,6.0,6.0,6.0,6.0,3.0,6.0,6.0,6.0,6.0,6.0,6.0,3.0,6,2,2,4,4,5.0,1,2.0,2.0,2.0,1.0,7,6.0,0,12.0,5.0,12.0,7,60.0,0.000367986
95240891,4.0,0,19,19,0,0.0,0.36,4,2.0,0.0,2.0,0.0,2.0,0.0,1.0,1.0,1.0,1.0,2.0,0.0,1.0,1.0,7.0,37.0,5.0,1.0,1940.0,1.0,2.0,9.0,3.0,9000.0,3.0,2,2,2,2,2,1.0,0.0,0.52,2.0,2.0,3.0,4.0,6.0,4.0,4.0,3.0,4.0,5.0,4.0,4.0,4.0,3.0,4.0,3.0,4.0,2.0,5.0,4.0,4.0,2.0,3.0,2.0,4.0,3.0,4.0,2.0,4.0,6.0,3.0,6.0,2.0,2.0,4.0,4.0,3.0,1.0,1.0,5.0,2.0,3.0,4.0,3.0,3.0,6.0,4.0,5.0,6.0,3.0,4.0,4.0,4.0,4.0,3.0,6,2,2,4,4,5.0,2,1.0,2.0,1.0,3.0,7,1.7,1,0.0,5.0,10.0,7,70.0,0.0003213
95240945,4.0,0,40,32,0,3.0,0.64,8,3.0,0.0,1.0,0.0,3.0,0.0,2.0,2.0,1.0,1.0,3.0,0.0,2.0,2.0,5.0,15.0,4.0,1.0,1960.0,1.0,3.0,2.0,6.0,8418.0,4.0,2,2,2,2,2,1.0,3.0,0.92,4.0,3.0,2.0,2.0,3.0,4.0,3.0,3.0,3.0,5.0,4.0,3.0,3.0,2.0,4.0,3.0,4.0,2.0,5.0,2.0,4.0,3.0,4.0,4.0,3.0,3.0,3.0,3.0,4.0,3.0,2.0,3.0,2.0,2.0,3.0,3.0,3.0,1.0,2.0,4.0,2.0,2.0,3.0,3.0,2.0,3.0,2.0,4.0,3.0,2.0,2.0,4.0,4.0,3.0,3.0,6,2,2,4,4,5.0,1,1.0,2.0,2.0,3.0,7,6.0,1,8.0,5.0,10.0,7,50.0,0.000109132
95240987,11.0,0,50,20,0,9.8,1.67,20,1.0,0.0,0.0,0.0,1.0,0.0,0.0,1.0,2.0,1.0,0.0,0.0,1.0,1.0,5.0,56.0,2.0,2.0,1954.0,1.0,1.0,1.0,6.0,3250.0,3.0,1,2,2,2,2,3.0,4.9,2.39,4.0,4.0,3.0,3.0,3.0,4.0,4.0,2.0,3.0,3.0,3.0,3.0,3.0,3.0,3.0,3.0,4.0,2.0,6.0,6.0,6.0,3.0,6.0,3.0,4.0,4.0,6.0,3.0,6.0,4.0,6.0,4.0,4.0,3.0,3.0,3.0,3.0,3.0,3.0,4.0,3.0,3.0,4.0,6.0,6.0,6.0,6.0,6.0,3.0,3.0,3.0,3.0,4.0,3.0,3.0,6,2,2,4,4,5.0,2,3.0,2.0,2.0,3.0,7,13.5,0,30.0,5.0,35.0,7,56.0,0.000367986
95240988,1.0,1,55,14,7,9.8,1.36,14,2.0,0.0,1.0,0.0,2.0,0.0,2.0,1.0,1.0,1.0,2.0,0.0,1.0,1.0,5.0,11.0,4.0,1.0,1962.0,1.0,3.0,1.0,6.0,7000.0,3.0,2,2,2,2,2,1.0,9.8,1.95,2.0,4.0,3.0,2.0,4.0,5.0,4.0,3.0,3.0,5.0,4.0,5.0,4.0,2.0,4.0,6.0,4.0,1.0,5.0,4.0,4.0,4.0,4.0,2.0,4.0,4.0,4.0,2.0,4.0,4.0,1.0,4.0,3.0,2.0,4.0,4.0,3.0,1.0,2.0,5.0,2.0,2.0,4.0,4.0,3.0,3.0,2.0,5.0,2.0,3.0,2.0,4.0,4.0,4.0,3.0,6,2,2,4,4,5.0,2,3.0,2.0,2.0,3.0,7,10.0,0,34.0,4.0,35.5,7,48.0,0.000409116
95241061,10.0,14,745,26,88,184.8,43.32,388,2.0,0.0,1.0,0.0,2.0,0.0,1.0,2.0,1.0,1.0,1.0,0.0,1.0,1.0,5.0,70.0,3.0,1.0,1939.0,1.0,2.0,9.0,5.0,5000.0,3.0,1,2,2,2,2,1.0,92.4,62.08,1.0,2.0,1.0,3.0,1.0,4.0,4.0,3.0,5.0,4.0,5.0,4.0,5.0,3.0,5.0,3.0,4.0,1.0,4.0,3.0,5.0,3.0,3.0,5.0,5.0,3.0,4.0,3.0,5.0,5.0,3.0,3.0,4.0,4.0,5.0,4.0,3.0,3.0,4.0,3.0,2.0,1.0,3.0,3.0,2.0,1.0,2.0,3.0,3.0,3.0,4.0,4.0,5.0,4.0,3.0,6,2,2,4,4,5.0,2,3.0,2.0,2.0,2.0,7,479.0,0,631.0,5.0,855.0,7,71.0,0.0003213
95241099,3.0,0,55,32,0,8.4,1.41,19,5.0,2.0,2.0,0.0,5.0,2.0,2.0,1.0,1.0,1.0,3.0,1.0,1.0,2.0,9.0,17.0,4.0,2.0,1993.0,1.0,6.0,8.0,8.0,6101.0,2.0,2,2,2,2,1,3.0,8.4,2.02,3.0,3.0,3.0,3.0,3.0,4.0,3.0,3.0,3.0,3.0,3.0,3.0,4.0,2.0,3.0,6.0,2.0,6.0,6.0,6.0,6.0,2.0,6.0,1.0,4.0,5.0,4.0,3.0,4.0,3.0,2.0,3.0,3.0,3.0,4.0,4.0,3.0,3.0,3.0,3.0,2.0,3.0,3.0,3.0,6.0,6.0,3.0,6.0,6.0,3.0,2.0,4.0,4.0,3.0,2.0,6,2,2,4,4,4.0,2,3.0,2.0,2.0,1.0,7,12.5,0,23.0,4.0,65.0,7,17.0,0.002195453
95241108,9.0,5,231,68,43,29.2,9.44,78,2.0,0.0,1.0,0.0,1.0,0.0,1.0,1.0,2.0,1.0,2.0,0.0,1.0,1.0,7.0,29.0,5.0,1.0,1934.0,1.0,2.0,9.0,6.0,9000.0,4.0,2,2,2,2,2,1.0,29.2,13.53,4.0,2.0,4.0,3.0,1.0,2.0,4.0,4.0,4.0,5.0,4.0,3.0,4.0,1.0,5.0,6.0,4.0,1.0,5.0,3.0,5.0,4.0,4.0,4.0,1.0,6.0,4.0,3.0,1.0,2.0,1.0,4.0,4.0,2.0,4.0,4.0,2.0,1.0,3.0,5.0,1.0,4.0,4.0,3.0,6.0,3.0,3.0,5.0,6.0,5.0,2.0,4.0,4.0,2.0,3.0,6,2,2,4,4,5.0,4,2.0,2.0,2.0,1.0,7,102.0,1,120.0,3.0,61.0,7,76.0,8.57e-05
96040078,1.0,3,141,52,35,21.2,0.66,10,2.0,0.0,2.0,0.0,3.0,0.0,1.0,0.0,2.0,2.0,0.0,0.0,1.0,1.0,4.0,3.0,3.0,1.0,1962.0,1.0,2.0,1.0,6.0,5000.0,3.0,2,2,2,2,2,1.0,21.2,0.95,5.0,5.0,2.0,2.0,5.0,5.0,5.0,5.0,6.0,5.0,6.0,5.0,5.0,3.0,4.0,6.0,5.0,1.0,5.0,5.0,5.0,5.0,5.0,6.0,6.0,1.0,5.0,2.0,4.0,2.0,1.0,1.0,3.0,1.0,1.0,1.0,2.0,1.0,3.0,5.0,1.0,5.0,3.0,5.0,5.0,4.0,3.0,5.0,3.0,5.0,5.0,3.0,4.0,5.0,1.0,8,1,2,3,2,1.0,2,4.0,1.0,1.0,1.0,7,6.0,0,54.0,5.0,20.0,7,48.0,0.000409116
96040108,7.0,2,115,70,0,8.4,1.23,16,4.0,0.0,2.0,0.0,2.0,0.0,2.0,1.0,1.0,1.0,2.0,0.0,1.0,2.0,4.5,6.0,6.0,2.0,1968.0,1.0,7.0,2.0,6.0,15000.0,6.0,2,2,2,2,2,1.0,8.4,1.76,1.0,3.0,6.0,6.0,4.0,4.0,1.0,6.0,6.0,5.0,1.0,5.0,5.0,4.0,6.0,5.0,3.0,1.0,4.0,2.0,5.0,5.0,5.0,5.0,1.0,6.0,5.0,5.0,5.0,2.0,1.0,6.0,6.0,1.0,1.0,1.0,1.0,1.0,1.0,5.0,1.0,4.0,2.0,4.0,4.0,4.0,5.0,2.0,1.0,1.0,1.0,1.0,2.0,4.0,3.0,8,1,2,3,2,6.0,2,3.0,2.0,2.0,4.0,7,11.5,1,45.0,4.0,10.0,7,42.0,9.82e-05
96040136,4.0,3,142,39,52,8.4,0.79,9,2.0,0.0,2.0,0.0,1.0,0.0,0.0,1.0,2.0,1.0,1.0,0.0,1.0,1.0,7.0,41.0,2.0,2.0,1943.0,1.0,2.0,9.0,6.0,3250.0,3.0,1,2,2,2,2,1.0,4.2,1.13,4.0,2.0,3.0,4.0,3.0,4.0,2.0,3.0,3.0,4.0,3.0,4.0,4.0,2.0,3.0,3.0,4.0,2.0,4.0,3.0,4.0,3.0,3.0,3.0,3.0,2.0,2.0,5.0,2.0,2.0,2.0,2.0,2.0,3.0,4.0,3.0,3.0,2.0,3.0,4.0,2.0,3.0,4.0,3.0,3.0,2.0,2.0,4.0,3.0,2.0,2.0,3.0,4.0,4.0,3.0,8,1,2,3,2,5.0,1,3.0,2.0,2.0,3.0,7,7.0,1,51.0,4.0,15.0,7,67.0,0.00115614
96040213,1.0,1,50,25,3,8.4,1.46,20,2.0,0.0,2.0,0.0,1.0,0.0,1.0,1.0,1.0,1.0,2.0,0.0,2.0,1.0,5.0,31.0,4.0,1.0,1950.0,1.0,2.0,1.0,5.0,7000.0,3.0,2,2,2,2,2,1.0,8.4,2.09,2.0,3.0,3.0,4.0,3.0,4.0,4.0,2.0,3.0,4.0,3.0,4.0,5.0,3.0,4.0,2.0,4.0,5.0,5.0,4.0,4.0,4.0,3.0,2.0,4.0,3.0,4.0,4.0,4.0,6.0,2.0,4.0,4.0,4.0,4.0,5.0,6.0,2.0,2.0,4.0,4.0,3.0,5.0,3.0,2.0,4.0,5.0,4.0,2.0,3.0,2.0,2.0,4.0,4.0,1.0,8,1,2,3,2,6.0,1,2.0,2.0,2.0,4.0,7,14.0,1,22.0,5.0,20.0,7,60.0,0.000409116
96040214,1.0,0,25,9,0,4.2,1.09,15,2.0,0.0,2.0,0.0,1.0,0.0,1.0,1.0,1.0,1.0,2.0,0.0,2.0,1.0,5.0,31.0,4.0,2.0,1949.0,1.0,2.0,2.0,6.0,7000.0,3.0,2,2,2,2,2,1.0,4.2,1.56,2.0,3.0,3.0,4.0,3.0,4.0,4.0,2.0,3.0,4.0,2.0,4.0,5.0,3.0,4.0,2.0,4.0,5.0,5.0,5.0,3.0,5.0,4.0,3.0,2.0,3.0,4.0,4.0,3.0,6.0,2.0,4.0,4.0,4.0,4.0,4.0,6.0,2.0,2.0,4.0,4.0,3.0,5.0,3.0,2.0,5.0,5.0,4.0,2.0,3.0,2.0,2.0,4.0,4.0,1.0,8,1,2,3,2,5.0,1,1.0,2.0,2.0,4.0,7,11.0,1,16.0,5.0,25.0,7,61.0,0.000367986
96040311,4.0,2,156,104,2,12.8,2.21,28,2.0,0.0,1.0,0.0,1.0,0.0,1.0,1.0,1.0,1.0,1.0,0.0,2.0,2.0,4.0,45.0,4.0,2.0,1930.0,1.0,2.0,9.0,6.0,7000.0,4.0,2,2,2,2,2,1.0,12.8,3.17,4.0,5.0,5.0,3.0,4.0,5.0,6.0,6.0,5.0,3.0,4.0,5.0,5.0,6.0,6.0,6.0,5.0,1.0,5.0,2.0,5.0,6.0,4.0,1.0,5.0,1.0,3.0,5.0,5.0,2.0,1.0,3.0,5.0,1.0,1.0,5.0,1.0,1.0,1.0,5.0,3.0,1.0,5.0,1.0,6.0,2.0,1.0,5.0,6.0,4.0,2.0,3.0,2.0,3.0,3.0,8,1,2,3,2,6.0,2,1.0,2.0,1.0,3.0,7,24.0,1,50.0,2.0,70.0,7,80.0,0.000181985
96040355,1.0,3,118,14,28,10.4,4.25,40,5.0,2.0,1.0,0.0,7.0,2.0,3.0,2.0,1.0,1.0,3.0,1.0,1.0,1.0,8.0,17.0,6.0,1.0,1959.0,1.0,3.0,1.0,3.0,15000.0,6.0,1,2,2,2,1,1.0,5.2,6.09,4.0,4.0,3.0,2.0,4.0,5.0,4.0,4.0,2.0,3.0,4.0,3.0,3.0,1.0,4.0,1.0,2.0,1.0,3.0,2.0,4.0,4.0,4.0,3.0,4.0,4.0,2.0,1.0,5.0,4.0,1.0,4.0,4.0,2.0,2.0,4.0,3.0,1.0,3.0,5.0,3.0,3.0,4.0,4.0,4.0,3.0,3.0,4.0,3.0,4.0,3.0,4.0,4.0,3.0,1.0,8,1,2,3,2,4.0,1,4.0,2.0,1.0,3.0,7,43.0,1,76.0,5.0,35.0,7,51.0,0.000109132
96040363,4.0,2,56,20,16,4.2,1.11,15,2.0,0.0,2.0,0.0,2.0,0.0,1.0,1.0,1.0,2.0,2.0,0.0,1.0,1.0,8.0,25.0,4.0,2.0,1956.0,1.0,2.0,2.0,6.0,7000.0,3.0,2,2,2,2,2,1.0,4.2,1.59,1.0,3.0,5.0,3.0,1.0,4.0,3.0,3.0,3.0,3.0,5.0,5.0,5.0,1.0,2.0,6.0,4.0,1.0,5.0,5.0,1.0,4.0,4.0,3.0,5.0,6.0,1.0,1.0,5.0,4.0,1.0,6.0,5.0,1.0,3.0,3.0,1.0,1.0,1.0,5.0,3.0,5.0,5.0,4.0,1.0,1.0,1.0,5.0,3.0,4.0,3.0,5.0,5.0,5.0,3.0,8,1,2,3,2,5.0,1,4.0,2.0,2.0,1.0,7,11.0,1,20.0,4.0,15.0,7,54.0,0.000367986
96040363,6.0,1,46,14,9,4.2,0.75,10,2.0,0.0,2.0,0.0,2.0,0.0,1.0,1.0,1.0,2.0,2.0,0.0,1.0,1.0,8.0,25.0,4.0,2.0,1956.0,1.0,2.0,2.0,6.0,7000.0,3.0,2,2,2,2,2,1.0,4.2,1.07,1.0,3.0,5.0,3.0,1.0,4.0,3.0,3.0,3.0,3.0,5.0,5.0,5.0,1.0,2.0,6.0,4.0,1.0,5.0,5.0,1.0,4.0,4.0,3.0,5.0,6.0,1.0,1.0,5.0,4.0,1.0,6.0,5.0,1.0,3.0,3.0,1.0,1.0,1.0,5.0,3.0,5.0,5.0,4.0,1.0,1.0,1.0,5.0,3.0,4.0,3.0,5.0,5.0,5.0,3.0,8,1,2,3,2,5.0,1,4.0,2.0,2.0,1.0,7,7.0,1,23.0,4.0,15.0,7,54.0,0.000367986
96040369,1.0,0,9,9,0,2.2,0.14,2,3.0,1.0,2.0,1.0,2.0,0.0,1.0,3.0,1.0,1.0,3.0,0.0,1.0,1.0,7.0,18.0,6.0,1.0,1956.0,1.0,3.0,1.0,1.0,15000.0,4.0,2,2,2,2,2,1.0,2.2,0.2,4.0,4.0,3.0,2.0,5.0,5.0,5.0,1.0,3.0,4.0,3.0,2.0,4.0,4.0,5.0,3.0,3.0,2.0,4.0,3.0,2.0,3.0,3.0,3.0,4.0,4.0,4.0,2.0,5.0,5.0,1.0,4.0,4.0,2.0,4.0,4.0,3.0,1.0,3.0,4.0,3.0,3.0,4.0,4.0,3.0,4.0,1.0,5.0,2.0,2.0,2.0,4.0,4.0,2.0,1.0,8,1,2,3,2,6.0,1,1.0,2.0,2.0,1.0,7,0.9,1,0.0,6.0,2.0,7,54.0,0.000109132
96040370,1.0,2,117,53,4,25.4,2.98,37,3.0,1.0,2.0,1.0,2.0,0.0,1.0,3.0,1.0,1.0,3.0,0.0,1.0,1.0,7.0,18.0,6.0,2.0,1958.0,1.0,3.0,2.0,6.0,15000.0,3.0,1,1,2,2,2,1.0,12.7,4.27,4.0,4.0,3.0,2.0,5.0,5.0,5.0,1.0,3.0,4.0,3.0,2.0,4.0,4.0,5.0,3.0,3.0,2.0,4.0,3.0,2.0,3.0,3.0,3.0,4.0,4.0,4.0,2.0,5.0,5.0,1.0,4.0,4.0,2.0,4.0,4.0,3.0,1.0,3.0,4.0,3.0,3.0,4.0,4.0,3.0,4.0,1.0,5.0,2.0,2.0,2.0,5.0,5.0,2.0,3.0,8,1,2,3,2,4.0,4,3.0,2.0,2.0,4.0,7,30.5,0,60.0,3.0,54.0,7,52.0,0.000367986
96040381,3.0,3,111,17,15,24.0,5.74,46,6.0,0.0,5.0,1.0,4.0,0.0,9.0,8.0,1.0,1.0,6.0,4.0,1.0,1.0,14.0,17.0,6.0,2.0,1991.0,1.0,6.0,8.0,2.0,15000.0,5.0,2,2,1,2,2,2.0,0.0,8.23,5.0,4.0,1.0,1.0,5.0,5.0,2.0,4.0,4.0,5.0,2.0,5.0,2.0,1.0,4.0,4.0,2.0,1.0,4.0,1.0,5.0,3.0,4.0,1.0,5.0,5.0,5.0,2.0,5.0,5.0,5.0,5.0,3.0,4.0,5.0,4.0,4.0,4.0,2.0,1.0,2.0,5.0,4.0,4.0,4.0,1.0,4.0,3.0,2.0,3.0,5.0,4.0,2.0,5.0,1.0,8,1,2,3,2,5.0,1,3.0,2.0,2.0,4.0,7,63.0,0,79.0,3.0,115.0,7,19.0,0.000146391
96040382,3.0,1,41,7,9,4.2,1.59,15,6.0,0.0,5.0,1.0,4.0,0.0,9.0,8.0,1.0,1.0,6.0,4.0,1.0,1.0,14.0,17.0,6.0,1.0,1986.0,1.0,6.0,8.0,2.0,15000.0,3.0,2,1,2,2,2,1.0,0.0,2.28,5.0,4.0,1.0,1.0,5.0,5.0,2.0,4.0,4.0,5.0,2.0,5.0,2.0,1.0,5.0,2.0,2.0,1.0,4.0,1.0,5.0,3.0,4.0,1.0,5.0,5.0,5.0,2.0,5.0,5.0,5.0,5.0,3.0,4.0,5.0,4.0,4.0,4.0,2.0,1.0,2.0,5.0,4.0,4.0,4.0,1.0,4.0,3.0,2.0,3.0,5.0,4.0,1.0,5.0,1.0,8,1,2,3,2,5.0,1,3.0,2.0,2.0,4.0,7,18.0,0,25.0,3.0,120.0,7,24.0,0.000967286
96040427,1.0,3,219,74,62,37.4,5.18,70,2.0,0.0,2.0,0.0,2.0,0.0,1.0,2.0,1.0,1.0,2.0,0.0,1.0,1.0,5.0,12.0,3.0,2.0,1961.0,1.0,4.0,1.0,8.0,5000.0,7.0,2,2,2,2,2,1.0,37.4,7.42,3.0,3.0,3.0,2.0,4.0,4.0,5.0,2.0,4.0,4.0,4.0,4.0,4.0,2.0,3.0,6.0,3.0,2.0,4.0,3.0,4.0,4.0,4.0,2.0,4.0,3.0,3.0,3.0,4.0,4.0,2.0,3.0,3.0,2.0,3.0,3.0,3.0,2.0,2.0,4.0,2.0,4.0,4.0,4.0,3.0,3.0,2.0,4.0,2.0,3.0,3.0,4.0,3.0,4.0,1.0,8,1,2,3,2,5.0,2,3.0,2.0,3.0,3.0,7,52.0,1,83.0,3.0,65.0,7,49.0,0.000144039
96040433,9.0,0,84,66,0,6.0,1.3,17,2.0,0.0,2.0,0.0,2.0,0.0,3.0,1.0,1.0,2.0,2.0,1.0,1.0,1.0,5.0,1.0,4.0,2.0,1973.0,1.0,2.0,1.0,6.0,7000.0,3.0,2,2,2,2,2,1.0,6.0,1.86,3.0,2.0,2.0,2.0,4.0,5.0,3.0,4.0,2.0,5.0,3.0,4.0,4.0,3.0,3.0,6.0,4.0,1.0,5.0,4.0,5.0,4.0,2.0,2.0,4.0,4.0,4.0,4.0,4.0,4.0,1.0,4.0,3.0,1.0,1.0,4.0,2.0,1.0,1.0,5.0,4.0,2.0,4.0,4.0,4.0,2.0,2.0,5.0,1.0,3.0,4.0,2.0,2.0,4.0,3.0,8,1,2,3,2,6.0,2,3.0,2.0,2.0,3.0,7,12.5,1,18.0,3.0,20.0,7,37.0,0.00087004
96040452,3.0,0,91,73,0,6.0,1.42,19,4.0,2.0,2.0,1.0,4.0,0.0,1.0,2.0,1.0,2.0,4.0,0.0,1.0,1.0,7.0,11.0,3.0,2.0,1992.0,1.0,6.0,8.0,8.0,5000.0,2.0,2,2,1,2,2,3.0,0.0,2.03,6.0,2.0,5.0,4.0,1.0,2.0,3.0,3.0,4.0,5.0,5.0,1.0,2.0,2.0,5.0,1.0,2.0,2.0,5.0,3.0,5.0,2.0,1.0,5.0,5.0,5.0,5.0,1.0,5.0,2.0,2.0,4.0,2.0,1.0,2.0,2.0,5.0,1.0,2.0,3.0,3.0,4.0,5.0,5.0,5.0,3.0,4.0,5.0,2.0,1.0,3.0,5.0,2.0,2.0,1.0,8,1,2,3,2,6.0,2,3.0,3.0,2.0,3.0,7,13.5,0,18.0,3.0,52.0,7,18.0,0.002195453
96040493,2.0,4,207,72,31,24.8,5.38,58,2.0,0.0,1.0,4.0,0.0,0.0,9.0,4.0,1.0,1.0,6.0,3.0,1.0,2.0,9.0,3.0,6.0,1.0,1961.0,1.0,1.0,1.0,6.0,15000.0,8.0,1,2,2,2,2,1.0,12.4,7.71,4.0,5.0,3.0,2.0,5.0,5.0,5.0,2.0,1.0,4.0,5.0,5.0,4.0,5.0,5.0,1.0,5.0,5.0,5.0,2.0,3.0,1.0,3.0,1.0,5.0,1.0,1.0,1.0,5.0,5.0,2.0,2.0,4.0,1.0,2.0,1.0,2.0,1.0,2.0,5.0,5.0,3.0,5.0,4.0,5.0,5.0,3.0,4.0,2.0,2.0,2.0,5.0,2.0,3.0,1.0,8,1,2,3,2,1.0,2,2.0,1.0,1.0,3.0,7,58.0,1,104.0,4.0,60.0,7,49.0,0.000160139
96040496,1.0,2,106,36,18,12.4,2.69,29,2.0,0.0,1.0,4.0,1.0,0.0,3.0,2.0,1.0,1.0,2.0,2.0,1.0,2.0,5.0,3.0,6.0,2.0,1963.0,1.0,2.0,1.0,6.0,15000.0,8.0,1,2,2,2,2,1.0,6.2,3.85,2.0,5.0,3.0,2.0,4.0,5.0,4.0,3.0,2.0,5.0,6.0,5.0,4.0,1.0,4.0,6.0,5.0,1.0,5.0,5.0,4.0,5.0,5.0,1.0,5.0,3.0,6.0,1.0,5.0,2.0,1.0,1.0,1.0,1.0,3.0,1.0,4.0,3.0,2.0,4.0,2.0,1.0,4.0,4.0,6.0,3.0,1.0,3.0,2.0,2.0,1.0,3.0,5.0,4.0,1.0,8,1,2,3,2,2.0,1,1.0,3.0,3.0,1.0,7,29.0,1,52.0,4.0,45.0,7,47.0,0.000144039
96040515,11.0,4,202,76,41,12.6,1.36,19,2.0,0.0,2.0,0.0,2.0,0.0,2.0,1.0,1.0,1.0,2.0,1.0,1.0,1.0,5.0,8.0,5.0,1.0,1945.0,1.0,2.0,9.0,8.0,9000.0,3.0,2,2,2,2,2,1.0,12.6,1.95,3.0,3.0,4.0,1.0,5.0,4.0,3.0,6.0,3.0,4.0,6.0,5.0,5.0,3.0,4.0,3.0,5.0,3.0,4.0,3.0,3.0,3.0,4.0,3.0,3.0,3.0,3.0,4.0,4.0,3.0,1.0,6.0,3.0,1.0,2.0,3.0,3.0,1.0,1.0,4.0,3.0,1.0,4.0,3.0,3.0,4.0,1.0,5.0,3.0,3.0,4.0,4.0,4.0,4.0,3.0,8,1,2,3,2,3.0,2,1.0,2.0,2.0,4.0,7,13.0,1,85.0,4.0,26.0,7,65.0,0.0003213
96040531,1.0,4,148,28,69,10.4,3.92,40,5.0,2.0,1.0,1.0,4.0,2.0,1.0,1.0,1.0,1.0,2.0,0.0,1.0,2.0,7.0,16.0,2.0,2.0,1973.0,1.0,3.0,2.0,8.0,3250.0,3.0,2,2,2,2,2,1.0,10.4,5.62,3.0,4.0,4.0,3.0,3.0,3.0,3.0,3.0,3.0,3.0,3.0,5.0,5.0,3.0,4.0,4.0,4.0,4.0,5.0,5.0,3.0,3.0,3.0,3.0,3.0,3.0,4.0,4.0,4.0,4.0,3.0,3.0,3.0,4.0,3.0,3.0,3.0,3.0,3.0,5.0,2.0,2.0,4.0,4.0,3.0,3.0,2.0,5.0,2.0,3.0,2.0,4.0,4.0,4.0,1.0,8,1,2,3,2,5.0,1,1.0,1.0,1.0,3.0,7,42.0,1,51.0,5.0,35.0,7,37.0,0.00087004
96040537,8.0,0,139,116,0,14.4,3.18,43,5.0,0.0,2.0,1.0,1.0,0.0,2.0,1.0,1.0,2.0,5.0,0.0,1.0,1.0,7.0,23.0,4.0,2.0,1964.0,1.0,3.0,1.0,3.0,7000.0,3.0,2,2,2,2,2,1.0,14.4,4.56,2.0,3.0,4.0,6.0,6.0,4.0,4.0,6.0,4.0,6.0,6.0,5.0,5.0,2.0,6.0,6.0,5.0,2.0,5.0,6.0,6.0,4.0,4.0,3.0,3.0,3.0,6.0,2.0,4.0,6.0,2.0,6.0,6.0,1.0,1.0,2.0,3.0,1.0,1.0,5.0,2.0,2.0,4.0,5.0,5.0,2.0,1.0,5.0,3.0,1.0,2.0,4.0,2.0,4.0,3.0,8,1,2,3,2,6.0,4,4.0,1.0,1.0,3.0,7,32.0,1,23.0,5.0,70.0,7,46.0,0.000367986
96040537,8.0,0,71,57,0,6.0,0.94,12,5.0,0.0,2.0,1.0,1.0,0.0,2.0,1.0,1.0,2.0,5.0,0.0,1.0,1.0,7.0,23.0,4.0,2.0,1964.0,1.0,3.0,1.0,3.0,7000.0,3.0,2,2,2,2,2,1.0,6.0,1.35,2.0,3.0,4.0,6.0,6.0,4.0,4.0,6.0,4.0,6.0,6.0,5.0,5.0,2.0,6.0,6.0,5.0,2.0,5.0,6.0,6.0,4.0,4.0,3.0,3.0,3.0,6.0,2.0,4.0,6.0,2.0,6.0,6.0,1.0,1.0,2.0,3.0,1.0,1.0,5.0,2.0,2.0,4.0,5.0,5.0,2.0,1.0,5.0,3.0,1.0,2.0,4.0,2.0,4.0,3.0,8,1,2,3,2,6.0,2,4.0,1.0,1.0,3.0,7,9.0,1,14.0,5.0,20.0,7,46.0,0.000367986
96040538,11.0,2,118,70,10,11.4,1.77,24,5.0,0.0,2.0,1.0,1.0,0.0,2.0,1.0,1.0,2.0,5.0,0.0,1.0,1.0,7.0,23.0,4.0,1.0,1961.0,1.0,3.0,6.0,8.0,7000.0,3.0,2,2,2,2,2,2.0,11.4,2.54,1.0,1.0,5.0,6.0,3.0,5.0,5.0,3.0,5.0,3.0,3.0,5.0,5.0,3.0,6.0,6.0,5.0,2.0,5.0,5.0,3.0,5.0,6.0,4.0,3.0,6.0,4.0,1.0,1.0,1.0,1.0,1.0,1.0,2.0,1.0,4.0,2.0,2.0,2.0,5.0,2.0,2.0,2.0,3.0,3.0,2.0,2.0,4.0,3.0,3.0,3.0,3.0,4.0,4.0,3.0,8,1,2,3,2,6.0,2,3.0,1.0,2.0,4.0,7,17.5,1,38.0,3.0,30.0,7,49.0,0.000409116
96040538,1.0,3,140,53,23,12.6,2.23,28,5.0,0.0,2.0,1.0,1.0,0.0,2.0,1.0,1.0,2.0,5.0,0.0,1.0,1.0,7.0,23.0,4.0,1.0,1961.0,1.0,3.0,6.0,8.0,7000.0,3.0,2,2,2,2,2,2.0,12.6,3.2,1.0,1.0,5.0,6.0,3.0,5.0,5.0,3.0,5.0,3.0,3.0,5.0,5.0,3.0,6.0,6.0,5.0,2.0,5.0,5.0,3.0,5.0,6.0,4.0,3.0,6.0,4.0,1.0,1.0,1.0,1.0,1.0,1.0,2.0,1.0,4.0,2.0,2.0,2.0,5.0,2.0,2.0,2.0,3.0,3.0,2.0,2.0,4.0,3.0,3.0,3.0,3.0,4.0,4.0,1.0,8,1,2,3,2,6.0,2,3.0,1.0,2.0,4.0,7,20.0,1,64.0,3.0,40.0,7,49.0,0.000409116
